prompt_id,method,delta,delta_min,delta_max,prompt,generated_text,tokens_counted,num_green_tokens,green_fraction,z_score,p_value,prediction,confidence,word_count,distinct_1,distinct_2,repetition_rate,avg_step_delta,observed_delta_min,observed_delta_max,weighted_z_score,winmax_weighted_z_score,weighted_p_value,weighted_prediction,weighted_confidence,avg_kl,avg_delta,avg_entropy,avg_p_green_mass,gate_pass_rate,avg_candidate_size,candidate_top_p,kl_epsilon
1,No Watermark,,,,"After the martyrdom of St. Boniface, Vergilius was made Bishop of Salzburg (766 or 767) and laboured successfully for the upbuilding of his diocese as well as for the spread of the Faith"," in the adjacent countries. He was elected Bishop of Eichstaedt (768) and became (769) Bishop of Ratisbon, but he was made Bishop of Salzburg again in 784, and died in 791.",49,7,0.14285714285714285,-1.7320508075688774,0.9583677416682248,Human/Unwatermarked,0.0,31,0.7096774193548387,0.9,0.29032258064516125,,,,-0.8433195538181131,0.9309193720044558,0.8004751251296993,False,0.0,,,0.24829944334879653,0.26954505920410154,0.76,284.22,,
1,Fixed Delta 1.0,1.0,,,"After the martyrdom of St. Boniface, Vergilius was made Bishop of Salzburg (766 or 767) and laboured successfully for the upbuilding of his diocese as well as for the spread of the Faith"," in Central Europe. He died in 771.

He was the first Bishop of Lucerne, but also left an important legacy to the Church of Lucerne, both within the diocese and in Switzerland. He was a friend of",49,16,0.32653061224489793,1.2371791482634837,0.10801029047772942,Human/Unwatermarked,0.0,37,0.7297297297297297,0.9444444444444444,0.2702702702702703,1.0,1.0,1.0,2.797406409146334,4.051004211424705,0.0025757344738528477,False,0.0,,,0.24607105404221827,0.2536199188232422,0.78,228.34,,
1,Fixed Delta 2.0,2.0,,,"After the martyrdom of St. Boniface, Vergilius was made Bishop of Salzburg (766 or 767) and laboured successfully for the upbuilding of his diocese as well as for the spread of the Faith"," in Central Europe, which became the Croatia of the Holy Empire, and later the Slavic land of the Habsburg Kingdom. He was one of the first to preach in the Slavic language, which became the norm for the Slavic church for",49,34,0.6938775510204082,7.175639059928206,3.598510048769513e-13,Watermarked,0.9999999999996402,41,0.6341463414634146,0.85,0.36585365853658536,2.0,2.0,2.0,5.2867197536305985,5.2867197536305985,6.22645977327233e-08,True,0.9999999377354023,,,0.279095535250654,0.27978225708007814,0.86,336.06,,
1,Fixed Delta 3.0,3.0,,,"After the martyrdom of St. Boniface, Vergilius was made Bishop of Salzburg (766 or 767) and laboured successfully for the upbuilding of his diocese as well as for the spread of the Faith"," to all regions of the continent. He is also credited with being one of the first men to preach in Friesland, where there was already a great German Church. He is said also to have begun missionary activity in Britain and Wales.

",49,35,0.7142857142857143,7.505553499465135,3.0584790993258625e-14,Watermarked,0.9999999999999695,42,0.8095238095238095,0.9512195121951219,0.19047619047619047,3.0,3.0,3.0,8.291717067473495,8.291717067473495,5.581259838599186e-17,True,0.9999999999999999,,,0.24104024266507126,0.28742874145507813,0.82,234.76,,
1,Current Adaptive Delta,adaptive,0.5,3.0,"After the martyrdom of St. Boniface, Vergilius was made Bishop of Salzburg (766 or 767) and laboured successfully for the upbuilding of his diocese as well as for the spread of the Faith"," in Central Europe, which became the Croatia of the Holy Empire, and later the Slavic land of the Habsburg Kingdom. He was one of the first to preach in the Slavic language, which became the norm for the Slavic church for",49,34,0.6938775510204082,7.175639059928206,3.598510048769513e-13,Watermarked,0.9999999999996402,41,0.6341463414634146,0.85,0.36585365853658536,1.8647659254074096,1.6180340051651,2.2808191776275635,5.2867197536305985,5.2867197536305985,6.22645977327233e-08,True,0.9999999377354023,,,0.279095535250654,0.27978225708007814,0.86,336.06,,
1,CA-KL,kl_adaptive,,3.0,"After the martyrdom of St. Boniface, Vergilius was made Bishop of Salzburg (766 or 767) and laboured successfully for the upbuilding of his diocese as well as for the spread of the Faith"," in Central Europe, which became the Croatia of the Holy Empire, and later the Slavic land of the Habsburg Kingdom. He was one of the first to preach in the Slavic language, which became the norm for the Slavic church for",49,34,0.6938775510204082,7.175639059928206,3.598510048769513e-13,Watermarked,0.9999999999996402,41,0.6341463414634146,0.85,0.36585365853658536,,,,,,,,,0.36122189931621007,2.203854675292969,0.27940767768377756,0.29851970680523665,1.0,50265.0,,0.4
1,CA-KL + Weighted Detector,kl_adaptive,,3.0,"After the martyrdom of St. Boniface, Vergilius was made Bishop of Salzburg (766 or 767) and laboured successfully for the upbuilding of his diocese as well as for the spread of the Faith"," in Central Europe, which became the Croatia of the Holy Empire, and later the Slavic land of the Habsburg Kingdom. He was one of the first to preach in the Slavic language, which became the norm for the Slavic church for",49,34,0.6938775510204082,7.175639059928206,3.598510048769513e-13,Watermarked,0.9999999999996402,41,0.6341463414634146,0.85,0.36585365853658536,,,,6.547423774818737,6.547423774818737,2.9269040782244925e-11,True,0.999999999970731,0.36122189931621007,2.203854675292969,0.279095535250654,0.29854598999023435,1.0,50265.0,,0.4
1,CA-KL + Candidate Greenlist,kl_adaptive,,3.0,"After the martyrdom of St. Boniface, Vergilius was made Bishop of Salzburg (766 or 767) and laboured successfully for the upbuilding of his diocese as well as for the spread of the Faith"," in Central Germany and the Upper Rhine region. He is said to have been ""the first Vicar General of the Kingdom of the Franks,"" acting first in Paris and, later, in Ireland as a missionary and preacher. He was a most faithful",49,29,0.5918367346938775,5.526066862243561,1.637446833163578e-08,Watermarked,0.9999999836255317,42,0.7380952380952381,0.975609756097561,0.26190476190476186,,,,6.750305884916411,6.750305884916411,7.376689209467138e-12,True,0.9999999999926233,0.3555065985759104,2.1956497192382813,0.26456341867434957,0.28370697021484376,0.8,322.42,0.95,0.4
1,CA-KL + Candidate Greenlist + Weighted/WinMax,kl_adaptive,,3.0,"After the martyrdom of St. Boniface, Vergilius was made Bishop of Salzburg (766 or 767) and laboured successfully for the upbuilding of his diocese as well as for the spread of the Faith"," in Central Europe. He died in 772.

He was one of those defenders of the Holy See and the Kingdom of the Franks against the attacks of the Saracens. The Council of Arles, in its decree relating to the canon",49,24,0.4897959183673469,3.876494664558916,5.2986066313384245e-05,Human/Unwatermarked,0.0,40,0.675,0.9487179487179487,0.32499999999999996,,,,5.224044121320939,5.655635682921498,8.752851930694903e-08,True,0.9999999124714807,0.29126742991098287,1.5830218505859375,0.2528837554321552,0.2999201202392578,0.74,540.02,0.95,0.4
2,No Watermark,,,,"""Whoever gets him, they'll be getting a good one,"" David Montgomery said. INDIANAPOLIS — Hakeem Butler has been surrounded by some of the best wide receivers on the planet this week at the NFL Scouting Combine.", But he gets to be with the best of the best on Sunday. Butler will likely be the first wide receiver drafted in 2019. So where does the first wide receiver off the board fit into the bigger picture of receiver talent? Here are a few key,49,13,0.2653061224489796,0.24743582965269675,0.40228547400871784,Human/Unwatermarked,0.0,47,0.7446808510638298,0.9130434782608695,0.25531914893617025,,,,1.2254114278348256,2.0895927850742906,0.11021012167186889,False,0.0,,,0.23745483616550989,0.31259857177734374,0.86,159.5,,
2,Fixed Delta 1.0,1.0,,,"""Whoever gets him, they'll be getting a good one,"" David Montgomery said. INDIANAPOLIS — Hakeem Butler has been surrounded by some of the best wide receivers on the planet this week at the NFL Scouting Combine."," But he gets to meet one of the best when he gets to Indianapolis later this week. The University of Iowa wide receiver has been invited to join the first round of the 2019 NFL Draft, which will be held at Lucas Oil Stadium on April 26-",49,17,0.3469387755102041,1.5670935878004129,0.058546408893313404,Human/Unwatermarked,0.0,47,0.8085106382978723,0.9347826086956522,0.19148936170212771,1.0,1.0,1.0,3.5513577065294077,3.5513577065294077,0.0001916245804685079,False,0.0,,,0.20651856862701579,0.3165514373779297,0.74,136.98,,
2,Fixed Delta 2.0,2.0,,,"""Whoever gets him, they'll be getting a good one,"" David Montgomery said. INDIANAPOLIS — Hakeem Butler has been surrounded by some of the best wide receivers on the planet this week at the NFL Scouting Combine."," The 6-foot-4, 210-pound wide receiver out of Iowa State is projected as a third or fourth round pick, and a lot of teams think that he can be a big-play weapon in the NFL. Butler is a terrific athlete",49,21,0.42857142857142855,2.886751345948129,0.001946208561389314,Human/Unwatermarked,0.0,43,0.8604651162790697,1.0,0.13953488372093026,2.0,2.0,2.0,3.7340042065807415,4.034633855396095,9.422967183668762e-05,False,0.0,,,0.21206517951370554,0.32059219360351565,0.66,138.7,,
2,Fixed Delta 3.0,3.0,,,"""Whoever gets him, they'll be getting a good one,"" David Montgomery said. INDIANAPOLIS — Hakeem Butler has been surrounded by some of the best wide receivers on the planet this week at the NFL Scouting Combine."," The 6'2"", 215-pound Baylor speedster showed out at the Senior Bowl, where he led all receivers at practice in the 3rd annual ""Big Stage."" This week Butler has stepped into the national spotlight in Indianapolis, where ESPN and the",49,34,0.6938775510204082,7.175639059928206,3.598510048769513e-13,Watermarked,0.9999999999996402,40,0.825,1.0,0.17500000000000004,3.0,3.0,3.0,7.7948852186249935,7.7948852186249935,3.223352604456674e-15,True,0.9999999999999968,,,0.2343532537447775,0.2957103729248047,0.8,283.72,,
2,Current Adaptive Delta,adaptive,0.5,3.0,"""Whoever gets him, they'll be getting a good one,"" David Montgomery said. INDIANAPOLIS — Hakeem Butler has been surrounded by some of the best wide receivers on the planet this week at the NFL Scouting Combine."," The 6-foot-4, 210-pound wide receiver out of Iowa State is projected as a third or fourth round pick, and a lot of teams think he's a better fit for them as a slot receiver in an offense than a traditional """,49,24,0.4897959183673469,3.876494664558916,5.2986066313384245e-05,Human/Unwatermarked,0.0,43,0.8372093023255814,0.9761904761904762,0.16279069767441856,1.753855948448181,1.6180340051651,2.2581522464752197,5.142438666345582,5.142438666345582,1.3559749540942774e-07,True,0.9999998644025045,,,0.2020100284914414,0.32181304931640625,0.7,114.42,,
2,CA-KL,kl_adaptive,,3.0,"""Whoever gets him, they'll be getting a good one,"" David Montgomery said. INDIANAPOLIS — Hakeem Butler has been surrounded by some of the best wide receivers on the planet this week at the NFL Scouting Combine."," The 6'2"", 215-pound Baylor product has been matched up with Amari Cooper, Michael Gallup, D.K. Metcalf, John Ross and even Mike Williams. The result? There's no doubt about who he wants to line",49,29,0.5918367346938775,5.526066862243561,1.637446833163578e-08,Watermarked,0.9999999836255317,35,0.9714285714285714,1.0,0.02857142857142858,,,,,,,,,0.32245519541077605,2.264974365234375,0.21647589577263715,0.24155616559262852,1.0,50265.0,,0.4
2,CA-KL + Weighted Detector,kl_adaptive,,3.0,"""Whoever gets him, they'll be getting a good one,"" David Montgomery said. INDIANAPOLIS — Hakeem Butler has been surrounded by some of the best wide receivers on the planet this week at the NFL Scouting Combine."," The 6'2"", 215-pound Baylor product has been matched up with Amari Cooper, Michael Gallup, D.K. Metcalf, John Ross and even Mike Williams. The result? There's no doubt about who he wants to line",49,29,0.5918367346938775,5.526066862243561,1.637446833163578e-08,Watermarked,0.9999999836255317,35,0.9714285714285714,1.0,0.02857142857142858,,,,7.200814535701424,7.200814535701424,2.99269575115611e-13,True,0.9999999999997007,0.32245519541077605,2.264974365234375,0.21625386314762637,0.2412593698501587,1.0,50265.0,,0.4
2,CA-KL + Candidate Greenlist,kl_adaptive,,3.0,"""Whoever gets him, they'll be getting a good one,"" David Montgomery said. INDIANAPOLIS — Hakeem Butler has been surrounded by some of the best wide receivers on the planet this week at the NFL Scouting Combine."," But he gets most of his attention from the Colts. Last year he tormented them as a junior at TCU and had 10 catches and a touchdown on nine targets in his one career meeting against them, which came in 2015. He's a 6-",49,27,0.5510204081632653,4.866237983169703,5.687127248259713e-07,Watermarked,0.9999994312872752,44,0.8409090909090909,1.0,0.15909090909090906,,,,7.140136902008904,7.140136902008904,4.661900503547137e-13,True,0.9999999999995338,0.37130214018457075,2.1799502563476563,0.24569918493679255,0.244786376953125,0.86,171.92,0.95,0.4
2,CA-KL + Candidate Greenlist + Weighted/WinMax,kl_adaptive,,3.0,"""Whoever gets him, they'll be getting a good one,"" David Montgomery said. INDIANAPOLIS — Hakeem Butler has been surrounded by some of the best wide receivers on the planet this week at the NFL Scouting Combine.", But he gets most of his attention from the Colts. Last year he tormented them as a junior at TCU and had 10 catches and a touchdown on nine targets in his one career meeting against them. The Colts have nine picks in the two-day,49,28,0.5714285714285714,5.196152422706632,1.0172773072722122e-07,Watermarked,0.9999998982722693,46,0.782608695652174,0.9777777777777777,0.21739130434782605,,,,6.932821865423876,6.932821865423876,2.062637722381486e-12,True,0.9999999999979373,0.3356714583273247,1.8473300170898437,0.23802069777314627,0.2480926513671875,0.86,173.06,0.95,0.4
3,No Watermark,,,,"8i announced today it has launched a web player, the 8i Portal, for its volumetric 3D video of people in virtual reality. Using 8i’s technology and VR goggles, you’ll be able to walk"," around a 3D virtual set, and sit in on conversations, and even go shopping. The company says the technology is compatible with Oculus Rift, HTC Vive, and Google Daydream.

As with the company’s other products, the",49,10,0.20408163265306123,-0.7423074889580903,0.7710494722798726,Human/Unwatermarked,0.0,37,0.8108108108108109,0.9722222222222222,0.18918918918918914,,,,-0.2399673578593184,1.3118869063763783,0.5948222190121555,False,0.0,,,0.240013325212009,0.3260801696777344,0.76,234.9,,
3,Fixed Delta 1.0,1.0,,,"8i announced today it has launched a web player, the 8i Portal, for its volumetric 3D video of people in virtual reality. Using 8i’s technology and VR goggles, you’ll be able to walk"," around a 3D virtual set in real-time on your computer. The virtual sets will be created using the company’s proprietary technology, which can be seen in action in the video below.

8i is currently developing a new VR",49,20,0.40816326530612246,2.5568369064112,0.005281436443694299,Human/Unwatermarked,0.0,40,0.825,1.0,0.17500000000000004,1.0,1.0,1.0,3.0732347350409936,3.0732347350409936,0.0010587592592496324,False,0.0,,,0.2584486247787304,0.35248748779296873,0.82,369.44,,
3,Fixed Delta 2.0,2.0,,,"8i announced today it has launched a web player, the 8i Portal, for its volumetric 3D video of people in virtual reality. Using 8i’s technology and VR goggles, you’ll be able to walk"," around a 3D virtual set in real-time on your computer. The virtual sets will include a small model of the model you’re looking at. You can simply click on it to walk around and interact with it.

You will",49,29,0.5918367346938775,5.526066862243561,1.637446833163578e-08,Watermarked,0.9999999836255317,41,0.7560975609756098,1.0,0.24390243902439024,2.0,2.0,2.0,5.706776964352089,5.734975528527983,5.756774539940699e-09,True,0.9999999942432255,,,0.224377544863006,0.31713836669921874,0.8,183.74,,
3,Fixed Delta 3.0,3.0,,,"8i announced today it has launched a web player, the 8i Portal, for its volumetric 3D video of people in virtual reality. Using 8i’s technology and VR goggles, you’ll be able to walk"," around a room or place, or step outside your home and take in the bustling world beyond, taking selfies with virtual friends, or just being there in person.

Virtual Reality Player for Facebook and Oculus",41,36,0.8780487804878049,9.287197237074553,7.920225593392963e-21,Watermarked,1.0,35,0.8571428571428571,1.0,0.1428571428571429,3.0,3.0,3.0,10.515815312730181,10.515815312730181,3.652312497174897e-26,True,1.0,,,0.2867680820434122,0.19275047665550596,0.9761904761904762,270.1904761904762,,
3,Current Adaptive Delta,adaptive,0.5,3.0,"8i announced today it has launched a web player, the 8i Portal, for its volumetric 3D video of people in virtual reality. Using 8i’s technology and VR goggles, you’ll be able to walk", around a 3D virtual set in real-time on your computer. The virtual sets will include a small model of the model you’re looking at. You can simply click on it to walk around it and interact. The portal is available right,49,30,0.6122448979591837,5.85598130178049,2.371007866865434e-09,Watermarked,0.9999999976289922,43,0.7906976744186046,1.0,0.2093023255813954,1.7922947692871094,1.6180340051651,2.339949131011963,6.016986324549858,6.034206653549891,8.884704325108459e-10,True,0.9999999991115296,,,0.24025076359838135,0.312412109375,0.84,200.42,,
3,CA-KL,kl_adaptive,,3.0,"8i announced today it has launched a web player, the 8i Portal, for its volumetric 3D video of people in virtual reality. Using 8i’s technology and VR goggles, you’ll be able to walk"," around a 3D virtual room or building with your head turning, and you’ll be able to move around the room or building with your hands. The portal is available now for free download as a web player, for use with a desktop web",49,27,0.5510204081632653,4.866237983169703,5.687127248259713e-07,Watermarked,0.9999994312872752,44,0.7272727272727273,0.9069767441860465,0.2727272727272727,,,,,,,,,0.3578701444214302,2.231639099121094,0.25122962991082565,0.25270355427317553,1.0,50265.0,,0.4
3,CA-KL + Weighted Detector,kl_adaptive,,3.0,"8i announced today it has launched a web player, the 8i Portal, for its volumetric 3D video of people in virtual reality. Using 8i’s technology and VR goggles, you’ll be able to walk"," around a 3D virtual room or building with your head turning, and you’ll be able to move around the room or building with your hands. The portal is available now for free download as a web player, for use with a desktop web",49,27,0.5510204081632653,4.866237983169703,5.687127248259713e-07,Watermarked,0.9999994312872752,44,0.7272727272727273,0.9069767441860465,0.2727272727272727,,,,5.3930159749967705,5.3930159749967705,3.464239508585799e-08,True,0.9999999653576049,0.3578701444214302,2.231639099121094,0.25092514290939266,0.2526670706272125,1.0,50265.0,,0.4
3,CA-KL + Candidate Greenlist,kl_adaptive,,3.0,"8i announced today it has launched a web player, the 8i Portal, for its volumetric 3D video of people in virtual reality. Using 8i’s technology and VR goggles, you’ll be able to walk"," around a 3D virtual room or building with your head turning, and you will be able to move around within that space while looking around at different views. The company said that the portal “will be available to consumers for $249.”",49,25,0.5102040816326531,4.206409104095845,1.2973018458742128e-05,Watermarked,0.9999870269815413,41,0.8292682926829268,0.975,0.1707317073170732,,,,6.493645907467067,6.493645907467067,4.189177146167304e-11,True,0.9999999999581082,0.3611298298624936,2.1586907958984374,0.26511531134881616,0.2815969848632813,0.88,160.62,0.95,0.4
3,CA-KL + Candidate Greenlist + Weighted/WinMax,kl_adaptive,,3.0,"8i announced today it has launched a web player, the 8i Portal, for its volumetric 3D video of people in virtual reality. Using 8i’s technology and VR goggles, you’ll be able to walk"," around a 3D virtual room or building with your head turning, and you’ll be able to move around the room or building with your hands. The portal and goggles are both available now for $3,000.

You can find",49,25,0.5102040816326531,4.206409104095845,1.2973018458742128e-05,Watermarked,0.9999870269815413,40,0.775,0.8974358974358975,0.22499999999999998,,,,5.439996279795748,5.439996279795748,2.66408419145727e-08,True,0.9999999733591581,0.3285448619324581,1.761419677734375,0.23969023020137883,0.3378713989257813,0.84,144.3,0.95,0.4
4,No Watermark,,,,"The Arlington County Board plans to vote Saturday afternoon on giving Amazon $23 million and other incentives to build a headquarters campus in Crystal City, but only after hearing scores of northern Virginia residents and advocates testify for or against the project. The five-member"," Board of Supervisors is set to vote on the incentives package, which includes $11.5 million in subsidies and up to $7.5 million in potential sales and income tax credits, at 4:45 p.m.

The Board",49,12,0.24489795918367346,-0.08247860988423225,0.5328669363939076,Human/Unwatermarked,0.0,38,0.8157894736842105,0.9459459459459459,0.1842105263157895,,,,-0.5774979056722895,0.4618604379637101,0.7181984234985683,False,0.0,,,0.17255622808138557,0.3695069885253906,0.62,87.4,,
4,Fixed Delta 1.0,1.0,,,"The Arlington County Board plans to vote Saturday afternoon on giving Amazon $23 million and other incentives to build a headquarters campus in Crystal City, but only after hearing scores of northern Virginia residents and advocates testify for or against the project. The five-member"," Board of Supervisors is set to vote on the incentives package, which includes $11.5 million in subsidies and up to $10 million in property tax relief, after hearing from both sides of the Amazon-Crystal City debate at a two-day",49,22,0.4489795918367347,3.2166657854850578,0.0006484478994795316,Human/Unwatermarked,0.0,42,0.8809523809523809,0.975609756097561,0.11904761904761907,1.0,1.0,1.0,2.0678968934226982,3.3472216765000278,0.01932485980596465,False,0.0,,,0.19355375648530396,0.32412612915039063,0.7,93.64,,
4,Fixed Delta 2.0,2.0,,,"The Arlington County Board plans to vote Saturday afternoon on giving Amazon $23 million and other incentives to build a headquarters campus in Crystal City, but only after hearing scores of northern Virginia residents and advocates testify for or against the project. The five-member", Board of Supervisors had set a vote for May 17 but postponed it to give residents more time to read about the Amazon deal. The Board of Supervisors’ meeting starts at 1 p.m. at Crystal City Town Center. The Board of,49,26,0.5306122448979592,4.536323543632774,2.862167059884896e-06,Watermarked,0.9999971378329401,42,0.7857142857142857,0.9024390243902439,0.2142857142857143,2.0,2.0,2.0,5.86178666456932,5.86178666456932,2.289565513664482e-09,True,0.9999999977104345,,,0.19474562645924018,0.36995658874511717,0.72,111.36,,
4,Fixed Delta 3.0,3.0,,,"The Arlington County Board plans to vote Saturday afternoon on giving Amazon $23 million and other incentives to build a headquarters campus in Crystal City, but only after hearing scores of northern Virginia residents and advocates testify for or against the project. The five-member"," Board of Supervisors had set a vote for May 17 but postponed it to give residents more time to read about the Amazon-Wakefield proposal on Arlington County's website, which provides more information about the 2,000-acre site.
Start",49,32,0.6530612244897959,6.5158101808543485,3.614917780794132e-11,Watermarked,0.9999999999638508,40,0.9,0.9743589743589743,0.09999999999999998,3.0,3.0,3.0,8.297885163060506,8.297885163060506,5.299052260750807e-17,True,1.0,,,0.2154578330600579,0.25073936462402346,0.82,178.34,,
4,Current Adaptive Delta,adaptive,0.5,3.0,"The Arlington County Board plans to vote Saturday afternoon on giving Amazon $23 million and other incentives to build a headquarters campus in Crystal City, but only after hearing scores of northern Virginia residents and advocates testify for or against the project. The five-member", Board of Supervisors had set a vote for May 17 but postponed it to give residents more time to read about the Amazon deal. The Board will hear more public input and consider the deal at a meeting Saturday afternoon. The board has scheduled a meeting for,49,26,0.5306122448979592,4.536323543632774,2.862167059884896e-06,Watermarked,0.9999971378329401,47,0.7446808510638298,0.9565217391304348,0.25531914893617025,1.8013744783401489,1.6180340051651,2.1647801399230957,6.323621309505999,6.323621309505999,1.2775172192354687e-10,True,0.9999999998722483,,,0.24905048141965333,0.22197532653808594,0.92,133.0,,
4,CA-KL,kl_adaptive,,3.0,"The Arlington County Board plans to vote Saturday afternoon on giving Amazon $23 million and other incentives to build a headquarters campus in Crystal City, but only after hearing scores of northern Virginia residents and advocates testify for or against the project. The five-member", Board of Supervisors had set a vote for May 17 but postponed it to give residents more time to read about the Amazon deal. The Board will hear more public input and consider the deal at a meeting Saturday afternoon. The board has scheduled a meeting for,49,26,0.5306122448979592,4.536323543632774,2.862167059884896e-06,Watermarked,0.9999971378329401,47,0.7446808510638298,0.9565217391304348,0.25531914893617025,,,,,,,,,0.3742396213620283,2.186098937988281,0.24932852183594914,0.20095972707495094,1.0,50265.0,,0.4
4,CA-KL + Weighted Detector,kl_adaptive,,3.0,"The Arlington County Board plans to vote Saturday afternoon on giving Amazon $23 million and other incentives to build a headquarters campus in Crystal City, but only after hearing scores of northern Virginia residents and advocates testify for or against the project. The five-member", Board of Supervisors had set a vote for May 17 but postponed it to give residents more time to read about the Amazon deal. The Board will hear more public input and consider the deal at a meeting Saturday afternoon. The board has scheduled a meeting for,49,26,0.5306122448979592,4.536323543632774,2.862167059884896e-06,Watermarked,0.9999971378329401,47,0.7446808510638298,0.9565217391304348,0.25531914893617025,,,,6.34793509512766,6.34793509512766,1.0911205372340199e-10,True,0.999999999890888,0.3742396213620283,2.186098937988281,0.24905048141965333,0.20094215393066406,1.0,50265.0,,0.4
4,CA-KL + Candidate Greenlist,kl_adaptive,,3.0,"The Arlington County Board plans to vote Saturday afternoon on giving Amazon $23 million and other incentives to build a headquarters campus in Crystal City, but only after hearing scores of northern Virginia residents and advocates testify for or against the project. The five-member"," Board of County Commissioners is set to vote on an agreement that would allow Amazon to move ahead on an agreement they reached with Arlington County and the Commonwealth in February.

Amazon will get an estimated $13.6 billion worth of incentives if they choose",49,25,0.5102040816326531,4.206409104095845,1.2973018458742128e-05,Watermarked,0.9999870269815413,45,0.8,0.9545454545454546,0.19999999999999996,,,,5.776378687605812,5.776378687605812,3.816274334471359e-09,True,0.9999999961837257,0.372333253840213,2.2760330200195313,0.20109399913627354,0.22762611389160156,0.74,69.68,0.95,0.4
4,CA-KL + Candidate Greenlist + Weighted/WinMax,kl_adaptive,,3.0,"The Arlington County Board plans to vote Saturday afternoon on giving Amazon $23 million and other incentives to build a headquarters campus in Crystal City, but only after hearing scores of northern Virginia residents and advocates testify for or against the project. The five-member"," Board of Supervisors had set a vote for May 17 but postponed it to give those advocating more time to speak. The board has a 3-2 majority in favor of the incentives, which the county is offering Amazon in exchange for its $5 billion",49,23,0.46938775510204084,3.546580225021987,0.0001951329483533277,Human/Unwatermarked,0.0,45,0.8222222222222222,1.0,0.1777777777777778,,,,7.108189109999147,7.108189109999147,5.878769421646094e-13,True,0.9999999999994121,0.3019426846173008,1.6333181762695312,0.214588855469694,0.23770355224609374,0.78,97.46,0.95,0.4
5,No Watermark,,,,"Karl Kispert, principal of cyber and information security, has more than 28 years of experience in selling, managing and delivering information risk management, internal audit, regulatory and compliance programs, and information security and technology risk management. A former chief information security"," officer of a Fortune 100 company, he has also led security, compliance and information risk programs at a large financial services company. He currently leads cyber and information security for the Fortune 100 company.

Karl is a member of the Society for Information Management",49,13,0.2653061224489796,0.24743582965269675,0.40228547400871784,Human/Unwatermarked,0.0,44,0.6818181818181818,0.9069767441860465,0.31818181818181823,,,,0.03566779935781445,0.5724166899418662,0.4857736232981237,False,0.0,,,0.23586911557432158,0.21408432006835937,0.84,319.64,,
5,Fixed Delta 1.0,1.0,,,"Karl Kispert, principal of cyber and information security, has more than 28 years of experience in selling, managing and delivering information risk management, internal audit, regulatory and compliance programs, and information security and technology risk management. A former chief information security"," officer of the state of North Carolina, he also has served as a strategic consultant to large, multi-state corporations, federal agencies and regional governments on information risk management and information security. He is a member of the Society for Information Security Management and the",49,19,0.3877551020408163,2.226922466874271,0.01297622801118724,Human/Unwatermarked,0.0,45,0.7111111111111111,0.9318181818181818,0.28888888888888886,1.0,1.0,1.0,1.4211288323057594,2.072130237394629,0.07763965469421186,False,0.0,,,0.2158438393672101,0.2772115325927734,0.8,127.8,,
5,Fixed Delta 2.0,2.0,,,"Karl Kispert, principal of cyber and information security, has more than 28 years of experience in selling, managing and delivering information risk management, internal audit, regulatory and compliance programs, and information security and technology risk management. A former chief information security"," officer of the state of North Carolina, he also served for four years as a board member of the NCISe Association, which represents more than 90 state and local government IT organizations. He is also an active member of the Information Systems Audit and Control",49,33,0.673469387755102,6.845724620391277,3.8044862624583295e-12,Watermarked,0.9999999999961955,45,0.7777777777777778,0.9318181818181818,0.2222222222222222,2.0,2.0,2.0,6.137375149211394,6.317169228374049,4.194805322521073e-10,True,0.9999999995805194,,,0.21401423332526143,0.3584217834472656,0.74,194.66,,
5,Fixed Delta 3.0,3.0,,,"Karl Kispert, principal of cyber and information security, has more than 28 years of experience in selling, managing and delivering information risk management, internal audit, regulatory and compliance programs, and information security and technology risk management. A former chief information security"," officer of the state of North Carolina, he also served for four years as a board member of the US Chamber of Commerce. He is a graduate of North Carolina Agricultural and Technical State University and the US Air Force Cyber School. He is a member of",49,33,0.673469387755102,6.845724620391277,3.8044862624583295e-12,Watermarked,0.9999999999961955,47,0.6170212765957447,0.8478260869565217,0.3829787234042553,3.0,3.0,3.0,7.00350859972416,7.00350859972416,1.2481529066328264e-12,True,0.9999999999987519,,,0.1736561952317594,0.42389114379882814,0.6,128.4,,
5,Current Adaptive Delta,adaptive,0.5,3.0,"Karl Kispert, principal of cyber and information security, has more than 28 years of experience in selling, managing and delivering information risk management, internal audit, regulatory and compliance programs, and information security and technology risk management. A former chief information security"," officer of the state of North Carolina, he also served for four years as a board member of the NCISe Association. He is a frequent speaker on information risk management, cyber security, compliance and regulatory issues, and is on the advisory boards of",49,26,0.5306122448979592,4.536323543632774,2.862167059884896e-06,Watermarked,0.9999971378329401,43,0.7674418604651163,0.9761904761904762,0.2325581395348837,1.76341068983078,1.6180340051651,2.214761734008789,5.488448633017716,5.488448633017716,2.0273957287523808e-08,True,0.9999999797260427,,,0.21169561595180314,0.2945780944824219,0.76,192.68,,
5,CA-KL,kl_adaptive,,3.0,"Karl Kispert, principal of cyber and information security, has more than 28 years of experience in selling, managing and delivering information risk management, internal audit, regulatory and compliance programs, and information security and technology risk management. A former chief information security"," officer of the state of North Carolina, he also served for four years as a board member of the NCISe Association, which represents more than 90 state and local government IT organizations. He is a member of the NCISe and the Computer Crime",49,34,0.6938775510204082,7.175639059928206,3.598510048769513e-13,Watermarked,0.9999999999996402,43,0.7209302325581395,0.9047619047619048,0.2790697674418605,,,,,,,,,0.32360258012824367,2.2771417236328126,0.23576905332254736,0.30480645902687686,1.0,50265.0,,0.4
5,CA-KL + Weighted Detector,kl_adaptive,,3.0,"Karl Kispert, principal of cyber and information security, has more than 28 years of experience in selling, managing and delivering information risk management, internal audit, regulatory and compliance programs, and information security and technology risk management. A former chief information security"," officer of the state of North Carolina, he also served for four years as a board member of the NCISe Association, which represents more than 90 state and local government IT organizations. He is a member of the NCISe and the Computer Crime",49,34,0.6938775510204082,7.175639059928206,3.598510048769513e-13,Watermarked,0.9999999999996402,43,0.7209302325581395,0.9047619047619048,0.2790697674418605,,,,7.383883134036359,7.383883134036359,7.686920182204066e-14,True,0.9999999999999232,0.32360258012824367,2.2771417236328126,0.23549678923653491,0.3048012828826904,1.0,50265.0,,0.4
5,CA-KL + Candidate Greenlist,kl_adaptive,,3.0,"Karl Kispert, principal of cyber and information security, has more than 28 years of experience in selling, managing and delivering information risk management, internal audit, regulatory and compliance programs, and information security and technology risk management. A former chief information security"," officer of the state of North Carolina, he also served on state and federal information security committees. Karl received the InfoSec Executive award and a Top 10 Top 100 Risk Management Award from the Insurance Security Institute. He is currently an adjunct professor at the University",49,35,0.7142857142857143,7.505553499465135,3.0584790993258625e-14,Watermarked,0.9999999999999695,46,0.782608695652174,1.0,0.21739130434782605,,,,8.341249730531057,8.906444358753589,3.6754733676666144e-17,True,1.0,0.3632024203290388,2.221124267578125,0.2592514463966852,0.2559077835083008,0.88,399.26,0.95,0.4
5,CA-KL + Candidate Greenlist + Weighted/WinMax,kl_adaptive,,3.0,"Karl Kispert, principal of cyber and information security, has more than 28 years of experience in selling, managing and delivering information risk management, internal audit, regulatory and compliance programs, and information security and technology risk management. A former chief information security"," officer of the state of North Carolina and a former U.S. Army officer, Kispert has held executive positions at federal, state and local governments. He is currently chief security officer of the state of North Carolina, responsible for leading information risk management",49,32,0.6530612244897959,6.5158101808543485,3.614917780794132e-11,Watermarked,0.9999999999638508,43,0.7441860465116279,0.8571428571428571,0.2558139534883721,,,,7.652634500499892,7.652634500499892,9.84514911745976e-15,True,0.9999999999999901,0.27500420750891535,1.4734341430664062,0.2046091310482285,0.3905995941162109,0.7,270.8,0.95,0.4
6,No Watermark,,,,"The Hawaii man who was fired after issuing the false ballistic missile alert in mid-January told reporters Friday that he was very upset over the incident but remained adamant that it appeared, at the time, to be a real-life attack. The former"," worker added that he had thought the alert was real until he was told later that it was a hoax.

Hawaii man and missile alert employee: I was very upset about what happened but I was still adamant it was real pic.twitter.",49,11,0.22448979591836735,-0.4123930494211613,0.6599743215854645,Human/Unwatermarked,0.0,43,0.7441860465116279,0.9285714285714286,0.2558139534883721,,,,0.7491193365996872,1.2273884930879346,0.22689264065903103,False,0.0,,,0.23642806914101336,0.2770207977294922,0.78,253.66,,
6,Fixed Delta 1.0,1.0,,,"The Hawaii man who was fired after issuing the false ballistic missile alert in mid-January told reporters Friday that he was very upset over the incident but remained adamant that it appeared, at the time, to be a real-life attack. The former"," Hawaii Emergency Management Agency official, Cory Padden, also said, he has been ""very, very careful about my comments in the media."" The statement comes just one day after Padden appeared on CBS News' ""60 Minutes,"" where he gave a",49,16,0.32653061224489793,1.2371791482634837,0.10801029047772942,Human/Unwatermarked,0.0,39,0.8974358974358975,1.0,0.10256410256410253,1.0,1.0,1.0,2.5435089770182646,2.5435089770182646,0.005487261846299963,False,0.0,,,0.2429244487702219,0.31142005920410154,0.8,324.0,,
6,Fixed Delta 2.0,2.0,,,"The Hawaii man who was fired after issuing the false ballistic missile alert in mid-January told reporters Friday that he was very upset over the incident but remained adamant that it appeared, at the time, to be a real-life attack. The former"," Hawaii Emergency Management Agency official, Cory Padden, also said, he regrets that ""I did not (not) communicate correctly with the public."" Read more on Hawaii's nuclear alert: https://abcnews.go.com/US/news/",49,30,0.6122448979591837,5.85598130178049,2.371007866865434e-09,Watermarked,0.9999999976289922,33,0.9696969696969697,1.0,0.030303030303030276,2.0,2.0,2.0,6.786368792463822,6.786368792463822,5.7495492109940715e-12,True,0.9999999999942505,,,0.23593810392060433,0.422508544921875,0.72,382.5,,
6,Fixed Delta 3.0,3.0,,,"The Hawaii man who was fired after issuing the false ballistic missile alert in mid-January told reporters Friday that he was very upset over the incident but remained adamant that it appeared, at the time, to be a real-life attack. The former"," Hawaii employee held up his cellphone and described a white flash outside, he later told CBS2's Nikki Battiste. He said the bomb alerts sent to Hawaii residents about an imminent missile were sent on an ""anomaly."" He resigned from his post the",49,34,0.6938775510204082,7.175639059928206,3.598510048769513e-13,Watermarked,0.9999999999996402,42,0.8333333333333334,1.0,0.16666666666666663,3.0,3.0,3.0,8.485686677748104,8.485686677748104,1.0722427782997749e-17,True,1.0,,,0.25991981262794484,0.19392990112304687,0.92,217.16,,
6,Current Adaptive Delta,adaptive,0.5,3.0,"The Hawaii man who was fired after issuing the false ballistic missile alert in mid-January told reporters Friday that he was very upset over the incident but remained adamant that it appeared, at the time, to be a real-life attack. The former"," Hawaii Emergency Management Agency official, Cory Padden, also said, he regrets that ""I did not (not) communicate correctly with the public."" Read more on Hawaii's nuclear alert: https://www.cnn.com/2018/01/",49,29,0.5918367346938775,5.526066862243561,1.637446833163578e-08,Watermarked,0.9999999836255317,33,0.9696969696969697,1.0,0.030303030303030276,1.8185592770576477,1.6180340051651,2.269991397857666,6.123585135511808,6.123585135511808,4.5746466244102283e-10,True,0.9999999995425354,,,0.22838820212588642,0.40348068237304685,0.72,339.86,,
6,CA-KL,kl_adaptive,,3.0,"The Hawaii man who was fired after issuing the false ballistic missile alert in mid-January told reporters Friday that he was very upset over the incident but remained adamant that it appeared, at the time, to be a real-life attack. The former"," Hawaii Emergency Management Agency official, Cory Padden, also said, he has no regrets about sending the warning out but also said that the agency did not do its job properly, which was collected in a report released Friday by a Hawaii-based investigation panel",49,29,0.5918367346938775,5.526066862243561,1.637446833163578e-08,Watermarked,0.9999999836255317,44,0.8636363636363636,0.9767441860465116,0.13636363636363635,,,,,,,,,0.3668020266131136,2.190262756347656,0.2531487683258228,0.23477472195401788,1.0,50265.0,,0.4
6,CA-KL + Weighted Detector,kl_adaptive,,3.0,"The Hawaii man who was fired after issuing the false ballistic missile alert in mid-January told reporters Friday that he was very upset over the incident but remained adamant that it appeared, at the time, to be a real-life attack. The former"," Hawaii Emergency Management Agency official, Cory Padden, also said, he has no regrets about sending the warning out but also said that the agency did not do its job properly, which was collected in a report released Friday by a Hawaii-based investigation panel",49,29,0.5918367346938775,5.526066862243561,1.637446833163578e-08,Watermarked,0.9999999836255317,44,0.8636363636363636,0.9767441860465116,0.13636363636363635,,,,6.715749970209589,6.715749970209589,9.355068946987792e-12,True,0.9999999999906449,0.3668020266131136,2.190262756347656,0.25292762154721504,0.23472969055175782,1.0,50265.0,,0.4
6,CA-KL + Candidate Greenlist,kl_adaptive,,3.0,"The Hawaii man who was fired after issuing the false ballistic missile alert in mid-January told reporters Friday that he was very upset over the incident but remained adamant that it appeared, at the time, to be a real-life attack. The former"," Hawaii Emergency Management Agency employee, Cory Padden, also said that he regrets that ""I did this to the public.""

""I did not want to believe what I saw or hear. I was extremely fearful, extremely shaken,"" Padden told",49,24,0.4897959183673469,3.876494664558916,5.2986066313384245e-05,Human/Unwatermarked,0.0,38,0.7894736842105263,0.972972972972973,0.21052631578947367,,,,5.931089390726233,5.931089390726233,1.5046565649460099e-09,True,0.9999999984953435,0.35313559773613074,2.2231320190429686,0.23607075592648474,0.2785789489746094,0.84,243.92,0.95,0.4
6,CA-KL + Candidate Greenlist + Weighted/WinMax,kl_adaptive,,3.0,"The Hawaii man who was fired after issuing the false ballistic missile alert in mid-January told reporters Friday that he was very upset over the incident but remained adamant that it appeared, at the time, to be a real-life attack. The former"," Hawaii Emergency Management Agency employee, Cory Padden, also said that he regrets that ""I did this to the public.""

""I did not want to believe what I saw or hear. I was extremely fearful, extremely shaken,"" Padden told",49,24,0.4897959183673469,3.876494664558916,5.2986066313384245e-05,Human/Unwatermarked,0.0,38,0.7894736842105263,0.972972972972973,0.21052631578947367,,,,5.931089390726233,5.931089390726233,1.5046565649460099e-09,True,0.9999999984953435,0.3307692876218804,1.7724957275390625,0.23607075592648474,0.2785789489746094,0.84,243.92,0.95,0.4
7,No Watermark,,,,"Shania Twain expected to break the charts with new album NOW! Even after a 15-year hiatus, she’s still the one! Shania Twain is on pace to top the charts with her new album NOW. The 16-song"," album is expected to sell more than 1.5 million copies, and has already taken #2 on iTunes, and is #1 on Amazon’s “New Releases” list. Twain is expecting to break the record for most-stream",49,13,0.2653061224489796,0.24743582965269675,0.40228547400871784,Human/Unwatermarked,0.0,37,0.8378378378378378,1.0,0.16216216216216217,,,,-1.0909490619022424,0.0,0.8623523514662336,False,0.0,,,0.23270787974776225,0.305567626953125,0.78,146.24,,
7,Fixed Delta 1.0,1.0,,,"Shania Twain expected to break the charts with new album NOW! Even after a 15-year hiatus, she’s still the one! Shania Twain is on pace to top the charts with her new album NOW. The 16-song", album is expected to sell more than 4 million copies on its first week. The album is Twain’s first in over 15 years. The project is also Twain’s first foray into country music in over 20 years. – The Associated Press,49,24,0.4897959183673469,3.876494664558916,5.2986066313384245e-05,Human/Unwatermarked,0.0,42,0.7142857142857143,0.8780487804878049,0.2857142857142857,1.0,1.0,1.0,4.778919832893591,4.778919832893591,8.811972073608473e-07,True,0.9999991188027927,,,0.20319256000097297,0.4264961242675781,0.68,237.5,,
7,Fixed Delta 2.0,2.0,,,"Shania Twain expected to break the charts with new album NOW! Even after a 15-year hiatus, she’s still the one! Shania Twain is on pace to top the charts with her new album NOW. The 16-song"," album is released on August 31st and tracks are already hitting No.1 on iTunes. The album is said to include all of the classic hits, including “That Don’t Impress Me Much,” “You’",49,23,0.46938775510204084,3.546580225021987,0.0001951329483533277,Human/Unwatermarked,0.0,34,0.8823529411764706,0.9696969696969697,0.11764705882352944,2.0,2.0,2.0,5.006131750734715,5.080732838051752,2.7767376253316416e-07,True,0.9999997223262375,,,0.18080282513202303,0.45560211181640625,0.62,112.46,,
7,Fixed Delta 3.0,3.0,,,"Shania Twain expected to break the charts with new album NOW! Even after a 15-year hiatus, she’s still the one! Shania Twain is on pace to top the charts with her new album NOW. The 16-song"," album is released on August 31st. The singer did just recently perform for fans on The Tonight Show (not pictured), so you know she’ll be on track to top both the real and iTunes charts!",43,32,0.7441860465116279,7.483832703767803,3.6092918055133765e-14,Watermarked,0.9999999999999639,36,0.8888888888888888,1.0,0.11111111111111116,3.0,3.0,3.0,8.440861238998135,8.440861238998135,1.5750396451388393e-17,True,1.0,,,0.2560841722838023,0.24157749522816052,0.8863636363636364,168.20454545454547,,
7,Current Adaptive Delta,adaptive,0.5,3.0,"Shania Twain expected to break the charts with new album NOW! Even after a 15-year hiatus, she’s still the one! Shania Twain is on pace to top the charts with her new album NOW. The 16-song"," album is released on August 31st and tracks are already hitting No.1 on iTunes. The album is said to include all of the classic hits, including “That Don’t Impress Me Much,” “You’",49,23,0.46938775510204084,3.546580225021987,0.0001951329483533277,Human/Unwatermarked,0.0,34,0.8823529411764706,0.9696969696969697,0.11764705882352944,1.7456049942970275,1.6180340051651,2.13016414642334,5.006131750734715,5.080732838051752,2.7767376253316416e-07,True,0.9999997223262375,,,0.18080282513202303,0.45560211181640625,0.62,112.46,,
7,CA-KL,kl_adaptive,,3.0,"Shania Twain expected to break the charts with new album NOW! Even after a 15-year hiatus, she’s still the one! Shania Twain is on pace to top the charts with her new album NOW. The 16-song"," album is released on August 31st and tracks are already turning up on the top 40 charts! “The reaction has been incredible and it’s really amazing to hear people saying, ‘I’ve had this on repeat,�",49,31,0.6326530612244898,6.185895741317419,3.087540585816352e-10,Watermarked,0.999999999691246,37,0.8918918918918919,1.0,0.10810810810810811,,,,,,,,,0.3495616935359506,2.2955557250976564,0.23607661647062786,0.24248346869833767,1.0,50265.0,,0.4
7,CA-KL + Weighted Detector,kl_adaptive,,3.0,"Shania Twain expected to break the charts with new album NOW! Even after a 15-year hiatus, she’s still the one! Shania Twain is on pace to top the charts with her new album NOW. The 16-song"," album is released on August 31st and tracks are already turning up on the top 40 charts! “The reaction has been incredible and it’s really amazing to hear people saying, ‘I’ve had this on repeat,�",49,31,0.6326530612244898,6.185895741317419,3.087540585816352e-10,Watermarked,0.999999999691246,37,0.8918918918918919,1.0,0.10810810810810811,,,,7.332249254648032,7.332249254648032,1.131608280930489e-13,True,0.9999999999998869,0.3495616935359506,2.2955557250976564,0.23593363907743425,0.2424146366119385,1.0,50265.0,,0.4
7,CA-KL + Candidate Greenlist,kl_adaptive,,3.0,"Shania Twain expected to break the charts with new album NOW! Even after a 15-year hiatus, she’s still the one! Shania Twain is on pace to top the charts with her new album NOW. The 16-song"," album is released on April 19, and tracks such as “Man! I Feel Like A Woman (Again),” “You’ve Got A Friend,” “If It Be Your Will,” “The",49,23,0.46938775510204084,3.546580225021987,0.0001951329483533277,Human/Unwatermarked,0.0,28,0.9642857142857143,1.0,0.0357142857142857,,,,5.276993020099272,5.276993020099272,6.566044311648941e-08,True,0.9999999343395569,0.24468376008722778,2.4883245849609374,0.1337964294072973,0.5220651245117187,0.48,49.6,0.95,0.4
7,CA-KL + Candidate Greenlist + Weighted/WinMax,kl_adaptive,,3.0,"Shania Twain expected to break the charts with new album NOW! Even after a 15-year hiatus, she’s still the one! Shania Twain is on pace to top the charts with her new album NOW. The 16-song"," album is released on April 19, and tracks such as “Man! I Feel Like a Woman (Again),” “You’re Still the One,” “If It Had To Be Me,” and �",49,23,0.46938775510204084,3.546580225021987,0.0001951329483533277,Human/Unwatermarked,0.0,29,0.9655172413793104,1.0,0.03448275862068961,,,,5.24986793180839,5.24986793180839,7.61041480411718e-08,True,0.9999999238958519,0.17599648891498323,0.9311801147460937,0.12169962929396941,0.5289202880859375,0.44,41.22,0.95,0.4
8,No Watermark,,,,"A version of this article appeared in the print edition of The Daily Star on July 12, 2018, on page 16. Assembled by Palestinian artist Said Baalbaki, the exhibition presents 50 of Abbo's sketches, etchings and"," paintings of everyday life in the occupied West Bank.

At first glance, Abbas Abbo's ""The Street"" looks like a mannequin. But if you look carefully, you'll see that his body is covered in flesh.

",49,9,0.1836734693877551,-1.0722219284950194,0.8581898183418171,Human/Unwatermarked,0.0,34,0.9411764705882353,1.0,0.05882352941176472,,,,0.7123602142597882,2.3276647021758095,0.23812087288554779,False,0.0,,,0.2605887990741989,0.2828329467773438,0.8,485.1,,
8,Fixed Delta 1.0,1.0,,,"A version of this article appeared in the print edition of The Daily Star on July 12, 2018, on page 16. Assembled by Palestinian artist Said Baalbaki, the exhibition presents 50 of Abbo's sketches, etchings and"," paintings. It features a set of photographs by Christophe Jacquhet. (Photo: AFP/Saad Fayed)

A version of this article appeared in the print edition of The Daily Star on July 12, 2018, on page 16.",49,16,0.32653061224489793,1.2371791482634837,0.10801029047772942,Human/Unwatermarked,0.0,35,0.8571428571428571,1.0,0.1428571428571429,1.0,1.0,1.0,2.5496511345743302,3.436245205722818,0.0053915380951088466,False,0.0,,,0.17885911274590915,0.6035879516601562,0.48,425.16,,
8,Fixed Delta 2.0,2.0,,,"A version of this article appeared in the print edition of The Daily Star on July 12, 2018, on page 16. Assembled by Palestinian artist Said Baalbaki, the exhibition presents 50 of Abbo's sketches, etchings and"," watercolors in a compact format that sit alongside recent work, including ""The Wrong Room"" by Benny Fayed. The exhibition is at The Arts Club of London (14 Eastcheap, London W1F 7UP) until July 15,",49,29,0.5918367346938775,5.526066862243561,1.637446833163578e-08,Watermarked,0.9999999836255317,34,0.9117647058823529,1.0,0.08823529411764708,2.0,2.0,2.0,6.781491783416983,6.781491783416983,5.9470621817661144e-12,True,0.999999999994053,,,0.33172740255100486,0.27343307495117186,0.9,853.32,,
8,Fixed Delta 3.0,3.0,,,"A version of this article appeared in the print edition of The Daily Star on July 12, 2018, on page 16. Assembled by Palestinian artist Said Baalbaki, the exhibition presents 50 of Abbo's sketches, etchings and"," watercolors in his extraordinary style, which recalls the work of Gustav Klimt and the Dutch artist Piet Mondrian while incorporating themes of modern life. The exhibition is on display through Oct. 31 at the Art Gallery of the American University of the",49,37,0.7551020408163265,8.165382378538993,1.6020930675337046e-16,Watermarked,0.9999999999999999,42,0.8095238095238095,0.975609756097561,0.19047619047619047,3.0,3.0,3.0,8.102144162006898,8.102144162006898,2.6999450528382516e-16,True,0.9999999999999998,,,0.2754083641567241,0.37544097900390627,0.7,689.56,,
8,Current Adaptive Delta,adaptive,0.5,3.0,"A version of this article appeared in the print edition of The Daily Star on July 12, 2018, on page 16. Assembled by Palestinian artist Said Baalbaki, the exhibition presents 50 of Abbo's sketches, etchings and"," watercolors in a compact format that sit alongside recent work, including ""The Wrong Room"" by Benny Fayed, which was inaugurated at the same exhibition.

""He collected them as a sort of legacy,"" said Fayed. """,49,26,0.5306122448979592,4.536323543632774,2.862167059884896e-06,Watermarked,0.9999971378329401,34,0.9117647058823529,1.0,0.08823529411764708,1.9708316659927367,1.6180340051651,2.5959064960479736,6.877067447890982,6.877067447890982,3.0548593989029006e-12,True,0.9999999999969451,,,0.33273172796810563,0.27207714080810547,0.86,848.8,,
8,CA-KL,kl_adaptive,,3.0,"A version of this article appeared in the print edition of The Daily Star on July 12, 2018, on page 16. Assembled by Palestinian artist Said Baalbaki, the exhibition presents 50 of Abbo's sketches, etchings and"," watercolors in a compact format that sit alongside recent work, including ""The Wrong Room"" by Benny Fayed. The exhibition is at The Arts Club of London (14 Eastcheap, London W1F 7UP) until July 15,",49,29,0.5918367346938775,5.526066862243561,1.637446833163578e-08,Watermarked,0.9999999836255317,34,0.9117647058823529,1.0,0.08823529411764708,,,,,,,,,0.3708712042970722,2.1024105834960936,0.33192445249179003,0.2284922801382345,1.0,50265.0,,0.4
8,CA-KL + Weighted Detector,kl_adaptive,,3.0,"A version of this article appeared in the print edition of The Daily Star on July 12, 2018, on page 16. Assembled by Palestinian artist Said Baalbaki, the exhibition presents 50 of Abbo's sketches, etchings and"," watercolors in a compact format that sit alongside recent work, including ""The Wrong Room"" by Benny Fayed. The exhibition is at The Arts Club of London (14 Eastcheap, London W1F 7UP) until July 15,",49,29,0.5918367346938775,5.526066862243561,1.637446833163578e-08,Watermarked,0.9999999836255317,34,0.9117647058823529,1.0,0.08823529411764708,,,,6.9289711572916275,6.9289711572916275,2.1195610640656943e-12,True,0.9999999999978805,0.3708712042970722,2.1024105834960936,0.33172740255100486,0.22850003838539124,1.0,50265.0,,0.4
8,CA-KL + Candidate Greenlist,kl_adaptive,,3.0,"A version of this article appeared in the print edition of The Daily Star on July 12, 2018, on page 16. Assembled by Palestinian artist Said Baalbaki, the exhibition presents 50 of Abbo's sketches, etchings and"," watercolors in a compact format that sit alongside recent work, including ""The Wrong Room,"" ""Dreaming"" and ""Wise Old Owl."" The opening was attended by journalist and former poet laureate Margaret Thatcher and the curator of the show, the",49,28,0.5714285714285714,5.196152422706632,1.0172773072722122e-07,Watermarked,0.9999998982722693,38,0.8421052631578947,1.0,0.1578947368421053,,,,6.357524181169403,6.440114985374225,1.025157019144264e-10,True,0.9999999998974843,0.36401717907656633,2.0444403076171875,0.36113856141821987,0.286390380859375,0.9,990.02,0.95,0.4
8,CA-KL + Candidate Greenlist + Weighted/WinMax,kl_adaptive,,3.0,"A version of this article appeared in the print edition of The Daily Star on July 12, 2018, on page 16. Assembled by Palestinian artist Said Baalbaki, the exhibition presents 50 of Abbo's sketches, etchings and"," watercolors in a compact format that sit alongside recent work, including ""The Wrong Room,"" ""Dreaming"" and ""Wise Old Owl."" The opening was attended by journalist and former poet laureate Margaret Thatcher and the curator of the show, the",49,28,0.5714285714285714,5.196152422706632,1.0172773072722122e-07,Watermarked,0.9999998982722693,38,0.8421052631578947,1.0,0.1578947368421053,,,,6.357524181169403,6.440114985374225,1.025157019144264e-10,True,0.9999999998974843,0.35013222075995687,1.7616046142578126,0.36113856141821987,0.286390380859375,0.9,990.02,0.95,0.4
9,No Watermark,,,,"A blind man in his 60s is searching for the young man who pulled him back from an approaching train and saved his life last Thursday, Nov. 9. Mike Wyatt stood at the stairs to the Peoria train station in Aurora, Colorado,"," when he heard a loud noise and saw a white flash.

“I thought it was a transformer blowing up,” Wyatt said. He thought about his wife, who had just left for work and was about to head off to the",49,13,0.2653061224489796,0.24743582965269675,0.40228547400871784,Human/Unwatermarked,0.0,40,0.8,1.0,0.19999999999999996,,,,0.8945604063276262,2.982587303009289,0.18551106257295796,False,0.0,,,0.23205431410159671,0.27852691650390626,0.9,114.12,,
9,Fixed Delta 1.0,1.0,,,"A blind man in his 60s is searching for the young man who pulled him back from an approaching train and saved his life last Thursday, Nov. 9. Mike Wyatt stood at the stairs to the Peoria train station in Aurora, Colorado,"," where he gets on and off the trains every day on his way to work.

As he walked, he saw a man and a woman walking underneath the train and told them to move away from the tracks. The man didn’t listen",49,24,0.4897959183673469,3.876494664558916,5.2986066313384245e-05,Human/Unwatermarked,0.0,43,0.7441860465116279,1.0,0.2558139534883721,1.0,1.0,1.0,4.763400387668983,4.763400387668983,9.517880053013171e-07,True,0.9999990482119947,,,0.19851032398697901,0.33524078369140625,0.72,77.34,,
9,Fixed Delta 2.0,2.0,,,"A blind man in his 60s is searching for the young man who pulled him back from an approaching train and saved his life last Thursday, Nov. 9. Mike Wyatt stood at the stairs to the Peoria train station in Aurora, Colorado,"," where he gets on and off the trains every day on his way to work.

As he walked, he saw a man and a woman walking underneath the train and told them both to get out of the way, according to KUSA-TV",49,22,0.4489795918367347,3.2166657854850578,0.0006484478994795316,Human/Unwatermarked,0.0,43,0.7441860465116279,1.0,0.2558139534883721,2.0,2.0,2.0,4.102446273236784,4.102446273236784,2.044024011071743e-05,True,0.9999795597598893,,,0.19473876885481323,0.3297234344482422,0.74,84.5,,
9,Fixed Delta 3.0,3.0,,,"A blind man in his 60s is searching for the young man who pulled him back from an approaching train and saved his life last Thursday, Nov. 9. Mike Wyatt stood at the stairs to the Peoria train station in Aurora, Colorado,"," where he gets on and off the trains every day on his way to and from work. He heard a screeching sound, turned and saw a black train barrelling towards him. The train must have hit him in his right eye at about 18",49,34,0.6938775510204082,7.175639059928206,3.598510048769513e-13,Watermarked,0.9999999999996402,44,0.7954545454545454,1.0,0.20454545454545459,3.0,3.0,3.0,7.26879965854239,7.754368417150302,1.8134791697997946e-13,True,0.9999999999998187,,,0.197773100236037,0.2979636383056641,0.76,97.34,,
9,Current Adaptive Delta,adaptive,0.5,3.0,"A blind man in his 60s is searching for the young man who pulled him back from an approaching train and saved his life last Thursday, Nov. 9. Mike Wyatt stood at the stairs to the Peoria train station in Aurora, Colorado,"," where he gets on and off the trains every day on his way to work.

As he walked, he saw a man and a woman walking underneath the train and told them both to get out of the way, according to KUSA-TV",49,22,0.4489795918367347,3.2166657854850578,0.0006484478994795316,Human/Unwatermarked,0.0,43,0.7441860465116279,1.0,0.2558139534883721,1.7284694528579712,1.6180340051651,2.200077533721924,4.102446273236784,4.102446273236784,2.044024011071743e-05,True,0.9999795597598893,,,0.19473876885481323,0.3297234344482422,0.74,84.5,,
9,CA-KL,kl_adaptive,,3.0,"A blind man in his 60s is searching for the young man who pulled him back from an approaching train and saved his life last Thursday, Nov. 9. Mike Wyatt stood at the stairs to the Peoria train station in Aurora, Colorado,"," where he gets on and off the trains every day on his way to work.

As he walked, he saw a man and a woman walking underneath the train and told them both to get out of the way, according to KUSA-TV",49,22,0.4489795918367347,3.2166657854850578,0.0006484478994795316,Human/Unwatermarked,0.0,43,0.7441860465116279,1.0,0.2558139534883721,,,,,,,,,0.3498197864672159,2.3708624267578124,0.19495660902000359,0.2326577121205628,1.0,50265.0,,0.4
9,CA-KL + Weighted Detector,kl_adaptive,,3.0,"A blind man in his 60s is searching for the young man who pulled him back from an approaching train and saved his life last Thursday, Nov. 9. Mike Wyatt stood at the stairs to the Peoria train station in Aurora, Colorado,"," where he gets on and off the trains every day on his way to work.

As he walked, he saw a man and a woman walking underneath the train and told them both to get out of the way, according to KUSA-TV",49,22,0.4489795918367347,3.2166657854850578,0.0006484478994795316,Human/Unwatermarked,0.0,43,0.7441860465116279,1.0,0.2558139534883721,,,,4.581997577394556,4.581997577394556,2.302776159368468e-06,True,0.9999976972238407,0.3498197864672159,2.3708624267578124,0.19473876885481323,0.232662353515625,1.0,50265.0,,0.4
9,CA-KL + Candidate Greenlist,kl_adaptive,,3.0,"A blind man in his 60s is searching for the young man who pulled him back from an approaching train and saved his life last Thursday, Nov. 9. Mike Wyatt stood at the stairs to the Peoria train station in Aurora, Colorado,"," where he gets on and off the trains every day on his way to work.

As he walked, he saw a man and a woman walking underneath an overpass, about 100 feet away, about 2:30 p.m.

",49,20,0.40816326530612246,2.5568369064112,0.005281436443694299,Human/Unwatermarked,0.0,38,0.8421052631578947,1.0,0.1578947368421053,,,,4.189428663662946,4.1960328619473035,1.3982883882777983e-05,True,0.9999860171161172,0.32917403030137876,2.3338833618164063,0.19417489827826687,0.35897727966308596,0.68,81.18,0.95,0.4
9,CA-KL + Candidate Greenlist + Weighted/WinMax,kl_adaptive,,3.0,"A blind man in his 60s is searching for the young man who pulled him back from an approaching train and saved his life last Thursday, Nov. 9. Mike Wyatt stood at the stairs to the Peoria train station in Aurora, Colorado,"," where he gets on and off the trains every day on his way to work.

As he walked, he saw a man and a woman walking underneath the train and told them to move back as he looked down. The man looked down at the",49,26,0.5306122448979592,4.536323543632774,2.862167059884896e-06,Watermarked,0.9999971378329401,45,0.6666666666666666,0.9545454545454546,0.33333333333333337,,,,6.0741603061646465,6.0741603061646465,6.231908604572613e-10,True,0.9999999993768092,0.328912543078833,1.7795343017578125,0.21982674729501347,0.2793492889404297,0.84,82.36,0.95,0.4
10,No Watermark,,,,"After Kevin’s horrific leg injury, everyone is asking: will he ever play basketball again? Dr. Glashow, co-chief of sports medicine at Mount Sinai Medical Center, tells HollywoodLife.com exclusively if Kevin will ever be back"," in the NBA.

Kevin Durant was injured on February 26th while playing for the Golden State Warriors, but he has been practicing with his teammates. “Kevin is doing very well,” his father, Richard, told ESPN. �",49,14,0.2857142857142857,0.5773502691896257,0.28185143082538655,Human/Unwatermarked,0.0,35,0.9142857142857143,1.0,0.08571428571428574,,,,1.3921434853550054,2.1382544065742617,0.08193947617381991,False,0.0,,,0.20177471328424026,0.3184141540527344,0.84,83.68,,
10,Fixed Delta 1.0,1.0,,,"After Kevin’s horrific leg injury, everyone is asking: will he ever play basketball again? Dr. Glashow, co-chief of sports medicine at Mount Sinai Medical Center, tells HollywoodLife.com exclusively if Kevin will ever be back"," in the NBA.

Kevin Durant has made a full recovery after suffering a career-threatening injury in Game 5 of the NBA Finals. The forward had to have his leg amputated above the knee after his right leg was crushed by a teammate�",49,25,0.5102040816326531,4.206409104095845,1.2973018458742128e-05,Watermarked,0.9999870269815413,43,0.7674418604651163,0.9761904761904762,0.2325581395348837,1.0,1.0,1.0,4.949327741819112,5.243261268231002,3.7235127087797593e-07,True,0.9999996276487291,,,0.19026459426824782,0.33574203491210936,0.78,138.38,,
10,Fixed Delta 2.0,2.0,,,"After Kevin’s horrific leg injury, everyone is asking: will he ever play basketball again? Dr. Glashow, co-chief of sports medicine at Mount Sinai Medical Center, tells HollywoodLife.com exclusively if Kevin will ever be back"," in the NBA?

Kevin Durant has made shocking comments, saying he would never play basketball again (not even practice), but it appears that the NBA’s reigning Most Valuable Player may not be as physically injured as he made it out",49,29,0.5918367346938775,5.526066862243561,1.637446833163578e-08,Watermarked,0.9999999836255317,41,0.8292682926829268,0.975,0.1707317073170732,2.0,2.0,2.0,6.511226568410973,7.092696916770033,3.726980686924542e-11,True,0.9999999999627301,,,0.22250180504492406,0.33559585571289063,0.82,130.4,,
10,Fixed Delta 3.0,3.0,,,"After Kevin’s horrific leg injury, everyone is asking: will he ever play basketball again? Dr. Glashow, co-chief of sports medicine at Mount Sinai Medical Center, tells HollywoodLife.com exclusively if Kevin will ever be back"," in the NBA?
Kevin Durant‘s shocking injury in Game 5 of the NBA Finals against the Golden State Warriors on June 7th is still one of the most talked about injuries of the NBA season. The diagnosis came right away, which the",49,33,0.673469387755102,6.845724620391277,3.8044862624583295e-12,Watermarked,0.9999999999961955,43,0.7441860465116279,0.9047619047619048,0.2558139534883721,3.0,3.0,3.0,7.059932118799076,7.454670730161508,8.329198048684434e-13,True,0.9999999999991671,,,0.17642586395990972,0.31961746215820314,0.66,79.36,,
10,Current Adaptive Delta,adaptive,0.5,3.0,"After Kevin’s horrific leg injury, everyone is asking: will he ever play basketball again? Dr. Glashow, co-chief of sports medicine at Mount Sinai Medical Center, tells HollywoodLife.com exclusively if Kevin will ever be back"," in the NBA.

Kevin Durant has made a full recovery after suffering a career-threatening injury in Game 5 of the NBA Finals. The forward had to undergo surgery for his fractured Achilles, but is on track to make a full recovery within the",49,27,0.5510204081632653,4.866237983169703,5.687127248259713e-07,Watermarked,0.9999994312872752,44,0.7727272727272727,0.9302325581395349,0.2272727272727273,1.697546319961548,1.6180340051651,2.137965440750122,5.3484964087168905,5.897198825984137,4.43439678180697e-08,True,0.9999999556560322,,,0.1757432186879831,0.2855586242675781,0.76,53.62,,
10,CA-KL,kl_adaptive,,3.0,"After Kevin’s horrific leg injury, everyone is asking: will he ever play basketball again? Dr. Glashow, co-chief of sports medicine at Mount Sinai Medical Center, tells HollywoodLife.com exclusively if Kevin will ever be back"," in the NBA?

Kevin Durant has made a full recovery after suffering a horrific leg injury in Game 5 of the NBA Finals and there’s been some conflicting reports on whether or not he‘ll be able to return to basketball.",49,25,0.5102040816326531,4.206409104095845,1.2973018458742128e-05,Watermarked,0.9999870269815413,42,0.8809523809523809,0.975609756097561,0.11904761904761907,,,,,,,,,0.30860159047909724,2.573231506347656,0.14838707298705958,0.25424921775527765,1.0,50265.0,,0.4
10,CA-KL + Weighted Detector,kl_adaptive,,3.0,"After Kevin’s horrific leg injury, everyone is asking: will he ever play basketball again? Dr. Glashow, co-chief of sports medicine at Mount Sinai Medical Center, tells HollywoodLife.com exclusively if Kevin will ever be back"," in the NBA?

Kevin Durant has made a full recovery after suffering a horrific leg injury in Game 5 of the NBA Finals and there’s been some conflicting reports on whether or not he‘ll be able to return to basketball.",49,25,0.5102040816326531,4.206409104095845,1.2973018458742128e-05,Watermarked,0.9999870269815413,42,0.8809523809523809,0.975609756097561,0.11904761904761907,,,,5.906018477805491,5.906018477805491,1.75237340506848e-09,True,0.9999999982476266,0.30860159047909724,2.573231506347656,0.1481726605830724,0.2540558338165283,1.0,50265.0,,0.4
10,CA-KL + Candidate Greenlist,kl_adaptive,,3.0,"After Kevin’s horrific leg injury, everyone is asking: will he ever play basketball again? Dr. Glashow, co-chief of sports medicine at Mount Sinai Medical Center, tells HollywoodLife.com exclusively if Kevin will ever be back"," in the game!
Kevin Durant, 29, has been out since the beginning of the 2017-18 NBA season with a ruptured right Achilles tendon. The Golden State Warriors star was playing in Game 5 of the 2017 NBA Finals against the Cleveland Cavaliers",49,20,0.40816326530612246,2.5568369064112,0.005281436443694299,Human/Unwatermarked,0.0,43,0.7674418604651163,0.9523809523809523,0.2325581395348837,,,,3.4344561845146386,3.4344561845146386,0.00029687202559547225,False,0.0,0.2881899722636544,2.4625634765625,0.1458187614339088,0.4558448791503906,0.56,55.9,0.95,0.4
10,CA-KL + Candidate Greenlist + Weighted/WinMax,kl_adaptive,,3.0,"After Kevin’s horrific leg injury, everyone is asking: will he ever play basketball again? Dr. Glashow, co-chief of sports medicine at Mount Sinai Medical Center, tells HollywoodLife.com exclusively if Kevin will ever be back"," in the game!

Kevin Durant, 25, is one of the top professional basketball players in the world and the current leader of the NBA’s Golden State Warriors. But there’s a chance that Kevin won’t ever",49,22,0.4489795918367347,3.2166657854850578,0.0006484478994795316,Human/Unwatermarked,0.0,38,0.7894736842105263,0.9459459459459459,0.21052631578947367,,,,6.352236792298879,6.352236792298879,1.0610316290331772e-10,True,0.9999999998938969,0.23116889994765322,1.3206509399414061,0.14978961525423892,0.44865394592285157,0.6,53.86,0.95,0.4
11,No Watermark,,,,This month some important Walmart news did not get the attention it deserved. The news wasn't some flashy announcement about virtual reality or about some new service for busy Manhattanites. It was something much more subtle and much more substantive. It was the hire," of a new Walmart CEO.

Walmart has hired Doug McMillon, currently president and CEO of Walmart U.S. and president and CEO of Walmart International. McMillon will begin his new role in February, according to a press release from",49,12,0.24489795918367346,-0.08247860988423225,0.5328669363939076,Human/Unwatermarked,0.0,39,0.6666666666666666,0.8947368421052632,0.33333333333333337,,,,-0.6419468150479536,0.3068339978298717,0.7395461419339349,False,0.0,,,0.17581010323681318,0.4204446411132812,0.62,134.18,,
11,Fixed Delta 1.0,1.0,,,This month some important Walmart news did not get the attention it deserved. The news wasn't some flashy announcement about virtual reality or about some new service for busy Manhattanites. It was something much more subtle and much more substantive. It was the hire," of a new senior executive, Cory Johnson, Walmart's chief customer officer.

Johnson, a 23-year Walmart veteran, has been promoted to CEO of the Walmart U.S. eCommerce business. He will report to Doug McMillon,",49,18,0.3673469387755102,1.8970080273373418,0.028913439321714297,Human/Unwatermarked,0.0,35,0.8571428571428571,1.0,0.1428571428571429,1.0,1.0,1.0,4.267548618167461,5.054049326677602,9.8816354069771e-06,True,0.9999901183645931,,,0.20427871855784885,0.35279739379882813,0.66,190.7,,
11,Fixed Delta 2.0,2.0,,,This month some important Walmart news did not get the attention it deserved. The news wasn't some flashy announcement about virtual reality or about some new service for busy Manhattanites. It was something much more subtle and much more substantive. It was the hire," of the first Walmart community manager. I have to say, I'm happy about this. Walmart is one of the largest companies in the world, and yet it lacks a robust community outreach strategy. If there is one thing that Walmart does right, it",49,27,0.5510204081632653,4.866237983169703,5.687127248259713e-07,Watermarked,0.9999994312872752,43,0.7906976744186046,0.9523809523809523,0.2093023255813954,2.0,2.0,2.0,6.032135963613045,6.032135963613045,8.090327359170968e-10,True,0.9999999991909673,,,0.23848055899991813,0.2727595520019531,0.82,165.42,,
11,Fixed Delta 3.0,3.0,,,This month some important Walmart news did not get the attention it deserved. The news wasn't some flashy announcement about virtual reality or about some new service for busy Manhattanites. It was something much more subtle and much more substantive. It was the hire," of the first Walmart community coordinator in its more than 4,500 stores in America, Dione Hartley, better known as Black Mambas Momma to all of the customers that visit her.",41,35,0.8536585365853658,8.92652938320758,2.19791401447098e-19,Watermarked,1.0,31,0.9032258064516129,0.9666666666666667,0.09677419354838712,3.0,3.0,3.0,9.984181643039461,10.022177901790815,8.93850543060263e-24,True,1.0,,,0.2579033835996358,0.2532450358072917,0.8571428571428571,453.2142857142857,,
11,Current Adaptive Delta,adaptive,0.5,3.0,This month some important Walmart news did not get the attention it deserved. The news wasn't some flashy announcement about virtual reality or about some new service for busy Manhattanites. It was something much more subtle and much more substantive. It was the hire," of the first Walmart community manager.

Walmart hired Matt Cottle as its community manager for its digital division. Matt Cottle joins Walmart from the toy and gaming company, Mattel. He is currently Mattel's Senior Vice President",49,31,0.6326530612244898,6.185895741317419,3.087540585816352e-10,Watermarked,0.999999999691246,36,0.7777777777777778,0.9428571428571428,0.2222222222222222,1.8699807524681091,1.6180340051651,2.5558502674102783,5.696974399563187,5.696974399563187,6.09761154853674e-09,True,0.9999999939023885,,,0.27029010334635106,0.348519287109375,0.8,466.04,,
11,CA-KL,kl_adaptive,,3.0,This month some important Walmart news did not get the attention it deserved. The news wasn't some flashy announcement about virtual reality or about some new service for busy Manhattanites. It was something much more subtle and much more substantive. It was the hire," of the first Walmart community manager. I have to say, I'm happy about this. Walmart is one of the largest companies in the world, and yet it lacks a robust community outreach strategy. If there is one thing that Walmart does right, its",49,28,0.5714285714285714,5.196152422706632,1.0172773072722122e-07,Watermarked,0.9999998982722693,43,0.813953488372093,0.9523809523809523,0.18604651162790697,,,,,,,,,0.3718893067706285,2.2248944091796874,0.23868127880304152,0.24629318847320975,1.0,50265.0,,0.4
11,CA-KL + Weighted Detector,kl_adaptive,,3.0,This month some important Walmart news did not get the attention it deserved. The news wasn't some flashy announcement about virtual reality or about some new service for busy Manhattanites. It was something much more subtle and much more substantive. It was the hire," of the first Walmart community manager. I have to say, I'm happy about this. Walmart is one of the largest companies in the world, and yet it lacks a robust community outreach strategy. If there is one thing that Walmart does right, its",49,28,0.5714285714285714,5.196152422706632,1.0172773072722122e-07,Watermarked,0.9999998982722693,43,0.813953488372093,0.9523809523809523,0.18604651162790697,,,,6.113426512746166,6.113426512746166,4.875714331853725e-10,True,0.9999999995124286,0.3718893067706285,2.2248944091796874,0.23848055899991813,0.24643333435058593,1.0,50265.0,,0.4
11,CA-KL + Candidate Greenlist,kl_adaptive,,3.0,This month some important Walmart news did not get the attention it deserved. The news wasn't some flashy announcement about virtual reality or about some new service for busy Manhattanites. It was something much more subtle and much more substantive. It was the hire," of the CEO of one of the world's leading retail companies, Sam Walton, as Walmart's new executive chair.

Walmart has, of course, been involved in retailing for 70 years. It is one of the largest retailers in the",49,20,0.40816326530612246,2.5568369064112,0.005281436443694299,Human/Unwatermarked,0.0,38,0.7631578947368421,0.918918918918919,0.23684210526315785,,,,4.568670325305936,4.568670325305936,2.4541405520290406e-06,True,0.999997545859448,0.3129957922800508,2.312192687988281,0.20096499441743415,0.33879737854003905,0.66,208.52,0.95,0.4
11,CA-KL + Candidate Greenlist + Weighted/WinMax,kl_adaptive,,3.0,This month some important Walmart news did not get the attention it deserved. The news wasn't some flashy announcement about virtual reality or about some new service for busy Manhattanites. It was something much more subtle and much more substantive. It was the hire," of the CEO of one of the world's leading retail companies, Sam Walton, as Walmart's new executive chairman.

Walmart has, of course, been involved in retailing for 70 years. It is one of the largest retailers in the",49,21,0.42857142857142855,2.886751345948129,0.001946208561389314,Human/Unwatermarked,0.0,38,0.7631578947368421,0.918918918918919,0.23684210526315785,,,,4.460298890812471,4.460298890812471,4.092271449776186e-06,True,0.9999959077285502,0.2508586794528548,1.3143630981445313,0.19982842224856862,0.36960769653320313,0.64,205.8,0.95,0.4
12,No Watermark,,,,"University of Utah track and field athlete Lauren McCluskey was found shot dead Monday night in the backseat of a vehicle outside a campus dormitory, according to university police. The suspected shooter was 37-year-old Melvin Rowland, a man"," who had been in a relationship with McCluskey, according to police.

The university's track coach, Chris Walker, and a university spokesman did not immediately return messages from NBC News.

""This is an absolutely tragic situation,"" the",49,14,0.2857142857142857,0.5773502691896257,0.28185143082538655,Human/Unwatermarked,0.0,36,0.9444444444444444,1.0,0.05555555555555558,,,,0.8783989490137835,1.8472435554365008,0.18986362726607808,False,0.0,,,0.2076456358248944,0.36556304931640626,0.76,148.1,,
12,Fixed Delta 1.0,1.0,,,"University of Utah track and field athlete Lauren McCluskey was found shot dead Monday night in the backseat of a vehicle outside a campus dormitory, according to university police. The suspected shooter was 37-year-old Melvin Rowland, a man"," who had been in a relationship with McCluskey.

McCluskey was a University of Utah student majoring in exercise science, according to her LinkedIn profile. She was also a member of the school’s track and field team",49,11,0.22448979591836735,-0.4123930494211613,0.6599743215854645,Human/Unwatermarked,0.0,37,0.8378378378378378,1.0,0.16216216216216217,1.0,1.0,1.0,0.4727121035118015,1.0200108437826436,0.31820929512741236,False,0.0,,,0.14665557858624526,0.47512039184570315,0.54,77.72,,
12,Fixed Delta 2.0,2.0,,,"University of Utah track and field athlete Lauren McCluskey was found shot dead Monday night in the backseat of a vehicle outside a campus dormitory, according to university police. The suspected shooter was 37-year-old Melvin Rowland, a man"," who had been in a relationship with McCluskey.

McCluskey was a University of Utah student majoring in sport science and a member of the school's cross-country, track and field and indoor track teams. She had been",49,20,0.40816326530612246,2.5568369064112,0.005281436443694299,Human/Unwatermarked,0.0,37,0.7297297297297297,0.9722222222222222,0.2702702702702703,2.0,2.0,2.0,3.6167156243272225,3.6167156243272225,0.00014918239238394091,False,0.0,,,0.1499115778018313,0.46871368408203123,0.54,81.26,,
12,Fixed Delta 3.0,3.0,,,"University of Utah track and field athlete Lauren McCluskey was found shot dead Monday night in the backseat of a vehicle outside a campus dormitory, according to university police. The suspected shooter was 37-year-old Melvin Rowland, a man"," who police said was “in a domestic dispute with McCluskey.”

McCluskey, a graduate of the school, competed in track and field and was set to graduate in May with a degree in human ecology. She",49,24,0.4897959183673469,3.876494664558916,5.2986066313384245e-05,Human/Unwatermarked,0.0,35,0.7142857142857143,1.0,0.2857142857142857,3.0,3.0,3.0,6.829382288497761,6.829382288497761,4.264051920714277e-12,True,0.999999999995736,,,0.15943107626782083,0.4005769348144531,0.68,80.7,,
12,Current Adaptive Delta,adaptive,0.5,3.0,"University of Utah track and field athlete Lauren McCluskey was found shot dead Monday night in the backseat of a vehicle outside a campus dormitory, according to university police. The suspected shooter was 37-year-old Melvin Rowland, a man"," who had been in a relationship with McCluskey.

McCluskey was a University of Utah student majoring in sport science and a member of the school's cross-country and track and field teams, according to school officials. She",49,18,0.3673469387755102,1.8970080273373418,0.028913439321714297,Human/Unwatermarked,0.0,37,0.8108108108108109,1.0,0.18918918918918914,1.6977150678634643,1.6180340051651,2.110870122909546,3.5504402739322547,3.5504402739322547,0.00019229369446712187,False,0.0,,,0.13933431852062803,0.46980972290039064,0.5,75.96,,
12,CA-KL,kl_adaptive,,3.0,"University of Utah track and field athlete Lauren McCluskey was found shot dead Monday night in the backseat of a vehicle outside a campus dormitory, according to university police. The suspected shooter was 37-year-old Melvin Rowland, a man"," who had been in a relationship with McCluskey.

McCluskey was a University of Utah student majoring in exercise science and a member of the school's cross-country, indoor and outdoor track teams. She was 20 years old",49,17,0.3469387755102041,1.5670935878004129,0.058546408893313404,Human/Unwatermarked,0.0,37,0.8108108108108109,1.0,0.18918918918918914,,,,,,,,,0.26699318268458644,2.5079827880859376,0.1416949666893189,0.21141559736002818,1.0,50265.0,,0.4
12,CA-KL + Weighted Detector,kl_adaptive,,3.0,"University of Utah track and field athlete Lauren McCluskey was found shot dead Monday night in the backseat of a vehicle outside a campus dormitory, according to university police. The suspected shooter was 37-year-old Melvin Rowland, a man"," who had been in a relationship with McCluskey.

McCluskey was a University of Utah student majoring in exercise science and a member of the school's cross-country, indoor and outdoor track teams. She was 20 years old",49,17,0.3469387755102041,1.5670935878004129,0.058546408893313404,Human/Unwatermarked,0.0,37,0.8108108108108109,1.0,0.18918918918918914,,,,3.0444513987971735,3.308346986334832,0.0011655254538812613,False,0.0,0.26699318268458644,2.5079827880859376,0.14148113634063195,0.21143591284751892,1.0,50265.0,,0.4
12,CA-KL + Candidate Greenlist,kl_adaptive,,3.0,"University of Utah track and field athlete Lauren McCluskey was found shot dead Monday night in the backseat of a vehicle outside a campus dormitory, according to university police. The suspected shooter was 37-year-old Melvin Rowland, a man"," who had been in a relationship with McCluskey.

McCluskey's body was discovered about 9 p.m. at a campus parking lot about a mile from the dorm. She was an athlete in track, cross country and the",49,16,0.32653061224489793,1.2371791482634837,0.10801029047772942,Human/Unwatermarked,0.0,37,0.8378378378378378,1.0,0.16216216216216217,,,,4.596756269487022,4.596756269487022,2.1455954703593323e-06,True,0.9999978544045296,0.3008587136068987,2.390379638671875,0.17390787653832324,0.4196809387207031,0.66,130.76,0.95,0.4
12,CA-KL + Candidate Greenlist + Weighted/WinMax,kl_adaptive,,3.0,"University of Utah track and field athlete Lauren McCluskey was found shot dead Monday night in the backseat of a vehicle outside a campus dormitory, according to university police. The suspected shooter was 37-year-old Melvin Rowland, a man"," who had been in a relationship with McCluskey.

McCluskey's body was discovered about 9 p.m. at a campus parking lot about a mile from the dorm. She was an athlete in track and field and had been",49,16,0.32653061224489793,1.2371791482634837,0.10801029047772942,Human/Unwatermarked,0.0,38,0.7894736842105263,0.972972972972973,0.21052631578947367,,,,4.873137665673567,4.873137665673567,5.491981283717937e-07,True,0.9999994508018716,0.2658589569522571,1.4623800659179687,0.17852362929316035,0.4195185852050781,0.68,133.48,0.95,0.4
13,No Watermark,,,,The Linux kernel now includes everything that is needed to use 3D acceleration with all GeForce graphics chips. Drivers have also been added for a Wireless Gigabit chip and a PCIe WLAN chip from Realtek. In his email announcing the release of Linux," 3.2, Linus Torvalds noted that, “The 3.2 kernel (not yet released) includes a driver for the Wireless Gigabit (WG) chip, as well as a driver for the PCIe WLAN chip",49,17,0.3469387755102041,1.5670935878004129,0.058546408893313404,Human/Unwatermarked,0.0,32,0.71875,0.8709677419354839,0.28125,,,,0.9777968393977337,1.4740419169951018,0.1640874072720903,False,0.0,,,0.20863705742235983,0.4457657623291016,0.66,258.64,,
13,Fixed Delta 1.0,1.0,,,The Linux kernel now includes everything that is needed to use 3D acceleration with all GeForce graphics chips. Drivers have also been added for a Wireless Gigabit chip and a PCIe WLAN chip from Realtek. In his email announcing the release of Linux," 3.2, Linus Torvalds noted that, “The 3.2 kernel (not yet released) includes a driver for the Wireless Gigabit (WG-AC8120) chip and the Realtek PCIe WLAN (",49,19,0.3877551020408163,2.226922466874271,0.01297622801118724,Human/Unwatermarked,0.0,28,0.8571428571428571,0.9629629629629629,0.1428571428571429,1.0,1.0,1.0,1.8525871611273839,2.1169535753455015,0.031970777032613154,False,0.0,,,0.2292557102295874,0.40844245910644533,0.72,277.14,,
13,Fixed Delta 2.0,2.0,,,The Linux kernel now includes everything that is needed to use 3D acceleration with all GeForce graphics chips. Drivers have also been added for a Wireless Gigabit chip and a PCIe WLAN chip from Realtek. In his email announcing the release of Linux," 3.2, Linus Torvalds noted that, “The 3.2 kernel (not yet released) includes a driver for the Wireless Gigabit chip, which should make it possible to run networked X-Box games on the",49,24,0.4897959183673469,3.876494664558916,5.2986066313384245e-05,Human/Unwatermarked,0.0,34,0.8823529411764706,0.9696969696969697,0.11764705882352944,2.0,2.0,2.0,3.9992914210953794,4.589339273158195,3.176620561504862e-05,False,0.0,,,0.24428949616160575,0.37845252990722655,0.74,327.88,,
13,Fixed Delta 3.0,3.0,,,The Linux kernel now includes everything that is needed to use 3D acceleration with all GeForce graphics chips. Drivers have also been added for a Wireless Gigabit chip and a PCIe WLAN chip from Realtek. In his email announcing the release of Linux," 3.2, Linus Torvalds noted that the kernel has become ""fully usable"". ""The complete 3D support makes it trivial to write code to drive any supported GPU within Linux,"" Torvalds added. ""If you are",49,32,0.6530612244897959,6.5158101808543485,3.614917780794132e-11,Watermarked,0.9999999999638508,34,0.9117647058823529,1.0,0.08823529411764708,3.0,3.0,3.0,7.629472914054559,7.876619081424683,1.1785772401342337e-14,True,0.9999999999999882,,,0.23654752153580338,0.38857086181640627,0.76,245.76,,
13,Current Adaptive Delta,adaptive,0.5,3.0,The Linux kernel now includes everything that is needed to use 3D acceleration with all GeForce graphics chips. Drivers have also been added for a Wireless Gigabit chip and a PCIe WLAN chip from Realtek. In his email announcing the release of Linux," 3.2, Linus Torvalds noted that, “The 3.2 kernel (not yet released) includes a driver for the first chip with 3D support: the realtek PCIe GbE WLAN NIC.”",49,23,0.46938775510204084,3.546580225021987,0.0001951329483533277,Human/Unwatermarked,0.0,29,0.8620689655172413,0.9642857142857143,0.13793103448275867,1.828747866153717,1.6180340051651,2.241826295852661,3.6685321847507595,4.178277319252546,0.0001219734941871108,False,0.0,,,0.23870248672550673,0.38815956115722655,0.74,315.1,,
13,CA-KL,kl_adaptive,,3.0,The Linux kernel now includes everything that is needed to use 3D acceleration with all GeForce graphics chips. Drivers have also been added for a Wireless Gigabit chip and a PCIe WLAN chip from Realtek. In his email announcing the release of Linux," 3.2, Linus Torvalds noted that, “The 3.2 kernel (not yet released) includes a driver for the Wireless Gigabit chip, which should make it simpler for people to install drivers on new kernels. The",49,26,0.5306122448979592,4.536323543632774,2.862167059884896e-06,Watermarked,0.9999971378329401,35,0.8571428571428571,0.9705882352941176,0.1428571428571429,,,,,,,,,0.3210680401505461,2.30996337890625,0.2381902927615042,0.2845152826932463,1.0,50265.0,,0.4
13,CA-KL + Weighted Detector,kl_adaptive,,3.0,The Linux kernel now includes everything that is needed to use 3D acceleration with all GeForce graphics chips. Drivers have also been added for a Wireless Gigabit chip and a PCIe WLAN chip from Realtek. In his email announcing the release of Linux," 3.2, Linus Torvalds noted that, “The 3.2 kernel (not yet released) includes a driver for the Wireless Gigabit chip, which should make it simpler for people to install drivers on new kernels. The",49,26,0.5306122448979592,4.536323543632774,2.862167059884896e-06,Watermarked,0.9999971378329401,35,0.8571428571428571,0.9705882352941176,0.1428571428571429,,,,4.76274579515897,4.799358438293586,9.548817969697068e-07,True,0.999999045118203,0.3210680401505461,2.30996337890625,0.2379412010114467,0.28434033870697023,1.0,50265.0,,0.4
13,CA-KL + Candidate Greenlist,kl_adaptive,,3.0,The Linux kernel now includes everything that is needed to use 3D acceleration with all GeForce graphics chips. Drivers have also been added for a Wireless Gigabit chip and a PCIe WLAN chip from Realtek. In his email announcing the release of Linux," 3.2, Linus Torvalds noted that, ""A rather good set of OpenGL and FGLRX drivers has been merged for x86_64, which should make it about equal in power to Windows on graphics. But the",49,27,0.5510204081632653,4.866237983169703,5.687127248259713e-07,Watermarked,0.9999994312872752,35,1.0,1.0,0.0,,,,6.339227695709939,6.932853104559895,1.1545987710118675e-10,True,0.9999999998845401,0.3209492750368315,2.3197869873046875,0.2525712833652789,0.3606732177734375,0.8,249.68,0.95,0.4
13,CA-KL + Candidate Greenlist + Weighted/WinMax,kl_adaptive,,3.0,The Linux kernel now includes everything that is needed to use 3D acceleration with all GeForce graphics chips. Drivers have also been added for a Wireless Gigabit chip and a PCIe WLAN chip from Realtek. In his email announcing the release of Linux," 3.2, Linus Torvalds noted that, ""A rather good set of OpenGL and FGLRX drivers has been merged for x86_64, which should make it about equal in power to Windows on graphics. But the",49,27,0.5510204081632653,4.866237983169703,5.687127248259713e-07,Watermarked,0.9999994312872752,35,1.0,1.0,0.0,,,,6.339227695709939,6.932853104559895,1.1545987710118675e-10,True,0.9999999998845401,0.31425061847872915,1.7197869873046876,0.2525712833652789,0.3606732177734375,0.8,249.68,0.95,0.4
14,No Watermark,,,,"The location of the July 15, 2002 flare is shown at left. The other panels compare the scale of Earth to the eruptions. Red shows superheated gas held together by magnetic fields. The time sequence lasts only 80 seconds and yet reveals tremendous"," growth of eruption size. The tallest peak is about 1 mile, and the eruption plume rises about 1,000 feet. Credit: NASA/JPL/University of Utah

(PhysOrg.com) -- NASA's Terra satellite has captured",49,15,0.30612244897959184,0.9072647087265548,0.18213341599052596,Human/Unwatermarked,0.0,33,0.8484848484848485,0.96875,0.1515151515151515,,,,0.38383851819843273,0.5858078304655342,0.35054906869133695,False,0.0,,,0.23537700140586545,0.3792008972167969,0.74,319.36,,
14,Fixed Delta 1.0,1.0,,,"The location of the July 15, 2002 flare is shown at left. The other panels compare the scale of Earth to the eruptions. Red shows superheated gas held together by magnetic fields. The time sequence lasts only 80 seconds and yet reveals tremendous", growth of eruption size. The blue and green bars on the right are for comparison only. The blue (not pictured) shows the growth of the eruptions in size. The blue and green bars on the right show the growth of the eruptions in,49,21,0.42857142857142855,2.886751345948129,0.001946208561389314,Human/Unwatermarked,0.0,43,0.4883720930232558,0.6428571428571429,0.5116279069767442,1.0,1.0,1.0,4.328194489182266,4.413328340088409,7.516834353994415e-06,True,0.999992483165646,,,0.27859277699475105,0.3116365051269531,0.8,573.38,,
14,Fixed Delta 2.0,2.0,,,"The location of the July 15, 2002 flare is shown at left. The other panels compare the scale of Earth to the eruptions. Red shows superheated gas held together by magnetic fields. The time sequence lasts only 80 seconds and yet reveals tremendous"," growth and eruption power. The blue and white panels on the right show the same flare as it appeared from the Earth, while the yellow panels show the same flare as it appeared from the Sun. The image is taken using the High Resolution Stereoscopic",49,27,0.5510204081632653,4.866237983169703,5.687127248259713e-07,Watermarked,0.9999994312872752,45,0.6222222222222222,0.8181818181818182,0.37777777777777777,2.0,2.0,2.0,4.7835646260218185,4.7835646260218185,8.610674359935143e-07,True,0.999999138932564,,,0.28398404164508273,0.2758416748046875,0.9,463.82,,
14,Fixed Delta 3.0,3.0,,,"The location of the July 15, 2002 flare is shown at left. The other panels compare the scale of Earth to the eruptions. Red shows superheated gas held together by magnetic fields. The time sequence lasts only 80 seconds and yet reveals tremendous"," growth and eruption power. The blue-white light is electromagnetic radiation. The black area is where there was not enough heat left to make it into the sky. The most massive volcano in Europe, Sardinia is shown in its yellow and white. The",49,41,0.8367346938775511,9.48504013668671,1.2114490890664546e-21,Watermarked,1.0,43,0.7906976744186046,1.0,0.2093023255813954,3.0,3.0,3.0,9.660021645153265,9.660021645153265,2.2288488393522587e-22,True,1.0,,,0.3182163008134692,0.24466796875,0.96,507.7,,
14,Current Adaptive Delta,adaptive,0.5,3.0,"The location of the July 15, 2002 flare is shown at left. The other panels compare the scale of Earth to the eruptions. Red shows superheated gas held together by magnetic fields. The time sequence lasts only 80 seconds and yet reveals tremendous"," growth and eruption power. The blue and green channels on the right are for showing the brightness, temperature and composition of the X-rays. The black strip on the left, which is also the X-ray emissions, is at zero.

",49,29,0.5918367346938775,5.526066862243561,1.637446833163578e-08,Watermarked,0.9999999836255317,40,0.725,0.9487179487179487,0.275,1.9279837131500244,1.6180340051651,2.453451633453369,6.9877003702159355,6.9877003702159355,1.3971417297664102e-12,True,0.9999999999986029,,,0.30729375092991784,0.2935755157470703,0.82,565.54,,
14,CA-KL,kl_adaptive,,3.0,"The location of the July 15, 2002 flare is shown at left. The other panels compare the scale of Earth to the eruptions. Red shows superheated gas held together by magnetic fields. The time sequence lasts only 80 seconds and yet reveals tremendous"," growth and eruption power. The blue and green channels on the right show the same events in Earth's upper atmosphere but at much slower speeds. The black strip on the left, which connects the two channels, shows emissions coming from the star.

",49,30,0.6122448979591837,5.85598130178049,2.371007866865434e-09,Watermarked,0.9999999976289922,42,0.7857142857142857,0.975609756097561,0.2142857142857143,,,,,,,,,0.36489644528802356,2.2398193359375,0.29829792513590203,0.2864505972713232,1.0,50265.0,,0.4
14,CA-KL + Weighted Detector,kl_adaptive,,3.0,"The location of the July 15, 2002 flare is shown at left. The other panels compare the scale of Earth to the eruptions. Red shows superheated gas held together by magnetic fields. The time sequence lasts only 80 seconds and yet reveals tremendous"," growth and eruption power. The blue and green channels on the right show the same events in Earth's upper atmosphere but at much slower speeds. The black strip on the left, which connects the two channels, shows emissions coming from the star.

",49,30,0.6122448979591837,5.85598130178049,2.371007866865434e-09,Watermarked,0.9999999976289922,42,0.7857142857142857,0.975609756097561,0.2142857142857143,,,,6.140346178374984,6.140346178374984,4.117091807778382e-10,True,0.9999999995882908,0.36489644528802356,2.2398193359375,0.29804284960587263,0.2865061950683594,1.0,50265.0,,0.4
14,CA-KL + Candidate Greenlist,kl_adaptive,,3.0,"The location of the July 15, 2002 flare is shown at left. The other panels compare the scale of Earth to the eruptions. Red shows superheated gas held together by magnetic fields. The time sequence lasts only 80 seconds and yet reveals tremendous", growth in eruption size. The blue and green bars on the right show the same two eruptions but with larger eruptions. Blue and white bars show the same two eruptions but with smaller eruptions.,41,21,0.5121951219512195,3.8771794290699586,5.283721330832465e-05,Human/Unwatermarked,0.0,34,0.5882352941176471,0.7878787878787878,0.4117647058823529,,,,4.8684993765701945,5.2087959595947355,5.622443874632768e-07,True,0.9999994377556125,0.3355014377073748,2.274688720703125,0.25721045045275676,0.36129615420386907,0.8095238095238095,388.1190476190476,0.95,0.4
14,CA-KL + Candidate Greenlist + Weighted/WinMax,kl_adaptive,,3.0,"The location of the July 15, 2002 flare is shown at left. The other panels compare the scale of Earth to the eruptions. Red shows superheated gas held together by magnetic fields. The time sequence lasts only 80 seconds and yet reveals tremendous", growth in eruption size. The blue and green bars on the right show the same two eruptions but with larger eruptions. Blue and white bars show the same two eruptions but with smaller eruptions.,41,21,0.5121951219512195,3.8771794290699586,5.283721330832465e-05,Human/Unwatermarked,0.0,34,0.5882352941176471,0.7878787878787878,0.4117647058823529,,,,4.8684993765701945,5.2087959595947355,5.622443874632768e-07,True,0.9999994377556125,0.31321243824541284,1.709186008998326,0.25721045045275676,0.36129615420386907,0.8095238095238095,388.1190476190476,0.95,0.4
15,No Watermark,,,,"Last summer I took a cross-country road trip with a group of people driving different types of electric vehicles. It was an amazing experience, and our trip, our adventures, and our misadventures were portrayed in the documentary Kick Gas.","

The documentary was set up as a kind of road trip. People would drive from place to place, and the people who owned electric vehicles would do interviews about what it was like to drive with an electric vehicle, what the pros and cons are",49,16,0.32653061224489793,1.2371791482634837,0.10801029047772942,Human/Unwatermarked,0.0,45,0.7555555555555555,1.0,0.24444444444444446,,,,0.8429478074167374,1.535475211169352,0.19962881719431302,False,0.0,,,0.24088879744007013,0.38191680908203124,0.78,214.52,,
15,Fixed Delta 1.0,1.0,,,"Last summer I took a cross-country road trip with a group of people driving different types of electric vehicles. It was an amazing experience, and our trip, our adventures, and our misadventures were portrayed in the documentary Kick Gas."," I’ve had the opportunity to sit down with the director and the star of the film, Benny Fong, to talk about driving EVs on long road trips. This is what we had to say about it.

How did the idea",49,14,0.2857142857142857,0.5773502691896257,0.28185143082538655,Human/Unwatermarked,0.0,41,0.8048780487804879,1.0,0.19512195121951215,1.0,1.0,1.0,0.616627412575657,2.2606972018292226,0.26874025457507944,False,0.0,,,0.20419282582901935,0.2498883819580078,0.72,193.38,,
15,Fixed Delta 2.0,2.0,,,"Last summer I took a cross-country road trip with a group of people driving different types of electric vehicles. It was an amazing experience, and our trip, our adventures, and our misadventures were portrayed in the documentary Kick Gas."," I’ve had the pleasure of meeting the whole cast, and they’re great people (not to mention all super-passionate about transitioning to and using EVs).

As is the case in any documentary, a lot happens",49,22,0.4489795918367347,3.2166657854850578,0.0006484478994795316,Human/Unwatermarked,0.0,37,0.8918918918918919,1.0,0.10810810810810811,2.0,2.0,2.0,4.870472731415654,4.870472731415654,5.566578283385429e-07,True,0.9999994433421716,,,0.2169143286856048,0.2996722412109375,0.78,121.94,,
15,Fixed Delta 3.0,3.0,,,"Last summer I took a cross-country road trip with a group of people driving different types of electric vehicles. It was an amazing experience, and our trip, our adventures, and our misadventures were portrayed in the documentary Kick Gas."," I’ve had this project on my docket for quite some time, and it’s time to make it into a movie. I’ve had this project on my docket for quite some time, and it’s",49,30,0.6122448979591837,5.85598130178049,2.371007866865434e-09,Watermarked,0.9999999976289922,37,0.5405405405405406,0.6111111111111112,0.45945945945945943,3.0,3.0,3.0,6.190377825576721,6.350878665471226,3.0010086659363625e-10,True,0.9999999996998992,,,0.13732009808529763,0.5230159759521484,0.52,62.78,,
15,Current Adaptive Delta,adaptive,0.5,3.0,"Last summer I took a cross-country road trip with a group of people driving different types of electric vehicles. It was an amazing experience, and our trip, our adventures, and our misadventures were portrayed in the documentary Kick Gas."," I’ve had the pleasure of meeting the whole cast, and they’re great people (not to mention all super-passionate about transitioning to and using EVs).

As is the case in any documentary, a lot happens",49,22,0.4489795918367347,3.2166657854850578,0.0006484478994795316,Human/Unwatermarked,0.0,37,0.8918918918918919,1.0,0.10810810810810811,1.7763344550132751,1.6180340051651,2.1456165313720703,4.870472731415654,4.870472731415654,5.566578283385429e-07,True,0.9999994433421716,,,0.2169143286856048,0.2996722412109375,0.78,121.94,,
15,CA-KL,kl_adaptive,,3.0,"Last summer I took a cross-country road trip with a group of people driving different types of electric vehicles. It was an amazing experience, and our trip, our adventures, and our misadventures were portrayed in the documentary Kick Gas."," I’ve had the pleasure of meeting the whole cast, and they’re great people (not to mention all super-passionate about transitioning to and using EVs).

As is the case in any documentary, a lot happens",49,22,0.4489795918367347,3.2166657854850578,0.0006484478994795316,Human/Unwatermarked,0.0,37,0.8918918918918919,1.0,0.10810810810810811,,,,,,,,,0.32764644383912533,2.305294189453125,0.21713167689687005,0.23598947130376474,1.0,50265.0,,0.4
15,CA-KL + Weighted Detector,kl_adaptive,,3.0,"Last summer I took a cross-country road trip with a group of people driving different types of electric vehicles. It was an amazing experience, and our trip, our adventures, and our misadventures were portrayed in the documentary Kick Gas."," I’ve had the pleasure of meeting the whole cast, and they’re great people (not to mention all super-passionate about transitioning to and using EVs).

As is the case in any documentary, a lot happens",49,22,0.4489795918367347,3.2166657854850578,0.0006484478994795316,Human/Unwatermarked,0.0,37,0.8918918918918919,1.0,0.10810810810810811,,,,4.3389940521676476,4.3389940521676476,7.156819805064382e-06,True,0.999992843180195,0.32764644383912533,2.305294189453125,0.2169143286856048,0.23607220888137817,1.0,50265.0,,0.4
15,CA-KL + Candidate Greenlist,kl_adaptive,,3.0,"Last summer I took a cross-country road trip with a group of people driving different types of electric vehicles. It was an amazing experience, and our trip, our adventures, and our misadventures were portrayed in the documentary Kick Gas."," But now the movie has ended, and the time has come to move on.

Kick Gas (not to be confused with Kick Start, which is also about an electric car trip, but with humans instead of cars. I don’t",49,26,0.5306122448979592,4.536323543632774,2.862167059884896e-06,Watermarked,0.9999971378329401,40,0.85,1.0,0.15000000000000002,,,,6.152932241584043,6.152932241584043,3.8031654368397684e-10,True,0.9999999996196834,0.31992726565434515,2.250062255859375,0.21859630241518851,0.3321974182128906,0.76,232.04,0.95,0.4
15,CA-KL + Candidate Greenlist + Weighted/WinMax,kl_adaptive,,3.0,"Last summer I took a cross-country road trip with a group of people driving different types of electric vehicles. It was an amazing experience, and our trip, our adventures, and our misadventures were portrayed in the documentary Kick Gas."," But now the movie has ended, and the time has come to move on.

Kick Gas (not to be confused with Kick Start, which is also about an electric car trip, but with humans instead of cars. I don’t",49,26,0.5306122448979592,4.536323543632774,2.862167059884896e-06,Watermarked,0.9999971378329401,40,0.85,1.0,0.15000000000000002,,,,6.152932241584043,6.152932241584043,3.8031654368397684e-10,True,0.9999999996196834,0.2990553916148753,1.5417764282226563,0.21859630241518851,0.3321974182128906,0.76,232.04,0.95,0.4
16,No Watermark,,,,"Larry checks in with KPCC reporter Sharon McNary, who’s been hitting up several polling stations in Orange County and Los Angeles County, as well as Registrar of Voters for O.C. and L.A. After being a final","ist in the national election, he’s on the ballot as a write-in candidate. (Aug. 20, 2013)

Larry Gibson/April 13, 2013

Larry Gibson is a retired Orange County sheriff's captain who is",49,10,0.20408163265306123,-0.7423074889580903,0.7710494722798726,Human/Unwatermarked,0.0,34,0.7941176470588235,0.9393939393939394,0.20588235294117652,,,,0.2826867988012077,1.5129009553229698,0.388708468349968,False,0.0,,,0.2479492227420326,0.3398333740234375,0.74,472.58,,
16,Fixed Delta 1.0,1.0,,,"Larry checks in with KPCC reporter Sharon McNary, who’s been hitting up several polling stations in Orange County and Los Angeles County, as well as Registrar of Voters for O.C. and L.A. After being a final","ist for the Pulitzer Prize for commentary last year, McNary, herself a former reporter, talks about the stakes in the election.

Photo by L.A. Times / Los Angeles Times

Orange County Register columnist Larry Wilson joins KPCC",49,20,0.40816326530612246,2.5568369064112,0.005281436443694299,Human/Unwatermarked,0.0,37,0.8648648648648649,1.0,0.1351351351351351,1.0,1.0,1.0,3.1762555705358877,3.6172876623684576,0.0007459472715260384,False,0.0,,,0.2356983309181308,0.41795570373535157,0.74,394.54,,
16,Fixed Delta 2.0,2.0,,,"Larry checks in with KPCC reporter Sharon McNary, who’s been hitting up several polling stations in Orange County and Los Angeles County, as well as Registrar of Voters for O.C. and L.A. After being a final","ist for this year’s Pulitzer Prize in Feature Photography, he says his photographs focus on people and the issues, while his extensive background in fashion photography gives him understanding of the subject matter. He is looking for issues about the economy.

",49,30,0.6122448979591837,5.85598130178049,2.371007866865434e-09,Watermarked,0.9999999976289922,42,0.8095238095238095,1.0,0.19047619047619047,2.0,2.0,2.0,7.067190613954423,7.067190613954423,7.905085889281921e-13,True,0.9999999999992095,,,0.2577382240048162,0.29848648071289063,0.78,367.02,,
16,Fixed Delta 3.0,3.0,,,"Larry checks in with KPCC reporter Sharon McNary, who’s been hitting up several polling stations in Orange County and Los Angeles County, as well as Registrar of Voters for O.C. and L.A. After being a final","ist for this job in 2010, former O.C. registrar Dave Gillmor was brought back on board to help with the implementation of the state’s new online registration system. He’ll be in for an interesting chat about the",49,33,0.673469387755102,6.845724620391277,3.8044862624583295e-12,Watermarked,0.9999999999961955,40,0.9,1.0,0.09999999999999998,3.0,3.0,3.0,8.016172954308185,8.016172954308185,5.454543338532037e-16,True,0.9999999999999994,,,0.22878617400129747,0.36947097778320315,0.76,271.36,,
16,Current Adaptive Delta,adaptive,0.5,3.0,"Larry checks in with KPCC reporter Sharon McNary, who’s been hitting up several polling stations in Orange County and Los Angeles County, as well as Registrar of Voters for O.C. and L.A. After being a final","ist for this year’s Pulitzer Prize in Feature Photography, he says his photographs focus on people and the issues that affect them and their families. He’s using the election period as a chance to meet people and hear what they’",49,29,0.5918367346938775,5.526066862243561,1.637446833163578e-08,Watermarked,0.9999999836255317,42,0.8571428571428571,0.975609756097561,0.1428571428571429,1.804082486629486,1.6180340051651,2.392284393310547,5.999004264814812,5.999004264814812,9.926557229177803e-10,True,0.9999999990073443,,,0.22483758140623225,0.34506729125976565,0.74,291.3,,
16,CA-KL,kl_adaptive,,3.0,"Larry checks in with KPCC reporter Sharon McNary, who’s been hitting up several polling stations in Orange County and Los Angeles County, as well as Registrar of Voters for O.C. and L.A. After being a final","ist for the national award for reporting last year — a win, he says, that made him “feel very, very proud and very, very humbled,” he says — McNary is still excited to learn what the election has taught",49,26,0.5306122448979592,4.536323543632774,2.862167059884896e-06,Watermarked,0.9999971378329401,37,0.8108108108108109,0.9444444444444444,0.18918918918918914,,,,,,,,,0.33883859594890053,2.2546536254882814,0.24651617498592177,0.22235012511385777,1.0,50265.0,,0.4
16,CA-KL + Weighted Detector,kl_adaptive,,3.0,"Larry checks in with KPCC reporter Sharon McNary, who’s been hitting up several polling stations in Orange County and Los Angeles County, as well as Registrar of Voters for O.C. and L.A. After being a final","ist for the national award for reporting last year — a win, he says, that made him “feel very, very proud and very, very humbled,” he says — McNary is still excited to learn what the election has taught",49,26,0.5306122448979592,4.536323543632774,2.862167059884896e-06,Watermarked,0.9999971378329401,37,0.8108108108108109,0.9444444444444444,0.18918918918918914,,,,5.829006579140207,5.829006579140207,2.787915275582702e-09,True,0.9999999972120848,0.33883859594890053,2.2546536254882814,0.24629055993397211,0.22225194096565246,1.0,50265.0,,0.4
16,CA-KL + Candidate Greenlist,kl_adaptive,,3.0,"Larry checks in with KPCC reporter Sharon McNary, who’s been hitting up several polling stations in Orange County and Los Angeles County, as well as Registrar of Voters for O.C. and L.A. After being a final","ist for the national award for reporting last year (shared with KPCC for his stories about homeless people and the Occupy LA protests), and a finalist for this award last year (shared with KPCC for his stories about an AIDS relief fund scam),",49,36,0.7346938775510204,7.835467939002064,2.3354991570169887e-15,Watermarked,0.9999999999999977,43,0.6511627906976745,0.8095238095238095,0.34883720930232553,,,,5.795195124176569,5.795195124176569,3.41208959369878e-09,True,0.9999999965879104,0.3285285583624398,2.3398947143554687,0.2402956181810886,0.35248794555664065,0.76,592.32,0.95,0.4
16,CA-KL + Candidate Greenlist + Weighted/WinMax,kl_adaptive,,3.0,"Larry checks in with KPCC reporter Sharon McNary, who’s been hitting up several polling stations in Orange County and Los Angeles County, as well as Registrar of Voters for O.C. and L.A. After being a final","ist for the national award for reporting last year, McNary, herself a former KPCC news reporter (not to mention former KPCC host) talks about covering Donald Trump, the election, and the strange timing of the election at a time when the",49,22,0.4489795918367347,3.2166657854850578,0.0006484478994795316,Human/Unwatermarked,0.0,41,0.7804878048780488,0.95,0.2195121951219512,,,,5.1407426816452135,5.1407426816452135,1.3682730734536197e-07,True,0.9999998631726926,0.309422384295603,1.6658853149414063,0.26113650529745314,0.31164520263671874,0.78,534.92,0.95,0.4
17,No Watermark,,,,"According to Variety, one of the movies about the 1973 tennis match between Billie Jean King and Bobby Riggs is recasting one of its leads. No, not the serious one that HBO is doing with Elizabeth Banks and Paul Giamatti, and"," no, not the one with Caroline Wozniacki, either. The movie is about the (not so) much-discussed game King and Riggs played in 1973, called the Battle of the Sexes.

The original film",49,9,0.1836734693877551,-1.0722219284950194,0.8581898183418171,Human/Unwatermarked,0.0,33,0.8181818181818182,1.0,0.18181818181818177,,,,0.19276348974379448,1.4669348813227236,0.4235720990666144,False,0.0,,,0.22473116431841836,0.3829789733886719,0.66,402.88,,
17,Fixed Delta 1.0,1.0,,,"According to Variety, one of the movies about the 1973 tennis match between Billie Jean King and Bobby Riggs is recasting one of its leads. No, not the serious one that HBO is doing with Elizabeth Banks and Paul Giamatti, and"," no, not the one that was about Monica Seles’ fall from grace and the moment she (not surprisingly) became the #1 player in the world again. This will be a comedy about King and Riggs.

Deadline reports",49,19,0.3877551020408163,2.226922466874271,0.01297622801118724,Human/Unwatermarked,0.0,37,0.8378378378378378,1.0,0.16216216216216217,1.0,1.0,1.0,3.6857407469482855,4.7105419559911015,0.00011401919940849923,False,0.0,,,0.24139916390150123,0.32653900146484377,0.72,452.6,,
17,Fixed Delta 2.0,2.0,,,"According to Variety, one of the movies about the 1973 tennis match between Billie Jean King and Bobby Riggs is recasting one of its leads. No, not the serious one that HBO is doing with Elizabeth Banks and Paul Giamatti, and"," the serious one that was set up at Fox with Brad Pitt, Christian Bale, and Jennifer Lawrence. (We can't say we weren't surprised by that.)

Instead, Variety reports that the movie version is recasting the role of the captain",49,32,0.6530612244897959,6.5158101808543485,3.614917780794132e-11,Watermarked,0.9999999999638508,39,0.8461538461538461,1.0,0.15384615384615385,2.0,2.0,2.0,7.194150049635649,7.194150049635649,3.142552354302402e-13,True,0.9999999999996857,,,0.26614276796604974,0.3200616455078125,0.78,404.04,,
17,Fixed Delta 3.0,3.0,,,"According to Variety, one of the movies about the 1973 tennis match between Billie Jean King and Bobby Riggs is recasting one of its leads. No, not the serious one that HBO is doing with Elizabeth Banks and Paul Giamatti, and"," the serious one that was set up at Fox with Brad Pitt, Julia Roberts, Sam Rockwell, and Channing Tatum, and the opposite one that was set up at Fox with Brad Pitt, Julia Roberts, Sam Rockwell, and Channing",49,33,0.673469387755102,6.845724620391277,3.8044862624583295e-12,Watermarked,0.9999999999961955,38,0.5263157894736842,0.5945945945945946,0.4736842105263158,3.0,3.0,3.0,7.023270338711405,7.023270338711405,1.0836713706682712e-12,True,0.9999999999989163,,,0.19483335912985356,0.5162397766113281,0.6,239.68,,
17,Current Adaptive Delta,adaptive,0.5,3.0,"According to Variety, one of the movies about the 1973 tennis match between Billie Jean King and Bobby Riggs is recasting one of its leads. No, not the serious one that HBO is doing with Elizabeth Banks and Paul Giamatti, and"," the serious one that was set up at Fox with Brad Pitt, Christian Bale, and Jennifer Lawrence. (We can't say we're not surprised by that.)

Instead, Variety reports that the movie version is recasting the role of the captain",49,31,0.6326530612244898,6.185895741317419,3.087540585816352e-10,Watermarked,0.999999999691246,39,0.8717948717948718,1.0,0.1282051282051282,1.8680531311035156,1.6180340051651,2.440955638885498,6.94373444817352,6.94373444817352,1.909340129424654e-12,True,0.9999999999980906,,,0.27149629464834024,0.3008775329589844,0.8,401.18,,
17,CA-KL,kl_adaptive,,3.0,"According to Variety, one of the movies about the 1973 tennis match between Billie Jean King and Bobby Riggs is recasting one of its leads. No, not the serious one that HBO is doing with Elizabeth Banks and Paul Giamatti, and"," the serious one that was set up at Fox with Brad Pitt, Christian Bale, and Jennifer Lawrence. (We can't say we weren't surprised by that.)

Instead, Variety reports that the movie version is recasting the role of the captain",49,32,0.6530612244897959,6.5158101808543485,3.614917780794132e-11,Watermarked,0.9999999999638508,39,0.8461538461538461,1.0,0.15384615384615385,,,,,,,,,0.34015463806234314,2.2221771240234376,0.26637896774635206,0.27948877285554774,1.0,50265.0,,0.4
17,CA-KL + Weighted Detector,kl_adaptive,,3.0,"According to Variety, one of the movies about the 1973 tennis match between Billie Jean King and Bobby Riggs is recasting one of its leads. No, not the serious one that HBO is doing with Elizabeth Banks and Paul Giamatti, and"," the serious one that was set up at Fox with Brad Pitt, Christian Bale, and Jennifer Lawrence. (We can't say we weren't surprised by that.)

Instead, Variety reports that the movie version is recasting the role of the captain",49,32,0.6530612244897959,6.5158101808543485,3.614917780794132e-11,Watermarked,0.9999999999638508,39,0.8461538461538461,1.0,0.15384615384615385,,,,6.911422801384433,6.911422801384433,2.3990831434609374e-12,True,0.9999999999976009,0.34015463806234314,2.2221771240234376,0.26614276796604974,0.27950182914733884,1.0,50265.0,,0.4
17,CA-KL + Candidate Greenlist,kl_adaptive,,3.0,"According to Variety, one of the movies about the 1973 tennis match between Billie Jean King and Bobby Riggs is recasting one of its leads. No, not the serious one that HBO is doing with Elizabeth Banks and Paul Giamatti, and"," yes, it’s not about Billie Jean King, herself. The project is about the movie, which is named Riggs vs. King, which is about the match itself, which won King the Grand Slam. The film will star the",49,22,0.4489795918367347,3.2166657854850578,0.0006484478994795316,Human/Unwatermarked,0.0,38,0.6578947368421053,0.918918918918919,0.3421052631578947,,,,6.042715619466292,6.042715619466292,7.577081224378268e-10,True,0.9999999992422919,0.3312470207524581,2.250826721191406,0.25052898234368126,0.3153166198730469,0.82,349.18,0.95,0.4
17,CA-KL + Candidate Greenlist + Weighted/WinMax,kl_adaptive,,3.0,"According to Variety, one of the movies about the 1973 tennis match between Billie Jean King and Bobby Riggs is recasting one of its leads. No, not the serious one that HBO is doing with Elizabeth Banks and Paul Giamatti, and"," yes, it’s not about Billie Jean King, herself. The project is about the movie, which is named Riggs vs. King, which is about the match itself, which won King the Grand Slam. The film will star the",49,22,0.4489795918367347,3.2166657854850578,0.0006484478994795316,Human/Unwatermarked,0.0,38,0.6578947368421053,0.918918918918919,0.3421052631578947,,,,6.042715619466292,6.042715619466292,7.577081224378268e-10,True,0.9999999992422919,0.32495631179843876,1.7108267211914063,0.25052898234368126,0.3153166198730469,0.82,349.18,0.95,0.4
18,No Watermark,,,,Health authorities in New Zealand said that about 200 passengers on the Dawn Princess ship became infected with the norovirus. The ship was scheduled to leave for Australia on Monday. The last time there was a norovirus outbreak on the ship was back," in May 2013 when about 60 people became infected.

At least 120 people on board the ship were said to be showing symptoms of the virus, including vomiting and diarrhea.

The ship was carrying 2,000 passengers on a two-week",49,10,0.20408163265306123,-0.7423074889580903,0.7710494722798726,Human/Unwatermarked,0.0,41,0.8780487804878049,0.975,0.12195121951219512,,,,-0.89021247124823,0.35928844992441644,0.8133240952979518,False,0.0,,,0.20867043274174704,0.33083984375,0.72,118.78,,
18,Fixed Delta 1.0,1.0,,,Health authorities in New Zealand said that about 200 passengers on the Dawn Princess ship became infected with the norovirus. The ship was scheduled to leave for Australia on Monday. The last time there was a norovirus outbreak on the ship was back, in May when 19 people became ill.,8,5,0.625,2.4494897427831783,0.007152939217714809,Human/Unwatermarked,0.0,7,1.0,1.0,0.0,1.0,1.0,1.0,2.648302535482162,2.648302535482162,0.0040448546911303895,False,0.0,,,0.20376631133849418,0.3410373263888889,0.8888888888888888,61.666666666666664,,
18,Fixed Delta 2.0,2.0,,,Health authorities in New Zealand said that about 200 passengers on the Dawn Princess ship became infected with the norovirus. The ship was scheduled to leave for Australia on Monday. The last time there was a norovirus outbreak on the ship was back, in May when 19 people became ill.,8,5,0.625,2.4494897427831783,0.007152939217714809,Human/Unwatermarked,0.0,7,1.0,1.0,0.0,2.0,2.0,2.0,2.648302535482162,2.648302535482162,0.0040448546911303895,False,0.0,,,0.20376631133849418,0.3410373263888889,0.8888888888888888,61.666666666666664,,
18,Fixed Delta 3.0,3.0,,,Health authorities in New Zealand said that about 200 passengers on the Dawn Princess ship became infected with the norovirus. The ship was scheduled to leave for Australia on Monday. The last time there was a norovirus outbreak on the ship was back, in May when 19 people became ill. The ship was scheduled to return to Auckland on Saturday but it has been diverted to Christchurch and a fresh batch of passengers is still on board. The cruise was set to end in Auckland on Saturday but it has,49,33,0.673469387755102,6.845724620391277,3.8044862624583295e-12,Watermarked,0.9999999999961955,47,0.723404255319149,0.8913043478260869,0.276595744680851,3.0,3.0,3.0,8.442182134588535,8.442182134588535,1.5573376218128724e-17,True,1.0,,,0.21950164891947238,0.2659132385253906,0.82,114.82,,
18,Current Adaptive Delta,adaptive,0.5,3.0,Health authorities in New Zealand said that about 200 passengers on the Dawn Princess ship became infected with the norovirus. The ship was scheduled to leave for Australia on Monday. The last time there was a norovirus outbreak on the ship was back, in May when 19 people became ill.,8,5,0.625,2.4494897427831783,0.007152939217714809,Human/Unwatermarked,0.0,7,1.0,1.0,0.0,1.74142677254147,1.6180340051651,2.1692934036254883,2.648302535482162,2.648302535482162,0.0040448546911303895,False,0.0,,,0.20376631133849418,0.3410373263888889,0.8888888888888888,61.666666666666664,,
18,CA-KL,kl_adaptive,,3.0,Health authorities in New Zealand said that about 200 passengers on the Dawn Princess ship became infected with the norovirus. The ship was scheduled to leave for Australia on Monday. The last time there was a norovirus outbreak on the ship was back, in May when 19 people became ill.,8,5,0.625,2.4494897427831783,0.007152939217714809,Human/Unwatermarked,0.0,7,1.0,1.0,0.0,,,,,,,,,0.278580291225781,2.4998067220052085,0.20408890958246242,0.4366141393677228,1.0,50265.0,,0.4
18,CA-KL + Weighted Detector,kl_adaptive,,3.0,Health authorities in New Zealand said that about 200 passengers on the Dawn Princess ship became infected with the norovirus. The ship was scheduled to leave for Australia on Monday. The last time there was a norovirus outbreak on the ship was back, in May when 19 people became ill.,8,5,0.625,2.4494897427831783,0.007152939217714809,Human/Unwatermarked,0.0,7,1.0,1.0,0.0,,,,2.4051095587964153,2.4051095587964153,0.008083808990238651,False,0.0,0.278580291225781,2.4998067220052085,0.20376631133849418,0.43661414252387154,1.0,50265.0,,0.4
18,CA-KL + Candidate Greenlist,kl_adaptive,,3.0,Health authorities in New Zealand said that about 200 passengers on the Dawn Princess ship became infected with the norovirus. The ship was scheduled to leave for Australia on Monday. The last time there was a norovirus outbreak on the ship was back, in May when 19 people became infected.,8,4,0.5,1.6329931618554523,0.051235217429874684,Human/Unwatermarked,0.0,7,1.0,1.0,0.0,,,,2.952776204381024,2.952776204381024,0.0015746509470569452,False,0.0,0.3517600158192095,2.2772013346354165,0.20394673751868914,0.262451171875,0.8888888888888888,58.22222222222222,0.95,0.4
18,CA-KL + Candidate Greenlist + Weighted/WinMax,kl_adaptive,,3.0,Health authorities in New Zealand said that about 200 passengers on the Dawn Princess ship became infected with the norovirus. The ship was scheduled to leave for Australia on Monday. The last time there was a norovirus outbreak on the ship was back, in May when 19 people became infected.,8,4,0.5,1.6329931618554523,0.051235217429874684,Human/Unwatermarked,0.0,7,1.0,1.0,0.0,,,,2.952776204381024,2.952776204381024,0.0015746509470569452,False,0.0,0.350270448466852,1.9438680013020833,0.20394673751868914,0.262451171875,0.8888888888888888,58.22222222222222,0.95,0.4
19,No Watermark,,,,"Politico, which broke the PR story, reports, “The group circulated a memo to reporters and producers late Monday that discouraged them from airing the undercover videos, arguing that they were obtained under false identification and violated patient privacy. ‘Those patients"," are not only being exposed to the risk of harm, but, as a result of these actions, they may be at risk of losing their right to access medical care and, in some cases, to be treated for their conditions,’ the memo",49,8,0.16326530612244897,-1.4021363680319483,0.9195627356146214,Human/Unwatermarked,0.0,42,0.8095238095238095,0.975609756097561,0.19047619047619047,,,,-1.4825718674760657,0.0,0.9309059019056941,False,0.0,,,0.2697612713930406,0.333740234375,0.82,326.64,,
19,Fixed Delta 1.0,1.0,,,"Politico, which broke the PR story, reports, “The group circulated a memo to reporters and producers late Monday that discouraged them from airing the undercover videos, arguing that they were obtained under false identification and violated patient privacy. ‘Those patients"," are not only in violation of federal and state law, but they are also subject to federal criminal penalties,’ the memo said. The group also argued that the videos are being disseminated in order to ‘create an environment of fear about the",49,19,0.3877551020408163,2.226922466874271,0.01297622801118724,Human/Unwatermarked,0.0,42,0.7619047619047619,1.0,0.23809523809523814,1.0,1.0,1.0,3.1697007053091006,3.2568988167899295,0.0007629801482976306,False,0.0,,,0.25355193841807555,0.325169677734375,0.82,309.44,,
19,Fixed Delta 2.0,2.0,,,"Politico, which broke the PR story, reports, “The group circulated a memo to reporters and producers late Monday that discouraged them from airing the undercover videos, arguing that they were obtained under false identification and violated patient privacy. ‘Those patients"," who are in those videos are not who they say they are,’ the memo said, adding that they failed to disclose their ‘business’ and ‘address’ during the interviews. The memo added that the footage amounted to �",49,25,0.5102040816326531,4.206409104095845,1.2973018458742128e-05,Watermarked,0.9999870269815413,36,0.6944444444444444,0.9714285714285714,0.3055555555555556,2.0,2.0,2.0,7.018980698869552,7.018980698869552,1.1174632532282824e-12,True,0.9999999999988826,,,0.22748128570239792,0.4160945129394531,0.7,276.34,,
19,Fixed Delta 3.0,3.0,,,"Politico, which broke the PR story, reports, “The group circulated a memo to reporters and producers late Monday that discouraged them from airing the undercover videos, arguing that they were obtained under false identification and violated patient privacy. ‘Those patients"," who are in those videos are not who they say they are,’ wrote one official, who claimed to be part of the PR staff for the nonprofit. ‘In fact, many of these videos are not even filmed on-site at the",49,30,0.6122448979591837,5.85598130178049,2.371007866865434e-09,Watermarked,0.9999999976289922,41,0.7073170731707317,0.95,0.29268292682926833,3.0,3.0,3.0,8.153676827994039,8.153676827994039,1.7651172878576776e-16,True,0.9999999999999998,,,0.2515252872532405,0.33755035400390626,0.84,406.96,,
19,Current Adaptive Delta,adaptive,0.5,3.0,"Politico, which broke the PR story, reports, “The group circulated a memo to reporters and producers late Monday that discouraged them from airing the undercover videos, arguing that they were obtained under false identification and violated patient privacy. ‘Those patients"," who are in those videos are not who they say they are,’ the memo said, adding that they failed to disclose their ‘business’ and ‘address’ during the interviews.”

One wonders if the story",49,21,0.42857142857142855,2.886751345948129,0.001946208561389314,Human/Unwatermarked,0.0,33,0.7878787878787878,1.0,0.21212121212121215,1.8253728771209716,1.6180340051651,2.4724204540252686,5.792679710154713,6.002020741160821,3.4636069055861286e-09,True,0.999999996536393,,,0.2331418751901077,0.42714431762695315,0.7,379.14,,
19,CA-KL,kl_adaptive,,3.0,"Politico, which broke the PR story, reports, “The group circulated a memo to reporters and producers late Monday that discouraged them from airing the undercover videos, arguing that they were obtained under false identification and violated patient privacy. ‘Those patients"," who are in those videos are not who they say they are,’ the memo said, adding that they failed to disclose their ‘business’ and ‘address’ during the interviews. The memo added that the footage amounted to �",49,25,0.5102040816326531,4.206409104095845,1.2973018458742128e-05,Watermarked,0.9999870269815413,36,0.6944444444444444,0.9714285714285714,0.3055555555555556,,,,,,,,,0.3232218053281772,2.3353143310546876,0.22769491858412572,0.2249535196024226,1.0,50265.0,,0.4
19,CA-KL + Weighted Detector,kl_adaptive,,3.0,"Politico, which broke the PR story, reports, “The group circulated a memo to reporters and producers late Monday that discouraged them from airing the undercover videos, arguing that they were obtained under false identification and violated patient privacy. ‘Those patients"," who are in those videos are not who they say they are,’ the memo said, adding that they failed to disclose their ‘business’ and ‘address’ during the interviews. The memo added that the footage amounted to �",49,25,0.5102040816326531,4.206409104095845,1.2973018458742128e-05,Watermarked,0.9999870269815413,36,0.6944444444444444,0.9714285714285714,0.3055555555555556,,,,6.648709181888234,6.648709181888234,1.478372725858141e-11,True,0.9999999999852163,0.3232218053281772,2.3353143310546876,0.22748128570239792,0.22501900672912598,1.0,50265.0,,0.4
19,CA-KL + Candidate Greenlist,kl_adaptive,,3.0,"Politico, which broke the PR story, reports, “The group circulated a memo to reporters and producers late Monday that discouraged them from airing the undercover videos, arguing that they were obtained under false identification and violated patient privacy. ‘Those patients"," who are in those videos are not who they say they are,’ the memo said. ‘The group also said that the videos are not authentic.’”

Not to be outdone, Sean Hannity – who had been",49,21,0.42857142857142855,2.886751345948129,0.001946208561389314,Human/Unwatermarked,0.0,34,0.6470588235294118,0.9393939393939394,0.3529411764705882,,,,5.666233647388574,5.666233647388574,7.2985225010769616e-09,True,0.9999999927014775,0.3108971540943649,2.290144958496094,0.24873451711948458,0.40264297485351563,0.74,390.3,0.95,0.4
19,CA-KL + Candidate Greenlist + Weighted/WinMax,kl_adaptive,,3.0,"Politico, which broke the PR story, reports, “The group circulated a memo to reporters and producers late Monday that discouraged them from airing the undercover videos, arguing that they were obtained under false identification and violated patient privacy. ‘Those patients"," who are in those videos are not who they say they are, and the producers of the videos are not who they say they are,’ the memo read. ‘We strongly urge you to not run these videos.’ The group also",49,18,0.3673469387755102,1.8970080273373418,0.028913439321714297,Human/Unwatermarked,0.0,40,0.575,0.8205128205128205,0.42500000000000004,,,,3.7713335268230446,4.255820092085884,8.118873445003022e-05,False,0.0,0.27227153145747485,1.6163278198242188,0.20070202325980002,0.4154776000976563,0.72,210.72,0.95,0.4
20,No Watermark,,,,"NEW YORK (AP) — Could the U.S. lose its top credit rating even if a deal is reached to raise the debt limit? Market analysts and investors increasingly say yes. The outcome won't be quite as scary as a default,"," but the effect would be far-reaching.

The Federal Reserve has already taken steps to offset the effect of a credit downgrade and a default on U.S. Treasury securities. It's bigger steps are needed to prevent a broader economic meltdown,",49,13,0.2653061224489796,0.24743582965269675,0.40228547400871784,Human/Unwatermarked,0.0,41,0.8292682926829268,0.975,0.1707317073170732,,,,0.3752913943464263,1.6611975192503363,0.3537218827767623,False,0.0,,,0.24065470504311368,0.3172576904296875,0.84,156.26,,
20,Fixed Delta 1.0,1.0,,,"NEW YORK (AP) — Could the U.S. lose its top credit rating even if a deal is reached to raise the debt limit? Market analysts and investors increasingly say yes. The outcome won't be quite as scary as a default,"," but it could jolt the economy and put millions of Americans out of work.

The biggest risk is that the federal government and a handful of key banks won't be able to borrow the money they need to keep operating on a daily basis.",49,23,0.46938775510204084,3.546580225021987,0.0001951329483533277,Human/Unwatermarked,0.0,44,0.8181818181818182,1.0,0.18181818181818177,1.0,1.0,1.0,2.9240301742195838,3.60663760744661,0.0017276562523350005,False,0.0,,,0.19519784071704674,0.3616044616699219,0.72,100.82,,
20,Fixed Delta 2.0,2.0,,,"NEW YORK (AP) — Could the U.S. lose its top credit rating even if a deal is reached to raise the debt limit? Market analysts and investors increasingly say yes. The outcome won't be quite as scary as a default,"," but it could jolt the economy and put millions of Americans out of work.

""It would be a disaster,"" said James Blanchard, chief fixed income strategist at Wells Fargo Private Bank. He is one of the leading experts on the",49,31,0.6326530612244898,6.185895741317419,3.087540585816352e-10,Watermarked,0.999999999691246,40,0.875,1.0,0.125,2.0,2.0,2.0,5.794988770769662,5.794988770769662,3.4162876305898306e-09,True,0.9999999965837124,,,0.19886012568432554,0.39067466735839845,0.68,141.34,,
20,Fixed Delta 3.0,3.0,,,"NEW YORK (AP) — Could the U.S. lose its top credit rating even if a deal is reached to raise the debt limit? Market analysts and investors increasingly say yes. The outcome won't be quite as scary as a default,"," but it could jolt the economy.

Some analysts suggest a ""credit kill switch"" that could prevent a downgrading. Others note that the key players in the debt limit discussions are unlikely to make it that far. The battle over the debt",49,40,0.8163265306122449,9.15512569714978,2.714728191452118e-20,Watermarked,1.0,41,0.7560975609756098,0.975,0.24390243902439024,3.0,3.0,3.0,10.317413121144659,10.317413121144659,2.9392834848816023e-25,True,1.0,,,0.2576470065893017,0.30178253173828123,0.9,201.2,,
20,Current Adaptive Delta,adaptive,0.5,3.0,"NEW YORK (AP) — Could the U.S. lose its top credit rating even if a deal is reached to raise the debt limit? Market analysts and investors increasingly say yes. The outcome won't be quite as scary as a default,"," but it could jolt the economy and put millions of Americans out of work.

""It would be a disaster,"" said James Blanchard, chief fixed income strategist at Wells Fargo Private Bank. He is one of the leading experts on the",49,31,0.6326530612244898,6.185895741317419,3.087540585816352e-10,Watermarked,0.999999999691246,40,0.875,1.0,0.125,1.752065691947937,1.6180340051651,2.32928204536438,5.794988770769662,5.794988770769662,3.4162876305898306e-09,True,0.9999999965837124,,,0.19886012568432554,0.39067466735839845,0.68,141.34,,
20,CA-KL,kl_adaptive,,3.0,"NEW YORK (AP) — Could the U.S. lose its top credit rating even if a deal is reached to raise the debt limit? Market analysts and investors increasingly say yes. The outcome won't be quite as scary as a default,"," but it could jolt the economy and put millions of Americans out of work.

The biggest U.S. credit rating and risk assessments on Thursday raised the odds of a ""credit event"" to 60 percent, according to Fitch Ratings,",49,27,0.5510204081632653,4.866237983169703,5.687127248259713e-07,Watermarked,0.9999994312872752,39,0.8205128205128205,1.0,0.17948717948717952,,,,,,,,,0.30874740560020225,2.3320733642578126,0.19941934392572894,0.26218159889223897,1.0,50265.0,,0.4
20,CA-KL + Weighted Detector,kl_adaptive,,3.0,"NEW YORK (AP) — Could the U.S. lose its top credit rating even if a deal is reached to raise the debt limit? Market analysts and investors increasingly say yes. The outcome won't be quite as scary as a default,"," but it could jolt the economy and put millions of Americans out of work.

The biggest U.S. credit rating and risk assessments on Thursday raised the odds of a ""credit event"" to 60 percent, according to Fitch Ratings,",49,27,0.5510204081632653,4.866237983169703,5.687127248259713e-07,Watermarked,0.9999994312872752,39,0.8205128205128205,1.0,0.17948717948717952,,,,5.931261726971257,6.375488377128602,1.5030778711503863e-09,True,0.9999999984969221,0.30874740560020225,2.3320733642578126,0.19921922840412037,0.2622245681285858,1.0,50265.0,,0.4
20,CA-KL + Candidate Greenlist,kl_adaptive,,3.0,"NEW YORK (AP) — Could the U.S. lose its top credit rating even if a deal is reached to raise the debt limit? Market analysts and investors increasingly say yes. The outcome won't be quite as scary as a default,"," but it could jolt the economy and put millions of Americans out of work.

The biggest U.S. credit rating firm, Fitch Ratings, said late Friday that a default isn't off the table if an agreement isn't reached by",49,28,0.5714285714285714,5.196152422706632,1.0172773072722122e-07,Watermarked,0.9999998982722693,39,0.8974358974358975,1.0,0.10256410256410253,,,,6.341197750905584,6.341197750905584,1.1399283746889887e-10,True,0.9999999998860072,0.2689481058597892,2.4810470581054687,0.16263373963684835,0.48272186279296875,0.62,79.3,0.95,0.4
20,CA-KL + Candidate Greenlist + Weighted/WinMax,kl_adaptive,,3.0,"NEW YORK (AP) — Could the U.S. lose its top credit rating even if a deal is reached to raise the debt limit? Market analysts and investors increasingly say yes. The outcome won't be quite as scary as a default,"," but it could jolt the economy and put millions out of work.

Not all investors are so pessimistic. The CBOE Volatility Index, Wall Street's most feared market gauge, fell to its lowest level in about 10 years. But the",49,22,0.4489795918367347,3.2166657854850578,0.0006484478994795316,Human/Unwatermarked,0.0,39,0.9230769230769231,1.0,0.07692307692307687,,,,6.210490052779385,6.320263020974509,2.6409810105265905e-10,True,0.9999999997359019,0.26472284994216033,1.4616824340820314,0.19137813390754782,0.3538128662109375,0.68,110.02,0.95,0.4
