prompt_id,method,delta,delta_min,delta_max,prompt,generated_text,tokens_counted,num_green_tokens,green_fraction,z_score,p_value,prediction,confidence,word_count,distinct_1,distinct_2,repetition_rate,avg_step_delta,observed_delta_min,observed_delta_max,weighted_z_score,winmax_weighted_z_score,weighted_p_value,weighted_prediction,weighted_confidence,avg_kl,avg_delta,avg_entropy,avg_p_green_mass,gate_pass_rate,avg_candidate_size,candidate_top_p,kl_epsilon
1,No Watermark,,,,"After the martyrdom of St. Boniface, Vergilius was made Bishop of Salzburg (766 or 767) and laboured successfully for the upbuilding of his diocese as well as for the spread of the Faith"," in the Danube. He was elected Bishop of Salzburg in 766 and succeeded him as Bishop of Salzburg.

In the first century, he became engaged in many realizations of his faith, including the promotion of the Faith as the source of the knowledge of the world, especially the knowledge of man and the knowledge of man's religion, and his assumption of the power and influence of the Church, in order to gain the knowledge of man's religion.

He was",99,23,0.23232323232323232,-0.4061811972299616,0.6576952657166102,Human/Unwatermarked,0.0,79,0.4810126582278481,0.782051282051282,0.5189873417721519,,,,-0.7864886953129478,1.4868684752121795,0.784209380316794,False,0.0,,,0.29927539986445345,0.28395881263539197,0.85,827.51,,
1,Fixed Delta 1.0,1.0,,,"After the martyrdom of St. Boniface, Vergilius was made Bishop of Salzburg (766 or 767) and laboured successfully for the upbuilding of his diocese as well as for the spread of the Faith"," in the Danube. He was elected Bishop of Salzburg in 777 and succeeded him for four years. He was bishop of Salzburg from 789 to 797. In the time of his election, he had a total of 18,000 dioceses. He was consecrated as a bishop of Salzburg on 5 March 797. He was consecrated as a bishop of Salzburg on 1 January 798. He was consecrated as a bishop of Sal",99,33,0.3333333333333333,1.9148542155126762,0.027755549048935523,Human/Unwatermarked,0.0,72,0.5277777777777778,0.704225352112676,0.4722222222222222,1.0,1.0,1.0,3.275155842434266,3.8589545474005003,0.0005280184979526144,False,0.0,,,0.21802095122717083,0.3231539709866047,0.75,309.31,,
1,Fixed Delta 2.0,2.0,,,"After the martyrdom of St. Boniface, Vergilius was made Bishop of Salzburg (766 or 767) and laboured successfully for the upbuilding of his diocese as well as for the spread of the Faith"," in the area of the Church of Saint Boniface. He was consecrated Bishop in 772 and served until his death. He was consecrated Bishop in 778, and was consecrated Bishop in 784, by St. Boniface. He is known today as a great-grandfather of St. Boniface.

References

External links

""Inventors and Demonstrators in the Church of Saint Boniface,” The Netherlands of the",99,50,0.5050505050505051,5.86061441717516,2.305788288019096e-09,Watermarked,0.9999999976942117,62,0.5483870967741935,0.7540983606557377,0.4516129032258065,2.0,2.0,2.0,8.41115897182616,8.41115897182616,2.0298952014499853e-17,True,1.0,,,0.25399253402171645,0.3766525372117758,0.78,736.44,,
1,Fixed Delta 3.0,3.0,,,"After the martyrdom of St. Boniface, Vergilius was made Bishop of Salzburg (766 or 767) and laboured successfully for the upbuilding of his diocese as well as for the spread of the Faith"," into the whole world. He was consecrated as a bishop and he served for another seven years. He is still considered a bishop and a bishop-in-training and a bishop-in-training, or is it? - ""A Bishop-in-training, or a bishop-in-training,” it may be assumed, because these days, people are not given a clue about who he is, what he would do and where he would live, what he would do in order",99,78,0.7878787878787878,12.359513572854546,2.1638374768437998e-35,Watermarked,1.0,77,0.5454545454545454,0.75,0.4545454545454546,3.0,3.0,3.0,12.865276071278632,12.865276071278632,3.529463273675807e-38,True,1.0,,,0.2957609407944338,0.30971904585137966,0.84,618.97,,
1,Current Adaptive Delta,adaptive,0.5,3.0,"After the martyrdom of St. Boniface, Vergilius was made Bishop of Salzburg (766 or 767) and laboured successfully for the upbuilding of his diocese as well as for the spread of the Faith", in the area of the Church of Saint Boniface. He was consecrated Bishop in 772 (not exactly the Kingdom of the Holy Roman Empire) and was made Archbishop of Salzburg with effect from 773 (not exactly the Kingdom of the Holy Roman Empire) until his death. He was consecrated Bishop in 780 (not exactly the Kingdom of the Holy Roman Empire) and was consecrated Bishop in 797 (not exactly the Kingdom of the Holy Roman Empire) until his death,99,42,0.42424242424242425,4.003786086981051,3.1168367625803447e-05,Watermarked,0.9999688316323742,79,0.3924050632911392,0.5256410256410257,0.6075949367088608,1.7537092900276183,1.6180340051651,2.420637369155884,4.985784402975762,5.183877792902353,3.0855464551578495e-07,True,0.9999996914453545,,,0.17789915516608323,0.45749803660903127,0.6,352.38,,
1,CA-KL,kl_adaptive,,3.0,"After the martyrdom of St. Boniface, Vergilius was made Bishop of Salzburg (766 or 767) and laboured successfully for the upbuilding of his diocese as well as for the spread of the Faith"," into the whole of Austria and the Netherlands. The bishop was consecrated to the Bishopric of Salzburg in 772 and thereafter remained there till he died in his 80s. The bishop was not consecrated until his death. The church is named after his bishop.

Archbishop Vester von Vester

Archbishop Vester von Vester

Archbishop Vester von Vester

Archbishop Vester von Vester

Archbishop Vester von Vester",99,71,0.7171717171717171,10.7347887839347,3.49392904769601e-27,Watermarked,1.0,64,0.515625,0.7301587301587301,0.484375,,,,,,,,,0.331138646725995,2.5615420532226563,0.22361642770141457,0.4104184348334093,1.0,50265.0,,0.5
1,CA-KL + Weighted Detector,kl_adaptive,,3.0,"After the martyrdom of St. Boniface, Vergilius was made Bishop of Salzburg (766 or 767) and laboured successfully for the upbuilding of his diocese as well as for the spread of the Faith"," into the whole of Austria and the Netherlands. The bishop was consecrated to the Bishopric of Salzburg in 772 and thereafter remained there till he died in his 80s. The bishop was not consecrated until his death. The church is named after his bishop.

Archbishop Vester von Vester

Archbishop Vester von Vester

Archbishop Vester von Vester

Archbishop Vester von Vester

Archbishop Vester von Vester",99,71,0.7171717171717171,10.7347887839347,3.49392904769601e-27,Watermarked,1.0,64,0.515625,0.7301587301587301,0.484375,,,,8.61125598509697,8.61125598509697,3.6132210797856546e-18,True,1.0,0.331138646725995,2.5615420532226563,0.22361642997615108,0.41041846409789284,1.0,50265.0,,0.5
1,CA-KL + Candidate Greenlist,kl_adaptive,,3.0,"After the martyrdom of St. Boniface, Vergilius was made Bishop of Salzburg (766 or 767) and laboured successfully for the upbuilding of his diocese as well as for the spread of the Faith"," in the area of the Church of Saint Boniface in Sulzbach. He is also the brother of St. Francis of Assisi. He is also the son of the Bishop, Father St. Francis of Assisi.

References

Further reading

 Vergilius, V. A. E., The Book of St. Boniface in his Collected Writings (New York: Yale University Press, 1978).

External links

 Vergilius, V",99,65,0.6565656565656566,9.342167536289118,4.719090681074502e-21,Watermarked,1.0,60,0.6166666666666667,0.8305084745762712,0.3833333333333333,,,,10.577136745078795,10.577136745078795,1.902029043892827e-26,True,1.0,0.36258272853241735,2.5327569580078126,0.25559868596579427,0.4271983040892519,0.72,811.09,0.95,0.5
1,CA-KL + Candidate Greenlist + Weighted/WinMax,kl_adaptive,,3.0,"After the martyrdom of St. Boniface, Vergilius was made Bishop of Salzburg (766 or 767) and laboured successfully for the upbuilding of his diocese as well as for the spread of the Faith"," in the area of the Church of Saint Boniface in Sulzbach. He is also the brother of St. Francis of Assisi. He is also the son of the Bishop, Father St. Francis of Assisi.

References

Further reading

External links

Biography at St. Boniface
Biography at St. Boniface
Biography at St. Boniface
Biography at St. Boniface
Biography at St.",99,57,0.5757575757575758,7.4853392060950075,3.5681289972117485e-14,Watermarked,0.9999999999999644,58,0.43103448275862066,0.631578947368421,0.5689655172413793,,,,8.474850010191732,8.593444366996824,1.1769130298706814e-17,True,1.0,0.2556554054058566,1.4498487854003905,0.20334363457426566,0.47914529495174063,0.59,508.51,0.95,0.5
2,No Watermark,,,,"""Whoever gets him, they'll be getting a good one,"" David Montgomery said. INDIANAPOLIS — Hakeem Butler has been surrounded by some of the best wide receivers on the planet this week at the NFL Scouting Combine."," But Butler is not one of the top-10 wide receivers, he has been one of the top-10 tight ends. And while Butler is the first of five wide receivers to have collected 100 or more receiving yards in his career, he has the most receiving yards with scores of at least 100 each game this season.

There’s also a lot of competition for a top-10 tight end. In the end, what matters is who gets the ball.

“Everybody",99,22,0.2222222222222222,-0.6382847385042254,0.73835582764413,Human/Unwatermarked,0.0,82,0.6585365853658537,0.8765432098765432,0.3414634146341463,,,,0.0904820679121169,1.50494276254724,0.46395207161494245,False,0.0,,,0.26865912556259197,0.26826880815904586,0.83,294.68,,
2,Fixed Delta 1.0,1.0,,,"""Whoever gets him, they'll be getting a good one,"" David Montgomery said. INDIANAPOLIS — Hakeem Butler has been surrounded by some of the best wide receivers on the planet this week at the NFL Scouting Combine."," But Butler is on track to become the first player on the roster he has played with since he got drafted in the first round. So far, the first of Butler's three NFL starts has been as a rookie receiver in 2017.
""He's a great receiver,"" Butler said. ""He's a really good player and a really good person.""
The two-time All-Pro turned pro in 2017 after spending the first two seasons with the Miami Dolphins. Butler had a career-high five",99,46,0.46464646464646464,4.932200252078106,4.0654247701977057e-07,Watermarked,0.999999593457523,83,0.6506024096385542,0.9146341463414634,0.3493975903614458,1.0,1.0,1.0,4.897512696204384,4.897512696204384,4.852868254657005e-07,True,0.9999995147131745,,,0.2709599474680656,0.27917765925638377,0.91,293.24,,
2,Fixed Delta 2.0,2.0,,,"""Whoever gets him, they'll be getting a good one,"" David Montgomery said. INDIANAPOLIS — Hakeem Butler has been surrounded by some of the best wide receivers on the planet this week at the NFL Scouting Combine."," But Butler is on track to make his Division I college debut against Alabama later this week. He got a chance to prove he can and has already proven he can as he became the latest big-play weapon of the 2019 college class. The 6-foot-6, 255-pound, 158-pound Butler’s versatility is something that the national media doesn’t seem to recognize. Butler has plenty of room to grow in his game and it’s possible that the former USC",99,63,0.6363636363636364,8.87796045374059,3.4048719575050004e-19,Watermarked,1.0,84,0.7261904761904762,0.9759036144578314,0.27380952380952384,2.0,2.0,2.0,9.148317688066403,9.148317688066403,2.8913512576656646e-20,True,1.0,,,0.2740388667455704,0.3736032883124426,0.8,423.57,,
2,Fixed Delta 3.0,3.0,,,"""Whoever gets him, they'll be getting a good one,"" David Montgomery said. INDIANAPOLIS — Hakeem Butler has been surrounded by some of the best wide receivers on the planet this week at the NFL Scouting Combine."," The 6-foot-4, 205-pound wide receiver, who has made career catches in five straight games, also had his third career game in double figures in receptions in his career (36). There's no doubt about Butler – at 6-4, 190 pounds, he has plenty of room to grow in his game and with every catch, every play, every throw of the game, he'll grow in his game and with every touchdown, every touchdown, every touchdown, every touchdown, every",99,73,0.7373737373737373,11.198995866483228,2.061905353433795e-29,Watermarked,1.0,79,0.6075949367088608,0.8333333333333334,0.3924050632911392,3.0,3.0,3.0,11.036812180404976,11.036812180404976,1.2694057558475358e-28,True,1.0,,,0.2575700093982339,0.2931199385644868,0.87,268.9,,
2,Current Adaptive Delta,adaptive,0.5,3.0,"""Whoever gets him, they'll be getting a good one,"" David Montgomery said. INDIANAPOLIS — Hakeem Butler has been surrounded by some of the best wide receivers on the planet this week at the NFL Scouting Combine."," But Butler is on track to make his Division I college debut against Alabama later this week. He got a chance to prove he can and has already proven he can as he became the latest big-play weapon in Miami's run-first defense.
""He's a great leader. He's a great leader to have around here,"" Butler said. ""He's a great leader that makes a great team and a great team in everybody's head. He's a guy that we can all be proud",99,63,0.6363636363636364,8.87796045374059,3.4048719575050004e-19,Watermarked,1.0,83,0.6746987951807228,0.8658536585365854,0.32530120481927716,1.8424191403388976,1.6180340051651,2.2527060508728027,8.107776775383607,8.107776775383607,2.5777168403052765e-16,True,0.9999999999999998,,,0.2773294380348012,0.28892854443751276,0.95,256.89,,
2,CA-KL,kl_adaptive,,3.0,"""Whoever gets him, they'll be getting a good one,"" David Montgomery said. INDIANAPOLIS — Hakeem Butler has been surrounded by some of the best wide receivers on the planet this week at the NFL Scouting Combine."," But Butler is on track to make his Division I college debut against Alabama later this week. He's one of three wide receiver prospects expected to make the roster on Saturday.
""He's a bigger than his father,"" Butler said Sunday. ""He's a guy that scores a lot, that's a guy that's tough, that's a guy that makes us step up.""
""He's a guy that makes us step up,"" Butler added. ""He's a guy that makes us step",99,64,0.6464646464646465,9.110063995014853,4.116669580158606e-20,Watermarked,1.0,77,0.5844155844155844,0.75,0.4155844155844156,,,,,,,,,0.42917481288618986,2.5195184326171876,0.254674126405957,0.29955926483497025,1.0,50265.0,,0.5
2,CA-KL + Weighted Detector,kl_adaptive,,3.0,"""Whoever gets him, they'll be getting a good one,"" David Montgomery said. INDIANAPOLIS — Hakeem Butler has been surrounded by some of the best wide receivers on the planet this week at the NFL Scouting Combine."," But Butler is on track to make his Division I college debut against Alabama later this week. He's one of three wide receiver prospects expected to make the roster on Saturday.
""He's a bigger than his father,"" Butler said Sunday. ""He's a guy that scores a lot, that's a guy that's tough, that's a guy that makes us step up.""
""He's a guy that makes us step up,"" Butler added. ""He's a guy that makes us step",99,64,0.6464646464646465,9.110063995014853,4.116669580158606e-20,Watermarked,1.0,77,0.5844155844155844,0.75,0.4155844155844156,,,,9.069992073640671,9.069992073640671,5.951283736907192e-20,True,1.0,0.42917481288618986,2.5195184326171876,0.254674119413121,0.2995593085186556,1.0,50265.0,,0.5
2,CA-KL + Candidate Greenlist,kl_adaptive,,3.0,"""Whoever gets him, they'll be getting a good one,"" David Montgomery said. INDIANAPOLIS — Hakeem Butler has been surrounded by some of the best wide receivers on the planet this week at the NFL Scouting Combine."," But Butler is on track to make his debut against the Ravens, and the star receiver has started his career playing better at wide receiver and at inside linebacker. Meanwhile, he's getting significantly better at bigger responsibilities, and it sounds like he'll be getting one of the best scores in his NFL career this season. He'll be getting one of the best receptions in his NFL career right here with some big things in his future. He'll be getting one of the best receptions in his NFL career right here",99,67,0.6767676767676768,9.806374618837644,5.2848962805356706e-23,Watermarked,1.0,90,0.5666666666666667,0.7303370786516854,0.43333333333333335,,,,11.868462394201336,11.868462394201336,8.630544864307642e-33,True,1.0,0.42553290555697504,2.420753173828125,0.26457158260729674,0.3206054612854496,0.86,309.08,0.95,0.5
2,CA-KL + Candidate Greenlist + Weighted/WinMax,kl_adaptive,,3.0,"""Whoever gets him, they'll be getting a good one,"" David Montgomery said. INDIANAPOLIS — Hakeem Butler has been surrounded by some of the best wide receivers on the planet this week at the NFL Scouting Combine."," But Butler is on track to make his debut against the Ravens, and the star receiver has started his career playing better at wideout and at inside linebacker. Meanwhile, he's getting significantly better at bigger responsibilities as a quarterback. Butler is a terrific blocker who's gotten more comfortable on special teams, where he's often on special teams with the ball in his hands. He's a great pass-rusher, which means the Ravens would never have to worry about missing him. He's a good blocker",99,67,0.6767676767676768,9.806374618837644,5.2848962805356706e-23,Watermarked,1.0,84,0.7142857142857143,0.927710843373494,0.2857142857142857,,,,11.643216378065981,11.643216378065981,1.2423274257504458e-31,True,1.0,0.43731890995602346,2.0513172912597657,0.30748940154985327,0.29390028963796794,0.9,405.58,0.95,0.5
3,No Watermark,,,,"8i announced today it has launched a web player, the 8i Portal, for its volumetric 3D video of people in virtual reality. Using 8i’s technology and VR goggles, you’ll be able to walk"," around the world in virtual reality, and have your buddies join in.

“As a virtual reality technology company, we’re excited to introduce our new online experience to the real world,” said Richard M. Jones, chief technology officer at 8i. “We’re’re building a world-class virtual reality experience that’s as real and immersive as anyone’s ever seen.”

8i’s Portal will",99,22,0.2222222222222222,-0.6382847385042254,0.73835582764413,Human/Unwatermarked,0.0,65,0.6615384615384615,0.953125,0.3384615384615385,,,,-0.922231903018571,1.0030352920191978,0.8217961872744104,False,0.0,,,0.23425965901087728,0.4019734131358564,0.67,400.96,,
3,Fixed Delta 1.0,1.0,,,"8i announced today it has launched a web player, the 8i Portal, for its volumetric 3D video of people in virtual reality. Using 8i’s technology and VR goggles, you’ll be able to walk"," around a 3D world with virtual goggles, make your own, and even create your own virtual world (not to mention all the fun stuff you could do in virtual reality, which is why it’s so popular).

The 8i Portal is available to download now for free, and you can’t miss it.

8i’s head

In fact, its head is the main reason why it’s so well-received. The head is",99,43,0.43434343434343436,4.235889628255314,1.138242922895398e-05,Watermarked,0.9999886175707711,73,0.6712328767123288,0.9305555555555556,0.3287671232876712,1.0,1.0,1.0,4.634684155013011,4.857002486401402,1.7874143606202041e-06,True,0.9999982125856394,,,0.27365828498635286,0.37581621661782266,0.81,566.62,,
3,Fixed Delta 2.0,2.0,,,"8i announced today it has launched a web player, the 8i Portal, for its volumetric 3D video of people in virtual reality. Using 8i’s technology and VR goggles, you’ll be able to walk"," around a room in virtual reality without touching anything. You’ll also be able to watch the game through your digital camera or Oculus Rift, which can be used to zoom into or out real-time in virtual reality. The 8i Portal is one of the first features that allows you to enjoy a full-body experience with virtual reality. You’ll be able to enjoy a full-body experience with virtual reality without touching anything.

In order for you to enjoy a full-",99,61,0.6161616161616161,8.413753371192062,1.9854759384111046e-17,Watermarked,1.0,84,0.5833333333333334,0.7469879518072289,0.41666666666666663,2.0,2.0,2.0,8.05970754411188,8.12075411997269,3.82385970160891e-16,True,0.9999999999999997,,,0.2313360984546217,0.4104502668697387,0.77,274.92,,
3,Fixed Delta 3.0,3.0,,,"8i announced today it has launched a web player, the 8i Portal, for its volumetric 3D video of people in virtual reality. Using 8i’s technology and VR goggles, you’ll be able to walk"," in everyday activities on your set up and interact with virtual friends, whether you are a friend or a friend who wants to dance. The TV game has two “virtual” stages with real time cameras and a rotating set that lets users use the camera for more interactive events than a video screen. A user’s avatar can be used to zoom in and out of the real world and interact with virtual friends, or have them play a video game for entertainment purposes. The 6i Portal is",99,79,0.797979797979798,12.59161711412881,1.17406494602355e-36,Watermarked,1.0,88,0.7045454545454546,0.9310344827586207,0.2954545454545454,3.0,3.0,3.0,14.416935616211926,14.416935616211926,2.02462862792017e-47,True,1.0,,,0.31860657566431244,0.24640183004550636,0.89,632.28,,
3,Current Adaptive Delta,adaptive,0.5,3.0,"8i announced today it has launched a web player, the 8i Portal, for its volumetric 3D video of people in virtual reality. Using 8i’s technology and VR goggles, you’ll be able to walk"," around a room in virtual reality without touching anything. You’ll also be able to zoom in on your surroundings, which will make your VR experience more realistic.

8i’s 3D video will come to 8i Portal for free starting at $30, which includes the first month of the virtual world with the first wall-to-wall video (you can check out the full video here).

9i Portal’s first wall-to-wall video will",99,57,0.5757575757575758,7.4853392060950075,3.5681289972117485e-14,Watermarked,0.9999999999999644,75,0.68,0.918918918918919,0.31999999999999995,1.877343623638153,1.6180340051651,2.423213481903076,8.604651811675279,8.604651811675279,3.8274387402225645e-18,True,1.0,,,0.2665030024105938,0.38023666555294766,0.78,483.39,,
3,CA-KL,kl_adaptive,,3.0,"8i announced today it has launched a web player, the 8i Portal, for its volumetric 3D video of people in virtual reality. Using 8i’s technology and VR goggles, you’ll be able to walk"," around a room in virtual reality without touching anything. You’ll also be able to watch the game through your digital camera or Oculus Rift, which can be used to zoom into or out real-time in virtual reality. The 8i Portal is one of the first features that allows you to enjoy a full-body experience with virtual reality. You’ll be able to enjoy a full-body experience with virtual reality without touching anything.

In order for you to enjoy a full body",99,62,0.6262626262626263,8.645856912466327,2.6701500224408945e-18,Watermarked,1.0,85,0.5764705882352941,0.7380952380952381,0.42352941176470593,,,,,,,,,0.3839432115244871,2.562389373779297,0.23133601876259657,0.31128507131026706,1.0,50265.0,,0.5
3,CA-KL + Weighted Detector,kl_adaptive,,3.0,"8i announced today it has launched a web player, the 8i Portal, for its volumetric 3D video of people in virtual reality. Using 8i’s technology and VR goggles, you’ll be able to walk"," around a room in virtual reality without touching anything. You’ll also be able to watch the game through your digital camera or Oculus Rift, which can be used to zoom into or out real-time in virtual reality. The 8i Portal is one of the first features that allows you to enjoy a full-body experience with virtual reality. You’ll be able to enjoy a full-body experience with virtual reality without touching anything.

In order for you to enjoy a full body",99,62,0.6262626262626263,8.645856912466327,2.6701500224408945e-18,Watermarked,1.0,85,0.5764705882352941,0.7380952380952381,0.42352941176470593,,,,8.518087709610095,8.518087709610095,8.110467058066476e-18,True,1.0,0.3839432115244871,2.562389373779297,0.2313360984546217,0.31128499240519886,1.0,50265.0,,0.5
3,CA-KL + Candidate Greenlist,kl_adaptive,,3.0,"8i announced today it has launched a web player, the 8i Portal, for its volumetric 3D video of people in virtual reality. Using 8i’s technology and VR goggles, you’ll be able to walk"," around a room in virtual reality without looking like an actor, or even wearing them as a costume. You can check out some details and a video below.

Some of the details for this feature is that if you are in a room where you need the virtual environment, 8i will bring you virtual environment’s image with the camera, so you don’t need to worry about looking like an actor, or wearing them as a costume, because 8i will bring the real material",99,64,0.6464646464646465,9.110063995014853,4.116669580158606e-20,Watermarked,1.0,85,0.6352941176470588,0.8571428571428571,0.3647058823529412,,,,10.528282976837437,10.528282976837437,3.1995518167235294e-26,True,1.0,0.42529781604704486,2.409462432861328,0.2662565107253316,0.3069065420515835,0.83,458.01,0.95,0.5
3,CA-KL + Candidate Greenlist + Weighted/WinMax,kl_adaptive,,3.0,"8i announced today it has launched a web player, the 8i Portal, for its volumetric 3D video of people in virtual reality. Using 8i’s technology and VR goggles, you’ll be able to walk"," around a room in virtual reality without looking like an actor, or even wearing them as a costume. You can check out some details and a video below.

Some of the details for this feature is that if you are in a room where you need the virtual environment, 8i will bring you virtual environment’s image with the camera, so you don’t need to worry about looking like an actor, or wearing them as a costume. You can find a full description of this",99,62,0.6262626262626263,8.645856912466327,2.6701500224408945e-18,Watermarked,1.0,86,0.627906976744186,0.8588235294117647,0.37209302325581395,,,,10.147113678281714,10.147113678281714,1.7065426761331803e-24,True,1.0,0.40502871645274996,1.94306396484375,0.26417341991169113,0.3056983050890267,0.84,450.39,0.95,0.5
4,No Watermark,,,,"The Arlington County Board plans to vote Saturday afternoon on giving Amazon $23 million and other incentives to build a headquarters campus in Crystal City, but only after hearing scores of northern Virginia residents and advocates testify for or against the project. The five-member"," Arlington County Board on Saturday will vote on whether to give Amazon, the world's largest e-commerce company, $23 million in incentives to build a campus in Crystal City, Virginia. The five-member board is expected to vote on whether to give Amazon the $23 million in incentives, which were approved last week.

The five-member board will vote on whether to give Amazon $23 million in incentives, which were approved last week.

Pleasant Valley, Va.- Amazon",99,23,0.23232323232323232,-0.4061811972299616,0.6576952657166102,Human/Unwatermarked,0.0,77,0.5064935064935064,0.6578947368421053,0.49350649350649356,,,,-0.9068586262641676,1.9479246338923784,0.8177592186836053,False,0.0,,,0.1794638629476627,0.40662955670850354,0.6,309.86,,
4,Fixed Delta 1.0,1.0,,,"The Arlington County Board plans to vote Saturday afternoon on giving Amazon $23 million and other incentives to build a headquarters campus in Crystal City, but only after hearing scores of northern Virginia residents and advocates testify for or against the project. The five-member"," Arlington County Board of Supervisors voted unanimously to approve the deal, and the $23 million Amazon got from the federal government could come from other sources, including potential sales and construction of a large warehouse somewhere in the county. The Arlington County Board of Supervisors voted to approve the Amazon deal, and the $23 million Amazon got from the federal government could come from other sources, including potential sales and construction of a large warehouse somewhere in the county.
Start the conversation, or Read more at Virginia Post",99,37,0.37373737373737376,2.8432683806097314,0.0022326725999624137,Human/Unwatermarked,0.0,88,0.45454545454545453,0.5977011494252874,0.5454545454545454,1.0,1.0,1.0,2.412778098980046,2.412778098980046,0.007915727386467364,False,0.0,,,0.18004463437353146,0.5117752409377135,0.55,300.61,,
4,Fixed Delta 2.0,2.0,,,"The Arlington County Board plans to vote Saturday afternoon on giving Amazon $23 million and other incentives to build a headquarters campus in Crystal City, but only after hearing scores of northern Virginia residents and advocates testify for or against the project. The five-member"," Arlington County Board of Supervisors voted unanimously on May 17 to give Amazon $23 million and other incentives to build the site. The board has already authorized $15 million in construction and spending, but with those funds it will decide on what is most important. A preliminary recommendation to give Amazon $23 million and other incentives for the project is on the table and it’s scheduled to return to the board later this week. The board has yet to make a final decision on the project, but it",99,54,0.5454545454545454,6.789028582272215,5.6445538431059e-12,Watermarked,0.9999999999943554,89,0.6179775280898876,0.8636363636363636,0.3820224719101124,2.0,2.0,2.0,7.996914600821783,7.996914600821783,6.378782821623053e-16,True,0.9999999999999993,,,0.23800043817490737,0.28774250905727966,0.82,241.91,,
4,Fixed Delta 3.0,3.0,,,"The Arlington County Board plans to vote Saturday afternoon on giving Amazon $23 million and other incentives to build a headquarters campus in Crystal City, but only after hearing scores of northern Virginia residents and advocates testify for or against the project. The five-member"," Board of Advancement was set to meet on May 17th, and the hearing was scheduled to begin at 8:30pm. The hearing will be broadcast via a live television system. The board has agreed that Amazon will not be granted a grant of up to $10 million, which the company has said will’ ultimately fund a planned $12 billion investment in its new headquarters and office buildings. The company has said the $24 billion it’ll need for its new HQ2 project is",99,73,0.7373737373737373,11.198995866483228,2.061905353433795e-29,Watermarked,1.0,83,0.7108433734939759,0.9390243902439024,0.28915662650602414,3.0,3.0,3.0,11.869260647203987,11.869260647203987,8.548595080709723e-33,True,1.0,,,0.2797757093117358,0.30734944192692637,0.91,376.29,,
4,Current Adaptive Delta,adaptive,0.5,3.0,"The Arlington County Board plans to vote Saturday afternoon on giving Amazon $23 million and other incentives to build a headquarters campus in Crystal City, but only after hearing scores of northern Virginia residents and advocates testify for or against the project. The five-member"," Arlington County Board of Supervisors voted unanimously to grant Amazon $23 million to build a headquarters campus in Crystal City.

Watersboro, Va. – A federal judge ruled Friday that the state of Virginia is legally allowed to provide a $3.5 million contract to build a logistics center for Amazon.“The federal judge’s decision to grant Amazon’s motion for an injunction restraining the state of Virginia from providing a contract to build the logistics center for Amazon is based on",99,53,0.5353535353535354,6.556925040997952,2.7464302917418046e-11,Watermarked,0.9999999999725357,81,0.6049382716049383,0.8375,0.3950617283950617,1.8203766202926637,1.6180340051651,2.391690254211426,7.158549524524793,7.397410994035669,4.0767566574640547e-13,True,0.9999999999995923,,,0.2487037059519739,0.32007701105671005,0.82,422.48,,
4,CA-KL,kl_adaptive,,3.0,"The Arlington County Board plans to vote Saturday afternoon on giving Amazon $23 million and other incentives to build a headquarters campus in Crystal City, but only after hearing scores of northern Virginia residents and advocates testify for or against the project. The five-member"," Arlington County Board of Supervisors voted unanimously on May 17th, and the same board will vote Sunday evening, May 20th. The board will also vote Sunday evening and Monday afternoon. The board will discuss the Amazon $23 million donation at an 8pm meeting at the board desk. It would not be possible to enter into a final agreement with Amazon so Amazon’s head offices would not be in Arlington. The board has no power to veto this investment because it has no powers to veto this",99,64,0.6464646464646465,9.110063995014853,4.116669580158606e-20,Watermarked,1.0,87,0.6436781609195402,0.8604651162790697,0.3563218390804598,,,,,,,,,0.44593635834733364,2.3962088012695313,0.2688897732389113,0.2553948663867777,1.0,50265.0,,0.5
4,CA-KL + Weighted Detector,kl_adaptive,,3.0,"The Arlington County Board plans to vote Saturday afternoon on giving Amazon $23 million and other incentives to build a headquarters campus in Crystal City, but only after hearing scores of northern Virginia residents and advocates testify for or against the project. The five-member"," Arlington County Board of Supervisors voted unanimously on May 17th, and the same board will vote Sunday evening, May 20th. The board will also vote Sunday evening and Monday afternoon. The board will discuss the Amazon $23 million donation at an 8pm meeting at the board desk. It would not be possible to enter into a final agreement with Amazon so Amazon’s head offices would not be in Arlington. The board has no power to veto this investment because it has no powers to veto this",99,64,0.6464646464646465,9.110063995014853,4.116669580158606e-20,Watermarked,1.0,87,0.6436781609195402,0.8604651162790697,0.3563218390804598,,,,9.812447669089119,9.82308033654618,4.9762325501995224e-23,True,1.0,0.44593635834733364,2.3962088012695313,0.2688898261747139,0.25539484864275436,1.0,50265.0,,0.5
4,CA-KL + Candidate Greenlist,kl_adaptive,,3.0,"The Arlington County Board plans to vote Saturday afternoon on giving Amazon $23 million and other incentives to build a headquarters campus in Crystal City, but only after hearing scores of northern Virginia residents and advocates testify for or against the project. The five-member"," Arlington County Board of Supervisors voted unanimously on May 17th, and the same board will vote Sunday evening, May 20th. The board will also vote Sunday evening about an $3 million contract to make the Amazon office in Arlington – a $3 million contract to make it a hub, which the site developer’s attorney has said must have federal funds. The board voted overwhelmingly on May 17th. A majority of the board voted yes on this project, which would be the largest commercial-",99,63,0.6363636363636364,8.87796045374059,3.4048719575050004e-19,Watermarked,1.0,83,0.6265060240963856,0.8536585365853658,0.37349397590361444,,,,10.736971678888917,10.736971678888917,3.412317444511531e-27,True,1.0,0.45842862886963187,2.356522521972656,0.2899870404518511,0.25565815415466203,0.9,468.96,0.95,0.5
4,CA-KL + Candidate Greenlist + Weighted/WinMax,kl_adaptive,,3.0,"The Arlington County Board plans to vote Saturday afternoon on giving Amazon $23 million and other incentives to build a headquarters campus in Crystal City, but only after hearing scores of northern Virginia residents and advocates testify for or against the project. The five-member"," Arlington County Board of Supervisors voted unanimously on May 17 to give Amazon $23 million, along with incentives, to relocate to Arlington and a $9.6 million share of the region’s retail revenues to help build the site. But the largest of the $23 million incentives, which were approved this summer, would be used to provide training and train workers. The Arlington County Board of Supervisors voted overwhelmingly on the idea.

The Arlington County Board of Supervisors voted unanimously on giving",99,61,0.6161616161616161,8.413753371192062,1.9854759384111046e-17,Watermarked,1.0,82,0.5975609756097561,0.8148148148148148,0.4024390243902439,,,,9.125902834666027,9.185128228577398,3.5570394436966405e-20,True,1.0,0.3573852250545932,1.7636737060546874,0.24751607512168428,0.3663832367095165,0.76,425.89,0.95,0.5
5,No Watermark,,,,"Karl Kispert, principal of cyber and information security, has more than 28 years of experience in selling, managing and delivering information risk management, internal audit, regulatory and compliance programs, and information security and technology risk management. A former chief information security"," officer at Cidar, he has more than 20 years of experience in helping organizations manage information security and compliance issues.
WiseGuy spoke to Kispert about his background, what he's done to prepare for this role, what he's learned as a member of the team, and what he's learned from working with clients with KISP.
How has technology changed over the years?
Searching for the right people?
We've always looked for people who were willing to work",99,30,0.30303030303030304,1.2185435916898848,0.11150873497330749,Human/Unwatermarked,0.0,76,0.7763157894736842,0.96,0.22368421052631582,,,,-0.0788669551062455,2.0913565155705602,0.5314307763257587,False,0.0,,,0.2936492453116685,0.2830671117734164,0.89,639.2,,
5,Fixed Delta 1.0,1.0,,,"Karl Kispert, principal of cyber and information security, has more than 28 years of experience in selling, managing and delivering information risk management, internal audit, regulatory and compliance programs, and information security and technology risk management. A former chief information security"," officer of the Massachusetts Institute of Technology and a former head of the Information Technology Risk Management Group, Kispert has over 20 years of extensive experience in the information security industry.

About Mitigation of Information Security and Technology Risk Management

 Mitigation of Information Security and Technology Risk Management, or IT RMT’s, is a leading, national organization based in Washington, D.C. Mitigation of Information Security and Technology Risk Management (IT RMT’s) is the largest",99,48,0.48484848484848486,5.396407334626633,3.399424987395955e-08,Watermarked,0.9999999660057501,76,0.5131578947368421,0.7066666666666667,0.48684210526315785,1.0,1.0,1.0,4.0896572094684585,4.0896572094684585,2.1600558853899782e-05,True,0.9999783994411461,,,0.2188526466584235,0.4332661993347574,0.64,427.87,,
5,Fixed Delta 2.0,2.0,,,"Karl Kispert, principal of cyber and information security, has more than 28 years of experience in selling, managing and delivering information risk management, internal audit, regulatory and compliance programs, and information security and technology risk management. A former chief information security"," officer of the Financial Times, he has more than 30 years of experience in information security and information risk management, and digital security. Karl has held executive responsibilities of business and strategic responsibilities as a business analyst for several major companies since 2008. He is the author of numerous books, including The Risk Factor Factor: A’s and A’s of the Modern World of Information Security, and the webmaster of the Environmental Protection Agency (EPA). He is also the author of numerous articles for",99,55,0.5555555555555556,7.021132123546479,1.100388069780592e-12,Watermarked,0.9999999999988997,85,0.5882352941176471,0.8928571428571429,0.4117647058823529,2.0,2.0,2.0,7.513728683252197,7.513728683252197,2.873331089075352e-14,True,0.9999999999999712,,,0.2855741508568408,0.2644498090352863,0.88,694.84,,
5,Fixed Delta 3.0,3.0,,,"Karl Kispert, principal of cyber and information security, has more than 28 years of experience in selling, managing and delivering information risk management, internal audit, regulatory and compliance programs, and information security and technology risk management. A former chief information security"," product manager for FedEx Corporation and a former head of the Federal Communications Commission (FCC), Kispert has led these organizations to success and a worldwide reputation for reliability and quality. He is also the author of the book ""Information Security"" and the book The Risk Management of Information Systems. He is also the vice president of risk management with K Associates. He is based in Washington.

Format (only if necessary): Send your message via a desktop email, or download and print. No links,",99,78,0.7878787878787878,12.359513572854546,2.1638374768437998e-35,Watermarked,1.0,83,0.7108433734939759,0.9024390243902439,0.28915662650602414,3.0,3.0,3.0,11.985481381833202,11.985481381833202,2.1168887286895255e-33,True,1.0,,,0.31457893252821373,0.29187839042861013,0.89,831.14,,
5,Current Adaptive Delta,adaptive,0.5,3.0,"Karl Kispert, principal of cyber and information security, has more than 28 years of experience in selling, managing and delivering information risk management, internal audit, regulatory and compliance programs, and information security and technology risk management. A former chief information security"," officer of the Financial Times, he has more than 30 years of experience in information security and information security risk management. He is also the author of the book ""Information Security, Globalization, and the Global War on Privacy"" (2011), and the first book to provide a comprehensive overview of the various privacy and consumer rights in the US. He is also the author of the book ""Information Security, Globalization, and the Global War on Privacy"" (2015), and the first non-fiction book",99,69,0.696969696969697,10.270581701386172,4.781315307935896e-25,Watermarked,1.0,82,0.5,0.7160493827160493,0.5,1.83825976729393,1.6180340051651,2.4272589683532715,8.539710222873742,8.539710222873742,6.727942416208807e-18,True,1.0,,,0.2541323692690714,0.3720881345681846,0.81,558.17,,
5,CA-KL,kl_adaptive,,3.0,"Karl Kispert, principal of cyber and information security, has more than 28 years of experience in selling, managing and delivering information risk management, internal audit, regulatory and compliance programs, and information security and technology risk management. A former chief information security"," officer of the Financial Times, he has more than 30 years of experience in information security and information risk management, and digital security. Karl has held executive responsibilities of business intelligence, risk management, compliance, risk mitigation and compliance. He is a graduate of the Washington University. Karl was awarded a JD (Honorary Diploma) from the Wharton School of the University of Pennsylvania in 2012 and a Doctor of Information Systems Administration from the Wharton School of the University of Pennsylvania in 2015. He is",99,60,0.6060606060606061,8.181649829917799,1.3999184135288104e-16,Watermarked,0.9999999999999999,84,0.5476190476190477,0.8433734939759037,0.45238095238095233,,,,,,,,,0.4184625787184715,2.512861633300781,0.2268741923349237,0.22646261286587105,1.0,50265.0,,0.5
5,CA-KL + Weighted Detector,kl_adaptive,,3.0,"Karl Kispert, principal of cyber and information security, has more than 28 years of experience in selling, managing and delivering information risk management, internal audit, regulatory and compliance programs, and information security and technology risk management. A former chief information security"," officer of the Financial Times, he has more than 30 years of experience in information security and information risk management, and digital security. Karl has held executive responsibilities of business intelligence, risk management, compliance, risk mitigation and compliance. He is a graduate of the Washington University. Karl was awarded a JD (Honorary Diploma) from the Wharton School of the University of Pennsylvania in 2012 and a Doctor of Information Systems Administration from the Wharton School of the University of Pennsylvania in 2015. He is",99,60,0.6060606060606061,8.181649829917799,1.3999184135288104e-16,Watermarked,0.9999999999999999,84,0.5476190476190477,0.8433734939759037,0.45238095238095233,,,,10.410004367138523,10.410004367138523,1.1160570776023428e-25,True,1.0,0.4184625787184715,2.512861633300781,0.2268741964482048,0.22646275008504746,1.0,50265.0,,0.5
5,CA-KL + Candidate Greenlist,kl_adaptive,,3.0,"Karl Kispert, principal of cyber and information security, has more than 28 years of experience in selling, managing and delivering information risk management, internal audit, regulatory and compliance programs, and information security and technology risk management. A former chief information security"," officer of the Financial Times, he has more than 30 years of combined strategic experience in business development, risk, risk mitigation and compliance. He is also an active member of the Global Society for Information Security, the Cyber Security Institute of Australia and the Technology Alliance of Australia. He is a graduate of the University of Virginia. He received the 2009 Nobel Peace Prize and the 2011 Nobel Peace Prize for his outstanding contribution to the development of the UN Millennium Climate Change Plan. For more information, please visit: www",99,68,0.6868686868686869,10.038478160111909,5.162741433689114e-24,Watermarked,1.0,90,0.6444444444444445,0.9101123595505618,0.3555555555555555,,,,10.812343321292367,10.812343321292367,1.5044213837540829e-27,True,1.0,0.42115882082298073,2.4698565673828123,0.2673957775987636,0.3472914684191346,0.85,569.75,0.95,0.5
5,CA-KL + Candidate Greenlist + Weighted/WinMax,kl_adaptive,,3.0,"Karl Kispert, principal of cyber and information security, has more than 28 years of experience in selling, managing and delivering information risk management, internal audit, regulatory and compliance programs, and information security and technology risk management. A former chief information security"," officer of the Financial Times, he has more than 30 years of combined strategic experience in business development, risk, risk mitigation, risk and regulatory compliance. He is executive vice president of CIOO for U.S.-based MSCO, where he led operations and global risk teams, organizations such as Accenture and Hitachi Inc., etc. He leads organizations such as Visa, ICICI Bank and the Bank of Africa. Karl received his master's degree in business development, consulting at the",99,66,0.6666666666666666,9.574271077563381,5.1289159954110675e-22,Watermarked,1.0,77,0.7272727272727273,0.9473684210526315,0.2727272727272727,,,,11.865837612666212,11.865837612666212,8.90554806617033e-33,True,1.0,0.3922747090004498,1.872550048828125,0.2711414951862726,0.2935116262733936,0.8,572.63,0.95,0.5
6,No Watermark,,,,"The Hawaii man who was fired after issuing the false ballistic missile alert in mid-January told reporters Friday that he was very upset over the incident but remained adamant that it appeared, at the time, to be a real-life attack. The former"," Hawaii Air Force pilot was fired after issuing a false ballistic missile alert. (Photo: Darryl Dyck / AP)
A man who was fired after issuing the false ballistic missile alert in mid-January told reporters Friday that he was very upset over the incident but remained adamant that it appeared, at the time, to be a real-life attack.
Darryl Dyck, 55, was fired after issuing the false ballistic missile alert on January 24, January 25 and January 26,",99,23,0.23232323232323232,-0.4061811972299616,0.6576952657166102,Human/Unwatermarked,0.0,78,0.6410256410256411,0.8051948051948052,0.3589743589743589,,,,-1.1328844846733566,1.383350330351449,0.8713686168187775,False,0.0,,,0.13765461396072223,0.5325454172678292,0.45,215.39,,
6,Fixed Delta 1.0,1.0,,,"The Hawaii man who was fired after issuing the false ballistic missile alert in mid-January told reporters Friday that he was very upset over the incident but remained adamant that it appeared, at the time, to be a real-life attack. The former"," Hawaii Air National Guardman, Cory Saint John, on Jan. 27, said he thought he got a ""very, very angry and very angry"" response from the Air National Guard. The Air National Guard trooper was in his office on Dec. 18, the day after the incident. He was among the first to enter the building with a wall of the Air National Guard. He said he was surprised by the sign, which read ""No ballistic missile alert."" He said he realized that the Air National",99,56,0.5656565656565656,7.2532356648207434,2.0346556800431047e-13,Watermarked,0.9999999999997965,84,0.6071428571428571,0.8313253012048193,0.3928571428571429,1.0,1.0,1.0,7.067066579739764,7.067066579739764,7.912152044941994e-13,True,0.9999999999992087,,,0.31556518148198615,0.3029046436958015,0.9,709.22,,
6,Fixed Delta 2.0,2.0,,,"The Hawaii man who was fired after issuing the false ballistic missile alert in mid-January told reporters Friday that he was very upset over the incident but remained adamant that it appeared, at the time, to be a real-life attack. The former"," Hawaii State Police agent was fired for issuing a false ballistic missile alert in mid-January, after he received the report at his home and told reporters that he thought there was a chance it was real.

""It was a real-life attack that the FBI could pick up on, that they could use to pull a chain-link wall, that they could use for a lot of things,"" said Jeff White, the FBI agent who defended White. ""That's not true. I'm not",99,58,0.5858585858585859,7.717442747369271,5.934340569241363e-15,Watermarked,0.9999999999999941,83,0.7108433734939759,0.926829268292683,0.28915662650602414,2.0,2.0,2.0,9.643036273636348,9.643036273636348,2.630421244515424e-22,True,1.0,,,0.2842553854435984,0.24987963232211768,0.9,469.7,,
6,Fixed Delta 3.0,3.0,,,"The Hawaii man who was fired after issuing the false ballistic missile alert in mid-January told reporters Friday that he was very upset over the incident but remained adamant that it appeared, at the time, to be a real-life attack. The former"," Hawaii State Police agent, John Wilson, asked reporters on CNN, CBS News and Fox News that the incident was not an act of war but rather the first in an ongoing series of false missile alert calls to Hawaii State Police. He noted, ""It looks like an act of war to me. I'm very angry about it. I just don't feel like I could defend myself against this."" Wilson's fellow agent, John Lee Jones, said he believed a ""real-life"" attack could have",99,79,0.797979797979798,12.59161711412881,1.17406494602355e-36,Watermarked,1.0,83,0.7710843373493976,0.926829268292683,0.22891566265060237,3.0,3.0,3.0,11.602461400785177,11.602461400785177,2.001969570812965e-31,True,1.0,,,0.28847804545387046,0.29009226222988216,0.9,451.05,,
6,Current Adaptive Delta,adaptive,0.5,3.0,"The Hawaii man who was fired after issuing the false ballistic missile alert in mid-January told reporters Friday that he was very upset over the incident but remained adamant that it appeared, at the time, to be a real-life attack. The former"," Hawaii State Police agent was fired for issuing a false ballistic missile alert in mid-January, after he received a report that a man had been shot to death outside a business in East Honolulu. The shooting occurred in front of the business on West Mead Street. A source with knowledge of the incident told The Honolulu Star-Advertiser that the man, who identified himself as a law enforcement officer, said in his report that the man was a ""nice guy"" and that the man was not an """,99,59,0.5959595959595959,7.949546288643535,9.359791413521555e-16,Watermarked,0.9999999999999991,88,0.6931818181818182,0.9195402298850575,0.30681818181818177,1.8662022697925567,1.6180340051651,2.5561084747314453,9.932220354935945,9.932220354935945,1.5073330737764148e-23,True,1.0,,,0.2708422958317769,0.32897970934864135,0.82,558.0,,
6,CA-KL,kl_adaptive,,3.0,"The Hawaii man who was fired after issuing the false ballistic missile alert in mid-January told reporters Friday that he was very upset over the incident but remained adamant that it appeared, at the time, to be a real-life attack. The former"," Hawaii State Police agent was fired for issuing a false ballistic missile alert in mid-January, after he received the report at his home and told reporters that he thought there was “no reason” behind the incident. The whistleblower also said he had been fired because it appears that a ballistic missile alert in his home may have been fabricated.

“I’m so upset right now but if someone had the courage to shoot my car, I would’ve died,”",99,62,0.6262626262626263,8.645856912466327,2.6701500224408945e-18,Watermarked,1.0,80,0.775,0.9493670886075949,0.22499999999999998,,,,,,,,,0.41359629827859545,2.444743194580078,0.246878471402212,0.2603412250049223,1.0,50265.0,,0.5
6,CA-KL + Weighted Detector,kl_adaptive,,3.0,"The Hawaii man who was fired after issuing the false ballistic missile alert in mid-January told reporters Friday that he was very upset over the incident but remained adamant that it appeared, at the time, to be a real-life attack. The former"," Hawaii State Police agent was fired for issuing a false ballistic missile alert in mid-January, after he received the report at his home and told reporters that he thought there was “no reason” behind the incident. The whistleblower also said he had been fired because it appears that a ballistic missile alert in his home may have been fabricated.

“I’m so upset right now but if someone had the courage to shoot my car, I would’ve died,”",99,62,0.6262626262626263,8.645856912466327,2.6701500224408945e-18,Watermarked,1.0,80,0.775,0.9493670886075949,0.22499999999999998,,,,9.923158736676687,9.923158736676687,1.6506975580647844e-23,True,1.0,0.41359629827859545,2.444743194580078,0.24687845844636594,0.2603412748135133,1.0,50265.0,,0.5
6,CA-KL + Candidate Greenlist,kl_adaptive,,3.0,"The Hawaii man who was fired after issuing the false ballistic missile alert in mid-January told reporters Friday that he was very upset over the incident but remained adamant that it appeared, at the time, to be a real-life attack. The former"," Hawaii State Police agent was fired for issuing a false ballistic missile alert in mid-January, after he received the report at his home and told reporters that he thought there were more missiles or other weapons to strike the US. The whistleblower said he had been alerted to the incident by a friend, who said that the US had been sending missiles toward the Philippines on Dec. 24. He said that he and several other friends had been in an ""incredible"" hurry, trying to locate and kill the material",99,64,0.6464646464646465,9.110063995014853,4.116669580158606e-20,Watermarked,1.0,90,0.7,0.9438202247191011,0.30000000000000004,,,,12.388416230398779,12.388416230398779,1.5097386846948593e-35,True,1.0,0.4661142234992535,2.3073001098632813,0.3128810438649473,0.25161433801986277,0.92,512.66,0.95,0.5
6,CA-KL + Candidate Greenlist + Weighted/WinMax,kl_adaptive,,3.0,"The Hawaii man who was fired after issuing the false ballistic missile alert in mid-January told reporters Friday that he was very upset over the incident but remained adamant that it appeared, at the time, to be a real-life attack. The former"," Hawaii State Police agent was fired for issuing a false ballistic missile alert in mid-January, after he received the report at his home and told reporters that he thought there were more missiles or other weapons to strike the US. The whistleblower said he had been alerted to the incident by a friend, who said that the US had been sending missiles toward the Philippines on Dec. 24. He said that he and several other friends had been in an ""incredible"" hurry, trying to locate and kill the material",99,64,0.6464646464646465,9.110063995014853,4.116669580158606e-20,Watermarked,1.0,90,0.7,0.9438202247191011,0.30000000000000004,,,,12.388416230398779,12.388416230398779,1.5097386846948593e-35,True,1.0,0.4572896530389689,2.067300109863281,0.3128810438649473,0.25161433801986277,0.92,512.66,0.95,0.5
7,No Watermark,,,,"Shania Twain expected to break the charts with new album NOW! Even after a 15-year hiatus, she’s still the one! Shania Twain is on pace to top the charts with her new album NOW. The 16-song"," EP is now on track for a debut chart-topper, and she’s already got a lot of folks in the know. The big breakdown is that she will be releasing the album on November 9, 2017, and will be officially releasing the new EP on October 21, 2017.

“It’s been so hard to put a name to what I have done in my life,” she said. “In the last few years, I have been",99,23,0.23232323232323232,-0.4061811972299616,0.6576952657166102,Human/Unwatermarked,0.0,76,0.6842105263157895,0.9466666666666667,0.3157894736842105,,,,0.48406245273381326,2.778222090489036,0.31417077368526136,False,0.0,,,0.273882785314875,0.30681063583120705,0.85,359.29,,
7,Fixed Delta 1.0,1.0,,,"Shania Twain expected to break the charts with new album NOW! Even after a 15-year hiatus, she’s still the one! Shania Twain is on pace to top the charts with her new album NOW. The 16-song"," EP is released on August 3rd and tracks are on sale now. The new album is titled “The God Is A Wonderful and The God Is A Wonderful.” It features “The God Is A Wonderful” – a song from The God Is A Wonderful. The song is a spiritual nod to the man who inspired the song, which is based on his love for his wife and mother. The song is inspired by a poem written by William Shakespeare, which inspired the phrase “",99,43,0.43434343434343436,4.235889628255314,1.138242922895398e-05,Watermarked,0.9999886175707711,82,0.5,0.7901234567901234,0.5,1.0,1.0,1.0,5.745496544178975,5.745496544178975,4.582581460848996e-09,True,0.9999999954174186,,,0.31396754479203554,0.32037851594621314,0.83,821.83,,
7,Fixed Delta 2.0,2.0,,,"Shania Twain expected to break the charts with new album NOW! Even after a 15-year hiatus, she’s still the one! Shania Twain is on pace to top the charts with her new album NOW. The 16-song"," EP includes new tracks such as “Curb My Enthusiasm,” “Gently,” “A Day at the Beach” and “The Good Girl,” and it sounds like it will hit the charts as early as September. The new album is expected to”be a lot of fun,” said J.D. Power, president of the Recording Academy, in an exclusive interview with NickNews.com. He said, “",99,56,0.5656565656565656,7.2532356648207434,2.0346556800431047e-13,Watermarked,0.9999999999997965,61,0.8032786885245902,1.0,0.19672131147540983,2.0,2.0,2.0,8.787219549913447,8.787219549913447,7.665349518129361e-19,True,1.0,,,0.24705797595708298,0.3887559937173501,0.7,682.03,,
7,Fixed Delta 3.0,3.0,,,"Shania Twain expected to break the charts with new album NOW! Even after a 15-year hiatus, she’s still the one! Shania Twain is on pace to top the charts with her new album NOW. The 16-song"," EP includes new tracks such as Caroline Saint (song number five, “The Wrong Room” – 9:28pmpm) and Grace Grace (song number six, “The Lost Room” – 9:59pmpm).

Add to that the #7 position on Billboard’s chart for “The Wrong Room” – 9:28pmpm – and you’ve got a great chart for “The Wrong Room”. The singer will",99,69,0.696969696969697,10.270581701386172,4.781315307935896e-25,Watermarked,1.0,57,0.6666666666666666,0.8035714285714286,0.33333333333333337,3.0,3.0,3.0,11.02000760115539,11.02000760115539,1.5301661733325295e-28,True,1.0,,,0.25494281935052826,0.4494275117199868,0.68,789.13,,
7,Current Adaptive Delta,adaptive,0.5,3.0,"Shania Twain expected to break the charts with new album NOW! Even after a 15-year hiatus, she’s still the one! Shania Twain is on pace to top the charts with her new album NOW. The 16-song"," EP includes new tracks such as “Curb Your Enthusiasm,” “Gently,” “A Day at the Beach” and “The Good Girl,” and it sounds like it will hit the charts as early as September. The new album is expected to”be a lot of fun,” said J.D. Power, author of the book, which features a sneak peek at the album and a video. The book details Twain",99,55,0.5555555555555556,7.021132123546479,1.100388069780592e-12,Watermarked,0.9999999999988997,66,0.7121212121212122,0.9692307692307692,0.28787878787878785,1.8818404817581176,1.6180340051651,2.5092062950134277,9.401526867877205,9.401526867877205,2.688846720136893e-21,True,1.0,,,0.26737306342175476,0.36248812078498305,0.75,671.55,,
7,CA-KL,kl_adaptive,,3.0,"Shania Twain expected to break the charts with new album NOW! Even after a 15-year hiatus, she’s still the one! Shania Twain is on pace to top the charts with her new album NOW. The 16-song"," EP includes new tracks such as “Curb My Enthusiasm,” “Gently,” “A Day at the Beach” and “The Good Girl,” and it sounds like it will hit the top of the charts anytime soon. It seems like she has’t let the pandemic define her. She has been so busy with her own career and shows us all that she has things in store for fans right now!
Listen to this",99,56,0.5656565656565656,7.2532356648207434,2.0346556800431047e-13,Watermarked,0.9999999999997965,70,0.8,0.9710144927536232,0.19999999999999996,,,,,,,,,0.4013472237003224,2.443786926269531,0.2583723388506201,0.24004995361376358,1.0,50265.0,,0.5
7,CA-KL + Weighted Detector,kl_adaptive,,3.0,"Shania Twain expected to break the charts with new album NOW! Even after a 15-year hiatus, she’s still the one! Shania Twain is on pace to top the charts with her new album NOW. The 16-song"," EP includes new tracks such as “Curb My Enthusiasm,” “Gently,” “A Day at the Beach” and “The Good Girl,” and it sounds like it will hit the top of the charts anytime soon. It seems like she has’t let the pandemic define her. She has been so busy with her own career and shows us all that she has things in store for fans right now!
Listen to this",99,56,0.5656565656565656,7.2532356648207434,2.0346556800431047e-13,Watermarked,0.9999999999997965,70,0.8,0.9710144927536232,0.19999999999999996,,,,9.206563831732563,9.206563831732563,1.6836586726450404e-20,True,1.0,0.4013472237003224,2.443786926269531,0.2583723814606333,0.24004995553616368,1.0,50265.0,,0.5
7,CA-KL + Candidate Greenlist,kl_adaptive,,3.0,"Shania Twain expected to break the charts with new album NOW! Even after a 15-year hiatus, she’s still the one! Shania Twain is on pace to top the charts with her new album NOW. The 16-song"," EP includes new tracks such as “Curb My Enthusiasm (feat. Debra Messing,” “Aquascam” and “Everybody,” along with “Two-Face.” The EP’s release takes place April 15.
“It’s exciting to finally finally have a music video for ‘Curb My Enthusiasm,’” said Twain. “So many of the material",99,55,0.5555555555555556,7.021132123546479,1.100388069780592e-12,Watermarked,0.9999999999988997,48,0.8541666666666666,0.9574468085106383,0.14583333333333337,,,,8.338499896033419,8.338499896033419,3.761944828165726e-17,True,1.0,0.3248253423699942,2.5573805236816405,0.2203340093123847,0.4782730674929917,0.66,459.91,0.95,0.5
7,CA-KL + Candidate Greenlist + Weighted/WinMax,kl_adaptive,,3.0,"Shania Twain expected to break the charts with new album NOW! Even after a 15-year hiatus, she’s still the one! Shania Twain is on pace to top the charts with her new album NOW. The 16-song"," EP includes new tracks such as “Curb My Enthusiasm (featuring Debra Messing,” “Aquascam” and “Gave Us the Love.”

“The show is one of the most meaningful shows I’ve ever had” – The Motown star explains – “Being back in Atlanta with my band is one of the hardest parts. I love to dance, I love to sing. I love being",99,62,0.6262626262626263,8.645856912466327,2.6701500224408945e-18,Watermarked,1.0,59,0.7288135593220338,0.896551724137931,0.27118644067796616,,,,9.606242516394898,9.606242516394898,3.762242230672842e-22,True,1.0,0.35467284452594017,1.7630012512207032,0.26419386771297315,0.37532712679822,0.75,611.94,0.95,0.5
8,No Watermark,,,,"A version of this article appeared in the print edition of The Daily Star on July 12, 2018, on page 16. Assembled by Palestinian artist Said Baalbaki, the exhibition presents 50 of Abbo's sketches, etchings and"," paintings. It features a set of six pieces made on the Palestinian flag.
Abbo, a Palestinian artist living in Israel, and his son, Abu Abbo, are engaged in an intensively researched project aimed at exploring the Palestinian poet and the artist's vision for the future. It is being exhibited at the Royal Arab Museum in Knesset on Friday, July 19.
Abbo and his son are engaged in an intensively researched project aimed at exploring the Palestinian poet and the artist's",99,21,0.21212121212121213,-0.8703882797784892,0.807955875263074,Human/Unwatermarked,0.0,80,0.575,0.7721518987341772,0.42500000000000004,,,,-0.781399847145099,1.3178590237154957,0.7827163194997591,False,0.0,,,0.2803248470647837,0.38337738015223294,0.78,772.61,,
8,Fixed Delta 1.0,1.0,,,"A version of this article appeared in the print edition of The Daily Star on July 12, 2018, on page 16. Assembled by Palestinian artist Said Baalbaki, the exhibition presents 50 of Abbo's sketches, etchings and"," paintings. It features a set of photographs, drawings, paintings, drawings and photographs taken from the Israeli (not Israeli) side of the border, which began its campaign of construction in 1967. The exhibition is called ""Aphrodite: Palestinian Women's Gallery"" and features images of Palestinians, various Arabs and various Arab and Israeli women.

The exhibition, which features a set of photographs, drawings and photographs taken from the Israeli side of the border, began its campaign of construction in 1967.",99,55,0.5555555555555556,7.021132123546479,1.100388069780592e-12,Watermarked,0.9999999999988997,77,0.4675324675324675,0.7105263157894737,0.5324675324675325,1.0,1.0,1.0,7.204917086306279,7.521892680373824,2.903958986087359e-13,True,0.9999999999997096,,,0.2846274971457145,0.3795488244667649,0.72,869.2,,
8,Fixed Delta 2.0,2.0,,,"A version of this article appeared in the print edition of The Daily Star on July 12, 2018, on page 16. Assembled by Palestinian artist Said Baalbaki, the exhibition presents 50 of Abbo's sketches, etchings and"," paintings. It features a set of photographs, drawings, paintings, drawings and photographs taken from the Israeli (not Israeli) side of the border between Gaza and Israel in late 2007 (the period marked as a ""peace period"" at the time).

Abbo, also known as Artisan, was born in Jerusalem and went to school with the Israeli artist, Rafik Akram, in Brooklyn. He is based in Africa. He is best known for his works of art and for his work",99,60,0.6060606060606061,8.181649829917799,1.3999184135288104e-16,Watermarked,0.9999999999999999,78,0.6794871794871795,0.961038961038961,0.3205128205128205,2.0,2.0,2.0,8.634790937421654,8.634790937421654,2.9417268973834233e-18,True,1.0,,,0.32185185649120357,0.2878974204976112,0.83,977.35,,
8,Fixed Delta 3.0,3.0,,,"A version of this article appeared in the print edition of The Daily Star on July 12, 2018, on page 16. Assembled by Palestinian artist Said Baalbaki, the exhibition presents 50 of Abbo's sketches, etchings and"," photographs, which portray the unnamed character and the terrain on which Palestinian life is based. The room is decorated with rich, colourful ceramic tiles and fresh-cut furniture. The show is presented at the Golan Heights Art Gallery, located near the Israeli border. A demonstration of the show has taken place at the Israeli-Palestinian Peace and Justice Commission wall, located near the border. The show is also being displayed in Jerusalem. The opening of the exhibition is on August 9th. The show is also being",99,85,0.8585858585858586,13.984238361774393,9.727420363802437e-45,Watermarked,1.0,86,0.6162790697674418,0.8588235294117647,0.38372093023255816,3.0,3.0,3.0,12.475494079777665,12.475494079777665,5.0787095839800876e-36,True,1.0,,,0.3336644163938998,0.297889276240021,0.96,907.95,,
8,Current Adaptive Delta,adaptive,0.5,3.0,"A version of this article appeared in the print edition of The Daily Star on July 12, 2018, on page 16. Assembled by Palestinian artist Said Baalbaki, the exhibition presents 50 of Abbo's sketches, etchings and"," paintings. It features a set of photographs, drawings, paintings, drawings and photographs taken from the Israeli (not Israeli) side of the border, which began its campaign of construction in 1967. The Israeli side of the border is at the far end of the border, with scores of Israeli settlers building settlements in the West Bank and Gaza Strip. The Israeli side of the border is at the far end of the border with Jordan, which began its campaign of construction in 1967.

The Israeli side of",99,57,0.5757575757575758,7.4853392060950075,3.5681289972117485e-14,Watermarked,0.9999999999999644,86,0.43023255813953487,0.6235294117647059,0.5697674418604651,1.8766765701770782,1.6180340051651,2.4294393062591553,7.511650436333316,8.26773871896317,2.919326206406922e-14,True,0.9999999999999708,,,0.27230023705753276,0.3416889069322497,0.76,687.8,,
8,CA-KL,kl_adaptive,,3.0,"A version of this article appeared in the print edition of The Daily Star on July 12, 2018, on page 16. Assembled by Palestinian artist Said Baalbaki, the exhibition presents 50 of Abbo's sketches, etchings and"," paintings. It features a set of photographs, drawings, paintings, drawings and photographs taken from the Israeli (not Israeli) side in the Israeli-Palestinian conflict of the 1980s and 1990s. The photographs include a small portrait of Israeli Major-General Yael Hariri. The images are taken with a sharp camera flash and a small handheld camera, which can be used to move around with the camera in order to collect the photographs. The photographs are accompanied by videos, which capture the Israeli side in",99,58,0.5858585858585859,7.717442747369271,5.934340569241363e-15,Watermarked,0.9999999999999941,83,0.5662650602409639,0.9146341463414634,0.4337349397590361,,,,,,,,,0.4513908714365078,2.3462480163574218,0.32570527904593577,0.24558013753645355,1.0,50265.0,,0.5
8,CA-KL + Weighted Detector,kl_adaptive,,3.0,"A version of this article appeared in the print edition of The Daily Star on July 12, 2018, on page 16. Assembled by Palestinian artist Said Baalbaki, the exhibition presents 50 of Abbo's sketches, etchings and"," paintings. It features a set of photographs, drawings, paintings, drawings and photographs taken from the Israeli (not Israeli) side in the Israeli-Palestinian conflict of the 1980s and 1990s. The photographs include a small portrait of Israeli Major-General Yael Hariri. The images are taken with a sharp camera flash and a small handheld camera, which can be used to move around with the camera in order to collect the photographs. The photographs are accompanied by videos, which capture the Israeli side in",99,58,0.5858585858585859,7.717442747369271,5.934340569241363e-15,Watermarked,0.9999999999999941,83,0.5662650602409639,0.9146341463414634,0.4337349397590361,,,,8.693045987878454,8.693045987878454,1.764247327095592e-18,True,1.0,0.4513908714365078,2.3462480163574218,0.3257052870229996,0.2455801220347348,1.0,50265.0,,0.5
8,CA-KL + Candidate Greenlist,kl_adaptive,,3.0,"A version of this article appeared in the print edition of The Daily Star on July 12, 2018, on page 16. Assembled by Palestinian artist Said Baalbaki, the exhibition presents 50 of Abbo's sketches, etchings and"," paintings from the 19th to the 20th centuries.

Abbo is one of the Israeli artists, living in Jerusalem. He is one of the youngest Israeli artists, born in 1932 and born in 1945. He is also the son of the first Israeli president, Avi Neale, born in 1949 and born in Jerusalem. Abbo, also known as Abu Bork, was born in Jerusalem. He is the son of the first Israeli prime minister and the son of the first Israeli president",99,66,0.6666666666666666,9.574271077563381,5.1289159954110675e-22,Watermarked,1.0,80,0.45,0.6708860759493671,0.55,,,,9.29106591340161,9.29106591340161,7.637541129029667e-21,True,1.0,0.4096618022435315,2.4512956237792967,0.26988658649271535,0.36683963414281606,0.82,453.74,0.95,0.5
8,CA-KL + Candidate Greenlist + Weighted/WinMax,kl_adaptive,,3.0,"A version of this article appeared in the print edition of The Daily Star on July 12, 2018, on page 16. Assembled by Palestinian artist Said Baalbaki, the exhibition presents 50 of Abbo's sketches, etchings and"," paintings from the 19th to the 20th centuries.

Abbo is one of the Israeli artists, living in Jerusalem. He is one of the youngest Israeli artists, born in 1932 and born in 1945. He is also the son of the first Israeli president, Avi Neale, born in 1949. He is also the son of the first Palestinian president, Avi Beale, born in 1972.

He has lived a life of injustice and struggle against racism. He has made",99,67,0.6767676767676768,9.806374618837644,5.2848962805356706e-23,Watermarked,1.0,77,0.5324675324675324,0.7631578947368421,0.4675324675324676,,,,10.935125261573662,10.935125261573662,3.9148888294355987e-28,True,1.0,0.3910031253643628,1.9665866088867188,0.2776825975219744,0.35857296084985135,0.84,476.0,0.95,0.5
9,No Watermark,,,,"A blind man in his 60s is searching for the young man who pulled him back from an approaching train and saved his life last Thursday, Nov. 9. Mike Wyatt stood at the stairs to the Peoria train station in Aurora, Colorado,"," just outside of Phoenix. He was about to make a stop, he says, when his blind friend (not his name) pulled him onto the tracks.

Wyatt was walking with a friend in front of the train tracks. When the train rolled, Wyatt fell back onto his back, and he’s been searching for the man since.

“I’ve gone through a lot of things over the years,” Wyatt said. “I’",99,30,0.30303030303030304,1.2185435916898848,0.11150873497330749,Human/Unwatermarked,0.0,70,0.6857142857142857,0.9855072463768116,0.3142857142857143,,,,0.6326791483091679,1.4786418578523763,0.26347159463824743,False,0.0,,,0.23424435540122993,0.3487677005492151,0.79,253.96,,
9,Fixed Delta 1.0,1.0,,,"A blind man in his 60s is searching for the young man who pulled him back from an approaching train and saved his life last Thursday, Nov. 9. Mike Wyatt stood at the stairs to the Peoria train station in Aurora, Colorado,"," where he was jogging with a friend when he saw a train he wanted to board. He got off the train at 10:25 a.m. and was walking down the stairs, but as he walked down, he saw a man standing on the tracks. The man was not wearing a helmet and had a nose and mouth cut open. A man walking behind Wyatt stood there for a minute and then he saw a man in his 60s walking back towards him.

Wyatt�",99,41,0.41414141414141414,3.7716825457067866,8.107523404471492e-05,Human/Unwatermarked,0.0,84,0.6190476190476191,0.927710843373494,0.38095238095238093,1.0,1.0,1.0,4.5068014850979905,4.5068014850979905,3.290607597712658e-06,True,0.9999967093924023,,,0.2707706563660276,0.2770116297388449,0.88,291.0,,
9,Fixed Delta 2.0,2.0,,,"A blind man in his 60s is searching for the young man who pulled him back from an approaching train and saved his life last Thursday, Nov. 9. Mike Wyatt stood at the stairs to the Peoria train station in Aurora, Colorado,"," where he and another man were walking when a white man walked toward him. The man thought he was trying to help, but the man told him to keep walking. The black man then got up to walk in front of the man who was running away. A woman, also a blind man, said she followed a white man who was running away, so they stepped back and walked closer. The man then got back up on the stairs, looking for his friends, said Julie Soules, of Aurora",99,67,0.6767676767676768,9.806374618837644,5.2848962805356706e-23,Watermarked,1.0,88,0.6022727272727273,0.8735632183908046,0.3977272727272727,2.0,2.0,2.0,10.553928728484623,10.553928728484623,2.4358241823997064e-26,True,1.0,,,0.27827164256609055,0.26405551500618457,0.93,295.01,,
9,Fixed Delta 3.0,3.0,,,"A blind man in his 60s is searching for the young man who pulled him back from an approaching train and saved his life last Thursday, Nov. 9. Mike Wyatt stood at the stairs to the Peoria train station in Aurora, Colorado,"," where he and another man set out for an afternoon on an errand for his son. He got a call from the man who called a friend who wanted to help them out after they returned to their apartment. The friend was not with them and the man said “Thank you,” said Wyatt.“The lady said ‘What?’ and the man said ‘You are well. I can’t believe you are so young,’ and the man said",99,77,0.7777777777777778,12.127410031580283,3.7801435720337223e-34,Watermarked,1.0,76,0.631578947368421,0.8933333333333333,0.368421052631579,3.0,3.0,3.0,11.718324238326492,11.718324238326492,5.134153173884822e-32,True,1.0,,,0.26125130040477346,0.3274415294127539,0.84,282.44,,
9,Current Adaptive Delta,adaptive,0.5,3.0,"A blind man in his 60s is searching for the young man who pulled him back from an approaching train and saved his life last Thursday, Nov. 9. Mike Wyatt stood at the stairs to the Peoria train station in Aurora, Colorado,"," where he and another man were walking when a white man walked toward them. The man thought he was trying to help, but the man told him to keep walking. The man said he went back to make sure Wyatt wasn't going to hurt him. The man then ran away, leaving Wyatt dead in his tracks.

""It's a tough feeling,"" Wyatt said. ""I was scared and traumatized. I didn't know what to do. I just thought it was stupid, but it",99,53,0.5353535353535354,6.556925040997952,2.7464302917418046e-11,Watermarked,0.9999999999725357,81,0.654320987654321,0.9625,0.345679012345679,1.8030030047893524,1.6180340051651,2.2335619926452637,7.9788705455142255,7.9788705455142255,7.383917924640236e-16,True,0.9999999999999992,,,0.2529732278047267,0.27581761857494713,0.88,184.0,,
9,CA-KL,kl_adaptive,,3.0,"A blind man in his 60s is searching for the young man who pulled him back from an approaching train and saved his life last Thursday, Nov. 9. Mike Wyatt stood at the stairs to the Peoria train station in Aurora, Colorado,"," where he and another man were walking when a white man walked toward him. The man thought he was trying to help someone, but it turned out to be just one man. He was running away, but his father and brother were watching.

Wyatt, of Aurora, said the man asked for a ride home with the man who pulled him out of the train. He was scared and told them that if the man didn’t respond, he would not be able to help them",99,55,0.5555555555555556,7.021132123546479,1.100388069780592e-12,Watermarked,0.9999999999988997,85,0.6588235294117647,0.9285714285714286,0.3411764705882353,,,,,,,,,0.43513517863380546,2.3867486572265624,0.2583950027056439,0.2415302678011358,1.0,50265.0,,0.5
9,CA-KL + Weighted Detector,kl_adaptive,,3.0,"A blind man in his 60s is searching for the young man who pulled him back from an approaching train and saved his life last Thursday, Nov. 9. Mike Wyatt stood at the stairs to the Peoria train station in Aurora, Colorado,"," where he and another man were walking when a white man walked toward him. The man thought he was trying to help someone, but it turned out to be just one man. He was running away, but his father and brother were watching.

Wyatt, of Aurora, said the man asked for a ride home with the man who pulled him out of the train. He was scared and told them that if the man didn’t respond, he would not be able to help them",99,55,0.5555555555555556,7.021132123546479,1.100388069780592e-12,Watermarked,0.9999999999988997,85,0.6588235294117647,0.9285714285714286,0.3411764705882353,,,,8.326158311201258,8.326158311201258,4.175405572420792e-17,True,1.0,0.43513517863380546,2.3867486572265624,0.25839501256088176,0.24153025575127685,1.0,50265.0,,0.5
9,CA-KL + Candidate Greenlist,kl_adaptive,,3.0,"A blind man in his 60s is searching for the young man who pulled him back from an approaching train and saved his life last Thursday, Nov. 9. Mike Wyatt stood at the stairs to the Peoria train station in Aurora, Colorado,", where he and another man were walking when a white man walked over. The man said that the man walked over to him while his and Wyatt's legs were wrapped in his black shirt. The blind man said his father had grabbed Wyatt from behind while the man walked over to him. The blind man said that the man walked over to him while his father and Wyatt stood behind him while his father and Wyatt stood. The blind man said that the man walked over to him while his father and Wyatt stood behind,99,79,0.797979797979798,12.59161711412881,1.17406494602355e-36,Watermarked,1.0,95,0.3473684210526316,0.5212765957446809,0.6526315789473685,,,,11.40356264986701,11.40356264986701,2.0067580895447756e-30,True,1.0,0.39990647185163825,2.519113311767578,0.2187061817827298,0.39212577213533223,0.82,177.6,0.95,0.5
9,CA-KL + Candidate Greenlist + Weighted/WinMax,kl_adaptive,,3.0,"A blind man in his 60s is searching for the young man who pulled him back from an approaching train and saved his life last Thursday, Nov. 9. Mike Wyatt stood at the stairs to the Peoria train station in Aurora, Colorado,"," where he and another man were walking when a white man walked over. The man said that the man walked over to him while his and Wyatt’s car was parked in front of the train station. He ran onto the sidewalk, where Wyatt stood at the side while the man walked over to him. The man said that they both had been in the train, but both were wearing masks, and Wyatt said that Wyatt kept pointing at his shoes because they were uncomfortable for him. The man said that",99,62,0.6262626262626263,8.645856912466327,2.6701500224408945e-18,Watermarked,1.0,91,0.5274725274725275,0.8,0.4725274725274725,,,,10.977001787256025,10.977001787256025,2.465079388780456e-28,True,1.0,0.4309797245199897,2.129783935546875,0.2606290342555428,0.28039191267453134,0.9,244.94,0.95,0.5
10,No Watermark,,,,"After Kevin’s horrific leg injury, everyone is asking: will he ever play basketball again? Dr. Glashow, co-chief of sports medicine at Mount Sinai Medical Center, tells HollywoodLife.com exclusively if Kevin will ever be back"," in the NBA.

“It’s kind of like you’re in a dark room,” Glashow explains. “I can hear what’s going on and I can see what is happening, but I’m not there, and I’m not there with you. I’m not there with you.”

But after Kevin’s horrific leg injury, everyone is asking: will he ever be back",99,18,0.18181818181818182,-1.5666989036012806,0.941407456400931,Human/Unwatermarked,0.0,63,0.6666666666666666,0.8387096774193549,0.33333333333333337,,,,-0.11477051404039898,1.068943504710038,0.5456864895146005,False,0.0,,,0.18227436611009745,0.39537593342829497,0.65,140.9,,
10,Fixed Delta 1.0,1.0,,,"After Kevin’s horrific leg injury, everyone is asking: will he ever play basketball again? Dr. Glashow, co-chief of sports medicine at Mount Sinai Medical Center, tells HollywoodLife.com exclusively if Kevin will ever be back"," in the NBA. He says he and wife Jennifer were in Los Angeles for his birthday and he got a call from the league asking if Kevin could be on the court.

“I told him no and he said ‘let’s see what happens.’ It was weird. I’ve been with Kevin since the beginning of the year. He’s always been really good,” Glashow tells HollywoodLife.com. “I’",99,41,0.41414141414141414,3.7716825457067866,8.107523404471492e-05,Human/Unwatermarked,0.0,69,0.7681159420289855,0.9852941176470589,0.23188405797101452,1.0,1.0,1.0,4.981862461644747,4.981862461644747,3.1487595301349674e-07,True,0.999999685124047,,,0.22844155927185927,0.37847647255286576,0.78,216.46,,
10,Fixed Delta 2.0,2.0,,,"After Kevin’s horrific leg injury, everyone is asking: will he ever play basketball again? Dr. Glashow, co-chief of sports medicine at Mount Sinai Medical Center, tells HollywoodLife.com exclusively if Kevin will ever be back"," in the NBA? We thought he would have to let everyone know.

“He got a lot better,” Glashow explains. “He became more comfortable with it. He gets better at dealing with it. He’s gotten more comfortable with it, which is very important to him. He’s got so much more confidence now. He’s got a lot more confidence in everybody around him. He’s got a lot more confidence in",99,60,0.6060606060606061,8.181649829917799,1.3999184135288104e-16,Watermarked,0.9999999999999999,72,0.5416666666666666,0.7323943661971831,0.45833333333333337,2.0,2.0,2.0,7.032398650454727,7.032398650454727,1.0150638261603352e-12,True,0.9999999999989849,,,0.21637409814845363,0.41726717228069904,0.79,152.42,,
10,Fixed Delta 3.0,3.0,,,"After Kevin’s horrific leg injury, everyone is asking: will he ever play basketball again? Dr. Glashow, co-chief of sports medicine at Mount Sinai Medical Center, tells HollywoodLife.com exclusively if Kevin will ever be back"," in the NBA? We set out this question with Dr. glashow in order to answer this question.

Kevin, what is your life like right now?

Kevin, what is your life like right now?

Kevin, what is your life like right now? What is your life like right now? What is your life like right now? What is your life like right now? What is your life like right now? What is your life like right now? What is",99,74,0.7474747474747475,11.431099407757491,1.4619162413214889e-30,Watermarked,1.0,78,0.28205128205128205,0.3246753246753247,0.717948717948718,3.0,3.0,3.0,8.012732785576443,8.012732785576443,5.609360877058555e-16,True,0.9999999999999994,,,0.12849559244875028,0.6336550102895125,0.42,141.51,,
10,Current Adaptive Delta,adaptive,0.5,3.0,"After Kevin’s horrific leg injury, everyone is asking: will he ever play basketball again? Dr. Glashow, co-chief of sports medicine at Mount Sinai Medical Center, tells HollywoodLife.com exclusively if Kevin will ever be back", in the NBA. He says he and wife Jennifer Oklouk are happy to hear that Kevin has made a full recovery. He and Jennifer spoke to HollywoodLife.com about Kevin’s injuries.,41,23,0.5609756097560976,4.598515136803904,2.1275640173374973e-06,Watermarked,0.9999978724359827,32,0.8125,0.967741935483871,0.1875,1.8375191120874315,1.6180340051651,2.3644213676452637,6.108282800246493,6.233667795633334,5.035439595832199e-10,True,0.999999999496456,,,0.26341013192233953,0.35743821668438613,0.8571428571428571,417.6666666666667,,
10,CA-KL,kl_adaptive,,3.0,"After Kevin’s horrific leg injury, everyone is asking: will he ever play basketball again? Dr. Glashow, co-chief of sports medicine at Mount Sinai Medical Center, tells HollywoodLife.com exclusively if Kevin will ever be back"," in the NBA? We thought he would have to let everyone, he says, ""come along"". (Hint, that was a joke, not an honest one. Back when Kevin collected 70 points while his father, Michael, averaged 67), the first thing Kevin has said was that, ""I’ll be there every minute,"" with patience and a lot of work.

""He’ll be there every minute,"" Michael said. ""He has not been out for long.""",99,69,0.696969696969697,10.270581701386172,4.781315307935896e-25,Watermarked,1.0,72,0.7638888888888888,0.9436619718309859,0.23611111111111116,,,,,,,,,0.4743648628536728,2.290444793701172,0.30500185154674087,0.22359453123848652,1.0,50265.0,,0.5
10,CA-KL + Weighted Detector,kl_adaptive,,3.0,"After Kevin’s horrific leg injury, everyone is asking: will he ever play basketball again? Dr. Glashow, co-chief of sports medicine at Mount Sinai Medical Center, tells HollywoodLife.com exclusively if Kevin will ever be back"," in the NBA? We thought he would have to let everyone, he says, ""come along"". (Hint, that was a joke, not an honest one. Back when Kevin collected 70 points while his father, Michael, averaged 67), the first thing Kevin has said was that, ""I’ll be there every minute,"" with patience and a lot of work.

""He’ll be there every minute,"" Michael said. ""He has not been out for long.""",99,69,0.696969696969697,10.270581701386172,4.781315307935896e-25,Watermarked,1.0,72,0.7638888888888888,0.9436619718309859,0.23611111111111116,,,,10.943526331901317,10.943526331901317,3.568442575785418e-28,True,1.0,0.4743648628536728,2.290444793701172,0.30500182637623086,0.22359443535882748,1.0,50265.0,,0.5
10,CA-KL + Candidate Greenlist,kl_adaptive,,3.0,"After Kevin’s horrific leg injury, everyone is asking: will he ever play basketball again? Dr. Glashow, co-chief of sports medicine at Mount Sinai Medical Center, tells HollywoodLife.com exclusively if Kevin will ever be back"," in the NBA. He says he and wife Jennifer Oklouk are happy with their baby’s progress but also say they’re still hopeful for his return, which is why Kevin must be in for another year of therapy.

Kevin and Jennifer Oklouk received their baby’s first surgery and they’ve had to train, get his head checked out, and take his parents, all of whom have been supportive of the couple for years. The surgery took place",99,66,0.6666666666666666,9.574271077563381,5.1289159954110675e-22,Watermarked,1.0,79,0.7341772151898734,0.9615384615384616,0.26582278481012656,,,,11.140346600077807,11.140346600077807,3.990407251993878e-29,True,1.0,0.4395778751201717,2.3303672790527346,0.30384116385477866,0.2914258041605353,0.87,586.28,0.95,0.5
10,CA-KL + Candidate Greenlist + Weighted/WinMax,kl_adaptive,,3.0,"After Kevin’s horrific leg injury, everyone is asking: will he ever play basketball again? Dr. Glashow, co-chief of sports medicine at Mount Sinai Medical Center, tells HollywoodLife.com exclusively if Kevin will ever be back"," in the NBA. He says he and wife Jennifer Oklouk are happy with their baby’s progress but also say they’re still hopeful for his return, which is why Kevin must be in for another year of therapy.

Kevin and Jennifer Oklouk received their baby’s first surgery and they’ve had to train, get his head checked out, and take his parents, all of whom have been supportive of the couple for years. The surgery took place",99,66,0.6666666666666666,9.574271077563381,5.1289159954110675e-22,Watermarked,1.0,79,0.7341772151898734,0.9615384615384616,0.26582278481012656,,,,11.140346600077807,11.140346600077807,3.990407251993878e-29,True,1.0,0.42174625675998245,1.9596670532226563,0.30384116385477866,0.2914258041605353,0.87,586.28,0.95,0.5
11,No Watermark,,,,This month some important Walmart news did not get the attention it deserved. The news wasn't some flashy announcement about virtual reality or about some new service for busy Manhattanites. It was something much more subtle and much more substantive. It was the hire," of a new CEO. And the news was also the hiring of a new CEO who thought Walmart was doing a better job than it had been for the last 20 years.

The big real news is that Amazon is going to have a new chief executive. The news was reported by several organizations, and it’s a good thing that Amazon is getting a new CEO. Amazon’s new chief executive, Jay Clayton, will be responsible for cutting costs, not hiring. The news may",99,26,0.26262626262626265,0.29012942659282975,0.38585861217276185,Human/Unwatermarked,0.0,85,0.6,0.8452380952380952,0.4,,,,0.08004122647519875,1.475509631428962,0.46810223357525405,False,0.0,,,0.30164060783000185,0.3045922285504639,0.86,523.13,,
11,Fixed Delta 1.0,1.0,,,This month some important Walmart news did not get the attention it deserved. The news wasn't some flashy announcement about virtual reality or about some new service for busy Manhattanites. It was something much more subtle and much more substantive. It was the hire," of a leading retailer to set up an entire new service for its customers. Walmart was not only creating a new retail experience for its customers, but also making it much easier for them to shop online.

This month Walmart announced that it had partnered with the world's largest retailer to offer the first virtual reality experience for shoppers at Target. The company also announced that it was offering a ""virtual reality experience"" that will launch in the first quarter of this year. All of this is just one aspect",99,46,0.46464646464646464,4.932200252078106,4.0654247701977057e-07,Watermarked,0.999999593457523,90,0.6555555555555556,0.8876404494382022,0.34444444444444444,1.0,1.0,1.0,4.236316035305499,4.586045978897256,1.1360845760326157e-05,True,0.9999886391542396,,,0.3008120992318896,0.2980621413886547,0.93,540.59,,
11,Fixed Delta 2.0,2.0,,,This month some important Walmart news did not get the attention it deserved. The news wasn't some flashy announcement about virtual reality or about some new service for busy Manhattanites. It was something much more subtle and much more substantive. It was the hire, of Scott Danner to write a column for Walmart on the subject. Danner was not fired for his job but rather for his extensive coverage of the company. Danner has done a great job with some of these issues since the beginning. But the first thing to notice was that Walmart was not trying to make a splash and it was not trying to sell a lot of things. The company was not trying to make a splash and it was not trying to sell a lot of things. The company was,99,64,0.6464646464646465,9.110063995014853,4.116669580158606e-20,Watermarked,1.0,92,0.4673913043478261,0.7142857142857143,0.5326086956521738,2.0,2.0,2.0,10.162322365945643,10.162322365945643,1.4601798275225252e-24,True,1.0,,,0.3078740213220849,0.31773452506400646,0.85,646.64,,
11,Fixed Delta 3.0,3.0,,,This month some important Walmart news did not get the attention it deserved. The news wasn't some flashy announcement about virtual reality or about some new service for busy Manhattanites. It was something much more subtle and much more substantive. It was the hire," of Scott Danner of the Detroit and Toronto-based marketing firm, Dutton Marketing, which had been in the business for years and was one of the first in Silicon Valley (and many other places). He is well-known by its own name, Dutton Marketing, because it has become one of the leading brands in digital-first communication, marketing and communications. Danner has been in business in Silicon Valley since the beginning of the decade, and it has become his trademark. The company has",99,79,0.797979797979798,12.59161711412881,1.17406494602355e-36,Watermarked,1.0,83,0.5903614457831325,0.8780487804878049,0.40963855421686746,3.0,3.0,3.0,13.00443096770899,13.00443096770899,5.7727547359220406e-39,True,1.0,,,0.3135610254681791,0.2892400577617809,0.9,823.93,,
11,Current Adaptive Delta,adaptive,0.5,3.0,This month some important Walmart news did not get the attention it deserved. The news wasn't some flashy announcement about virtual reality or about some new service for busy Manhattanites. It was something much more subtle and much more substantive. It was the hire," of Scott Danner to write a column for Walmart on the subject. Danner was not fired for his words but rather for his actions. The big news of the month was that Walmart had established a retail partnership with Mobile World Congress – a giant company that the company has acquired several times – to provide a gift to consumers in Japan. This is something that the company has been offering for years. Because of this deal, the company has gotten a lot of attention. Not only that, but it has",99,64,0.6464646464646465,9.110063995014853,4.116669580158606e-20,Watermarked,1.0,89,0.6292134831460674,0.9318181818181818,0.3707865168539326,1.936113990545273,1.6180340051651,2.491273880004883,9.8891655762669,9.8891655762669,2.3193909306220772e-23,True,1.0,,,0.32472708128842964,0.2619200278073549,0.93,696.0,,
11,CA-KL,kl_adaptive,,3.0,This month some important Walmart news did not get the attention it deserved. The news wasn't some flashy announcement about virtual reality or about some new service for busy Manhattanites. It was something much more subtle and much more substantive. It was the hire," of Scott Danner to write a column for Walmart on the subject. Danner has spent the past five years running the business in a highly specialized office setting in an office that was both large and productive. He is well-liked by most of the users at Walmart. Danner has spent most of the last decade working with thousands of customers in the Amazon and Walmart stores. He makes a great reference in his column, which appears in his current form. Danner has worked at other major retailers",99,67,0.6767676767676768,9.806374618837644,5.2848962805356706e-23,Watermarked,1.0,88,0.6704545454545454,0.9310344827586207,0.3295454545454546,,,,,,,,,0.4697305635739321,2.3167529296875,0.3163922222661497,0.25971162371337414,1.0,50265.0,,0.5
11,CA-KL + Weighted Detector,kl_adaptive,,3.0,This month some important Walmart news did not get the attention it deserved. The news wasn't some flashy announcement about virtual reality or about some new service for busy Manhattanites. It was something much more subtle and much more substantive. It was the hire," of Scott Danner to write a column for Walmart on the subject. Danner has spent the past five years running the business in a highly specialized office setting in an office that was both large and productive. He is well-liked by most of the users at Walmart. Danner has spent most of the last decade working with thousands of customers in the Amazon and Walmart stores. He makes a great reference in his column, which appears in his current form. Danner has worked at other major retailers",99,67,0.6767676767676768,9.806374618837644,5.2848962805356706e-23,Watermarked,1.0,88,0.6704545454545454,0.9310344827586207,0.3295454545454546,,,,10.47424821473662,10.47424821473662,5.67176489112735e-26,True,1.0,0.4697305635739321,2.3167529296875,0.3163922611345482,0.2597115780890454,1.0,50265.0,,0.5
11,CA-KL + Candidate Greenlist,kl_adaptive,,3.0,This month some important Walmart news did not get the attention it deserved. The news wasn't some flashy announcement about virtual reality or about some new service for busy Manhattanites. It was something much more subtle and much more substantive. It was the hire," of Scott Condon to write a column for Walmart on the subject. Condon has spent the past five years running the business in a highly specialized office space in West Village, New York City. He is well-known for his creative writing and the fact that he has won numerous awards for his work. He’s a creative writer with experience in both storytelling and creative writing, with some of the best-known works in the business.

In this situation, Walmart is looking for this",99,58,0.5858585858585859,7.717442747369271,5.934340569241363e-15,Watermarked,0.9999999999999941,85,0.6470588235294118,0.9523809523809523,0.3529411764705882,,,,9.428043996270075,9.428043996270075,2.0890365811014013e-21,True,1.0,0.4380343886980147,2.3677706909179688,0.30409353472826933,0.2925600704085082,0.92,626.29,0.95,0.5
11,CA-KL + Candidate Greenlist + Weighted/WinMax,kl_adaptive,,3.0,This month some important Walmart news did not get the attention it deserved. The news wasn't some flashy announcement about virtual reality or about some new service for busy Manhattanites. It was something much more subtle and much more substantive. It was the hire," of Scott Condon to write a column for Walmart on the subject. Condon has spent the past five years running the business in a highly specialized office space in West Village, New York City. He is well-known for his creative writing and the fact that he has won numerous awards for his work. He’s a creative writer with experience in both storytelling and creative writing, with some of the best-known works in the business.

In this situation, Walmart is looking for this",99,58,0.5858585858585859,7.717442747369271,5.934340569241363e-15,Watermarked,0.9999999999999941,85,0.6470588235294118,0.9523809523809523,0.3529411764705882,,,,9.428043996270075,9.428043996270075,2.0890365811014013e-21,True,1.0,0.4309860269597616,2.128709564208984,0.30409353472826933,0.2925600704085082,0.92,626.29,0.95,0.5
12,No Watermark,,,,"University of Utah track and field athlete Lauren McCluskey was found shot dead Monday night in the backseat of a vehicle outside a campus dormitory, according to university police. The suspected shooter was 37-year-old Melvin Rowland, a man"," who is known to police for being involved in several recent shootings, he said.
The shooting happened around 9:30 p.m. Tuesday in the 100 block of North East 27th Street, police said.
""There was a gunshot wound to the backseat of a vehicle, and she was found inside of it with gunshot wounds,"" police said.
McCluskey was pronounced dead at the scene, police said.
Rowland was a former track and field athlete at the University",99,21,0.21212121212121213,-0.8703882797784892,0.807955875263074,Human/Unwatermarked,0.0,77,0.7142857142857143,0.9473684210526315,0.2857142857142857,,,,0.6312742423618608,2.5319173643157593,0.26393061280294716,False,0.0,,,0.2113212566816176,0.2765225873189047,0.72,308.76,,
12,Fixed Delta 1.0,1.0,,,"University of Utah track and field athlete Lauren McCluskey was found shot dead Monday night in the backseat of a vehicle outside a campus dormitory, according to university police. The suspected shooter was 37-year-old Melvin Rowland, a man"," who is known to athletics and the University of Utah athletics department, police said.

The University of Utah track and field athlete and two other athletes were killed in the shooting, which occurred just as police were checking in for a possible shooting investigation, The Salt Lake Tribune reported.

Rowland was found to have been shot with a.40-caliber handgun in his vehicle, police said. Rowland was taken to the hospital with a life-threatening gunshot wound, police said.

",99,35,0.35353535353535354,2.379061298061204,0.008678394706350628,Human/Unwatermarked,0.0,80,0.675,0.9113924050632911,0.32499999999999996,1.0,1.0,1.0,3.400813848579461,3.400813848579461,0.0003359278121602412,False,0.0,,,0.2093364090837767,0.3869315824005753,0.72,246.36,,
12,Fixed Delta 2.0,2.0,,,"University of Utah track and field athlete Lauren McCluskey was found shot dead Monday night in the backseat of a vehicle outside a campus dormitory, according to university police. The suspected shooter was 37-year-old Melvin Rowland, a man"," who traveled from Utah to Changzhou, China, on Sept. 27 to sell weapons to homeless people and groups of students, according to police. The university said Rowland was engaged in an ""unrelated incident,"" but it declined further comment.

""Lauren McCluskey, our University Track and Field Athlete, was murdered,"" Cardinal Bruce Ritchie, co-president of the athletic committee, said in a statement. McCluskey was a track and field athlete from Utah.
",99,57,0.5757575757575758,7.4853392060950075,3.5681289972117485e-14,Watermarked,0.9999999999999644,70,0.7285714285714285,0.9420289855072463,0.27142857142857146,2.0,2.0,2.0,9.738471710943243,9.738471710943243,1.0331928492791454e-22,True,1.0,,,0.24060764746843996,0.33857715206220745,0.76,390.14,,
12,Fixed Delta 3.0,3.0,,,"University of Utah track and field athlete Lauren McCluskey was found shot dead Monday night in the backseat of a vehicle outside a campus dormitory, according to university police. The suspected shooter was 37-year-old Melvin Rowland, a man"," who traveled from Utah to Changzhou, China, on Sept. 2, according to reports. The investigation is still under way, and police said the first scene is still under investigation. The scene is located in front of the dormitory.

""It's a horrific tragedy,"" BYU athletic director Frank Mason Jr. said during the school's training and competition days in 2010. ""Unfortunately, Lauren McCluskey lost her life shortly before the start of the football team's fall practices, where she",99,73,0.7373737373737373,11.198995866483228,2.061905353433795e-29,Watermarked,1.0,76,0.7763157894736842,0.9466666666666667,0.22368421052631582,3.0,3.0,3.0,11.434682922024786,11.434682922024786,1.402798715644493e-30,True,1.0,,,0.2572807687463663,0.33790557632222773,0.77,404.11,,
12,Current Adaptive Delta,adaptive,0.5,3.0,"University of Utah track and field athlete Lauren McCluskey was found shot dead Monday night in the backseat of a vehicle outside a campus dormitory, according to university police. The suspected shooter was 37-year-old Melvin Rowland, a man"," who traveled from Utah to Changzhou, China, on Sept. 27 to sell weapons to homeless people and groups of students, according to police.

The backpack McCluskey was wearing had been shot in the chest by a student at the time. A source with knowledge of the incident told The Salt Lake Tribune that McCluskey’s body was found in a backpack left near the entrance to the dormitory, which was rented from the student apartment complex for homeless people. The student was",99,58,0.5858585858585859,7.717442747369271,5.934340569241363e-15,Watermarked,0.9999999999999941,82,0.6829268292682927,0.9753086419753086,0.31707317073170727,1.8399059081077576,1.6180340051651,2.4071319103240967,9.864437274818375,9.864437274818375,2.9683194143713103e-23,True,1.0,,,0.26132147352764634,0.3106311670364812,0.84,478.66,,
12,CA-KL,kl_adaptive,,3.0,"University of Utah track and field athlete Lauren McCluskey was found shot dead Monday night in the backseat of a vehicle outside a campus dormitory, according to university police. The suspected shooter was 37-year-old Melvin Rowland, a man"," who traveled from Utah to Changzhou, China, on Sept. 2, according to reports. University police said Rowland was wearing a black baseball hat and a backpack and was engaged in an ""aggressive"" fight with officers. He was shot around 7 p.m. at a residence, which has been identified to law enforcement as a ""suicide-ramp."" According to reports from the scene, Rowland was wearing a black baseball hat and a backpack and was engaged in an ""aggressive""",99,59,0.5959595959595959,7.949546288643535,9.359791413521555e-16,Watermarked,0.9999999999999991,78,0.6410256410256411,0.7792207792207793,0.3589743589743589,,,,,,,,,0.38904355415263236,2.521500549316406,0.24370803673384756,0.29935029649059286,1.0,50265.0,,0.5
12,CA-KL + Weighted Detector,kl_adaptive,,3.0,"University of Utah track and field athlete Lauren McCluskey was found shot dead Monday night in the backseat of a vehicle outside a campus dormitory, according to university police. The suspected shooter was 37-year-old Melvin Rowland, a man"," who traveled from Utah to Changzhou, China, on Sept. 2, according to reports. University police said Rowland was wearing a black baseball hat and a backpack and was engaged in an ""aggressive"" fight with officers. He was shot around 7 p.m. at a residence, which has been identified to law enforcement as a ""suicide-ramp."" According to reports from the scene, Rowland was wearing a black baseball hat and a backpack and was engaged in an ""aggressive""",99,59,0.5959595959595959,7.949546288643535,9.359791413521555e-16,Watermarked,0.9999999999999991,78,0.6410256410256411,0.7792207792207793,0.3589743589743589,,,,8.156631190012952,8.156631190012952,1.7224914304202038e-16,True,0.9999999999999998,0.38904355415263236,2.521500549316406,0.24370802088758484,0.29935032864239475,1.0,50265.0,,0.5
12,CA-KL + Candidate Greenlist,kl_adaptive,,3.0,"University of Utah track and field athlete Lauren McCluskey was found shot dead Monday night in the backseat of a vehicle outside a campus dormitory, according to university police. The suspected shooter was 37-year-old Melvin Rowland, a man"," who traveled from Utah to Changzhou, China, on Sept. 2, according to authorities. The investigation is still ongoing, according to police.

The backpack McCluskey was wearing had her bloodshot eyes in it at the time. The university said investigators were unable to determine the cause of the fatal shooting, and it has not been clear how it got her. She was taken to Changzhou University Medical Center, where she was pronounced dead. The university said it has no further details on",99,61,0.6161616161616161,8.413753371192062,1.9854759384111046e-17,Watermarked,1.0,81,0.7037037037037037,0.925,0.2962962962962963,,,,10.268241985133168,10.268241985133168,4.898685441708094e-25,True,1.0,0.4240547159841438,2.437782897949219,0.235101072365319,0.3243666603416204,0.84,294.79,0.95,0.5
12,CA-KL + Candidate Greenlist + Weighted/WinMax,kl_adaptive,,3.0,"University of Utah track and field athlete Lauren McCluskey was found shot dead Monday night in the backseat of a vehicle outside a campus dormitory, according to university police. The suspected shooter was 37-year-old Melvin Rowland, a man"," who traveled from Utah to Changzhou, China, on Sept. 2, according to authorities. The investigation is still ongoing, according to police.

The backpack McCluskey was wearing had her bloodshot eyes in it at the time. The university said investigators were unable to determine the cause of the fatal shooting, and it has not been clear how it got her. She was taken to Changzhou University Medical Center, where she was pronounced dead. The university said it has no further details on",99,61,0.6161616161616161,8.413753371192062,1.9854759384111046e-17,Watermarked,1.0,81,0.7037037037037037,0.925,0.2962962962962963,,,,10.268241985133168,10.268241985133168,4.898685441708094e-25,True,1.0,0.41066518818356296,1.9617759704589843,0.235101072365319,0.3243666603416204,0.84,294.79,0.95,0.5
13,No Watermark,,,,The Linux kernel now includes everything that is needed to use 3D acceleration with all GeForce graphics chips. Drivers have also been added for a Wireless Gigabit chip and a PCIe WLAN chip from Realtek. In his email announcing the release of Linux," 3D acceleration, Serghei Khandani, Director, Linux Foundation, said that AMD has added support for the AMD Radeon RX 470, RX 470/Radeon RX 550, RX 550/Radeon RX 550/Radeon RX 550/Radeon RX 550/Radeon RX 550/Radeon RX 550/Radeon RX 550/Radeon RX 550/Radeon RX 550/Radeon RX 550/Radeon RX 550/Radeon RX 550/Radeon RX 550/",99,49,0.494949494949495,5.628510875900897,9.088602153646789e-09,Watermarked,0.9999999909113978,62,0.3064516129032258,0.3770491803278688,0.6935483870967742,,,,2.4310816965807156,2.798733358608415,0.007526909886598318,False,0.0,,,0.1848689255835116,0.5182327023637481,0.49,446.52,,
13,Fixed Delta 1.0,1.0,,,The Linux kernel now includes everything that is needed to use 3D acceleration with all GeForce graphics chips. Drivers have also been added for a Wireless Gigabit chip and a PCIe WLAN chip from Realtek. In his email announcing the release of Linux," 3D acceleration, Linux kernel director Brad Pitt also noted that, “The Linux kernel, along with its partners, has created a culture that allows users to enjoy and enjoy the latest and greatest technologies while still having access to the widest selection of the latest hardware.”

“The latest driver’s release is now available,” said Pitt. “The kernel and its partners have created a culture that allows users to enjoy and enjoy the latest and greatest technologies while still",99,43,0.43434343434343436,4.235889628255314,1.138242922895398e-05,Watermarked,0.9999886175707711,78,0.5512820512820513,0.7402597402597403,0.4487179487179487,1.0,1.0,1.0,5.840586008238799,6.031544459768588,2.6008760819600034e-09,True,0.9999999973991239,,,0.25660964778339274,0.4037439321167767,0.7,546.9,,
13,Fixed Delta 2.0,2.0,,,The Linux kernel now includes everything that is needed to use 3D acceleration with all GeForce graphics chips. Drivers have also been added for a Wireless Gigabit chip and a PCIe WLAN chip from Realtek. In his email announcing the release of Linux," Desktop and Windows 10, Linux Kernel President George H. Sundstrom stated that the Linux drivers are ""available for all operating systems, and there are a lot of options."" This will ensure that the Linux desktop and Windows 10 drivers can be used to enable 3D acceleration with all GeForce graphics chips. The company also announced that there will be a wall-mounted dual-core AMD Radeon RX 7500 and Radeon R7700 GPU in the premium series of graphics cards and for the first time, the company",99,64,0.6464646464646465,9.110063995014853,4.116669580158606e-20,Watermarked,1.0,86,0.6744186046511628,0.9294117647058824,0.32558139534883723,2.0,2.0,2.0,8.734879847904226,8.734879847904226,1.2195762987358262e-18,True,1.0,,,0.3231329902158108,0.2866044331435114,0.89,702.04,,
13,Fixed Delta 3.0,3.0,,,The Linux kernel now includes everything that is needed to use 3D acceleration with all GeForce graphics chips. Drivers have also been added for a Wireless Gigabit chip and a PCIe WLAN chip from Realtek. In his email announcing the release of Linux," Desktop and Windows 10, Linux Kernel President George Stagg writes, “The latest driver release for Linux Desktop and Windows 10 includes and introduces many improvements to performance as well as improved support for real time 3D acceleration with all of the Advanced Micro Devices GeForce graphics processors. The driver update includes support for “‘fully customizable’ wall graphics”, which provides faster and deeper 3D acceleration with all of the Advanced Micro Devices GeForce graphics processors. For drivers released recently, Linux Desktop and",99,70,0.7070707070707071,10.502685242660437,4.197862382006365e-26,Watermarked,1.0,81,0.6049382716049383,0.7875,0.3950617283950617,3.0,3.0,3.0,11.929533630813879,11.929533630813879,4.1518694457047004e-33,True,1.0,,,0.2866287698514241,0.368231200883165,0.81,754.97,,
13,Current Adaptive Delta,adaptive,0.5,3.0,The Linux kernel now includes everything that is needed to use 3D acceleration with all GeForce graphics chips. Drivers have also been added for a Wireless Gigabit chip and a PCIe WLAN chip from Realtek. In his email announcing the release of Linux," Desktop and Windows 10, Linux Kernel President George H. Brown, said the Linux Desktop and Windows 10 ""aim to provide a stable and secure user experience for gamers, developers, and businesses."" Linux Desktop and Windows 10 ""include a dedicated driver library for graphics and sound, and a dedicated driver library for graphics and sound cards,"" with the Linux Desktop and Windows 10 ""include a dedicated driver library for graphics and sound cards,"" with the Linux Desktop and Windows 10 ""include a dedicated driver library for graphics and",99,88,0.8888888888888888,14.680548985597184,4.2946110947537405e-49,Watermarked,1.0,87,0.367816091954023,0.4883720930232558,0.632183908045977,1.8965729320049285,1.6180340051651,2.503523111343384,10.252531531152306,10.252531531152306,5.764195559298679e-25,True,1.0,,,0.2771426687604742,0.4512850475264713,0.72,662.58,,
13,CA-KL,kl_adaptive,,3.0,The Linux kernel now includes everything that is needed to use 3D acceleration with all GeForce graphics chips. Drivers have also been added for a Wireless Gigabit chip and a PCIe WLAN chip from Realtek. In his email announcing the release of Linux," Desktop and Windows 10, Linux Kernel President George H. Sundstrom stated that the Linux drivers have also been fixed and the Windows 10 and Linux Desktop operating systems will not be switched on. The driver for Linux Desktop and Windows 10, supported by Linux Desktop and Windows 10, are now supported by Linux Desktop and Windows 10, and Windows 10, supported by Linux Desktop and Windows 10, supported by Linux Desktop and Windows 10, supported by Linux Desktop and Windows 10, supported by Linux Desktop and Windows 10,",99,92,0.9292929292929293,15.60896315069424,3.1628319644701572e-55,Watermarked,1.0,88,0.3522727272727273,0.47126436781609193,0.6477272727272727,,,,,,,,,0.2938603519380618,2.6890599060058595,0.22354116590200618,0.5888444355595857,1.0,50265.0,,0.5
13,CA-KL + Weighted Detector,kl_adaptive,,3.0,The Linux kernel now includes everything that is needed to use 3D acceleration with all GeForce graphics chips. Drivers have also been added for a Wireless Gigabit chip and a PCIe WLAN chip from Realtek. In his email announcing the release of Linux," Desktop and Windows 10, Linux Kernel President George H. Sundstrom stated that the Linux drivers have also been fixed and the Windows 10 and Linux Desktop operating systems will not be switched on. The driver for Linux Desktop and Windows 10, supported by Linux Desktop and Windows 10, are now supported by Linux Desktop and Windows 10, and Windows 10, supported by Linux Desktop and Windows 10, supported by Linux Desktop and Windows 10, supported by Linux Desktop and Windows 10, supported by Linux Desktop and Windows 10,",99,92,0.9292929292929293,15.60896315069424,3.1628319644701572e-55,Watermarked,1.0,88,0.3522727272727273,0.47126436781609193,0.6477272727272727,,,,9.00094287088494,9.00094287088494,1.118936916586318e-19,True,1.0,0.2938603519380618,2.6890599060058595,0.22354113052142224,0.5888444423116743,1.0,50265.0,,0.5
13,CA-KL + Candidate Greenlist,kl_adaptive,,3.0,The Linux kernel now includes everything that is needed to use 3D acceleration with all GeForce graphics chips. Drivers have also been added for a Wireless Gigabit chip and a PCIe WLAN chip from Realtek. In his email announcing the release of Linux," Desktop and Windows 10, Linux Kernel President George H.W. Bush said that ""the Linux kernel (not the kernel that was originally intended for) is becoming an important part of the desktop, as is the use of the Linux Desktop and the Windows 10 desktop. The development of these, which have already been integrated with Windows 10 and Linux Desktop, are a great step forward for Linux Desktop.""

Searching the Linux Desktop Web

The Linux Desktop Web has become a modern tool in order",99,69,0.696969696969697,10.270581701386172,4.781315307935896e-25,Watermarked,1.0,84,0.5714285714285714,0.8433734939759037,0.4285714285714286,,,,10.387434170465141,10.387434170465141,1.4143007235822521e-25,True,1.0,0.4565212226706258,2.371900177001953,0.34574552939950404,0.3094665859639645,0.95,893.54,0.95,0.5
13,CA-KL + Candidate Greenlist + Weighted/WinMax,kl_adaptive,,3.0,The Linux kernel now includes everything that is needed to use 3D acceleration with all GeForce graphics chips. Drivers have also been added for a Wireless Gigabit chip and a PCIe WLAN chip from Realtek. In his email announcing the release of Linux," Desktop and Windows 10, Linux Kernel President George H.W. Bush said that ""the Linux kernel (not the kernel that was originally intended for) is becoming an important part of the desktop, as is the use of the Linux Desktop and Windows 10 media,"" but that ""the Linux desktop, being a desktop, should be used with every kernel, regardless of the name, because it makes it easier to use the Linux desktop without worrying about looking for a changelog application.""

Keeping this",99,70,0.7070707070707071,10.502685242660437,4.197862382006365e-26,Watermarked,1.0,82,0.6219512195121951,0.8518518518518519,0.3780487804878049,,,,11.02659815644954,11.02659815644954,1.4221050962574277e-28,True,1.0,0.431226880442665,2.1601908874511717,0.35294534146912004,0.34810981664806606,0.92,904.25,0.95,0.5
14,No Watermark,,,,"The location of the July 15, 2002 flare is shown at left. The other panels compare the scale of Earth to the eruptions. Red shows superheated gas held together by magnetic fields. The time sequence lasts only 80 seconds and yet reveals tremendous"," amounts of eruption activity. The region of interest is on the far far horizon.

The July 15, 2002 flare is shown at right. The other panels compare the scale of Earth to the eruptions. Red shows superheated gas held together by magnetic fields. The time sequence lasts only 80 seconds and yet reveals tremendous amounts of eruption activity. The region of interest is on the far far horizon.

The July 15, 2002 flare is shown at right. The other panels compare the scale",99,24,0.24242424242424243,-0.17407765595569785,0.5690977834754946,Human/Unwatermarked,0.0,83,0.5301204819277109,0.6585365853658537,0.4698795180722891,,,,-0.4259029849754648,0.5285900033465023,0.6649107301201751,False,0.0,,,0.09491046665389716,0.7937719165859743,0.23,290.98,,
14,Fixed Delta 1.0,1.0,,,"The location of the July 15, 2002 flare is shown at left. The other panels compare the scale of Earth to the eruptions. Red shows superheated gas held together by magnetic fields. The time sequence lasts only 80 seconds and yet reveals tremendous"," growth of the gas. The region of interest is on the far side of the earth. The ground (not shown) is covered with a layer of dust covering about half of the region. The bigger image shows the growth of the gas. The dust is the result of a bit of a volcanic eruption. The clouds cover the area with a wall of dust. The volcanic ash is a great example of this. A thousand thousand years ago, a huge ash cloud was seen from the sky, where this",99,41,0.41414141414141414,3.7716825457067866,8.107523404471492e-05,Human/Unwatermarked,0.0,89,0.5280898876404494,0.8863636363636364,0.4719101123595506,1.0,1.0,1.0,4.7604064804021835,4.7604064804021835,9.660172207237212e-07,True,0.9999990339827792,,,0.3637151184180034,0.2775850935373455,0.94,1078.65,,
14,Fixed Delta 2.0,2.0,,,"The location of the July 15, 2002 flare is shown at left. The other panels compare the scale of Earth to the eruptions. Red shows superheated gas held together by magnetic fields. The time sequence lasts only 80 seconds and yet reveals tremendous"," growth of the gas in the region near the equator. The time sequence is shown as a line (not pictured); in red and white, the first image shows the first 100 years of the bigger gas in the region. The next two show the largest gas in the region, which is the first 100 years of the gas in the area. The satellite image shows a small disk of gas in the area. The satellite image shows an area of 1.25 billion euros (more than 6.2",99,61,0.6161616161616161,8.413753371192062,1.9854759384111046e-17,Watermarked,1.0,88,0.5,0.7241379310344828,0.5,2.0,2.0,2.0,8.749015382675177,8.749015382675177,1.076111636024823e-18,True,1.0,,,0.3311704447438267,0.2611390729062259,0.96,845.87,,
14,Fixed Delta 3.0,3.0,,,"The location of the July 15, 2002 flare is shown at left. The other panels compare the scale of Earth to the eruptions. Red shows superheated gas held together by magnetic fields. The time sequence lasts only 80 seconds and yet reveals tremendous", growth and eruption on Earth. The peak is also visible in red. The eruption on August 3 got enormous. The planet could have exploded at any time. The crater is simply too warm for this eruption. The emissions coming out of the crater had to be intense. The crater reported light and the crater could be seen for several days. This is the first known picture showing that the eruption on August 3 happened before the crater could have erupted. The temperatures in Earth are well past what is seen at this,99,81,0.8181818181818182,13.055824196677339,2.943472539265963e-39,Watermarked,1.0,92,0.5978260869565217,0.8791208791208791,0.40217391304347827,3.0,3.0,3.0,11.943916887210017,11.943916887210017,3.492721082073741e-33,True,1.0,,,0.35737544052721315,0.2483063482819125,0.97,911.02,,
14,Current Adaptive Delta,adaptive,0.5,3.0,"The location of the July 15, 2002 flare is shown at left. The other panels compare the scale of Earth to the eruptions. Red shows superheated gas held together by magnetic fields. The time sequence lasts only 80 seconds and yet reveals tremendous"," growth of the gas in the region near the equator. The time sequence is shown at left. The other panels compare the scale of Earth to the eruptions. Red shows superheated gas held together by magnetic fields. The time sequence is shown at left. The other panels compare the scale of Earth to the eruptions. Red shows superheated gas held together by magnetic fields. The time sequence is shown at left. The other panels compare the scale of Earth to the eruptions.
",99,21,0.21212121212121213,-0.8703882797784892,0.807955875263074,Human/Unwatermarked,0.0,82,0.35365853658536583,0.4567901234567901,0.6463414634146342,1.689642926454544,1.6180340051651,2.483218193054199,3.0067367406681833,3.0775348165197594,0.001320341718733534,False,0.0,,,0.09296425277714356,0.7031910295388661,0.25,218.39,,
14,CA-KL,kl_adaptive,,3.0,"The location of the July 15, 2002 flare is shown at left. The other panels compare the scale of Earth to the eruptions. Red shows superheated gas held together by magnetic fields. The time sequence lasts only 80 seconds and yet reveals tremendous"," growth of the gas in the region near the equator. The time sequence is shown as a line (not pictured); in red and white, the first image shows the first 100 years. The time sequence is shown as a dot (not pictured), and the second image shows the first 100 years. The time sequence is shown as a circle (not pictured), and the second image shows the first 100 years. The time sequence is shown as a triangle. The time sequence is shown as a circle (",99,67,0.6767676767676768,9.806374618837644,5.2848962805356706e-23,Watermarked,1.0,86,0.3372093023255814,0.4823529411764706,0.6627906976744187,,,,,,,,,0.37061890262401626,2.5799354553222655,0.24726309591878343,0.4053755756642204,1.0,50265.0,,0.5
14,CA-KL + Weighted Detector,kl_adaptive,,3.0,"The location of the July 15, 2002 flare is shown at left. The other panels compare the scale of Earth to the eruptions. Red shows superheated gas held together by magnetic fields. The time sequence lasts only 80 seconds and yet reveals tremendous"," growth of the gas in the region near the equator. The time sequence is shown as a line (not pictured); in red and white, the first image shows the first 100 years. The time sequence is shown as a dot (not pictured), and the second image shows the first 100 years. The time sequence is shown as a circle (not pictured), and the second image shows the first 100 years. The time sequence is shown as a triangle. The time sequence is shown as a circle (",99,67,0.6767676767676768,9.806374618837644,5.2848962805356706e-23,Watermarked,1.0,86,0.3372093023255814,0.4823529411764706,0.6627906976744187,,,,7.373498865236418,7.373498865236418,8.310355175341036e-14,True,0.9999999999999168,0.37061890262401626,2.5799354553222655,0.24726315961140546,0.405375523196999,1.0,50265.0,,0.5
14,CA-KL + Candidate Greenlist,kl_adaptive,,3.0,"The location of the July 15, 2002 flare is shown at left. The other panels compare the scale of Earth to the eruptions. Red shows superheated gas held together by magnetic fields. The time sequence lasts only 80 seconds and yet reveals tremendous"," growth of the gas in the region near the equator. The time sequence is shown as a line (not pictured); in red and white, the first image shows the largest gas rising at the top of the scale in an arc of two-thirds the thickness of the sky. The black lines show the largest gas rising in an arc of two-thirds the thickness of the sky. The time sequence is shown as a line (not pictured); in red and white, the first image shows the largest",99,60,0.6060606060606061,8.181649829917799,1.3999184135288104e-16,Watermarked,0.9999999999999999,88,0.42045454545454547,0.5977011494252874,0.5795454545454546,,,,7.293528829805265,7.332905390567882,1.5097003546224822e-13,True,0.999999999999849,0.35850587653435867,2.5363710021972654,0.2604050222656398,0.43590347341261804,0.73,663.04,0.95,0.5
14,CA-KL + Candidate Greenlist + Weighted/WinMax,kl_adaptive,,3.0,"The location of the July 15, 2002 flare is shown at left. The other panels compare the scale of Earth to the eruptions. Red shows superheated gas held together by magnetic fields. The time sequence lasts only 80 seconds and yet reveals tremendous"," growth of the gas in the region near the equator. The time sequence is shown as a line (not pictured); in red and white, the first image shows the largest gas rising at the top of the scale in an arc of two-thirds the thickness of the sky. The black lines show the largest gas rising in an arc of two-thirds the thickness of the sky. The time sequence is shown as a line (not pictured); in red and white, the first image shows the largest",99,60,0.6060606060606061,8.181649829917799,1.3999184135288104e-16,Watermarked,0.9999999999999999,88,0.42045454545454547,0.5977011494252874,0.5795454545454546,,,,7.293528829805265,7.332905390567882,1.5097003546224822e-13,True,0.999999999999849,0.33736894664716305,1.7360284423828125,0.2604050222656398,0.43590347341261804,0.73,663.04,0.95,0.5
15,No Watermark,,,,"Last summer I took a cross-country road trip with a group of people driving different types of electric vehicles. It was an amazing experience, and our trip, our adventures, and our misadventures were portrayed in the documentary Kick Gas."," We traveled from Phoenix to Las Vegas and finished our trip in Los Angeles. We’re now planning to continue exploring cities across the country, and we’d love to see you in bigger cities.

However, we will be traveling a lot more internationally. For example, we’re’re going to visit China, India, and other Asian countries. We’re traveling back to the U.S. to spend more time with family, and we’",99,18,0.18181818181818182,-1.5666989036012806,0.941407456400931,Human/Unwatermarked,0.0,74,0.7027027027027027,0.958904109589041,0.29729729729729726,,,,-1.4939630889507163,0.7335376212628218,0.9324073664652818,False,0.0,,,0.23709282480794483,0.3316725266911089,0.78,181.42,,
15,Fixed Delta 1.0,1.0,,,"Last summer I took a cross-country road trip with a group of people driving different types of electric vehicles. It was an amazing experience, and our trip, our adventures, and our misadventures were portrayed in the documentary Kick Gas."," I’ve had the pleasure of covering these trips for over twenty years, and I’ve been fascinated by all the ways electric vehicles are changing transportation.

Every day, I walk with people and bikes for miles – and I know that the electric vehicle revolution has prompted a revolution in how we’re driving our vehicles. A revolution in how we’re driving our vehicles.

The Environmental Protection Agency (EPA) announced today that it has determined that all of the",99,50,0.5050505050505051,5.86061441717516,2.305788288019096e-09,Watermarked,0.9999999976942117,80,0.65,0.8734177215189873,0.35,1.0,1.0,1.0,4.489315928473406,4.924518988599539,3.5726129805051107e-06,True,0.9999964273870195,,,0.27937011268470185,0.3282889326196164,0.84,360.48,,
15,Fixed Delta 2.0,2.0,,,"Last summer I took a cross-country road trip with a group of people driving different types of electric vehicles. It was an amazing experience, and our trip, our adventures, and our misadventures were portrayed in the documentary Kick Gas."," I’ve had this happen a lot over the years, and the reality of the situation is still quite raw. But it’s time to unpack and share my experiences. I started with the idea of exploring the idea of the electric vehicle as a way to reconnect with my world and my past’s expectations. I wanted to explore the idea of having someone do a road trip in order to collect the details about what it’s like for people on electric vehicles. I",99,65,0.6565656565656566,9.342167536289118,4.719090681074502e-21,Watermarked,1.0,86,0.6627906976744186,0.9294117647058824,0.33720930232558144,2.0,2.0,2.0,9.91847854934076,9.91847854934076,1.729948903002709e-23,True,1.0,,,0.286798244885394,0.27331642794422806,0.84,538.6,,
15,Fixed Delta 3.0,3.0,,,"Last summer I took a cross-country road trip with a group of people driving different types of electric vehicles. It was an amazing experience, and our trip, our adventures, and our misadventures were portrayed in the documentary Kick Gas."," I'm only 19, and the movie was released on DVD in August 2007 (though not until a few years later, apparently, and a lot later than I would have expected). I went with some friends to Grand Forks, ND. I took one of the snowshoe guides, which probably isn't a good thing, because it turned out that the snowshoe guides were all snowshoe guides who wouldn't be interested in looking for people to ride with. The guides would use their",99,80,0.8080808080808081,12.823720655403074,6.038172947645047e-38,Watermarked,1.0,80,0.775,0.9620253164556962,0.22499999999999998,3.0,3.0,3.0,13.088790960081598,13.088790960081598,1.908170934332718e-39,True,1.0,,,0.30225313077541005,0.317238747831434,0.92,452.46,,
15,Current Adaptive Delta,adaptive,0.5,3.0,"Last summer I took a cross-country road trip with a group of people driving different types of electric vehicles. It was an amazing experience, and our trip, our adventures, and our misadventures were portrayed in the documentary Kick Gas."," I’ve had this happen before, and it’s possible that another time, this time, our tour guides were a bit different in how they talked about our experience. The guides shared how they’d been listening to their stories. I’ve reported that they’ve had to pull back their entries to keep the stories in check. I know that makes me feel better, but it’s really a reminder of the potential for mistakes.

So this",99,72,0.7272727272727273,10.966892325208963,2.756746498559108e-28,Watermarked,1.0,78,0.6794871794871795,0.948051948051948,0.3205128205128205,1.911768877506256,1.6180340051651,2.399873733520508,10.622195938432617,10.622195938432617,1.1748380654826204e-26,True,1.0,,,0.29929668564152845,0.34109796196222303,0.86,441.25,,
15,CA-KL,kl_adaptive,,3.0,"Last summer I took a cross-country road trip with a group of people driving different types of electric vehicles. It was an amazing experience, and our trip, our adventures, and our misadventures were portrayed in the documentary Kick Gas."," I’ve had this happen a lot over the years, and the reality of the situation makes me feel better knowing that the story is going to keep going as it does. I know people are not expecting me to write this – it’s actually the first thing that comes to mind every time I’m thinking about it. I know it’ll be a great movie. I know that the public loves it. I know people are really, really, excited for this movie",99,65,0.6565656565656566,9.342167536289118,4.719090681074502e-21,Watermarked,1.0,84,0.6428571428571429,0.9156626506024096,0.3571428571428571,,,,,,,,,0.4266356293976112,2.4055105590820314,0.24191619832300623,0.23130016685110605,1.0,50265.0,,0.5
15,CA-KL + Weighted Detector,kl_adaptive,,3.0,"Last summer I took a cross-country road trip with a group of people driving different types of electric vehicles. It was an amazing experience, and our trip, our adventures, and our misadventures were portrayed in the documentary Kick Gas."," I’ve had this happen a lot over the years, and the reality of the situation makes me feel better knowing that the story is going to keep going as it does. I know people are not expecting me to write this – it’s actually the first thing that comes to mind every time I’m thinking about it. I know it’ll be a great movie. I know that the public loves it. I know people are really, really, excited for this movie",99,65,0.6565656565656566,9.342167536289118,4.719090681074502e-21,Watermarked,1.0,84,0.6428571428571429,0.9156626506024096,0.3571428571428571,,,,10.972856781631439,10.972856781631439,2.5807674366769376e-28,True,1.0,0.4266356293976112,2.4055105590820314,0.24191620989784676,0.23130022854031268,1.0,50265.0,,0.5
15,CA-KL + Candidate Greenlist,kl_adaptive,,3.0,"Last summer I took a cross-country road trip with a group of people driving different types of electric vehicles. It was an amazing experience, and our trip, our adventures, and our misadventures were portrayed in the documentary Kick Gas."," But what gets me most about the movie is its on-screen expressions. The filmmakers attempt to tell the story of the movie. The way they tell it in these episodes, these stories, these moments are what is most distinct in the movie.

You see those films that are great, great movies that’re great, great movies, that have great characters, amazing moments with great characters and wonderful moments, and the movie gets all these amazing moments and has all these great characters and wonderful",99,68,0.6868686868686869,10.038478160111909,5.162741433689114e-24,Watermarked,1.0,85,0.5294117647058824,0.8452380952380952,0.47058823529411764,,,,11.362062321743014,11.362062321743014,3.2300662288913856e-30,True,1.0,0.47142833543893964,2.331998291015625,0.318985117794655,0.25491384832188485,0.96,691.21,0.95,0.5
15,CA-KL + Candidate Greenlist + Weighted/WinMax,kl_adaptive,,3.0,"Last summer I took a cross-country road trip with a group of people driving different types of electric vehicles. It was an amazing experience, and our trip, our adventures, and our misadventures were portrayed in the documentary Kick Gas."," But what gets me most about the movie is its on-screen expressions. The filmmakers attempt to tell the story of the movie. The way they tell it in these episodes, these stories, these moments are what is most distinct in the movie.

You see those films that are great, great movies that’re great, great movies, that have great characters, amazing moments with great characters and wonderful moments, and the movie gets all these amazing moments and has all these great characters and wonderful",99,68,0.6868686868686869,10.038478160111909,5.162741433689114e-24,Watermarked,1.0,85,0.5294117647058824,0.8452380952380952,0.47058823529411764,,,,11.362062321743014,11.362062321743014,3.2300662288913856e-30,True,1.0,0.4652404867456742,2.212877655029297,0.318985117794655,0.25491384832188485,0.96,691.21,0.95,0.5
16,No Watermark,,,,"Larry checks in with KPCC reporter Sharon McNary, who’s been hitting up several polling stations in Orange County and Los Angeles County, as well as Registrar of Voters for O.C. and L.A. After being a final","ist in the national poll, he’s on the road to the polls on Tuesday, Feb. 25.

Wendy Nilsson

April 25, 2017

O.C. is in for a treat.

During the spring election, O.C. voters have had to deal with a lot of uncertainty, so it’s no surprise that O.C.’s voter turnout is looking better this year than last.

However, this",99,33,0.3333333333333333,1.9148542155126762,0.027755549048935523,Human/Unwatermarked,0.0,65,0.7538461538461538,0.96875,0.24615384615384617,,,,2.009154783761467,3.1648678990272385,0.022260360630240984,False,0.0,,,0.27248162582890306,0.3889977466315031,0.75,630.5,,
16,Fixed Delta 1.0,1.0,,,"Larry checks in with KPCC reporter Sharon McNary, who’s been hitting up several polling stations in Orange County and Los Angeles County, as well as Registrar of Voters for O.C. and L.A. After being a final","ist for the national poll, LMPD asked McNary for her name to appear on the ballot. (The LMPD has yet to provide any actual voter ID information.)

McNary, who is also the co-chairman of the Republican Party’s O.C. regional election committee’s election committee, said she’s always been a fan of the Democratic Party. She said the party’s election committee has been well-received by voters in Orange",99,43,0.43434343434343436,4.235889628255314,1.138242922895398e-05,Watermarked,0.9999886175707711,73,0.6712328767123288,0.9305555555555556,0.3287671232876712,1.0,1.0,1.0,5.27341076022033,5.440325760900899,6.695569182634732e-08,True,0.9999999330443081,,,0.28431957732406954,0.36375499635934827,0.78,702.7,,
16,Fixed Delta 2.0,2.0,,,"Larry checks in with KPCC reporter Sharon McNary, who’s been hitting up several polling stations in Orange County and Los Angeles County, as well as Registrar of Voters for O.C. and L.A. After being a final","ist for the national poll for the past 12 years, Sharon is now the top poll-worker for the county.

Wendy spoke to Sharon on KPCC after being a finalist for the national poll for the past 12 years.

You’re a reporter, are you?

Absolutely not, but it’s nice. I’ve been in the news business since the 70s. I’ve had several careers and a lot of experience in",99,59,0.5959595959595959,7.949546288643535,9.359791413521555e-16,Watermarked,0.9999999999999991,72,0.6666666666666666,0.8450704225352113,0.33333333333333337,2.0,2.0,2.0,8.646770681625664,8.646770681625664,2.6488640716464687e-18,True,1.0,,,0.24963325460237867,0.40533242413774134,0.73,495.86,,
16,Fixed Delta 3.0,3.0,,,"Larry checks in with KPCC reporter Sharon McNary, who’s been hitting up several polling stations in Orange County and Los Angeles County, as well as Registrar of Voters for O.C. and L.A. After being a final","ist for this year’s Pritzker Prize for Program and Practice, Sharon is thrilled to hear the winner comments on the election result, which she thinks is most in-line with the state of the election so far. Sharon is also thrilled at the prospect that the state of the election has created a‘pander-friendly wall’ to make sure every voter can cast their ballots in person. She stressed the importance of having each voter reach out for an opinion piece and share that",99,74,0.7474747474747475,11.431099407757491,1.4619162413214889e-30,Watermarked,1.0,85,0.7176470588235294,0.9285714285714286,0.2823529411764706,3.0,3.0,3.0,12.710944222820103,12.710944222820103,2.570495405824281e-37,True,1.0,,,0.2959293469765885,0.2756830339692533,0.86,638.36,,
16,Current Adaptive Delta,adaptive,0.5,3.0,"Larry checks in with KPCC reporter Sharon McNary, who’s been hitting up several polling stations in Orange County and Los Angeles County, as well as Registrar of Voters for O.C. and L.A. After being a final","ist for the national poll for the past 12 years, Sharon is now the top poll-worker for the county.

Wendy spoke to Sharon on KPCC after being a finalist for the national poll for the past 12 years.

You’re a reporter, are you?

Absolutely not, but I love covering politics. I love covering elections. I don’t do politics on TV. I love covering this election because it’s so close,",99,63,0.6363636363636364,8.87796045374059,3.4048719575050004e-19,Watermarked,1.0,73,0.6301369863013698,0.8055555555555556,0.36986301369863017,1.8562020778656005,1.6180340051651,2.4824001789093018,9.43299212785278,9.43299212785278,1.9927708197708336e-21,True,1.0,,,0.25587731599073715,0.3909125956054777,0.76,486.4,,
16,CA-KL,kl_adaptive,,3.0,"Larry checks in with KPCC reporter Sharon McNary, who’s been hitting up several polling stations in Orange County and Los Angeles County, as well as Registrar of Voters for O.C. and L.A. After being a final","ist for the national poll for the past 12 years, Sharon is now the top poll-worker for the county.

Wendy spoke to Sharon on KPCC after being a finalist for the national poll for the past 12 years.

You’re a reporter, are you?

Absolutely not, but it’s nice. I’ve been in the news business since the 70s. I’ve had several careers and a lot of experience in",99,59,0.5959595959595959,7.949546288643535,9.359791413521555e-16,Watermarked,0.9999999999999991,72,0.6666666666666666,0.8450704225352113,0.33333333333333337,,,,,,,,,0.3842396596138428,2.469426727294922,0.2496332134384073,0.28605556284083833,1.0,50265.0,,0.5
16,CA-KL + Weighted Detector,kl_adaptive,,3.0,"Larry checks in with KPCC reporter Sharon McNary, who’s been hitting up several polling stations in Orange County and Los Angeles County, as well as Registrar of Voters for O.C. and L.A. After being a final","ist for the national poll for the past 12 years, Sharon is now the top poll-worker for the county.

Wendy spoke to Sharon on KPCC after being a finalist for the national poll for the past 12 years.

You’re a reporter, are you?

Absolutely not, but it’s nice. I’ve been in the news business since the 70s. I’ve had several careers and a lot of experience in",99,59,0.5959595959595959,7.949546288643535,9.359791413521555e-16,Watermarked,0.9999999999999991,72,0.6666666666666666,0.8450704225352113,0.33333333333333337,,,,8.591092144689178,8.591092144689178,4.3073255139859385e-18,True,1.0,0.3842396596138428,2.469426727294922,0.24963325460237867,0.2860555315983493,1.0,50265.0,,0.5
16,CA-KL + Candidate Greenlist,kl_adaptive,,3.0,"Larry checks in with KPCC reporter Sharon McNary, who’s been hitting up several polling stations in Orange County and Los Angeles County, as well as Registrar of Voters for O.C. and L.A. After being a final","ist for the national poll for the past 12 years, Sharon is now the top poll-worker for the county’s elections office. The poll-worker was honored today by Los Angeles County Supervisor of Elections Karen Cisneros, who had the honor of attending a rally where Larry, the first Latino county’s first-ever county commissioner was honored. The rally was held at Los Angeles County’s City Hall.

“Larry was well-liked by every ballot",99,50,0.5050505050505051,5.86061441717516,2.305788288019096e-09,Watermarked,0.9999999976942117,77,0.6103896103896104,0.8947368421052632,0.38961038961038963,,,,8.823264955114343,8.823264955114343,5.558494614582943e-19,True,1.0,0.4250390000934664,2.3788211059570314,0.3042612653397082,0.3121942981798202,0.84,739.31,0.95,0.5
16,CA-KL + Candidate Greenlist + Weighted/WinMax,kl_adaptive,,3.0,"Larry checks in with KPCC reporter Sharon McNary, who’s been hitting up several polling stations in Orange County and Los Angeles County, as well as Registrar of Voters for O.C. and L.A. After being a final","ist for the national poll for the past 12 years, Sharon is now the top poll-worker for the county’s elections office. The poll-worker was honored today by Los Angeles County Supervisor of Elections Karen Cisneros, who had the honor of attending a rally where Larry, the first Latino county’s first-ever county commissioner, stood at his feet, taking questions from the local media.

Though the first Latino commissioner was William Carver, who grew up in Orange",99,52,0.5252525252525253,6.324821499723688,1.2676273926722297e-10,Watermarked,0.9999999998732373,80,0.6875,0.9240506329113924,0.3125,,,,9.783683514931438,9.783683514931438,6.615290153211881e-23,True,1.0,0.4238825990770728,2.0415504455566404,0.3170913285831683,0.2850742439832538,0.89,769.28,0.95,0.5
17,No Watermark,,,,"According to Variety, one of the movies about the 1973 tennis match between Billie Jean King and Bobby Riggs is recasting one of its leads. No, not the serious one that HBO is doing with Elizabeth Banks and Paul Giamatti, and"," the serious one that was set to debut in May on HBO, but the one that will be shot in the spring of 2019.

According to Variety, the film, which was directed by Mark Haddon and produced by Meryl Streep, is the story of a married couple, Joan and Joan Riggs, and their three children. The couple’s youngest daughter, Joan, is in school. She is in the middle of a difficult marriage, and she’s learning to",99,22,0.2222222222222222,-0.6382847385042254,0.73835582764413,Human/Unwatermarked,0.0,78,0.6410256410256411,0.948051948051948,0.3589743589743589,,,,0.46300033858452877,1.565532715221472,0.3216820622052957,False,0.0,,,0.30701057115440433,0.31466268786229196,0.85,670.25,,
17,Fixed Delta 1.0,1.0,,,"According to Variety, one of the movies about the 1973 tennis match between Billie Jean King and Bobby Riggs is recasting one of its leads. No, not the serious one that HBO is doing with Elizabeth Banks and Paul Giamatti, and"," the serious one that was set in 1973. The recent movie, The Misfits, about an Italian tennis team, is based on a memoir by Lontre Beauvais. The real story is that these two men were trying to get the first game of their professional tennis careers, and were in the midst of a tough-as-hell break when, in a bizarre incident with a French player, Billie Jean King accidentally knocked her head into a basket. Billie Jean, of course",99,47,0.47474747474747475,5.164303793352369,1.2066773532761895e-07,Watermarked,0.9999998793322646,80,0.7625,0.9873417721518988,0.23750000000000004,1.0,1.0,1.0,7.711744385992745,7.711744385992745,6.205476079992574e-15,True,0.9999999999999938,,,0.33682836019790663,0.31627097957767547,0.87,926.22,,
17,Fixed Delta 2.0,2.0,,,"According to Variety, one of the movies about the 1973 tennis match between Billie Jean King and Bobby Riggs is recasting one of its leads. No, not the serious one that HBO is doing with Elizabeth Banks and Paul Giamatti, and"," the serious one that was set in 1973. The recent movie, starring Brazilian star Maria Doria as a tennis coach, is based on a memoir by Lizzie and Arthur (Bobby Riggs), and is based on the real book about the same name by Graham Greene. The book, which was adapted for Broadway and released with the 2002 film “The Big Lebowski” and the 2002 film “The Big Lebowski,” has not been renewed for another run",99,54,0.5454545454545454,6.789028582272215,5.6445538431059e-12,Watermarked,0.9999999999943554,75,0.6933333333333334,0.9054054054054054,0.30666666666666664,2.0,2.0,2.0,9.092117519756242,9.092117519756242,4.856431537262107e-20,True,1.0,,,0.32003310374535343,0.32157903963699935,0.83,931.23,,
17,Fixed Delta 3.0,3.0,,,"According to Variety, one of the movies about the 1973 tennis match between Billie Jean King and Bobby Riggs is recasting one of its leads. No, not the serious one that HBO is doing with Elizabeth Banks and Paul Giamatti, and"," the serious one that was set in 1953 starring Gene Erers, Steven Spielberg, Johnny Dukakis (not pictured in his hotel) and Christopher Lee. The one that was done last year in order not to stir up an even less meaningful controversy by making the movie. Considering Queen has, of course, already been cast and it has been confirmed, that the movie has been re-directed for 2020. The one that the movie was supposed to shoot this year was supposed to shoot early March and it",99,81,0.8181818181818182,13.055824196677339,2.943472539265963e-39,Watermarked,1.0,86,0.6511627906976745,0.8588235294117647,0.34883720930232553,3.0,3.0,3.0,13.67251725754263,13.67251725754263,7.408951665952301e-43,True,1.0,,,0.33020932849375445,0.291101727951318,0.9,860.96,,
17,Current Adaptive Delta,adaptive,0.5,3.0,"According to Variety, one of the movies about the 1973 tennis match between Billie Jean King and Bobby Riggs is recasting one of its leads. No, not the serious one that HBO is doing with Elizabeth Banks and Paul Giamatti, and"," the serious one that was set in 1973. The recent movie, starring Brazilian star Maria Doria as a tennis coach, is based on a memoir by Lizzie and Arthur (Bobby Riggs), and is based on the real book about the same name by Graham Greene. The book, which was adapted for Broadway and released in 1971, tells stories about tennis coaches Arthur and Lizzie and their relationship after they married in 1972. The book was written by Graham Greene, and the movie was",99,60,0.6060606060606061,8.181649829917799,1.3999184135288104e-16,Watermarked,0.9999999999999999,83,0.6265060240963856,0.926829268292683,0.37349397590361444,1.9480389750003815,1.6180340051651,2.465271234512329,9.825066177725375,9.825066177725375,4.3908167204088795e-23,True,1.0,,,0.3263324703147921,0.28177239930257203,0.91,819.53,,
17,CA-KL,kl_adaptive,,3.0,"According to Variety, one of the movies about the 1973 tennis match between Billie Jean King and Bobby Riggs is recasting one of its leads. No, not the serious one that HBO is doing with Elizabeth Banks and Paul Giamatti, and"," the serious one that was set in 1973. The recent movie, starring Brazilian star Maria Dutra, is said to be in production and stars a cast member of the 1980s film “The Big Lebowski,” who is said to be the man who won Queen Neale Burke’s‘ life with fame.

Riggs, 32, who made his feature-length film debut last year in the movie “The Big Lebowski: The Making of the",99,58,0.5858585858585859,7.717442747369271,5.934340569241363e-15,Watermarked,0.9999999999999941,71,0.704225352112676,0.9142857142857143,0.295774647887324,,,,,,,,,0.42386969684682163,2.4065725708007815,0.3026813852321369,0.20564799048400345,1.0,50265.0,,0.5
17,CA-KL + Weighted Detector,kl_adaptive,,3.0,"According to Variety, one of the movies about the 1973 tennis match between Billie Jean King and Bobby Riggs is recasting one of its leads. No, not the serious one that HBO is doing with Elizabeth Banks and Paul Giamatti, and"," the serious one that was set in 1973. The recent movie, starring Brazilian star Maria Dutra, is said to be in production and stars a cast member of the 1980s film “The Big Lebowski,” who is said to be the man who won Queen Neale Burke’s‘ life with fame.

Riggs, 32, who made his feature-length film debut last year in the movie “The Big Lebowski: The Making of the",99,58,0.5858585858585859,7.717442747369271,5.934340569241363e-15,Watermarked,0.9999999999999941,71,0.704225352112676,0.9142857142857143,0.295774647887324,,,,10.332909970873107,10.332909970873107,2.5009843647297934e-25,True,1.0,0.42386969684682163,2.4065725708007815,0.3026813916706994,0.20564799124825187,1.0,50265.0,,0.5
17,CA-KL + Candidate Greenlist,kl_adaptive,,3.0,"According to Variety, one of the movies about the 1973 tennis match between Billie Jean King and Bobby Riggs is recasting one of its leads. No, not the serious one that HBO is doing with Elizabeth Banks and Paul Giamatti, and"," the serious one that was set in 1973. The recent movie, starring Brazilian star Maria Dutra, is said to be in production and stars a cast member of the 1980s film “Ocarina of Time.”

The new movie has yet to be reported. Banks, 38, played Queen Elizabeth II in the 1980s film “Ocarina of Time.”

“Ocarina of Time” was released last year on DVD, along with",99,54,0.5454545454545454,6.789028582272215,5.6445538431059e-12,Watermarked,0.9999999999943554,66,0.7121212121212122,0.8769230769230769,0.28787878787878785,,,,10.390602269911906,10.390602269911906,1.3680990701935966e-25,True,1.0,0.3703583124950643,2.4684237670898437,0.2655055455540154,0.42375290242023766,0.74,686.91,0.95,0.5
17,CA-KL + Candidate Greenlist + Weighted/WinMax,kl_adaptive,,3.0,"According to Variety, one of the movies about the 1973 tennis match between Billie Jean King and Bobby Riggs is recasting one of its leads. No, not the serious one that HBO is doing with Elizabeth Banks and Paul Giamatti, and"," the serious one that was set in 1973. The recent movie, starring Brazilian star Maria Dutra, is said to be in production and stars a cast member of the 1980s film “Ocarina of Time.”

The new movie has yet to be reported. Banks, 38, played Queen Elizabeth II in the 1980s film “Ocarina of Time.”

“Ocarina of Time” was released last year on DVD, along with",99,54,0.5454545454545454,6.789028582272215,5.6445538431059e-12,Watermarked,0.9999999999943554,66,0.7121212121212122,0.8769230769230769,0.28787878787878785,,,,10.390602269911906,10.390602269911906,1.3680990701935966e-25,True,1.0,0.353122284504835,1.702203826904297,0.2655055455540154,0.42375290242023766,0.74,686.91,0.95,0.5
18,No Watermark,,,,Health authorities in New Zealand said that about 200 passengers on the Dawn Princess ship became infected with the norovirus. The ship was scheduled to leave for Australia on Monday. The last time there was a norovirus outbreak on the ship was back," in May when it was set to sail from Christchurch for Brisbane.
The passengers were brought aboard the ship around 8pm on Saturday. The ship did not have crew, but was collected by a member of the Maritime Police on Sunday.
The New Zealand government has launched a strict investigation into the incident.“New Zealand has been notified, and it is being co-ordinated by the Ministry of Health, the Ministry of Transport, and the Ministry of Transport,” Health Minister Omar",99,32,0.32323232323232326,1.6827506742384124,0.04621168370527735,Human/Unwatermarked,0.0,81,0.691358024691358,0.9125,0.308641975308642,,,,2.1908373408231454,3.125330261375542,0.014231782694019382,False,0.0,,,0.26777003177745623,0.31913851912366226,0.84,371.74,,
18,Fixed Delta 1.0,1.0,,,Health authorities in New Zealand said that about 200 passengers on the Dawn Princess ship became infected with the norovirus. The ship was scheduled to leave for Australia on Monday. The last time there was a norovirus outbreak on the ship was back," in May when 19 people died off the coast of New Zealand, mainly aged between 35 and 46. (AP Photo/Matt Dunham)
New Zealand health authorities said Tuesday that about 200 passengers on the Dawn Princess ship became infected with the norovirus. The ship was scheduled to leave for Australia on Monday. The last time there was a norovirus outbreak on the ship was back in May when 19 people died off the coast of New Zealand, mainly aged between 35 and 46. (AP Photo",99,38,0.3838383838383838,3.075371921883995,0.0010512010198350896,Human/Unwatermarked,0.0,85,0.6,0.7261904761904762,0.4,1.0,1.0,1.0,2.087797546213423,2.550593816446385,0.018408050508513785,False,0.0,,,0.08954781437084297,0.7027467133151367,0.28,89.48,,
18,Fixed Delta 2.0,2.0,,,Health authorities in New Zealand said that about 200 passengers on the Dawn Princess ship became infected with the norovirus. The ship was scheduled to leave for Australia on Monday. The last time there was a norovirus outbreak on the ship was back," in May when 19 people on board became infected with Norovirus. The New Zealand government said that the passengers had been in quarantine and that they were being kept at home. The tourists had been in quarantine since the ship was set to land off the coast of Tonga. The cruise industry has said that the ship would not be used for ferrying the tourists, but it has said that the tourists will stay back in the port. However, people on board the flight are being kept at home and",99,66,0.6666666666666666,9.574271077563381,5.1289159954110675e-22,Watermarked,1.0,90,0.6333333333333333,0.8202247191011236,0.3666666666666667,2.0,2.0,2.0,10.211988011931144,10.211988011931144,8.76185327980463e-25,True,1.0,,,0.26888225384532505,0.303612802894786,0.87,292.36,,
18,Fixed Delta 3.0,3.0,,,Health authorities in New Zealand said that about 200 passengers on the Dawn Princess ship became infected with the norovirus. The ship was scheduled to leave for Australia on Monday. The last time there was a norovirus outbreak on the ship was back," in May when 19 people on board became infected with Norovirus. The New Zealand government did not say where these infections had been and where they might have come from.

The coronavirus is still known to infect at least two dozen people daily on New Zealand's Queenstown, which has reported nearly a thousand confirmed cases of the virus so far. The recent outbreak has led to several travel warnings and a curfew on all flights to and from the capital, which had been in lockdown since Wednesday",99,72,0.7272727272727273,10.966892325208963,2.756746498559108e-28,Watermarked,1.0,87,0.7701149425287356,0.9767441860465116,0.22988505747126442,3.0,3.0,3.0,12.850328918127047,12.850328918127047,4.282265517939678e-38,True,1.0,,,0.24246663983541375,0.31743094911333175,0.82,270.29,,
18,Current Adaptive Delta,adaptive,0.5,3.0,Health authorities in New Zealand said that about 200 passengers on the Dawn Princess ship became infected with the norovirus. The ship was scheduled to leave for Australia on Monday. The last time there was a norovirus outbreak on the ship was back," in May when 19 people died off Saint George.

""As of Saturday morning, 29 people on the flight had been confirmed as having norovirus,"" Wellington Mayor David Little said. ""As of Saturday morning, 29 people on the flight had been confirmed as having norovirus, which is very concerning.""

""It's a concern because it's a small ship, with a small crew. If you go through the flight, people are going to come and infect you, because this",99,56,0.5656565656565656,7.2532356648207434,2.0346556800431047e-13,Watermarked,0.9999999999997965,76,0.6578947368421053,0.7733333333333333,0.3421052631578947,1.8240096831321717,1.6180340051651,2.4687745571136475,9.19554642955147,9.19554642955147,1.8654673093795193e-20,True,1.0,,,0.2517595802184634,0.3022185973171145,0.82,264.67,,
18,CA-KL,kl_adaptive,,3.0,Health authorities in New Zealand said that about 200 passengers on the Dawn Princess ship became infected with the norovirus. The ship was scheduled to leave for Australia on Monday. The last time there was a norovirus outbreak on the ship was back," in May when 19 people on board became infected with Norovirus. The New Zealand government said that the passengers had been in quarantine and that they were being kept at home. The tourists had been in quarantine since the ship was set to land off the coast of Tonga. The cruise industry was among the first to pull back their entries from the South Island. The cruise industry was among the first in Asia and the majority of the virus cases were in those countries, where travel could only be banned for",99,73,0.7373737373737373,11.198995866483228,2.061905353433795e-29,Watermarked,1.0,92,0.6847826086956522,0.9010989010989011,0.3152173913043478,,,,,,,,,0.44736849628175807,2.4173849487304686,0.2690876146339984,0.28284678190189877,1.0,50265.0,,0.5
18,CA-KL + Weighted Detector,kl_adaptive,,3.0,Health authorities in New Zealand said that about 200 passengers on the Dawn Princess ship became infected with the norovirus. The ship was scheduled to leave for Australia on Monday. The last time there was a norovirus outbreak on the ship was back," in May when 19 people on board became infected with Norovirus. The New Zealand government said that the passengers had been in quarantine and that they were being kept at home. The tourists had been in quarantine since the ship was set to land off the coast of Tonga. The cruise industry was among the first to pull back their entries from the South Island. The cruise industry was among the first in Asia and the majority of the virus cases were in those countries, where travel could only be banned for",99,73,0.7373737373737373,11.198995866483228,2.061905353433795e-29,Watermarked,1.0,92,0.6847826086956522,0.9010989010989011,0.3152173913043478,,,,11.47365895835762,11.47365895835762,8.946509439803714e-31,True,1.0,0.44736849628175807,2.4173849487304686,0.26908761846078655,0.2828467139863642,1.0,50265.0,,0.5
18,CA-KL + Candidate Greenlist,kl_adaptive,,3.0,Health authorities in New Zealand said that about 200 passengers on the Dawn Princess ship became infected with the norovirus. The ship was scheduled to leave for Australia on Monday. The last time there was a norovirus outbreak on the ship was back," in May when 19 people on board became infected with Norovirus. The New Zealand government said that the passengers had been in quarantine and that they were being kept in isolation. The tourists had been in quarantine since the ship was set to land off the coast of Tonga. The cruise industry was among the first to pull the ship out of the South Island. The cruise industry was among the first countries in New Zealand to ban mass weddings and funerals. The cruise industry employs more than 6,000",99,67,0.6767676767676768,9.806374618837644,5.2848962805356706e-23,Watermarked,1.0,90,0.6222222222222222,0.8539325842696629,0.37777777777777777,,,,10.356590881069632,10.356590881069632,1.9531882407206582e-25,True,1.0,0.426238497083356,2.4546775817871094,0.2573301289445725,0.3306723708612844,0.83,330.1,0.95,0.5
18,CA-KL + Candidate Greenlist + Weighted/WinMax,kl_adaptive,,3.0,Health authorities in New Zealand said that about 200 passengers on the Dawn Princess ship became infected with the norovirus. The ship was scheduled to leave for Australia on Monday. The last time there was a norovirus outbreak on the ship was back, in May when 19 people on board became infected with Norovirus. The New Zealand government said that the passengers had been in quarantine and that they were being kept in isolation. The tourists had been in quarantine since the ship was set to land off the coast of Tonga. The cruise industry was among the first to pull the ship out of the South Island. The cruise industry was among the first to pull the ship out of the South Island. The cruise industry was among the first to pull the ship,99,69,0.696969696969697,10.270581701386172,4.781315307935896e-25,Watermarked,1.0,92,0.5,0.6703296703296703,0.5,,,,9.88711567875631,9.88711567875631,2.367365104025471e-23,True,1.0,0.34902268849268386,1.7244667053222655,0.228870074534568,0.414282763665542,0.73,283.04,0.95,0.5
19,No Watermark,,,,"Politico, which broke the PR story, reports, “The group circulated a memo to reporters and producers late Monday that discouraged them from airing the undercover videos, arguing that they were obtained under false identification and violated patient privacy. ‘Those patients"," may have been in a coma or had a brain injury,'” the memo said. “But they had not been exposed to a video of someone in a coma, so they were not exposed to the video of someone in a coma.”

The report reported that, despite being asked about the videos, they were not exposed to the rest of the story.

In fact, the Daily Mail, which first reported the story, said, “In a statement to this",99,19,0.1919191919191919,-1.3345953623270168,0.9089955916386168,Human/Unwatermarked,0.0,78,0.5256410256410257,0.8051948051948052,0.47435897435897434,,,,0.045938013262175795,3.20918716777888,0.481679827971663,False,0.0,,,0.2943008811230923,0.27488810929004104,0.82,680.16,,
19,Fixed Delta 1.0,1.0,,,"Politico, which broke the PR story, reports, “The group circulated a memo to reporters and producers late Monday that discouraged them from airing the undercover videos, arguing that they were obtained under false identification and violated patient privacy. ‘Those patients"," who are allowed to be exposed can’t be exposed,’ the memo said, adding that they had been ‘protected from any harm to themselves or their loved ones.’ ‘I’ve had patients who had the recordings of the videos and reported them, and I have no knowledge of what they did to those patients,’ the memo said.”

Searching through the files of the undercover NHL players shows that the NHL’s investigation into",99,39,0.3939393939393939,3.307475463158259,0.00047070479296677613,Human/Unwatermarked,0.0,73,0.684931506849315,0.9444444444444444,0.31506849315068497,1.0,1.0,1.0,3.1946996795949674,3.1946996795949674,0.0006998820811939587,False,0.0,,,0.2819943133475675,0.3537317423708737,0.79,750.07,,
19,Fixed Delta 2.0,2.0,,,"Politico, which broke the PR story, reports, “The group circulated a memo to reporters and producers late Monday that discouraged them from airing the undercover videos, arguing that they were obtained under false identification and violated patient privacy. ‘Those patients"," who are allowed to be exposed can’t be exposed,’ the memo said,’ said one representative.”

That memo went on to say, ‘In order to protect patient privacy and the freedom to criticize the media, we are telling our members, organizations, and media’ to avoid airing the allegations in the public domain.‘

In fact, the signatories all went so far as to include a photo of the real thing, which obtained",99,53,0.5353535353535354,6.556925040997952,2.7464302917418046e-11,Watermarked,0.9999999999725357,71,0.704225352112676,0.9857142857142858,0.295774647887324,2.0,2.0,2.0,8.999503426225798,8.999503426225798,1.1337044955102935e-19,True,1.0,,,0.2791824461632424,0.30837668852880595,0.78,627.07,,
19,Fixed Delta 3.0,3.0,,,"Politico, which broke the PR story, reports, “The group circulated a memo to reporters and producers late Monday that discouraged them from airing the undercover videos, arguing that they were obtained under false identification and violated patient privacy. ‘Those patients"," who are allowed to come to the doctor’s office, are not allowed to come to the doctor’s office,’ one statement on the campaign reads. The document went on to point out that the footage had been doctored for ‘disturbing the public’ and asked for‘a better recording’, which the campaign has steadfastly denied. The Palm Springs Desert Sun reported that the campaign hopes ‘a lot more people are doing this.’",99,73,0.7373737373737373,11.198995866483228,2.061905353433795e-29,Watermarked,1.0,72,0.6527777777777778,0.8591549295774648,0.3472222222222222,3.0,3.0,3.0,12.037958132003997,12.037958132003997,1.122211366126887e-33,True,1.0,,,0.2588863174485415,0.37084210352040825,0.74,544.42,,
19,Current Adaptive Delta,adaptive,0.5,3.0,"Politico, which broke the PR story, reports, “The group circulated a memo to reporters and producers late Monday that discouraged them from airing the undercover videos, arguing that they were obtained under false identification and violated patient privacy. ‘Those patients"," who are allowed to be exposed can’t be exposed,’ the memo said,’ said one representative.”

That memo went on to say, ‘In order to protect patient privacy and the freedom to criticize the media, we are telling our members, organizations, and media’ to avoid airing the allegations in the public domain.’

In fact, the signatories all went so far as to include a photo of the real thing, which obtained",99,52,0.5252525252525253,6.324821499723688,1.2676273926722297e-10,Watermarked,0.9999999998732373,71,0.704225352112676,0.9857142857142858,0.295774647887324,1.8912510991096496,1.6180340051651,2.483720302581787,8.993258907174143,8.993258907174143,1.2000300449002293e-19,True,1.0,,,0.27957064402071174,0.3091910845786333,0.78,623.84,,
19,CA-KL,kl_adaptive,,3.0,"Politico, which broke the PR story, reports, “The group circulated a memo to reporters and producers late Monday that discouraged them from airing the undercover videos, arguing that they were obtained under false identification and violated patient privacy. ‘Those patients"," who are allowed to be exposed can’t be exposed,’ the memo said,’ said one representative.”

That memo went on and on, saying, “The group does not want doctor-patient contact with patients who are not infected or have no symptoms being disclosed.”

Politico’s source, John Anderson, noted that the unnamed “pharmacist” may have told the group it has not been authorized by the agency",99,54,0.5454545454545454,6.789028582272215,5.6445538431059e-12,Watermarked,0.9999999999943554,66,0.7575757575757576,0.9538461538461539,0.24242424242424243,,,,,,,,,0.4176928258328245,2.4236906433105467,0.2839338220989168,0.24711127016920728,1.0,50265.0,,0.5
19,CA-KL + Weighted Detector,kl_adaptive,,3.0,"Politico, which broke the PR story, reports, “The group circulated a memo to reporters and producers late Monday that discouraged them from airing the undercover videos, arguing that they were obtained under false identification and violated patient privacy. ‘Those patients"," who are allowed to be exposed can’t be exposed,’ the memo said,’ said one representative.”

That memo went on and on, saying, “The group does not want doctor-patient contact with patients who are not infected or have no symptoms being disclosed.”

Politico’s source, John Anderson, noted that the unnamed “pharmacist” may have told the group it has not been authorized by the agency",99,54,0.5454545454545454,6.789028582272215,5.6445538431059e-12,Watermarked,0.9999999999943554,66,0.7575757575757576,0.9538461538461539,0.24242424242424243,,,,8.09944887123106,8.09944887123106,2.7604361685599327e-16,True,0.9999999999999998,0.4176928258328245,2.4236906433105467,0.28393384896945684,0.2471113179484746,1.0,50265.0,,0.5
19,CA-KL + Candidate Greenlist,kl_adaptive,,3.0,"Politico, which broke the PR story, reports, “The group circulated a memo to reporters and producers late Monday that discouraged them from airing the undercover videos, arguing that they were obtained under false identification and violated patient privacy. ‘Those patients"," who are allowed to be exposed are not kept in rooms that they are not allowed to open,’ said the memo.”

We can’t forget the BBC. The BBC is still front page news at 8. But the PR angle is still pretty good. It seems like they’ve been getting away with this since the beginning, and even got a bit of coverage in its December issue of the Sunday Times.

In fact, the BBC is still front page",99,58,0.5858585858585859,7.717442747369271,5.934340569241363e-15,Watermarked,0.9999999999999941,80,0.7125,0.8860759493670886,0.2875,,,,9.281936831219937,9.281936831219937,8.321266058646379e-21,True,1.0,0.44705136651620153,2.3326519775390624,0.3336897811257777,0.28973010439425706,0.87,855.52,0.95,0.5
19,CA-KL + Candidate Greenlist + Weighted/WinMax,kl_adaptive,,3.0,"Politico, which broke the PR story, reports, “The group circulated a memo to reporters and producers late Monday that discouraged them from airing the undercover videos, arguing that they were obtained under false identification and violated patient privacy. ‘Those patients"," who are allowed to be exposed are not kept in rooms that they are not allowed to open,’ said the memo.”

We can’t forget the BBC. The BBC is still front page news at 8. But the PR angle is still pretty good. It seems like they’re willing to advertise their bad PR so they’re willing to keep the public in its place, which in turn makes it look like news is well-received. I have no",99,58,0.5858585858585859,7.717442747369271,5.934340569241363e-15,Watermarked,0.9999999999999941,80,0.6875,0.9113924050632911,0.3125,,,,9.46611054518782,9.46611054518782,1.4522898631841913e-21,True,1.0,0.42545330986826724,1.9542169189453125,0.32222354348855076,0.2733272757381201,0.87,773.44,0.95,0.5
20,No Watermark,,,,"NEW YORK (AP) — Could the U.S. lose its top credit rating even if a deal is reached to raise the debt limit? Market analysts and investors increasingly say yes. The outcome won't be quite as scary as a default,"," but the problem would be that the risk is that the deal would fall apart rather than make it stronger.

The U.S. Treasury's key banks have made it clear that they'll refrain from issuing bonds in bankruptcy, but if the deal doesn't pass, they could face a financial penalty.

Treasury Secretary Janet Yellen, who leads the Federal Reserve, says ""that's not really a question of whether it should pass or whether it should fall.""

Treasury officials",99,30,0.30303030303030304,1.2185435916898848,0.11150873497330749,Human/Unwatermarked,0.0,77,0.7532467532467533,0.9473684210526315,0.24675324675324672,,,,2.361669557533238,3.9884010917692603,0.009096425138242483,False,0.0,,,0.2804106736907513,0.3002198004256934,0.85,365.97,,
20,Fixed Delta 1.0,1.0,,,"NEW YORK (AP) — Could the U.S. lose its top credit rating even if a deal is reached to raise the debt limit? Market analysts and investors increasingly say yes. The outcome won't be quite as scary as a default,"," but it could threaten to dethrone a government on the brink.

Not at this point. But it could become the currency of the future. If there's one thing that seems certain, it's that the U.S. will stay in the euro zone.

The world's largest economy’s debt-to-GDP ratio, or its fiscal strength, was already in its fourth quarter, and it may have to keep going for another few years. The economy may",99,43,0.43434343434343436,4.235889628255314,1.138242922895398e-05,Watermarked,0.9999886175707711,75,0.76,0.972972972972973,0.24,1.0,1.0,1.0,6.873009002581139,6.873009002581139,3.1430798675543816e-12,True,0.999999999996857,,,0.27351071155930406,0.31704670418985187,0.83,384.97,,
20,Fixed Delta 2.0,2.0,,,"NEW YORK (AP) — Could the U.S. lose its top credit rating even if a deal is reached to raise the debt limit? Market analysts and investors increasingly say yes. The outcome won't be quite as scary as a default,"," but it could threaten to dethrone a government on track to default.

The Financial Times says the problem is that the U.S. has become a less-developed nation, which means that the debt limit is at risk. But the largest banks have to spend a lot more money to keep up with demand and a lot more money to keep up with demand. And even with those savings, the potential for default looms.

The Financial Times says it has reached a deal to raise",99,63,0.6363636363636364,8.87796045374059,3.4048719575050004e-19,Watermarked,1.0,85,0.611764705882353,0.8452380952380952,0.388235294117647,2.0,2.0,2.0,9.32427358963492,9.32427358963492,5.587320451862053e-21,True,1.0,,,0.3082874797167352,0.32600830946117637,0.89,494.2,,
20,Fixed Delta 3.0,3.0,,,"NEW YORK (AP) — Could the U.S. lose its top credit rating even if a deal is reached to raise the debt limit? Market analysts and investors increasingly say yes. The outcome won't be quite as scary as a default,"," but it could threaten to dethrone a government on track to default in 2021.
""It looks like these folks could face a two year term, which is still pretty long,"" said Steve St. John, chief U.S. economist at Morgan Stanley in Miami. ""There certainly would not be as much pressure on credit ratings on average, which means issuers would continue to keep the ratings on track,"" but the debt risk would continue to grow for years.
So is it good enough",99,74,0.7474747474747475,11.431099407757491,1.4619162413214889e-30,Watermarked,1.0,82,0.7560975609756098,0.9506172839506173,0.24390243902439024,3.0,3.0,3.0,12.736625519948891,12.736625519948891,1.8502877599639664e-37,True,1.0,,,0.2719039721636643,0.2534250185266137,0.84,354.0,,
20,Current Adaptive Delta,adaptive,0.5,3.0,"NEW YORK (AP) — Could the U.S. lose its top credit rating even if a deal is reached to raise the debt limit? Market analysts and investors increasingly say yes. The outcome won't be quite as scary as a default,"," but it could threaten to dethrone a government on track to default.

The Financial Times says the possible default could create a culture of entitlement. If there's one lesson to learn, it's this: Take advantage of the situation, stay out of the way, or live with it.

“The leverage is going to be so high,” said Mark Pelton, chief investment officer of the Barclays Wealth Management Institute. “If there’s some kind of",99,56,0.5656565656565656,7.2532356648207434,2.0346556800431047e-13,Watermarked,0.9999999999997965,73,0.7671232876712328,0.9722222222222222,0.23287671232876717,1.8795226144790649,1.6180340051651,2.5343382358551025,9.247040325209719,9.247040325209719,1.15397354882281e-20,True,1.0,,,0.2750599530070271,0.3173780285054818,0.79,532.33,,
20,CA-KL,kl_adaptive,,3.0,"NEW YORK (AP) — Could the U.S. lose its top credit rating even if a deal is reached to raise the debt limit? Market analysts and investors increasingly say yes. The outcome won't be quite as scary as a default,"," but it could threaten to dethrone a government on track to default.

The Financial Times says the problem is that the U.S. has become a less-developed nation, which means while it does have relatively high credit ratings, its debt loads are not sufficient to keep up with demand.

Treasury Secretary Janet Yellen says the choice is fairly clear. She says it's ""not a question of whether we should raise the debt ceiling, or whether we should raise the debt",99,57,0.5757575757575758,7.4853392060950075,3.5681289972117485e-14,Watermarked,0.9999999999999644,81,0.7530864197530864,0.925,0.24691358024691357,,,,,,,,,0.4282517508695978,2.4269480895996094,0.2765557777941768,0.26476202782472685,1.0,50265.0,,0.5
20,CA-KL + Weighted Detector,kl_adaptive,,3.0,"NEW YORK (AP) — Could the U.S. lose its top credit rating even if a deal is reached to raise the debt limit? Market analysts and investors increasingly say yes. The outcome won't be quite as scary as a default,"," but it could threaten to dethrone a government on track to default.

The Financial Times says the problem is that the U.S. has become a less-developed nation, which means while it does have relatively high credit ratings, its debt loads are not sufficient to keep up with demand.

Treasury Secretary Janet Yellen says the choice is fairly clear. She says it's ""not a question of whether we should raise the debt ceiling, or whether we should raise the debt",99,57,0.5757575757575758,7.4853392060950075,3.5681289972117485e-14,Watermarked,0.9999999999999644,81,0.7530864197530864,0.925,0.24691358024691357,,,,8.410238784496165,8.410238784496165,2.045884260652957e-17,True,1.0,0.4282517508695978,2.4269480895996094,0.27655572372917914,0.2647620142011874,1.0,50265.0,,0.5
20,CA-KL + Candidate Greenlist,kl_adaptive,,3.0,"NEW YORK (AP) — Could the U.S. lose its top credit rating even if a deal is reached to raise the debt limit? Market analysts and investors increasingly say yes. The outcome won't be quite as scary as a default,"," but it could threaten to dethrone a government on track to default.

The Financial Times says the problem is that the U.S. has become a less-developed nation, which might lead the world in default rates. If the key debt maturity occurs before the debt level, that could prevent a government from defaulting, which would trigger a treaty, or even a treaty with Mexico or Canada.

""In order to avoid default, we need to keep the debt level low and",99,64,0.6464646464646465,9.110063995014853,4.116669580158606e-20,Watermarked,1.0,81,0.691358024691358,0.95,0.308641975308642,,,,11.114953465553372,11.114953465553372,5.305296927006203e-29,True,1.0,0.45214070489769403,2.3412039184570315,0.31221413705352313,0.28018288282677534,0.91,488.93,0.95,0.5
20,CA-KL + Candidate Greenlist + Weighted/WinMax,kl_adaptive,,3.0,"NEW YORK (AP) — Could the U.S. lose its top credit rating even if a deal is reached to raise the debt limit? Market analysts and investors increasingly say yes. The outcome won't be quite as scary as a default,"," but it could threaten to dethrone a government on track to default.

The Financial Times says the problem is that the U.S. has become a less-developed nation, which might lead the world in default rates. If the key debt maturity occurs before the debt level, that could prevent a government from defaulting, which would trigger a treaty, or even a treaty with Mexico or Canada.

""In order to avoid default, we need to keep the debt level low and",99,64,0.6464646464646465,9.110063995014853,4.116669580158606e-20,Watermarked,1.0,81,0.691358024691358,0.95,0.308641975308642,,,,11.114953465553372,11.114953465553372,5.305296927006203e-29,True,1.0,0.44806609608714315,2.0712039184570314,0.31221413705352313,0.28018288282677534,0.91,488.93,0.95,0.5
21,No Watermark,,,,MAMADOU SAKHO remains unavailable for selection for Liverpool's Europa League semi-final first leg clash with Villarreal in Spain on Thursday (8.05pm). The defender will not be considered for selection while he is being investigated," by the FA on a charge of serious domestic abuse on Wednesday, he has denied.

""I'm still out of the squad,"" Saka told reporters after his side's 1-0 loss to Valencia in the second leg of their Europa League semi-final first leg at Anfield, ""but I'm not going to be out of the squad so it doesn't affect me. I don't want to be out of the squad any further.

""I don't want to be out",99,23,0.23232323232323232,-0.4061811972299616,0.6576952657166102,Human/Unwatermarked,0.0,78,0.6923076923076923,0.8311688311688312,0.3076923076923077,,,,-0.5656677419955954,1.83296075302331,0.7141901660637837,False,0.0,,,0.2219677435154128,0.2933252680161968,0.8,211.41,,
21,Fixed Delta 1.0,1.0,,,MAMADOU SAKHO remains unavailable for selection for Liverpool's Europa League semi-final first leg clash with Villarreal in Spain on Thursday (8.05pm). The defender will not be considered for selection while he is being investigated," for serious Covid-19 symptoms.

In a statement issued to Liverpool's official website, the club said: ""Mamadou Sakho remains unavailable for selection for both the Europa League semi-final first leg clash with Villarreal in Spain on Thursday.

""The defender has been in isolation since being infected with Covid-19, and his health has been confirmed.

""Mamadou Sakho will not be considered for selection while he is being investigated",99,34,0.3434343434343434,2.1469577567869402,0.01589832240819098,Human/Unwatermarked,0.0,69,0.7681159420289855,0.9411764705882353,0.23188405797101452,1.0,1.0,1.0,3.8875292857421244,3.8875292857421244,5.063488626416707e-05,False,0.0,,,0.16476823022527745,0.451608977871947,0.59,152.61,,
21,Fixed Delta 2.0,2.0,,,MAMADOU SAKHO remains unavailable for selection for Liverpool's Europa League semi-final first leg clash with Villarreal in Spain on Thursday (8.05pm). The defender will not be considered for selection while he is being investigated," for serious Covid-19 symptoms.

In an update issued to Liverpool's official website, the club said: ""Mamadou Sakho of Senegal is unavailable for selection for the first leg of the Europa League semi-final against Villarreal at Anfield today due to Covid-19.”

""Mamadou Sakho of Senegal is unavailable for selection for the first leg of the Europa League semi-final against Villarreal at Anfield today due to Cov",99,45,0.45454545454545453,4.700096710803842,1.3001915629892368e-06,Watermarked,0.999998699808437,69,0.5217391304347826,0.6323529411764706,0.4782608695652174,2.0,2.0,2.0,5.603221239125526,5.614711652436543,1.0520219145460425e-08,True,0.9999999894797809,,,0.13477338755428755,0.5345080540748313,0.52,128.27,,
21,Fixed Delta 3.0,3.0,,,MAMADOU SAKHO remains unavailable for selection for Liverpool's Europa League semi-final first leg clash with Villarreal in Spain on Thursday (8.05pm). The defender will not be considered for selection while he is being investigated," for serious medical reasons in his country and could also play a part.

""It's a good feeling but also we are a bit disappointed to come back in such a tough season with just one point in hand in Europe,"" Suarez told the BBC. ""Hopefully with all that said, we are in fine shape going into the game and I'm looking forward to it. I'm looking forward to it. I'm happy with it. I'm happy with it. I'm happy with where we",99,82,0.8282828282828283,13.287927737951602,1.3600371213536468e-40,Watermarked,1.0,82,0.6341463414634146,0.8395061728395061,0.36585365853658536,3.0,3.0,3.0,13.681557692858265,13.681557692858265,6.542952215817705e-43,True,1.0,,,0.2568270869780957,0.26804943551309407,0.93,193.07,,
21,Current Adaptive Delta,adaptive,0.5,3.0,MAMADOU SAKHO remains unavailable for selection for Liverpool's Europa League semi-final first leg clash with Villarreal in Spain on Thursday (8.05pm). The defender will not be considered for selection while he is being investigated," for serious Covid-19 symptoms.

In an update issued to Liverpool's official website, the club said: ""Mamadou Sakho of Senegal is unavailable for selection for the first leg of the Europa League semi-final first leg against Villarreal.

""He has tested positive for Covid-19 and is in quarantine at his hotel. He is with supporters and in his normal situation, would not be in touch with fans.""

Mamadou Sak",99,51,0.5151515151515151,6.092717958449424,5.550477317542801e-10,Watermarked,0.9999999994449522,70,0.7142857142857143,0.9710144927536232,0.2857142857142857,1.7531691551208497,1.6180340051651,2.214081048965454,7.940735292387284,7.940735292387284,1.0049309777106927e-15,True,0.999999999999999,,,0.19506355953997973,0.3919667791482061,0.72,208.7,,
21,CA-KL,kl_adaptive,,3.0,MAMADOU SAKHO remains unavailable for selection for Liverpool's Europa League semi-final first leg clash with Villarreal in Spain on Thursday (8.05pm). The defender will not be considered for selection while he is being investigated," for serious Covid-19 symptoms.

Wales, who are facing their first match since the coronavirus lockdown began, host Sevilla on Sunday to end the ongoing campaign against them as they prepare for their second Europa League semi-final against the Spanish champions.

Wales striker Kamadou Sakho, who missed the training session with his leg, said: ""We're in quarantine and it's important to play a game against Sevilla for us, because it's a",99,56,0.5656565656565656,7.2532356648207434,2.0346556800431047e-13,Watermarked,0.9999999999997965,72,0.8055555555555556,1.0,0.19444444444444442,,,,,,,,,0.4301394141942935,2.382505187988281,0.2642719397789825,0.20711927301381367,1.0,50265.0,,0.5
21,CA-KL + Weighted Detector,kl_adaptive,,3.0,MAMADOU SAKHO remains unavailable for selection for Liverpool's Europa League semi-final first leg clash with Villarreal in Spain on Thursday (8.05pm). The defender will not be considered for selection while he is being investigated," for serious Covid-19 symptoms.

Wales, who are facing their first match since the coronavirus lockdown began, host Sevilla on Sunday to end the ongoing campaign against them as they prepare for their second Europa League semi-final against the Spanish champions.

Wales striker Kamadou Sakho, who missed the training session with his leg, said: ""We're in quarantine and it's important to play a game against Sevilla for us, because it's a",99,56,0.5656565656565656,7.2532356648207434,2.0346556800431047e-13,Watermarked,0.9999999999997965,72,0.8055555555555556,1.0,0.19444444444444442,,,,10.097659637663366,10.097659637663366,2.828812520026069e-24,True,1.0,0.4301394141942935,2.382505187988281,0.2642719475669868,0.2071192699976018,1.0,50265.0,,0.5
21,CA-KL + Candidate Greenlist,kl_adaptive,,3.0,MAMADOU SAKHO remains unavailable for selection for Liverpool's Europa League semi-final first leg clash with Villarreal in Spain on Thursday (8.05pm). The defender will not be considered for selection while he is being investigated," for serious Covid-19 symptoms.

Wales, who are facing their first match since the coronavirus lockdown began, host Sevilla on Sunday to end the ongoing campaign against them as Liverpool prepare for their second Europa League tie of the season.

Wales will be without key players Gianluigi Donnarumma and Callum Hudson-Odoi who are with supporters in Spain.

Wales have also announced that Nick Pope and Jordan Henderson are not expected to make",99,60,0.6060606060606061,8.181649829917799,1.3999184135288104e-16,Watermarked,0.9999999999999999,73,0.8493150684931506,0.9861111111111112,0.15068493150684936,,,,10.392115960081501,10.392115960081501,1.3465555008216517e-25,True,1.0,0.3900639087530433,2.4289183044433593,0.25223983112179466,0.3720625638030469,0.75,359.43,0.95,0.5
21,CA-KL + Candidate Greenlist + Weighted/WinMax,kl_adaptive,,3.0,MAMADOU SAKHO remains unavailable for selection for Liverpool's Europa League semi-final first leg clash with Villarreal in Spain on Thursday (8.05pm). The defender will not be considered for selection while he is being investigated," for serious Covid-19 symptoms.

Wales, who are facing their first match since the coronavirus lockdown began, host Sevilla on Sunday to end the ongoing campaign against them as Liverpool prepare for their second Europa League tie of the season.

Wales will be without key players Gianluigi Donnarumma and Callum Hudson-Odoi who are with supporters in Spain.

Wales have also announced that Nick Pope and Jordan Henderson are not expected to make",99,60,0.6060606060606061,8.181649829917799,1.3999184135288104e-16,Watermarked,0.9999999999999999,73,0.8493150684931506,0.9861111111111112,0.15068493150684936,,,,10.392115960081501,10.392115960081501,1.3465555008216517e-25,True,1.0,0.3722404240833175,1.6827987670898437,0.25223983112179466,0.3720625638030469,0.75,359.43,0.95,0.5
22,No Watermark,,,,"IHS Markit INFO, -0.02% a world leader in critical information, analytics and solutions, expanded its alternative data offering for asset managers with the launch of new stock selection and strategy signals covering the automotive sector. Covering more than"," 500 of the most important industries in the automotive and aviation sectors, IHS Markit specializes in creating and delivering innovative digital information solutions and risk management solutions. IHS Markit will provide customer-focused solutions in these areas by offering a wide range of risk management services to businesses, including credit risk management, asset-based risk management and asset-based risk management. This portfolio of programs provides clients with differentiated risk management solutions, enabling them to manage risk and mitigate risk, while also providing global data and",99,23,0.23232323232323232,-0.4061811972299616,0.6576952657166102,Human/Unwatermarked,0.0,86,0.6511627906976745,0.8941176470588236,0.34883720930232553,,,,-0.04381847117989651,1.4878353932205832,0.5174754483237367,False,0.0,,,0.3000066039003511,0.2763222057977691,0.89,431.38,,
22,Fixed Delta 1.0,1.0,,,"IHS Markit INFO, -0.02% a world leader in critical information, analytics and solutions, expanded its alternative data offering for asset managers with the launch of new stock selection and strategy signals covering the automotive sector. Covering more than"," 500 of the most basic aspects of risk management including risk management, compliance, risk management and cyber security, the company also offers risk and risk management solutions to banks, credit unions, asset managers, insurance companies and hedge funds. The company is headquartered in New York.
Read More: What is a recession?
Receive News & Ratings for IHS Markit INFO Daily - Enter your email address below to receive a concise daily summary of the latest news and analysts' ratings for IHS Markit",99,29,0.29292929292929293,0.9864400504156211,0.1619586099219501,Human/Unwatermarked,0.0,80,0.675,0.8987341772151899,0.32499999999999996,1.0,1.0,1.0,0.62200118401775,1.725299059495386,0.26697054472966286,False,0.0,,,0.17327691680582533,0.5418960102973506,0.51,324.72,,
22,Fixed Delta 2.0,2.0,,,"IHS Markit INFO, -0.02% a world leader in critical information, analytics and solutions, expanded its alternative data offering for asset managers with the launch of new stock selection and strategy signals covering the automotive sector. Covering more than"," a billion different industries in over 90 countries, IHS Markit INFO has become one of the world’s leading information services and solutions providers to key banks with more than 100 years of experience in providing key market research. IHS Markit INFO has over 1.5 million active customers, serving over 16 million clients in over 180 countries. IHS Markit INFO provides data analytics solutions that enable banks and insurance companies to more efficiently manage their strategies, risk, resources and investments. IHS Mark",99,63,0.6363636363636364,8.87796045374059,3.4048719575050004e-19,Watermarked,1.0,83,0.7228915662650602,0.9146341463414634,0.27710843373493976,2.0,2.0,2.0,9.141416468121548,9.141416468121548,3.081980147896131e-20,True,1.0,,,0.23974477480029538,0.357162503413856,0.75,297.32,,
22,Fixed Delta 3.0,3.0,,,"IHS Markit INFO, -0.02% a world leader in critical information, analytics and solutions, expanded its alternative data offering for asset managers with the launch of new stock selection and strategy signals covering the automotive sector. Covering more than"," a full portfolio of indices with more than 80 investment strategies, our proprietary X-Yr-Yr Fidelity Select® Indicates a diversified mix of highly correlated assets and significantly lower real rates than the broader market. The Fidelity Select® Indicates a diversified mix of highly correlated assets and significantly lower real rates than the broader market. The Fidelity Select® Indicates a diversified mix of highly correlated assets and significantly lower real rates than the broader market. The Fidelity Select®",99,82,0.8282828282828283,13.287927737951602,1.3600371213536468e-40,Watermarked,1.0,78,0.3974358974358974,0.4675324675324675,0.6025641025641026,3.0,3.0,3.0,9.905396883325807,9.905396883325807,1.972004871570211e-23,True,1.0,,,0.23743696479454096,0.566372371444013,0.6,877.49,,
22,Current Adaptive Delta,adaptive,0.5,3.0,"IHS Markit INFO, -0.02% a world leader in critical information, analytics and solutions, expanded its alternative data offering for asset managers with the launch of new stock selection and strategy signals covering the automotive sector. Covering more than"," a billion different industries in over 90 countries, IHS Markit INFO has become one of the world’s leading information services and solutions providers to key banks, credit unions, investment firms, governments, governments and service providers. IHS Markit INFO has revolutionized the way banks, credit unions and investment firms access information and information to provide value-based, risk-adjusted and cost-adjusted financial insights.

NEW CURRENT TECHNOLOGY: For the first time, IHS Mark",99,51,0.5151515151515151,6.092717958449424,5.550477317542801e-10,Watermarked,0.9999999994449522,73,0.6986301369863014,0.9166666666666666,0.3013698630136986,1.8382228994369507,1.6180340051651,2.308903455734253,7.778280619445026,7.778280619445026,3.675842638246444e-15,True,0.9999999999999963,,,0.24252786023018422,0.34290293594356624,0.73,364.98,,
22,CA-KL,kl_adaptive,,3.0,"IHS Markit INFO, -0.02% a world leader in critical information, analytics and solutions, expanded its alternative data offering for asset managers with the launch of new stock selection and strategy signals covering the automotive sector. Covering more than"," a billion different industries in over 90 countries, IHS Markit INFO has become one of the world’s leading information services providers, serving the key banks with more than 100 million customer documents to meet the diverse needs of the asset managers’ business users. IHS Markit INFO has over 1.2 billion customer documents to meet the diverse needs of the asset managers’ business users. Customer documents cover everything from the asset managers’ digital asset management platform (DSM), to their",99,62,0.6262626262626263,8.645856912466327,2.6701500224408945e-18,Watermarked,1.0,80,0.625,0.759493670886076,0.375,,,,,,,,,0.35203056638708724,2.5288522338867185,0.2362439756406208,0.30302764868582016,1.0,50265.0,,0.5
22,CA-KL + Weighted Detector,kl_adaptive,,3.0,"IHS Markit INFO, -0.02% a world leader in critical information, analytics and solutions, expanded its alternative data offering for asset managers with the launch of new stock selection and strategy signals covering the automotive sector. Covering more than"," a billion different industries in over 90 countries, IHS Markit INFO has become one of the world’s leading information services providers, serving the key banks with more than 100 million customer documents to meet the diverse needs of the asset managers’ business users. IHS Markit INFO has over 1.2 billion customer documents to meet the diverse needs of the asset managers’ business users. Customer documents cover everything from the asset managers’ digital asset management platform (DSM), to their",99,62,0.6262626262626263,8.645856912466327,2.6701500224408945e-18,Watermarked,1.0,80,0.625,0.759493670886076,0.375,,,,9.335716929933788,9.335716929933788,5.0155028685853364e-21,True,1.0,0.35203056638708724,2.5288522338867185,0.23624400823876063,0.3030276113016953,1.0,50265.0,,0.5
22,CA-KL + Candidate Greenlist,kl_adaptive,,3.0,"IHS Markit INFO, -0.02% a world leader in critical information, analytics and solutions, expanded its alternative data offering for asset managers with the launch of new stock selection and strategy signals covering the automotive sector. Covering more than"," 4,000 industries in over 65 countries, its on-going strategy signal is based on more than 75,000 digital signals delivered and analyzed from the key banks' and insurance companies' customer database as well as institutional auditors' and fund managers' databases. The company also provides strategic, risk, and management advisory services to clients with data-driven insights into how asset managers move their asset managers forward in times of heightened volatility or risk. The company's proprietary systems, which capture and interpret market trends",99,67,0.6767676767676768,9.806374618837644,5.2848962805356706e-23,Watermarked,1.0,84,0.8452380952380952,0.9879518072289156,0.15476190476190477,,,,11.80730578571094,11.80730578571094,1.789224607996597e-32,True,1.0,0.4389324120702674,2.3352287292480467,0.3259097444143529,0.279008852224797,0.86,696.76,0.95,0.5
22,CA-KL + Candidate Greenlist + Weighted/WinMax,kl_adaptive,,3.0,"IHS Markit INFO, -0.02% a world leader in critical information, analytics and solutions, expanded its alternative data offering for asset managers with the launch of new stock selection and strategy signals covering the automotive sector. Covering more than"," 4,000 industries in over 65 countries, its on-going strategy signal is based on more than 75,000 digital signals delivered and analyzed from the key banks' and insurance companies' customer database as well as institutional auditors' and fund managers' databases. The company also provides strategic, risk, and management advisory services to clients with data-driven insights into how asset managers move their asset managers forward in times of heightened volatility or risk. The company's proprietary systems, which capture and interpret market trends",99,67,0.6767676767676768,9.806374618837644,5.2848962805356706e-23,Watermarked,1.0,84,0.8452380952380952,0.9879518072289156,0.15476190476190477,,,,11.80730578571094,11.80730578571094,1.789224607996597e-32,True,1.0,0.41305155156191176,1.9227186584472655,0.3259097444143529,0.279008852224797,0.86,696.76,0.95,0.5
23,No Watermark,,,,"MK Moshe Feiglin in a Knesset committee meeting, next to MK Ahmad Tibi, in 2014. It appears Feiglin is on his way back to the Knesset, while Tibi just sank below the threshold minimum vote"," threshold of only 19.8% and was also on the brink of defeat in the Knesset (Photo: Yutzchat)

MK Moshe Feiglin will head to the Knesset for a second term – a second term that will see him be forced to hold back his anger against Prime Minister Benjamin Netanyahu.

Feiglin, a former head of the Finance Ministry in Israel’s haredi region, was caught on camera saying: “If this",99,21,0.21212121212121213,-0.8703882797784892,0.807955875263074,Human/Unwatermarked,0.0,69,0.7536231884057971,0.9558823529411765,0.24637681159420288,,,,-1.0488795997037406,1.482826226741954,0.852883232100665,False,0.0,,,0.26522402330291533,0.380555929299444,0.78,578.66,,
23,Fixed Delta 1.0,1.0,,,"MK Moshe Feiglin in a Knesset committee meeting, next to MK Ahmad Tibi, in 2014. It appears Feiglin is on his way back to the Knesset, while Tibi just sank below the threshold minimum vote"," threshold of only 19 out of the 32 seats in the Knesset.

The Knesset, which is headed by MKs Yair Litzman and Yisrael Beytenu's Yad Vashem doctor, is one of the few parties that can form a government with a majority of the votes it needs to form a government. The Knesset is split between right and left.

The Knesset has no mandate to form a government, and the Kness",99,38,0.3838383838383838,3.075371921883995,0.0010512010198350896,Human/Unwatermarked,0.0,70,0.6428571428571429,0.855072463768116,0.3571428571428571,1.0,1.0,1.0,3.7156976894631653,4.072839604682595,0.00010132187718363577,False,0.0,,,0.27644277123305977,0.35924587315879764,0.77,616.75,,
23,Fixed Delta 2.0,2.0,,,"MK Moshe Feiglin in a Knesset committee meeting, next to MK Ahmad Tibi, in 2014. It appears Feiglin is on his way back to the Knesset, while Tibi just sank below the threshold minimum vote"," threshold of only 19 out of the 32 seats in the Knesset. The move came after he and Fiskel left the Senate two days after Feiglin left, which was within the time frame of the bill for passage. The move was one of the first steps in a bipartisan deal among the two parties that ultimately helped secure the wall, which included border security, immigration, and border security reform.",82,50,0.6097560975609756,7.523405214147392,2.668384709927612e-14,Watermarked,0.9999999999999734,69,0.6811594202898551,0.9411764705882353,0.3188405797101449,2.0,2.0,2.0,9.261686168832608,9.317646404063991,1.0061444697600855e-20,True,1.0,,,0.3456413511243091,0.26602398451552334,0.927710843373494,830.3253012048193,,
23,Fixed Delta 3.0,3.0,,,"MK Moshe Feiglin in a Knesset committee meeting, next to MK Ahmad Tibi, in 2014. It appears Feiglin is on his way back to the Knesset, while Tibi just sank below the threshold minimum vote"," threshold of only 19 out of the 54 seats in the Knesset. The move came after he and Fiskel left the Senate two days after Feiglin left, which means both Senators may not be in touch by the time a Knesset meeting occurs. A source with close support has said Fiskel is also being kept close watch on. She has steadfastly remained with Feiglin in his attempts to secure support from the right and left, well past the first votes of this",99,74,0.7474747474747475,11.431099407757491,1.4619162413214889e-30,Watermarked,1.0,82,0.7317073170731707,1.0,0.2682926829268293,3.0,3.0,3.0,13.745652107291955,13.745652107291955,2.7041770641043986e-43,True,1.0,,,0.28974520289112954,0.3195613978803158,0.86,514.81,,
23,Current Adaptive Delta,adaptive,0.5,3.0,"MK Moshe Feiglin in a Knesset committee meeting, next to MK Ahmad Tibi, in 2014. It appears Feiglin is on his way back to the Knesset, while Tibi just sank below the threshold minimum vote"," threshold of only 19 out of the 54 seats in the Knesset. The move came after he and Fiskel left the Senate two days after Feiglin left, which was within the time frame of the bill for passage. The move was one of the tactics used to convict, or impeach, former Prime Minister Benjamin Netanyahu of corruption, which included, among others, perjury and harassment charges against him.

Though the bill has not been adopted by the Knesset, the Foreign",99,68,0.6868686868686869,10.038478160111909,5.162741433689114e-24,Watermarked,1.0,79,0.7215189873417721,0.9230769230769231,0.2784810126582279,1.9328663408756257,1.6180340051651,2.4738852977752686,12.373876019810822,12.373876019810822,1.809626715813997e-35,True,1.0,,,0.3074922998239791,0.31816943526268004,0.87,708.61,,
23,CA-KL,kl_adaptive,,3.0,"MK Moshe Feiglin in a Knesset committee meeting, next to MK Ahmad Tibi, in 2014. It appears Feiglin is on his way back to the Knesset, while Tibi just sank below the threshold minimum vote"," threshold of only 19 out of the 32 seats in the Knesset. The move came after he and Fiskel left the Senate two days after Feiglin left, which was within reach with some 2,000 members of the assembly.

Feiglin said he received a letter from his government’s minister of finance with the letter “upcoming.” He questioned how he would collect the letter.

“This is unacceptable. I don’t",99,62,0.6262626262626263,8.645856912466327,2.6701500224408945e-18,Watermarked,1.0,70,0.7428571428571429,0.9710144927536232,0.2571428571428571,,,,,,,,,0.401907110910682,2.3905078125,0.2845268805636043,0.24850031812122667,1.0,50265.0,,0.5
23,CA-KL + Weighted Detector,kl_adaptive,,3.0,"MK Moshe Feiglin in a Knesset committee meeting, next to MK Ahmad Tibi, in 2014. It appears Feiglin is on his way back to the Knesset, while Tibi just sank below the threshold minimum vote"," threshold of only 19 out of the 32 seats in the Knesset. The move came after he and Fiskel left the Senate two days after Feiglin left, which was within reach with some 2,000 members of the assembly.

Feiglin said he received a letter from his government’s minister of finance with the letter “upcoming.” He questioned how he would collect the letter.

“This is unacceptable. I don’t",99,62,0.6262626262626263,8.645856912466327,2.6701500224408945e-18,Watermarked,1.0,70,0.7428571428571429,0.9710144927536232,0.2571428571428571,,,,10.695787948873907,10.695787948873907,5.3255236019759426e-27,True,1.0,0.401907110910682,2.3905078125,0.2845268512313654,0.24850029540446883,1.0,50265.0,,0.5
23,CA-KL + Candidate Greenlist,kl_adaptive,,3.0,"MK Moshe Feiglin in a Knesset committee meeting, next to MK Ahmad Tibi, in 2014. It appears Feiglin is on his way back to the Knesset, while Tibi just sank below the threshold minimum vote"," threshold of only 19.5% and would need at least 10% to reach a majority in the Knesset, which is currently dominated by the Likud.

The large majority of MK Moshe Feiglin’s party members, or those within the Likud, have voted against him in the past. He is also the only other MK who supported him in the election.

Feiglin’s party has no clear candidate for the election because it",99,50,0.5050505050505051,5.86061441717516,2.305788288019096e-09,Watermarked,0.9999999976942117,72,0.7222222222222222,0.9014084507042254,0.2777777777777778,,,,8.271090814573045,8.271090814573045,6.636944495065318e-17,True,0.9999999999999999,0.3906537661214401,2.4342576599121095,0.27246577006272776,0.3790123663470149,0.8,472.59,0.95,0.5
23,CA-KL + Candidate Greenlist + Weighted/WinMax,kl_adaptive,,3.0,"MK Moshe Feiglin in a Knesset committee meeting, next to MK Ahmad Tibi, in 2014. It appears Feiglin is on his way back to the Knesset, while Tibi just sank below the threshold minimum vote", threshold of only 19.5% and would need at least 10% to reach a majority in the Knesset. [WiseGuy] Read More »,32,12,0.375,1.6329931618554523,0.051235217429874684,Human/Unwatermarked,0.0,21,1.0,1.0,0.0,,,,4.867216411746562,4.867216411746562,5.659053533294057e-07,True,0.9999994340946466,0.4381294758779703,1.9473100142045454,0.2950806816348552,0.24820695941646895,0.8787878787878788,900.3939393939394,0.95,0.5
24,No Watermark,,,,"SOUND FORGE Audio Cleaning Lab can be used to record any sound you can hear on your computer - from internet radio to LPs and tapes which have been connected to the sound card. When recording older material, particularly when it has been stored"," in a CD player or CD player, Sound ForGE can be used to create a clean, sound-proof sound system. There are two types of clean/soundproof sound systems: CDs and LPs.

However, if you are using a CD player, you may not be able to record on a CD player with Sound ForGE. If you want to record on a lite CD player, then you need to have a CD player. The Sound ForGE Audio Cleaning Lab can",99,28,0.2828282828282828,0.7543365091413573,0.22532359255077888,Human/Unwatermarked,0.0,79,0.5569620253164557,0.8205128205128205,0.44303797468354433,,,,1.9706118483870179,3.3369715257013417,0.024384145173475903,False,0.0,,,0.26339520083241186,0.2671445783600211,0.82,573.29,,
24,Fixed Delta 1.0,1.0,,,"SOUND FORGE Audio Cleaning Lab can be used to record any sound you can hear on your computer - from internet radio to LPs and tapes which have been connected to the sound card. When recording older material, particularly when it has been stored"," in a CD player or CD player, sound quality on your computer can be deteriorated and you'll often hear the sound of other sounds and sounds from the headset.

CONTACT US

As well as giving you immediate support, we can help you make your own installation or update, ensuring that your recording’s quality is up to par so you don't have to worry about poor quality in future.

OUR Crate

""In this situation, we believe that the material",99,50,0.5050505050505051,5.86061441717516,2.305788288019096e-09,Watermarked,0.9999999976942117,79,0.7341772151898734,0.9871794871794872,0.26582278481012656,1.0,1.0,1.0,5.360984953819597,5.360984953819597,4.138470614705589e-08,True,0.9999999586152939,,,0.3092589119759946,0.2801497295126319,0.89,718.99,,
24,Fixed Delta 2.0,2.0,,,"SOUND FORGE Audio Cleaning Lab can be used to record any sound you can hear on your computer - from internet radio to LPs and tapes which have been connected to the sound card. When recording older material, particularly when it has been stored"," in an electronic storage device, the Sound forge Audio Cleaning Lab can record any sound, including sound cards and digital audio tapes and record any sound. If there is any sound or sound you are not expecting, or have lost, or have lost, or have lost your Internet connection, or have lost your laptop computer, or have lost your cell phone, or have lost your pocket computer, or have lost your phone, or have lost your laptop computer, or have lost your cell phone, or",99,73,0.7373737373737373,11.198995866483228,2.061905353433795e-29,Watermarked,1.0,85,0.43529411764705883,0.5952380952380952,0.5647058823529412,2.0,2.0,2.0,9.94874931914913,9.94874931914913,1.2768617003229502e-23,True,1.0,,,0.2898044655447162,0.3702778268745169,0.89,576.21,,
24,Fixed Delta 3.0,3.0,,,"SOUND FORGE Audio Cleaning Lab can be used to record any sound you can hear on your computer - from internet radio to LPs and tapes which have been connected to the sound card. When recording older material, particularly when it has been stored"," permanently, only the right amount of power can be used to clean it. The unit also records sound as a low-intensity sound, which can be used to clean it. If this sounds like you are having trouble using the right gear, use the Sound Filter or Sound Filter Cleaning, which can help you to clean it better.

Tuning Drum, Bass, or Instrumentals

Tuning drum and bass is something that a lot of people are well-equipped to learn, because",99,81,0.8181818181818182,13.055824196677339,2.943472539265963e-39,Watermarked,1.0,80,0.65,0.8607594936708861,0.35,3.0,3.0,3.0,12.898827311030724,12.898827311030724,2.2849930771238065e-38,True,1.0,,,0.3302832666804307,0.29105830658227205,0.93,918.95,,
24,Current Adaptive Delta,adaptive,0.5,3.0,"SOUND FORGE Audio Cleaning Lab can be used to record any sound you can hear on your computer - from internet radio to LPs and tapes which have been connected to the sound card. When recording older material, particularly when it has been stored"," in a CD player or CD player or other hard drive, our microprocessor is used to detect the sound, and record information. The Microprocessor also can detect the quality of the sound, which can be used to detect the quality of the audio, or the quality of the bit of the signal being reproduced.”

YOU MAY ALSO LIKE:

THE END

9-1/2 -

TOC

AN EXAMPLE OF WHAT IT MEANS TO BE",99,69,0.696969696969697,10.270581701386172,4.781315307935896e-25,Watermarked,1.0,72,0.5972222222222222,0.8028169014084507,0.4027777777777778,1.950893347263336,1.6180340051651,2.589705228805542,10.428842652297186,10.428842652297186,9.155244655601303e-26,True,1.0,,,0.3255463711916599,0.30902996505144986,0.86,894.18,,
24,CA-KL,kl_adaptive,,3.0,"SOUND FORGE Audio Cleaning Lab can be used to record any sound you can hear on your computer - from internet radio to LPs and tapes which have been connected to the sound card. When recording older material, particularly when it has been stored"," in an electronic storage device, the Sound forge Audio Cleaning Lab can record any sound, including sound cards and digital audio tapes and record any sound. If there is any sound or sound you are not expecting, or have lost, or have lost, or have lost your Internet connection, or have lost your laptop computer, or have lost your cell phone, or have lost your pocket computer, or have lost your phone, or have lost your laptop computer, or have lost your cell phone, or",99,73,0.7373737373737373,11.198995866483228,2.061905353433795e-29,Watermarked,1.0,85,0.43529411764705883,0.5952380952380952,0.5647058823529412,,,,,,,,,0.4207110442668235,2.4602874755859374,0.28980446776094965,0.3369674569228664,1.0,50265.0,,0.5
24,CA-KL + Weighted Detector,kl_adaptive,,3.0,"SOUND FORGE Audio Cleaning Lab can be used to record any sound you can hear on your computer - from internet radio to LPs and tapes which have been connected to the sound card. When recording older material, particularly when it has been stored"," in an electronic storage device, the Sound forge Audio Cleaning Lab can record any sound, including sound cards and digital audio tapes and record any sound. If there is any sound or sound you are not expecting, or have lost, or have lost, or have lost your Internet connection, or have lost your laptop computer, or have lost your cell phone, or have lost your pocket computer, or have lost your phone, or have lost your laptop computer, or have lost your cell phone, or",99,73,0.7373737373737373,11.198995866483228,2.061905353433795e-29,Watermarked,1.0,85,0.43529411764705883,0.5952380952380952,0.5647058823529412,,,,9.98974664902783,9.98974664902783,8.450657987174698e-24,True,1.0,0.4207110442668235,2.4602874755859374,0.2898044655447162,0.33696739984559826,1.0,50265.0,,0.5
24,CA-KL + Candidate Greenlist,kl_adaptive,,3.0,"SOUND FORGE Audio Cleaning Lab can be used to record any sound you can hear on your computer - from internet radio to LPs and tapes which have been connected to the sound card. When recording older material, particularly when it has been stored"," in a CD/R, or tape, or on your computer, sound quality can be checked. You can check for sound quality and sound quality in your Sound Cloud.

Start with just one layer of these layers: - layers A-Z. A layer B contains all of the music you have recorded in these layers - layers C-V. A layer D contains all of the music you have played in these layers - layers E-Z. A layer F is the area of the material",99,61,0.6161616161616161,8.413753371192062,1.9854759384111046e-17,Watermarked,1.0,82,0.5365853658536586,0.7901234567901234,0.46341463414634143,,,,11.083721509633861,11.083721509633861,7.524239101658443e-29,True,1.0,0.4228774661080807,2.4348490905761717,0.2792336170284749,0.3042618732061237,0.84,668.59,0.95,0.5
24,CA-KL + Candidate Greenlist + Weighted/WinMax,kl_adaptive,,3.0,"SOUND FORGE Audio Cleaning Lab can be used to record any sound you can hear on your computer - from internet radio to LPs and tapes which have been connected to the sound card. When recording older material, particularly when it has been stored"," in a CD/R, or tape, or on your computer, sound quality can be checked. You can check for sound quality and sound quality in your Sound Cloud.

Start with just one layer of these layers: - layers A-Z. A layer B contains all of the music you have recorded in these layers - layers C-V. A layer E is used to contain all of the music you have recorded in these layers - layers F-P.

Create each layer in",99,60,0.6060606060606061,8.181649829917799,1.3999184135288104e-16,Watermarked,0.9999999999999999,80,0.575,0.810126582278481,0.42500000000000004,,,,11.139495193981144,11.139495193981144,4.0287378323664144e-29,True,1.0,0.40146773168979455,1.932930908203125,0.28401881003581664,0.3003591581108049,0.84,669.23,0.95,0.5
25,No Watermark,,,,"What’s the news? A couple of weeks ago, Instagram promised you’d be able to download your data from its servers. It’s now rolled out that feature, as first reported by TechCrunch. It includes photos,"," videos, and other data that can be shared with your friends, and you can now download it from the Play Store.

These Instagram photos are important to you because they will help you see bigger, more detailed, and more interesting photos.

You’ll be able to use your Facebook profile’s image-sharing wall, so you don’t have to share your Instagram photos with friends.

For now, Instagram has no plans to roll out the feature for",99,25,0.25252525252525254,0.058025885318565944,0.4768640048788747,Human/Unwatermarked,0.0,78,0.7051282051282052,0.987012987012987,0.2948717948717948,,,,-0.46290813807369796,1.646073986058343,0.6782848930076716,False,0.0,,,0.26484751691365604,0.29824284898117187,0.82,279.03,,
25,Fixed Delta 1.0,1.0,,,"What’s the news? A couple of weeks ago, Instagram promised you’d be able to download your data from its servers. It’s now rolled out that feature, as first reported by TechCrunch. It includes photos,"," videos, and even a video (that might also be your own).

Not everything is going as planned

Android users and Instagram users seem to have been left in the dark about the rollout of the feature, since the platform is still officially under the scrutiny of Google. The app has received a lot of hype and criticism from users who have complained about how it’s been turned into a little bit of a mass distribution site.

In fact, Android users have been complaining that",99,45,0.45454545454545453,4.700096710803842,1.3001915629892368e-06,Watermarked,0.999998699808437,85,0.7058823529411765,0.9761904761904762,0.2941176470588235,1.0,1.0,1.0,4.143704399879755,4.143704399879755,1.708700970795908e-05,True,0.9999829129902921,,,0.31940150028564795,0.30484827025793493,0.88,685.13,,
25,Fixed Delta 2.0,2.0,,,"What’s the news? A couple of weeks ago, Instagram promised you’d be able to download your data from its servers. It’s now rolled out that feature, as first reported by TechCrunch. It includes photos,"," blog posts, and stories. You can check it out for yourself.

Not all of this (not even the ones that make it into the first page on your news feed) is real. There are a few issues here – it’s not supported by Google or Facebook, or that Facebook didn’t do enough to fix the issue. I would say it’s overall positive.

But it’s not all good, or that we don’t",99,55,0.5555555555555556,7.021132123546479,1.100388069780592e-12,Watermarked,0.9999999999988997,75,0.76,0.9324324324324325,0.24,2.0,2.0,2.0,8.7117809338776,8.7117809338776,1.4956867879162818e-18,True,1.0,,,0.2664016113817946,0.3305704496707767,0.82,401.08,,
25,Fixed Delta 3.0,3.0,,,"What’s the news? A couple of weeks ago, Instagram promised you’d be able to download your data from its servers. It’s now rolled out that feature, as first reported by TechCrunch. It includes photos,"," blog posts, and stories. You might have also noticed you, or maybe you didn’t before, are able to turn the camera off on your phone as well. If this feature isn’t too popular at the moment, keep the camera on and it won’t be that long before’s feature is available. You might also want to keep your phone’s battery and the camera apps in order if you’re planning on using the camera for long periods",99,68,0.6868686868686869,10.038478160111909,5.162741433689114e-24,Watermarked,1.0,81,0.654320987654321,0.9375,0.345679012345679,3.0,3.0,3.0,12.220598529782054,12.220598529782054,1.2065077684295325e-34,True,1.0,,,0.238864376857227,0.3442390369437635,0.77,268.45,,
25,Current Adaptive Delta,adaptive,0.5,3.0,"What’s the news? A couple of weeks ago, Instagram promised you’d be able to download your data from its servers. It’s now rolled out that feature, as first reported by TechCrunch. It includes photos,"," videos and more on how you can download your data on your phone.

Not all of this (not even the ones that were posted on the first day of the developer beta), though, won’t interfere with the real app. The app is still on the public test, which means that the full rollout may be only for a few days.

What you do with your data will vary a lot, of course. The best thing for now is not to worry, because this",99,61,0.6161616161616161,8.413753371192062,1.9854759384111046e-17,Watermarked,1.0,84,0.7023809523809523,0.9759036144578314,0.29761904761904767,1.8707406330108642,1.6180340051651,2.4519705772399902,8.907331391373342,9.320440374134762,2.6137810250723217e-19,True,1.0,,,0.28331515249742395,0.27018988342024386,0.88,410.31,,
25,CA-KL,kl_adaptive,,3.0,"What’s the news? A couple of weeks ago, Instagram promised you’d be able to download your data from its servers. It’s now rolled out that feature, as first reported by TechCrunch. It includes photos,"," blog posts, and stories. You might have also noticed that, as of right now, it’s possible that your personal and Instagram data will be unspent, which means you won’t be able to delete it. But you might still see those features reported. It seems that Instagram is making changes based on recent reports. A user complained, “The algorithm has turned off my notifications. I can’t delete them. I can’t delete them every time",99,62,0.6262626262626263,8.645856912466327,2.6701500224408945e-18,Watermarked,1.0,77,0.7792207792207793,0.9342105263157895,0.22077922077922074,,,,,,,,,0.4267326839387124,2.4072193908691406,0.25631125250824466,0.23845904856700145,1.0,50265.0,,0.5
25,CA-KL + Weighted Detector,kl_adaptive,,3.0,"What’s the news? A couple of weeks ago, Instagram promised you’d be able to download your data from its servers. It’s now rolled out that feature, as first reported by TechCrunch. It includes photos,"," blog posts, and stories. You might have also noticed that, as of right now, it’s possible that your personal and Instagram data will be unspent, which means you won’t be able to delete it. But you might still see those features reported. It seems that Instagram is making changes based on recent reports. A user complained, “The algorithm has turned off my notifications. I can’t delete them. I can’t delete them every time",99,62,0.6262626262626263,8.645856912466327,2.6701500224408945e-18,Watermarked,1.0,77,0.7792207792207793,0.9342105263157895,0.22077922077922074,,,,10.074605895112375,10.074605895112375,3.577352281390005e-24,True,1.0,0.4267326839387124,2.4072193908691406,0.25631119398002294,0.2384589782606963,1.0,50265.0,,0.5
25,CA-KL + Candidate Greenlist,kl_adaptive,,3.0,"What’s the news? A couple of weeks ago, Instagram promised you’d be able to download your data from its servers. It’s now rolled out that feature, as first reported by TechCrunch. It includes photos,"," blog posts and comment sections. You might have also seen this feature, which you likely thought would let you know when your data had been transferred from the servers.

Now, that’s not exactly true, since the data stored within the servers is shared freely. You might, though, have to turn on your cellular signal to keep the servers running, or download a new firmware version. But if that’s something that you’re planning on doing, you should be aware",99,52,0.5252525252525253,6.324821499723688,1.2676273926722297e-10,Watermarked,0.9999999998732373,81,0.7654320987654321,0.95,0.23456790123456794,,,,9.46646451496198,9.46646451496198,1.447378726946412e-21,True,1.0,0.457714573678137,2.3689091491699217,0.26398355164659026,0.25801639807410537,0.87,231.01,0.95,0.5
25,CA-KL + Candidate Greenlist + Weighted/WinMax,kl_adaptive,,3.0,"What’s the news? A couple of weeks ago, Instagram promised you’d be able to download your data from its servers. It’s now rolled out that feature, as first reported by TechCrunch. It includes photos,"," blog posts, and stories. You might have also seen this feature, which you likely thought would come from the site itself. Unfortunately, Instagram isn’t the only place where you can download photos from your phone, since the site is also the largest app in the world. The app has over 1 billion iOS users and a total of 500,000 Android users. If you do want to download photos from the site, you would first have to download iOS and macOS. If you want to download",99,54,0.5454545454545454,6.789028582272215,5.6445538431059e-12,Watermarked,0.9999999999943554,87,0.6436781609195402,0.8953488372093024,0.3563218390804598,,,,10.73873783255308,10.73873783255308,3.347672133942871e-27,True,1.0,0.42004837677578494,1.9468927001953125,0.25280226918937393,0.2121021472476423,0.85,248.57,0.95,0.5
26,No Watermark,,,,"President Donald Trump returned to Washington, DC on Monday for a very important event. It was not for a meeting with an international leader. And it was not for a joint session of Congress. No, on this day, Trump greeted thousands"," of journalists from around the world in the White House on the eve of the United Nations General Assembly. (Interactive map showing the events of the day.)

Trump, who was briefed on the U.S.-Turkish talks, made the connection at the White House.

“The president is here today and he is president of the United States,” Trump said as he joined in. “I have been briefed on this. I have been briefed on this.”",99,21,0.21212121212121213,-0.8703882797784892,0.807955875263074,Human/Unwatermarked,0.0,75,0.6,0.8378378378378378,0.4,,,,-1.3604668232212143,0.17986033196285148,0.9131588776144541,False,0.0,,,0.24864607145147008,0.36679893449880185,0.76,315.7,,
26,Fixed Delta 1.0,1.0,,,"President Donald Trump returned to Washington, DC on Monday for a very important event. It was not for a meeting with an international leader. And it was not for a joint session of Congress. No, on this day, Trump greeted thousands"," of journalists from around the world in his state of the union, and the United States will continue to do everything possible to advance the interests of our country.

Trump, who was briefed on the meeting by his legal adviser, Kellyanne Conway, said that he would meet with “virtuous” British Prime Minister Theresa May. The President also said that his meeting with May was “very important.”

The meeting lasted for several hours. The President said that this",99,40,0.40404040404040403,3.5395790044325226,0.00020038289685673868,Human/Unwatermarked,0.0,77,0.7142857142857143,0.9473684210526315,0.2857142857142857,1.0,1.0,1.0,4.413232802529822,4.413232802529822,5.091919254227227e-06,True,0.9999949080807458,,,0.2538812814140742,0.37809593841899186,0.77,330.63,,
26,Fixed Delta 2.0,2.0,,,"President Donald Trump returned to Washington, DC on Monday for a very important event. It was not for a meeting with an international leader. And it was not for a joint session of Congress. No, on this day, Trump greeted thousands"," of supporters in support of the Mueller indictment. The president’s first event was not an inter-state gathering at his hotel and hotel. He did not attend the meeting because it was not for an inter-state gathering at his hotel.

President Donald Trump scores a shot with protestors outside his hotel’s Trump Tower on Monday, May 29, 2017. He arrived with supporters in support of the Mueller indictment. The president’s first event was not an inter-state gathering",99,57,0.5757575757575758,7.4853392060950075,3.5681289972117485e-14,Watermarked,0.9999999999999644,82,0.524390243902439,0.691358024691358,0.47560975609756095,2.0,2.0,2.0,8.483880128524742,8.483880128524742,1.0890307308907146e-17,True,1.0,,,0.24390204785648426,0.390661292988807,0.76,378.76,,
26,Fixed Delta 3.0,3.0,,,"President Donald Trump returned to Washington, DC on Monday for a very important event. It was not for a meeting with an international leader. And it was not for a joint session of Congress. No, on this day, Trump greeted thousands"," of supporters in support of the Mueller indictment. The president’s first event with Republicans was a small gathering at his Mar-a-Lago club in Florida on Saturday night. The president’s first event with Democrats at his Mar-a-Lago club, also in Florida, was not entirely without controversy. The president tweeted about his meeting with Trump on Saturday night and released a photo of himself and a photo of the two of them with Trump on Saturday morning. He is also said not",99,74,0.7474747474747475,11.431099407757491,1.4619162413214889e-30,Watermarked,1.0,86,0.5348837209302325,0.7647058823529411,0.4651162790697675,3.0,3.0,3.0,11.66975400220243,11.66975400220243,9.097429912259257e-32,True,1.0,,,0.24617619494349122,0.37603075361810623,0.8,408.18,,
26,Current Adaptive Delta,adaptive,0.5,3.0,"President Donald Trump returned to Washington, DC on Monday for a very important event. It was not for a meeting with an international leader. And it was not for a joint session of Congress. No, on this day, Trump greeted thousands"," of supporters in support of the Mueller indictment. The president’s first event was not an inter-state gathering at his hotel and hotel. He did not attend the meeting because he collected campaign funds. He is still an active Trump supporter.

President Donald Trump scores a shot at Sen. Jeff Sessions’ nomination to the US Congress, which he won in 2010.

President Trump is well-known for his love of the NHL. The president has not been shy about his love",99,66,0.6666666666666666,9.574271077563381,5.1289159954110675e-22,Watermarked,1.0,82,0.6951219512195121,0.9629629629629629,0.30487804878048785,1.9300064468383789,1.6180340051651,2.4804296493530273,9.485886947922731,9.485886947922731,1.201652205801592e-21,True,1.0,,,0.31388681533823676,0.3007532202638686,0.86,621.38,,
26,CA-KL,kl_adaptive,,3.0,"President Donald Trump returned to Washington, DC on Monday for a very important event. It was not for a meeting with an international leader. And it was not for a joint session of Congress. No, on this day, Trump greeted thousands"," of supporters in support of the Mueller indictment. The president’s first event was not an inter-state gathering at his hotel and hotel. He did not attend the meeting because it was not for an inter-state gathering at his hotel.

President Trump’s first event was not an inter-state gathering at his hotel. He did not attend the meeting because it was not an inter-state gathering at his hotel. The president’s first event was not an inter-",99,61,0.6161616161616161,8.413753371192062,1.9854759384111046e-17,Watermarked,1.0,82,0.35365853658536583,0.4691358024691358,0.6463414634146342,,,,,,,,,0.31521923550947695,2.621166229248047,0.18511946430429818,0.3352917310646808,1.0,50265.0,,0.5
26,CA-KL + Weighted Detector,kl_adaptive,,3.0,"President Donald Trump returned to Washington, DC on Monday for a very important event. It was not for a meeting with an international leader. And it was not for a joint session of Congress. No, on this day, Trump greeted thousands"," of supporters in support of the Mueller indictment. The president’s first event was not an inter-state gathering at his hotel and hotel. He did not attend the meeting because it was not for an inter-state gathering at his hotel.

President Trump’s first event was not an inter-state gathering at his hotel. He did not attend the meeting because it was not an inter-state gathering at his hotel. The president’s first event was not an inter-",99,61,0.6161616161616161,8.413753371192062,1.9854759384111046e-17,Watermarked,1.0,82,0.35365853658536583,0.4691358024691358,0.6463414634146342,,,,7.973958655994485,7.973958655994485,7.683548309511818e-16,True,0.9999999999999992,0.31521923550947695,2.621166229248047,0.18511951712567573,0.33529174633902586,1.0,50265.0,,0.5
26,CA-KL + Candidate Greenlist,kl_adaptive,,3.0,"President Donald Trump returned to Washington, DC on Monday for a very important event. It was not for a meeting with an international leader. And it was not for a joint session of Congress. No, on this day, Trump greeted thousands"," of supporters in support of the Mueller report. The president’s first event on the campaign trail was an extended meeting with the president of Russia, Vladimir Putin. The president presented his resignation letter to Putin. He gave Putin a signed memorandum of understanding for the appointment of a Russian ambassador to Washington. A week’s time later, Trump returned to Washington, DC for another big event. He met with Putin and the Russian ambassador to Washington. The president called Putin and asked for his resignation and",99,66,0.6666666666666666,9.574271077563381,5.1289159954110675e-22,Watermarked,1.0,87,0.5747126436781609,0.8953488372093024,0.4252873563218391,,,,10.962648871695922,10.962648871695922,2.8891446696666774e-28,True,1.0,0.42798199526865555,2.4570684814453125,0.2612059566152037,0.3405053039081395,0.83,372.07,0.95,0.5
26,CA-KL + Candidate Greenlist + Weighted/WinMax,kl_adaptive,,3.0,"President Donald Trump returned to Washington, DC on Monday for a very important event. It was not for a meeting with an international leader. And it was not for a joint session of Congress. No, on this day, Trump greeted thousands"," of supporters in support of the Mueller report. The president’s first event on the campaign trail was an extended meeting with the president of Russia, Vladimir Putin. The president presented his resignation letter to Putin. He gave Putin a signed memorandum of understanding for the appointment of a Russian ambassador, which the president said was “an appropriate response to the ongoing investigation.”

President Trump’s first trip to Washington was a lengthy one. The president’s first trip to Washington",99,58,0.5858585858585859,7.717442747369271,5.934340569241363e-15,Watermarked,0.9999999999999941,81,0.5925925925925926,0.8625,0.40740740740740744,,,,10.072412756144098,10.072412756144098,3.6580461507936084e-24,True,1.0,0.3884565713697063,1.8878343200683594,0.2782582604465413,0.37701599233783784,0.81,465.01,0.95,0.5
27,No Watermark,,,,"So you might ask yourself, “What is going on?” How can things be so bad that educators feel the need to petition? Superintendent Michael Hanson’s administration issued a mandate to all school principals, vice principals and counselors"," to condemn bullying on campus.

Why are educators so concerned about bullying?

The University of California at Berkeley has been a culture-shifting institution for decades, and it’s not surprising that it is still a place where the largest number of students are reported to have been bullied.

But there’s one major flaw with the recent school-wide intervention, and that’s the way it goes:

In the last few years, the Department of",99,22,0.2222222222222222,-0.6382847385042254,0.73835582764413,Human/Unwatermarked,0.0,76,0.7631578947368421,1.0,0.23684210526315785,,,,-0.19785893151812378,1.5692024293798887,0.5784222816054773,False,0.0,,,0.3035723272904725,0.3140254188887775,0.86,648.28,,
27,Fixed Delta 1.0,1.0,,,"So you might ask yourself, “What is going on?” How can things be so bad that educators feel the need to petition? Superintendent Michael Hanson’s administration issued a mandate to all school principals, vice principals and counselors"," to make sure that all students can attend classes remotely on campus, whether they are enrolled in online classes or not.

Wise parents, school administrators and teachers need to send a clear message to all of these students: Take action.

If the district has a mandate to send students to online classes, that’s on them. If it doesn’t, then don’t sign it.

Get a letter from your school’s principal, vice principal",99,47,0.47474747474747475,5.164303793352369,1.2066773532761895e-07,Watermarked,0.9999998793322646,75,0.72,0.972972972972973,0.28,1.0,1.0,1.0,6.351626521333673,6.351626521333673,1.0652503960350298e-10,True,0.999999999893475,,,0.2680361756794258,0.3087369496002793,0.8,367.22,,
27,Fixed Delta 2.0,2.0,,,"So you might ask yourself, “What is going on?” How can things be so bad that educators feel the need to petition? Superintendent Michael Hanson’s administration issued a mandate to all school principals, vice principals and counselors"," to make sure that all students know about the school on-campus. The mandate was signed into law in August but it has yet to be implemented by school districts and most teachers have yet to make this request.

However, what if the school district has gotten the message about not only the school, but about our students? How do I know? The problem has been exacerbated when our district has gone out of business several years ago. The board of directors for this district (which I have no",99,65,0.6565656565656566,9.342167536289118,4.719090681074502e-21,Watermarked,1.0,89,0.6853932584269663,0.9431818181818182,0.3146067415730337,2.0,2.0,2.0,10.546057229344726,10.546057229344726,2.648683451386963e-26,True,1.0,,,0.3124120417902139,0.26541308217681947,0.91,512.49,,
27,Fixed Delta 3.0,3.0,,,"So you might ask yourself, “What is going on?” How can things be so bad that educators feel the need to petition? Superintendent Michael Hanson’s administration issued a mandate to all school principals, vice principals and counselors"," to make sure students had all the information necessary to make sure, whether in-person or online. (Hanson had to make sure students knew the key dates in order to send a letter. If there was too many emails at school, district administrators had to send a letter. If there was too many emails at school, district administrators had to send a letter. If there was too many emails at school, district administrators had to send a letter. If there was too many emails at school, district",99,86,0.8686868686868687,14.216341903048656,3.627366397575512e-46,Watermarked,1.0,87,0.367816091954023,0.4418604651162791,0.632183908045977,3.0,3.0,3.0,10.1954032986381,10.1954032986381,1.0393996233071889e-24,True,1.0,,,0.20038458500522757,0.509898593686521,0.63,198.31,,
27,Current Adaptive Delta,adaptive,0.5,3.0,"So you might ask yourself, “What is going on?” How can things be so bad that educators feel the need to petition? Superintendent Michael Hanson’s administration issued a mandate to all school principals, vice principals and counselors"," to make sure that all students can attend classes remotely on campus, whether they are enrolled in online classes or not.

Wise decision. The mandate went through the school board, which now has 60 days to make it. If a student refuses to attend classes, their reported test score, their attendance record or their attendance record may not be reported. If a student refuses to attend classes, their reported test score, their attendance record or their attendance record may not be reported. If a student refuses",99,75,0.7575757575757576,11.663202949031755,9.825423209116168e-32,Watermarked,1.0,86,0.5348837209302325,0.6588235294117647,0.4651162790697675,1.8490741288661956,1.6180340051651,2.4091973304748535,10.190387416586777,10.190387416586777,1.094450784894892e-24,True,1.0,,,0.26060826174035695,0.358795272433199,0.8,383.96,,
27,CA-KL,kl_adaptive,,3.0,"So you might ask yourself, “What is going on?” How can things be so bad that educators feel the need to petition? Superintendent Michael Hanson’s administration issued a mandate to all school principals, vice principals and counselors"," to make sure that all students know about the school on-campus. The mandate was signed into law in August but it has yet to be implemented by school districts and most teachers have yet to make this request.

However, what if the school district has gotten the message about not only the school, but about our students? How do I know? The problem has been exacerbated when our district has gone out of business several years ago. The board of supervisors, which had been appointed by former Gov",99,66,0.6666666666666666,9.574271077563381,5.1289159954110675e-22,Watermarked,1.0,89,0.7078651685393258,0.9431818181818182,0.2921348314606742,,,,,,,,,0.4648134725225935,2.3073060607910154,0.31338475319816167,0.22715866981307045,1.0,50265.0,,0.5
27,CA-KL + Weighted Detector,kl_adaptive,,3.0,"So you might ask yourself, “What is going on?” How can things be so bad that educators feel the need to petition? Superintendent Michael Hanson’s administration issued a mandate to all school principals, vice principals and counselors"," to make sure that all students know about the school on-campus. The mandate was signed into law in August but it has yet to be implemented by school districts and most teachers have yet to make this request.

However, what if the school district has gotten the message about not only the school, but about our students? How do I know? The problem has been exacerbated when our district has gone out of business several years ago. The board of supervisors, which had been appointed by former Gov",99,66,0.6666666666666666,9.574271077563381,5.1289159954110675e-22,Watermarked,1.0,89,0.7078651685393258,0.9431818181818182,0.2921348314606742,,,,10.82417640362493,10.82417640362493,1.3222292470152465e-27,True,1.0,0.4648134725225935,2.3073060607910154,0.3133847222569273,0.2271586296102032,1.0,50265.0,,0.5
27,CA-KL + Candidate Greenlist,kl_adaptive,,3.0,"So you might ask yourself, “What is going on?” How can things be so bad that educators feel the need to petition? Superintendent Michael Hanson’s administration issued a mandate to all school principals, vice principals and counselors"," to make sure that all students know about the school on-campus. The mandate was signed into law in August 2016, which included a two year term mandate of teachers and school administrators who would not be invited to attend a meeting on-campus to officially apologize or respond to students who complained, or were told that they did not attend. This is no excuse, of course. But it’s not exactly surprising. The teachers wanted their students’ rights, well, their powers of action;",99,69,0.696969696969697,10.270581701386172,4.781315307935896e-25,Watermarked,1.0,84,0.7380952380952381,0.9879518072289156,0.26190476190476186,,,,13.050740286793534,13.050740286793534,3.146644860316716e-39,True,1.0,0.4532470713554495,2.327467346191406,0.3092228438329572,0.2688444204395637,0.89,484.77,0.95,0.5
27,CA-KL + Candidate Greenlist + Weighted/WinMax,kl_adaptive,,3.0,"So you might ask yourself, “What is going on?” How can things be so bad that educators feel the need to petition? Superintendent Michael Hanson’s administration issued a mandate to all school principals, vice principals and counselors"," to make sure that all students know about the school on-campus. The mandate was signed into law in August 2016, which included a two-year mandate of teachers and school administrators who would make sure that students know about the school – so that the school community could provide a better understanding of the school.
“The recommendation to all principals,” said Hanson, “to ensure students know and feel about the school, should be on this mandate,” because it is one that",99,63,0.6363636363636364,8.87796045374059,3.4048719575050004e-19,Watermarked,1.0,81,0.6172839506172839,0.8625,0.3827160493827161,,,,10.86492023001302,10.86492023001302,8.468556651622645e-28,True,1.0,0.4279561046998775,2.099307403564453,0.2831120259359185,0.29704832963645456,0.9,363.62,0.95,0.5
28,No Watermark,,,,"ST. JOHNS COUNTY, Fla. - Commissioners in St. Johns County voted unanimously to postpone any legislative action against a localized ban of a substance that the DEA has classified as a ""drug of concern."" According to a report by the St",". Johns County Sheriff's Office, the DEA has classified the substance as a ""drug of concern"" and said it is currently in the process of determining how to implement the ban.
The DEA said it is scheduled to meet on June 20th at 7:30 p.m. at the Sheriff's Office’s Office in the 500 block of East Central Drive.
""We have no plan to do any action against the substance,"" said Sheriff Bob Forrester.
The DEA said",99,24,0.24242424242424243,-0.17407765595569785,0.5690977834754946,Human/Unwatermarked,0.0,78,0.6794871794871795,0.8961038961038961,0.3205128205128205,,,,-0.3469291775202584,1.5427226322868297,0.6356777370364206,False,0.0,,,0.2674193340591217,0.36127449383959176,0.78,519.59,,
28,Fixed Delta 1.0,1.0,,,"ST. JOHNS COUNTY, Fla. - Commissioners in St. Johns County voted unanimously to postpone any legislative action against a localized ban of a substance that the DEA has classified as a ""drug of concern."" According to a report by the St",". Johns County Sheriff's Office, the DEA has classified the substance as a ""drug of concern"" as they consider the potential for its use in the state of Florida.
""The DEA has a concurrent obligation to protect public safety and is implementing the largest criminal justice reform package in U.S. history,"" Sheriff Joe Arpaio said in a statement. ""The DEA has committed a serious violation of federal law and the public is being informed of the seriousness of this violation.""
The DEA has said this",99,51,0.5151515151515151,6.092717958449424,5.550477317542801e-10,Watermarked,0.9999999994449522,85,0.6352941176470588,0.9285714285714286,0.3647058823529412,1.0,1.0,1.0,5.880429632653004,6.0034439368279084,2.0460147171053617e-09,True,0.9999999979539853,,,0.2797742750714439,0.3699625305086374,0.79,534.45,,
28,Fixed Delta 2.0,2.0,,,"ST. JOHNS COUNTY, Fla. - Commissioners in St. Johns County voted unanimously to postpone any legislative action against a localized ban of a substance that the DEA has classified as a ""drug of concern."" According to a report by the St",". Johns County Sheriff's Office, the state of Florida has issued a ""drug of concern"" advisory for Florida residents. The advisory, which states the state of Florida must follow the federal ""drug policies"" to protect public health, states a ""contraception of substance"" that could be used to prevent or treat HIV and other infectious diseases. The advisory calls for people who are taking a ""drug of concern"" to avoid entering the state. The advisory, which has not been issued by the state",99,57,0.5757575757575758,7.4853392060950075,3.5681289972117485e-14,Watermarked,0.9999999999999644,81,0.6172839506172839,0.8625,0.3827160493827161,2.0,2.0,2.0,9.709382881466594,9.744859573747325,1.3749850086757092e-22,True,1.0,,,0.2796068952867052,0.30019687181571497,0.82,443.89,,
28,Fixed Delta 3.0,3.0,,,"ST. JOHNS COUNTY, Fla. - Commissioners in St. Johns County voted unanimously to postpone any legislative action against a localized ban of a substance that the DEA has classified as a ""drug of concern."" According to a report by the St",". Johns County Sheriff's Office, Saint Johns County has no state statute requiring an ""immediate prohibition (not limited to any restricted activity)"" of the substance. However, that could change within the next 48 hours. Commissioners say the current law applies to one county in Miami-Dade, which currently does not require a ""immediate prohibition (not limited to any restricted activity)"" of the substance. The DDO states the current law does not apply to all county's. However, commissioners said this",99,75,0.7575757575757576,11.663202949031755,9.825423209116168e-32,Watermarked,1.0,78,0.6538461538461539,0.8181818181818182,0.34615384615384615,3.0,3.0,3.0,12.443642626804019,12.443642626804019,7.571847027721406e-36,True,1.0,,,0.239926361269841,0.364950060127303,0.73,408.29,,
28,Current Adaptive Delta,adaptive,0.5,3.0,"ST. JOHNS COUNTY, Fla. - Commissioners in St. Johns County voted unanimously to postpone any legislative action against a localized ban of a substance that the DEA has classified as a ""drug of concern."" According to a report by the St",". Johns County Sheriff's Office, the state of Florida has issued a ""drug of concern"" advisory for Florida residents. The advisory, which states the state of Florida must follow the federal ""zero tolerance"" policy if it is determined to be used to treat heroin or prescription drugs. The advisory, which states the state of Florida must follow the federal ""zero tolerance"" policy if it is determined to be used to treat heroin or prescription drugs, states Florida must follow the state of Florida. The advisory,",99,58,0.5858585858585859,7.717442747369271,5.934340569241363e-15,Watermarked,0.9999999999999941,84,0.42857142857142855,0.5542168674698795,0.5714285714285714,1.7902731502056122,1.6180340051651,2.3111376762390137,8.047091450240117,8.047091450240117,4.239241449008222e-16,True,0.9999999999999996,,,0.21197132703447968,0.43420133154606444,0.68,300.75,,
28,CA-KL,kl_adaptive,,3.0,"ST. JOHNS COUNTY, Fla. - Commissioners in St. Johns County voted unanimously to postpone any legislative action against a localized ban of a substance that the DEA has classified as a ""drug of concern."" According to a report by the St",". Johns County Sheriff's Office, the state of Florida has issued a ""drug of concern"" advisory for Florida residents. The advisory, which states the state of Florida must follow the federal ""drug policies"" to protect public health, states a ""contraception of substance"" that could be used to prevent or treat HIV and other infectious diseases. The advisory calls for people who are taking either or both of these drugs not to take them. The advisory, written by St. Johns County Sheriff Steve Do",99,60,0.6060606060606061,8.181649829917799,1.3999184135288104e-16,Watermarked,0.9999999999999999,82,0.7073170731707317,0.9259259259259259,0.29268292682926833,,,,,,,,,0.427859073242192,2.425209503173828,0.26999617579865975,0.26695716356742194,1.0,50265.0,,0.5
28,CA-KL + Weighted Detector,kl_adaptive,,3.0,"ST. JOHNS COUNTY, Fla. - Commissioners in St. Johns County voted unanimously to postpone any legislative action against a localized ban of a substance that the DEA has classified as a ""drug of concern."" According to a report by the St",". Johns County Sheriff's Office, the state of Florida has issued a ""drug of concern"" advisory for Florida residents. The advisory, which states the state of Florida must follow the federal ""drug policies"" to protect public health, states a ""contraception of substance"" that could be used to prevent or treat HIV and other infectious diseases. The advisory calls for people who are taking either or both of these drugs not to take them. The advisory, written by St. Johns County Sheriff Steve Do",99,60,0.6060606060606061,8.181649829917799,1.3999184135288104e-16,Watermarked,0.9999999999999999,82,0.7073170731707317,0.9259259259259259,0.29268292682926833,,,,9.659828701266184,9.659828701266184,2.233050587258976e-22,True,1.0,0.427859073242192,2.425209503173828,0.26999620933123536,0.26695708223909603,1.0,50265.0,,0.5
28,CA-KL + Candidate Greenlist,kl_adaptive,,3.0,"ST. JOHNS COUNTY, Fla. - Commissioners in St. Johns County voted unanimously to postpone any legislative action against a localized ban of a substance that the DEA has classified as a ""drug of concern."" According to a report by the St",". Johns County Sheriff's Office, the state's EMT response team has been ""immediately"" activated to help with evacuations and search operations in the area of the Holesville, Michigan, area of the state. The EMT response teams had been in Miami, Palm Springs, Del Rio, New Braunfels and Las Cruces, Texas, and would have responded to ""a significant number"" of the evacuation orders issued around Holesville, MS, according to the report by the",99,58,0.5858585858585859,7.717442747369271,5.934340569241363e-15,Watermarked,0.9999999999999941,71,0.7323943661971831,0.9428571428571428,0.2676056338028169,,,,9.363156843551787,9.418037234788555,3.869458691515783e-21,True,1.0,0.4259817469941381,2.392588806152344,0.29089845812547804,0.31773680336773397,0.78,822.56,0.95,0.5
28,CA-KL + Candidate Greenlist + Weighted/WinMax,kl_adaptive,,3.0,"ST. JOHNS COUNTY, Fla. - Commissioners in St. Johns County voted unanimously to postpone any legislative action against a localized ban of a substance that the DEA has classified as a ""drug of concern."" According to a report by the St",". Johns County Sheriff's Office, the state's EMT response team has been ""immediately"" activated to help with evacuations and search operations in the area of the Holesville, Michigan, area of the state. The EMT response team is expected to provide scores of updates to the Sheriff's Office’s Facebook page on Sunday, August 4, 2017. The emergency declaration, which follows the death of the St. Johns County Sheriff's Office Officer, Brian Heffler on August",99,65,0.6565656565656566,9.342167536289118,4.719090681074502e-21,Watermarked,1.0,73,0.6575342465753424,0.875,0.34246575342465757,,,,9.93432436011944,9.93432436011944,1.4758506468422547e-23,True,1.0,0.39388272551129777,1.8524542236328125,0.3063785078618555,0.33323092565406115,0.81,854.86,0.95,0.5
29,No Watermark,,,,"This was Reinsdorf's reply on Friday when asked whether the preseason announcement that Phil Jackson will not return as coach of the Bulls next season is, as the French saying goes, a fact accomplished. And the notation on the desk of Re","insdorf on Saturday seemed to indicate that it did.

""The team is still alive and well,"" Reinsdorf told reporters on Saturday. ""I can't really speculate.""

Reinsdorf, who is coming off a 68-97 regular season record, was among the players to congratulate Jackson when he returned to the Bulls last week.

""It was great to see,"" Reinsdorf said. ""I've known him for a long time and this",99,27,0.2727272727272727,0.5222329678670935,0.30075406722029496,Human/Unwatermarked,0.0,67,0.7910447761194029,0.9848484848484849,0.20895522388059706,,,,0.5493429679776195,1.7188052427574594,0.29138505258425673,False,0.0,,,0.2248662224371577,0.36550448956899345,0.76,213.16,,
29,Fixed Delta 1.0,1.0,,,"This was Reinsdorf's reply on Friday when asked whether the preseason announcement that Phil Jackson will not return as coach of the Bulls next season is, as the French saying goes, a fact accomplished. And the notation on the desk of Re","insdorf, clearly, was that ""it has no effect.""

Not that it has any effect.

""It's a big one,"" Reinsdorf said. ""As far as we're concerned, it's a big one. We've spoken about it, we've talked about it. I don't want to put too much pressure on [the Bulls] and say, well, you know, it's a big one. I don't want to say, this",99,45,0.45454545454545453,4.700096710803842,1.3001915629892368e-06,Watermarked,0.999998699808437,63,0.6507936507936508,0.8064516129032258,0.3492063492063492,1.0,1.0,1.0,4.339608572013071,4.339608572013071,7.1368366372186715e-06,True,0.9999928631633628,,,0.23582891829758135,0.34535450396128,0.78,245.38,,
29,Fixed Delta 2.0,2.0,,,"This was Reinsdorf's reply on Friday when asked whether the preseason announcement that Phil Jackson will not return as coach of the Bulls next season is, as the French saying goes, a fact accomplished. And the notation on the desk of Re","insdorf, which means ""To remain,"" does not, he says, ""make any sense.""

""It's a myth,"" Reinsdorf says, ""that there's a chance this is going to end with a championship."" The Bulls have lost their last nine, and their only win-loss record is three.

""It's a myth""

In fact, Reinsdorf, 62, has no knowledge of the situation, even if he claims that",99,56,0.5656565656565656,7.2532356648207434,2.0346556800431047e-13,Watermarked,0.9999999999997965,62,0.7903225806451613,0.9672131147540983,0.20967741935483875,2.0,2.0,2.0,8.818650826391659,8.818650826391659,5.79235408284044e-19,True,1.0,,,0.27607078485610587,0.3276898199040443,0.85,432.88,,
29,Fixed Delta 3.0,3.0,,,"This was Reinsdorf's reply on Friday when asked whether the preseason announcement that Phil Jackson will not return as coach of the Bulls next season is, as the French saying goes, a fact accomplished. And the notation on the desk of Re","insdorf, which means ""To the Hates,"" would suggest otherwise. The thought is easy (not exactly); why shouldn't a head coach who's already led Bulls teams since the 70s take his place? The question was raised on Twitter recently as Phil Jackson was reported by a friend who asked whether Reinsdorf may not be considering returning as a head coach next season. He didn't say, of course, because it probably isn't a good situation, but it does offer one",99,77,0.7777777777777778,12.127410031580283,3.7801435720337223e-34,Watermarked,1.0,78,0.8461538461538461,0.974025974025974,0.15384615384615385,3.0,3.0,3.0,15.182073681302189,15.182073681302189,2.3242511434989185e-52,True,1.0,,,0.28544388078463495,0.292342316955328,0.83,581.93,,
29,Current Adaptive Delta,adaptive,0.5,3.0,"This was Reinsdorf's reply on Friday when asked whether the preseason announcement that Phil Jackson will not return as coach of the Bulls next season is, as the French saying goes, a fact accomplished. And the notation on the desk of Re","insdorf, which means ""To the Hates,"" is still accurate. ""To the Hates,"" yes, that was a bit of a bit of a tease, but it also gives the impression that if anything is going to happen within the Bulls organization, it's a win-win situation.
“It’s a win-win,” said Reinsdorf, who is still the Bulls’ general manager. “I’ve been in this",99,48,0.48484848484848486,5.396407334626633,3.399424987395955e-08,Watermarked,0.9999999660057501,64,0.65625,0.8571428571428571,0.34375,1.8373168015480041,1.6180340051651,2.5425965785980225,7.957828055018324,7.957828055018324,8.754271566066437e-16,True,0.9999999999999991,,,0.2472550667504236,0.37516971105709673,0.75,510.06,,
29,CA-KL,kl_adaptive,,3.0,"This was Reinsdorf's reply on Friday when asked whether the preseason announcement that Phil Jackson will not return as coach of the Bulls next season is, as the French saying goes, a fact accomplished. And the notation on the desk of Re","insdorf, which means ""To remain,"" does not, he says, ""make any sense.""

""It's a myth,"" Reinsdorf says, ""that there's a chance this is going to end with a championship."" The Bulls have lost their last nine home games, and the numbers for this season may not be in order, because Chicago won't be as good as it has been in the past month or so. The Bulls need wins against the West Coast teams that",99,62,0.6262626262626263,8.645856912466327,2.6701500224408945e-18,Watermarked,1.0,75,0.8,0.9864864864864865,0.19999999999999996,,,,,,,,,0.4505471951225896,2.3309385681152346,0.28221661186230373,0.22199467781963902,1.0,50265.0,,0.5
29,CA-KL + Weighted Detector,kl_adaptive,,3.0,"This was Reinsdorf's reply on Friday when asked whether the preseason announcement that Phil Jackson will not return as coach of the Bulls next season is, as the French saying goes, a fact accomplished. And the notation on the desk of Re","insdorf, which means ""To remain,"" does not, he says, ""make any sense.""

""It's a myth,"" Reinsdorf says, ""that there's a chance this is going to end with a championship."" The Bulls have lost their last nine home games, and the numbers for this season may not be in order, because Chicago won't be as good as it has been in the past month or so. The Bulls need wins against the West Coast teams that",99,62,0.6262626262626263,8.645856912466327,2.6701500224408945e-18,Watermarked,1.0,75,0.8,0.9864864864864865,0.19999999999999996,,,,10.849429772235897,10.849429772235897,1.003366768447348e-27,True,1.0,0.4505471951225896,2.3309385681152346,0.282216628629667,0.22199471383646596,1.0,50265.0,,0.5
29,CA-KL + Candidate Greenlist,kl_adaptive,,3.0,"This was Reinsdorf's reply on Friday when asked whether the preseason announcement that Phil Jackson will not return as coach of the Bulls next season is, as the French saying goes, a fact accomplished. And the notation on the desk of Re","insdorf, which says otherwise, is also very relevant, he says. ""I am a good coach but I don't make decisions for the first 100 years. I will have to make decisions for the next 100 years,"" Reinsdorf told the Chicago Sun-Times. He is referring, of course, to when the Bulls announced that the rest of the coaches who would return as coaches in 2010 would not be in the first 100 years. The Bulls, of course, would not be",99,56,0.5656565656565656,7.2532356648207434,2.0346556800431047e-13,Watermarked,0.9999999999997965,80,0.6125,0.8607594936708861,0.38749999999999996,,,,9.64466664663986,9.64466664663986,2.5889575988579863e-22,True,1.0,0.4027297962368978,2.4020045471191405,0.25874309344786434,0.3553347947634757,0.8,335.38,0.95,0.5
29,CA-KL + Candidate Greenlist + Weighted/WinMax,kl_adaptive,,3.0,"This was Reinsdorf's reply on Friday when asked whether the preseason announcement that Phil Jackson will not return as coach of the Bulls next season is, as the French saying goes, a fact accomplished. And the notation on the desk of Re","insdorf, which says otherwise, is also very relevant, he says. ""I am a good coach but I don't make decisions for the first 100 years. I will have to make decisions for the next 100 years,"" Reinsdorf told the Chicago Tribune. ""There are times when things start to change and it's a bad time to make decisions. I know that with some changes in the season, the first 100 years are not exactly good."" All of this is just one of",99,57,0.5757575757575758,7.4853392060950075,3.5681289972117485e-14,Watermarked,0.9999999999999644,81,0.691358024691358,0.8875,0.308641975308642,,,,9.445349202357495,9.445349202357495,1.7711060539454025e-21,True,1.0,0.43871295218612244,2.0954644775390623,0.27768871352358643,0.29653689363971353,0.91,298.71,0.95,0.5
30,No Watermark,,,,"(HOST) As the season for summer blockbuster movies about super heroes and rings of power approaches, commentator Willem Lange is feeling nostalgic for other mighty champions of yesteryear. early western United States. Nowhere in the pages of history can"," he find more than his hero, the titular ring of power.

“I got to be a part of the ring of power,” Lange says, noting that he’s been lucky enough to get to watch the film The Ring of Power. “I was very lucky.”

Lange is best known for his recent co-production with Warner Bros., and the film, which stars Michael Keaton and Diane Keaton, centers on the ring�",99,27,0.2727272727272727,0.5222329678670935,0.30075406722029496,Human/Unwatermarked,0.0,71,0.676056338028169,0.8857142857142857,0.323943661971831,,,,-1.0620827283152408,1.4134531299225528,0.8559009348678919,False,0.0,,,0.3002202483583713,0.3842538175731897,0.81,935.23,,
30,Fixed Delta 1.0,1.0,,,"(HOST) As the season for summer blockbuster movies about super heroes and rings of power approaches, commentator Willem Lange is feeling nostalgic for other mighty champions of yesteryear. early western United States. Nowhere in the pages of history can"," he find a better time to express his nostalgic feelings on the subject.

“The biggest thing about my time in the U.S.,” Lange said, “was just being there in front of the camera – it’s the best way to express my feelings.”

While there’s much to admire about Lange’s extensive coverage of the United States’ past, it’s difficult to find a more memorable moment than the one",99,38,0.3838383838383838,3.075371921883995,0.0010512010198350896,Human/Unwatermarked,0.0,71,0.647887323943662,0.9428571428571428,0.352112676056338,1.0,1.0,1.0,5.112540382946102,5.2991976985270295,1.5892750405903397e-07,True,0.999999841072496,,,0.2722010403482671,0.34715842578560113,0.78,672.97,,
30,Fixed Delta 2.0,2.0,,,"(HOST) As the season for summer blockbuster movies about super heroes and rings of power approaches, commentator Willem Lange is feeling nostalgic for other mighty champions of yesteryear. early western United States. Nowhere in the pages of history can"," there be more powerful or worthy of this particular epitaph than, he says, ""The great American (not necessarily the movie star) The Lion King."" Lange is most well-known for his role as the father of the great American sorcerer Michael ""The Lion King"" King, known as King Kong. He’s made three films that have also captured the imagination of the broader American populace and helped to make him the greatest Disney film actor of all-time, not least because of the material",99,63,0.6363636363636364,8.87796045374059,3.4048719575050004e-19,Watermarked,1.0,84,0.7142857142857143,0.927710843373494,0.2857142857142857,2.0,2.0,2.0,10.83143897788255,10.83143897788255,1.2214291738458582e-27,True,1.0,,,0.35494827935593815,0.25236500627361236,0.86,1448.42,,
30,Fixed Delta 3.0,3.0,,,"(HOST) As the season for summer blockbuster movies about super heroes and rings of power approaches, commentator Willem Lange is feeling nostalgic for other mighty champions of yesteryear. early western United States. Nowhere in the pages of history can"," there be more powerful or worthy a movie. Not on TV, not behind the camera. Not by a movie. Not by a movie. The one that pushes heroes and heroes to their limit in order to protect and protect their loved ones. The one that lives like an entire lifetime. Not by a movie. Not by a movie. Not by a movie. Not by a movie. Not by a movie. A film about an entire lifetime. Not by a movie. A film about an entire lifetime",99,91,0.9191919191919192,15.376859609419975,1.1701318827618705e-53,Watermarked,1.0,86,0.4069767441860465,0.5529411764705883,0.5930232558139534,3.0,3.0,3.0,11.958304329531414,11.958304329531414,2.937466969897407e-33,True,1.0,,,0.26113951097114646,0.4677282511303201,0.74,703.14,,
30,Current Adaptive Delta,adaptive,0.5,3.0,"(HOST) As the season for summer blockbuster movies about super heroes and rings of power approaches, commentator Willem Lange is feeling nostalgic for other mighty champions of yesteryear. early western United States. Nowhere in the pages of history can"," there be more powerful or worthy of this particular epitaph than, he says, ""The great American (not necessarily the movie star) The Lion King."" Lange is most well-known for his role as the father of the great American sorcerer Michael ""The Lion King"" King, who, back in his era of British television, famously gave birth to so many legendary characters (including Christopher Lee) and so little sign of the mass consumerisation of the West. For well over a decade, Lange and",99,65,0.6565656565656566,9.342167536289118,4.719090681074502e-21,Watermarked,1.0,82,0.7317073170731707,0.9259259259259259,0.2682926829268293,2.040428066253662,1.6180340051651,2.5758132934570312,10.713972285776789,10.713972285776789,4.376194992185268e-27,True,1.0,,,0.37105027932611506,0.2641172715602443,0.88,1706.29,,
30,CA-KL,kl_adaptive,,3.0,"(HOST) As the season for summer blockbuster movies about super heroes and rings of power approaches, commentator Willem Lange is feeling nostalgic for other mighty champions of yesteryear. early western United States. Nowhere in the pages of history can"," there be more powerful or worthy of this particular epitaph than, he says, ""The great American (not necessarily the movie star) The Lion King."" Lange is most well-known for his role as the father of the great American sorcerer Michael ""The Lion King,"" who was forced from the throne in 1991 to flee from the kingdom of China, which had been in his home kingdom as a colony but failed. In the story, Michael ""The Lion King"" is forced from his home in order",99,66,0.6666666666666666,9.574271077563381,5.1289159954110675e-22,Watermarked,1.0,85,0.6470588235294118,0.8809523809523809,0.3529411764705882,,,,,,,,,0.45450039906957135,2.3222840881347655,0.3658845164976477,0.25332118476275356,1.0,50265.0,,0.5
30,CA-KL + Weighted Detector,kl_adaptive,,3.0,"(HOST) As the season for summer blockbuster movies about super heroes and rings of power approaches, commentator Willem Lange is feeling nostalgic for other mighty champions of yesteryear. early western United States. Nowhere in the pages of history can"," there be more powerful or worthy of this particular epitaph than, he says, ""The great American (not necessarily the movie star) The Lion King."" Lange is most well-known for his role as the father of the great American sorcerer Michael ""The Lion King,"" who was forced from the throne in 1991 to flee from the kingdom of China, which had been in his home kingdom as a colony but failed. In the story, Michael ""The Lion King"" is forced from his home in order",99,66,0.6666666666666666,9.574271077563381,5.1289159954110675e-22,Watermarked,1.0,85,0.6470588235294118,0.8809523809523809,0.3529411764705882,,,,10.085117389296622,10.085117389296622,3.2144147269817916e-24,True,1.0,0.45450039906957135,2.3222840881347655,0.3658844892421059,0.25332116550416683,1.0,50265.0,,0.5
30,CA-KL + Candidate Greenlist,kl_adaptive,,3.0,"(HOST) As the season for summer blockbuster movies about super heroes and rings of power approaches, commentator Willem Lange is feeling nostalgic for other mighty champions of yesteryear. early western United States. Nowhere in the pages of history can"," there be more powerful or worthy of this particular epitaph than, he says, ""The great American (not necessarily the movie star) The Lion King."" Lange is most well-known for his role in his beloved ""The Lion King"" movie. The book ""The Lion King: Lion King, A Journey to Legend"" is one of the best-selling and most acclaimed stories about King, written by and for an Oscar-winning playwright and a leading man for more than a century. But",99,62,0.6262626262626263,8.645856912466327,2.6701500224408945e-18,Watermarked,1.0,80,0.675,0.9367088607594937,0.32499999999999996,,,,11.502269930208879,11.502269930208879,6.4245557955286845e-31,True,1.0,0.4450988747282961,2.338916473388672,0.33390779674475407,0.2945638636965305,0.88,1228.97,0.95,0.5
30,CA-KL + Candidate Greenlist + Weighted/WinMax,kl_adaptive,,3.0,"(HOST) As the season for summer blockbuster movies about super heroes and rings of power approaches, commentator Willem Lange is feeling nostalgic for other mighty champions of yesteryear. early western United States. Nowhere in the pages of history can"," there be more powerful or worthy of this particular epitaph than, he says, ""The great American (not necessarily the movie star) The Lion King."" Lange is most well-known for his role as the father of the great American sorcerer Michael ""The Lion King"" King, known as King Kong. He’s made three films that have also spawned blockbuster books. He’s written several books. He’s starred in over 50 films and has won accolades for his work",99,61,0.6161616161616161,8.413753371192062,1.9854759384111046e-17,Watermarked,1.0,79,0.7088607594936709,0.8974358974358975,0.2911392405063291,,,,11.075031841407064,11.075031841407064,8.291059949860172e-29,True,1.0,0.4155004941033895,1.9017544555664063,0.3467194059649773,0.31511447528377173,0.85,1359.22,0.95,0.5
31,No Watermark,,,,"This is the news you’re looking for. Carrie Fisher has seemingly confirmed to Palm Beach Illustrated magazine that she will be returning to that Galaxy Far, Far Away for J.J. Abrams’ Star Wars: Episode VII. Taken"," as a whole, it seems like this deal will be a success. Carrie Fisher’s new Star Wars film is set to hit theaters on July 5, 2020.

The big news for fans of Star Wars is that Carrie Fisher will be returning to the Galaxy Far, Far, Away for J.J. Abrams’ Star Wars: Episode VII. Taken as a whole, it seems like this deal will be a success. Carrie Fisher’s new Star Wars film is set to",99,16,0.16161616161616163,-2.030905986149808,0.9788677337852513,Human/Unwatermarked,0.0,80,0.5375,0.6835443037974683,0.4625,,,,-0.5210534677335114,1.5252886603334166,0.698835237464779,False,0.0,,,0.15573691073151316,0.5544654163252563,0.5,239.29,,
31,Fixed Delta 1.0,1.0,,,"This is the news you’re looking for. Carrie Fisher has seemingly confirmed to Palm Beach Illustrated magazine that she will be returning to that Galaxy Far, Far Away for J.J. Abrams’ Star Wars: Episode VII. Taken"," as a whole, it’ll be the first time, and the first time, that the two sides will be working together again. The big news is that Carrie Fisher will be joining the bigger cast of Star Wars: Episode VII.

During the recent interview with Palm Beach Illustrated, Carrie Fisher shared a picture of herself with J.J. Abrams, and then wrote, “This is my fourth film, and it’s my eighth,” along with a caption that",99,46,0.46464646464646464,4.932200252078106,4.0654247701977057e-07,Watermarked,0.999999593457523,77,0.6753246753246753,0.9473684210526315,0.3246753246753247,1.0,1.0,1.0,4.605839522172147,4.928067378269717,2.0540255754212704e-06,True,0.9999979459744246,,,0.256033992089438,0.37164830017834904,0.82,455.37,,
31,Fixed Delta 2.0,2.0,,,"This is the news you’re looking for. Carrie Fisher has seemingly confirmed to Palm Beach Illustrated magazine that she will be returning to that Galaxy Far, Far Away for J.J. Abrams’ Star Wars: Episode VII. Taken"," over by Cate Blanchett as a cast member, fans are happy to hear that the star (not to mention her name) has already confirmed to fans that she will be bringing back the classic trilogy.

However, what is most interesting is the fact that the reported update from the casting sheet is not confirmed. The recent interview with ET also confirmed that the casting sheet for Episode VII was not finalized until sometime this week. However, people are speculating that the casting sheet is still being",99,62,0.6262626262626263,8.645856912466327,2.6701500224408945e-18,Watermarked,1.0,86,0.686046511627907,0.9058823529411765,0.313953488372093,2.0,2.0,2.0,10.42696654095047,10.42696654095047,9.337770860215601e-26,True,1.0,,,0.30395709852270886,0.28794722255319355,0.87,717.12,,
31,Fixed Delta 3.0,3.0,,,"This is the news you’re looking for. Carrie Fisher has seemingly confirmed to Palm Beach Illustrated magazine that she will be returning to that Galaxy Far, Far Away for J.J. Abrams’ Star Wars: Episode VII. Taken"," over the weekend in Los Angeles by a source, Variety reports, Padme was spotted in an intimate dinner, surrounded by other personal and professional acquaintances who are unimpressed by the prospect. The duo also called it quits on last year after 18 years together. The rumor then prompted Padme, 64,‘s daughter-in-law Carrie Fisher, 64, to open up about her plan. She said, “After 18 years together I just don’t feel like this",99,73,0.7373737373737373,11.198995866483228,2.061905353433795e-29,Watermarked,1.0,76,0.8289473684210527,0.96,0.17105263157894735,3.0,3.0,3.0,13.089020608633126,13.089020608633126,1.902410873842632e-39,True,1.0,,,0.2554794676277539,0.32103804863058033,0.74,570.1,,
31,Current Adaptive Delta,adaptive,0.5,3.0,"This is the news you’re looking for. Carrie Fisher has seemingly confirmed to Palm Beach Illustrated magazine that she will be returning to that Galaxy Far, Far Away for J.J. Abrams’ Star Wars: Episode VII. Taken"," over by Cate Blanchett as a cast member, fans are happy to hear that the star (not to mention her name) has already confirmed to fans that she will be bringing back the classic trilogy.

However, what is most interesting is the fact that the reported update from the casting sheet is not confirmed. The recent interview with ET also confirmed that the casting sheet for Episode VII was not finalized until sometime this week. However, people are speculating that the casting sheet is still being",99,62,0.6262626262626263,8.645856912466327,2.6701500224408945e-18,Watermarked,1.0,86,0.686046511627907,0.9058823529411765,0.313953488372093,1.9239167332649232,1.6180340051651,2.440756320953369,10.42696654095047,10.42696654095047,9.337770860215601e-26,True,1.0,,,0.30395709852270886,0.28794722255319355,0.87,717.12,,
31,CA-KL,kl_adaptive,,3.0,"This is the news you’re looking for. Carrie Fisher has seemingly confirmed to Palm Beach Illustrated magazine that she will be returning to that Galaxy Far, Far Away for J.J. Abrams’ Star Wars: Episode VII. Taken"," over the weekend in Los Angeles by a source, the movie, which follows the adventures of Luke Skywalker (Jedi Knight), is expected to open in February of 2020.

The big news for fans of the classic franchise is that a new Star Wars sequel will be bringing back Carrie Fisher, who played Leia’s daughter in the original trilogy. The legendary actress will reprise her role as Ms. Fisher, the daughter of the late actor Peter Corbat, and the first actress to appear",99,56,0.5656565656565656,7.2532356648207434,2.0346556800431047e-13,Watermarked,0.9999999999997965,83,0.7469879518072289,0.9878048780487805,0.2530120481927711,,,,,,,,,0.42997239229049905,2.417649993896484,0.28646328544828875,0.25495569042948774,1.0,50265.0,,0.5
31,CA-KL + Weighted Detector,kl_adaptive,,3.0,"This is the news you’re looking for. Carrie Fisher has seemingly confirmed to Palm Beach Illustrated magazine that she will be returning to that Galaxy Far, Far Away for J.J. Abrams’ Star Wars: Episode VII. Taken"," over the weekend in Los Angeles by a source, the movie, which follows the adventures of Luke Skywalker (Jedi Knight), is expected to open in February of 2020.

The big news for fans of the classic franchise is that a new Star Wars sequel will be bringing back Carrie Fisher, who played Leia’s daughter in the original trilogy. The legendary actress will reprise her role as Ms. Fisher, the daughter of the late actor Peter Corbat, and the first actress to appear",99,56,0.5656565656565656,7.2532356648207434,2.0346556800431047e-13,Watermarked,0.9999999999997965,83,0.7469879518072289,0.9878048780487805,0.2530120481927711,,,,8.538454562152012,8.538454562152012,6.801443174106198e-18,True,1.0,0.42997239229049905,2.417649993896484,0.2864632701789909,0.2549556739976106,1.0,50265.0,,0.5
31,CA-KL + Candidate Greenlist,kl_adaptive,,3.0,"This is the news you’re looking for. Carrie Fisher has seemingly confirmed to Palm Beach Illustrated magazine that she will be returning to that Galaxy Far, Far Away for J.J. Abrams’ Star Wars: Episode VII. Taken"," over the weekend in Los Angeles, the post also noted that, “The two men will discuss the galaxy far, far away and where they’ve been and where they’ve gone.”

Given that The Last Jedi had the first serious conversation about Star Wars back in 2015,“The Last Jedi” should provide a glimpse into the next installment as a result of the potential impact of the trilogy. The actor, known for his role as Darth Vader in 2015",99,64,0.6464646464646465,9.110063995014853,4.116669580158606e-20,Watermarked,1.0,79,0.6962025316455697,0.8974358974358975,0.30379746835443033,,,,10.608840916303972,10.608840916303972,1.3554553826908178e-26,True,1.0,0.41243830738601245,2.415017852783203,0.2852461612268955,0.3460914173675701,0.77,778.73,0.95,0.5
31,CA-KL + Candidate Greenlist + Weighted/WinMax,kl_adaptive,,3.0,"This is the news you’re looking for. Carrie Fisher has seemingly confirmed to Palm Beach Illustrated magazine that she will be returning to that Galaxy Far, Far Away for J.J. Abrams’ Star Wars: Episode VII. Taken"," over by Cate Blanchett and Ben Stiller, the film follows the adventures of the Skywalker family, but also focuses on the man who once did it.

Source: Palm Beach Illustrated

This is the news you’re looking for. Carrie Fisher has seemingly confirmed to Palm Beach Illustrated’s Nick Auerbach that she will be returning to that Galaxy Far, Far Away for J.J. Abrams’ Star Wars: Episode VII. Taken over by Cate",99,40,0.40404040404040403,3.5395790044325226,0.00020038289685673868,Human/Unwatermarked,0.0,73,0.7945205479452054,0.9444444444444444,0.20547945205479456,,,,5.924523536558237,5.924523536558237,1.566020758546043e-09,True,0.9999999984339792,0.19751848930600865,1.008794403076172,0.16356291547152305,0.6531092352699488,0.42,499.92,0.95,0.5
32,No Watermark,,,,"numerous aunts, uncles and cousins. She attended Shanksville Stonycreek High School and was a member of St. Paul's Lutheran Church, Buckstown. Family will receive friends from 2 to 4 p.m. and 6"," to 8 p.m. on Wednesday, May 23, at Mulberry Funeral Home, 15885 Fitch St. in Buckstown. Funeral services will be held at 10 a.m. on Thursday, May 24, at the church. Burial will be in St. James Cemetery in Buckstown. In lieu of flowers, the family requests donations be made to St. Paul's Lutheran Church. In lieu of flowers, the family suggests donations be made to St. Paul's Lutheran",99,28,0.2828282828282828,0.7543365091413573,0.22532359255077888,Human/Unwatermarked,0.0,71,0.5633802816901409,0.8,0.43661971830985913,,,,-1.0316277881149705,0.8119184844923711,0.8488767412087217,False,0.0,,,0.15420460525449248,0.44120652065612376,0.48,281.67,,
32,Fixed Delta 1.0,1.0,,,"numerous aunts, uncles and cousins. She attended Shanksville Stonycreek High School and was a member of St. Paul's Lutheran Church, Buckstown. Family will receive friends from 2 to 4 p.m. and 6"," to 8 p.m. on Wednesday, May 23, at Mulkey's Funeral Home in Buckstown.
She was preceded in death by her father, Carl Mulkey.
Survivors include her husband of 58 years, Michael ""Fred"" Mulkey of Buckstown, two daughters, Michelle (Timothy) Hamilton of St. Paul's, Judy (Peter) Pelton of Milpitas, and Mary (Larry) Bird of Buckstown, two sisters, Carol Bowers",99,36,0.36363636363636365,2.6111648393354674,0.004511719409040163,Human/Unwatermarked,0.0,59,0.8305084745762712,0.9655172413793104,0.1694915254237288,1.0,1.0,1.0,2.5723604357056695,3.1092575393709114,0.005050383595618721,False,0.0,,,0.226282107136445,0.38906133133452386,0.62,461.34,,
32,Fixed Delta 2.0,2.0,,,"numerous aunts, uncles and cousins. She attended Shanksville Stonycreek High School and was a member of St. Paul's Lutheran Church, Buckstown. Family will receive friends from 2 to 4 p.m. and 6"," to 8 p.m. Tuesday and 7 to 8 p.m. Wednesday and Friday at the Holy Trinity Church, 1020 and Main Streets, Buckstown. Interment will follow at St. Mary's Cemetery in Hopland, OH.

Addition to scores of church buildings, church buildings, archives, and other objects in Buckstown's Historic District includes many of the top-notch churches in Buckstown, including St. Mary's Episcopal Church, St. John the Evangelist",99,56,0.5656565656565656,7.2532356648207434,2.0346556800431047e-13,Watermarked,0.9999999999997965,68,0.6764705882352942,0.9253731343283582,0.32352941176470584,2.0,2.0,2.0,8.450629711679559,8.450629711679559,1.4486790770361428e-17,True,1.0,,,0.26438911637539714,0.35733454301953316,0.72,926.89,,
32,Fixed Delta 3.0,3.0,,,"numerous aunts, uncles and cousins. She attended Shanksville Stonycreek High School and was a member of St. Paul's Lutheran Church, Buckstown. Family will receive friends from 2 to 4 p.m. and 6", to 8 p.m. Tuesday and 7 to 8 p.m. Wednesday and Friday at St. John Evangelist Parish. Visitation from 2 to 8 and 7 to 8 and 7 to 8 is held at St. John Evangelist Parish Church. A Mass of Christian Burial will be celebrated in the St. John Evangelist Parish Church. Visitation from 7 to 8 and 7 to 8 is held at St. John Evangelist Parish Church. A Mass of Christian Burial will be celebrated,99,75,0.7575757575757576,11.663202949031755,9.825423209116168e-32,Watermarked,1.0,80,0.375,0.46835443037974683,0.625,3.0,3.0,3.0,8.356437684327993,8.356437684327993,3.232027710533457e-17,True,1.0,,,0.13300150153603094,0.5240524257114157,0.51,153.44,,
32,Current Adaptive Delta,adaptive,0.5,3.0,"numerous aunts, uncles and cousins. She attended Shanksville Stonycreek High School and was a member of St. Paul's Lutheran Church, Buckstown. Family will receive friends from 2 to 4 p.m. and 6"," to 8 p.m. on Saturday, May 17th, at the Lee A. Heil Funeral Home, 1050 James Street, Canton. A funeral service will be held at 10:45 a.m. on Saturday, May 17th at St. James Lutheran Church, Canton. A visitation will be held at the funeral home from 10 a.m. until time of service. A visitation will be held from 11 a.m. until time of service at the funeral",99,43,0.43434343434343436,4.235889628255314,1.138242922895398e-05,Watermarked,0.9999886175707711,73,0.4657534246575342,0.6805555555555556,0.5342465753424658,1.725266979932785,1.6180340051651,2.5079872608184814,6.922941343184934,7.206180682205175,2.211804850863929e-12,True,0.9999999999977882,,,0.1587074140294916,0.4456701284972951,0.55,309.84,,
32,CA-KL,kl_adaptive,,3.0,"numerous aunts, uncles and cousins. She attended Shanksville Stonycreek High School and was a member of St. Paul's Lutheran Church, Buckstown. Family will receive friends from 2 to 4 p.m. and 6"," to 8 p.m. Tuesday and 7 to 8 p.m. Wednesday and Friday at the Holy Trinity Church, 1020 and Main Streets, Buckstown. Interment will follow at St. Mary's Cemetery in Buckstown. A visitation will be held at 11 a.m. Wednesday and 7 p.m. Thursday at the Holy Trinity Church. A funeral service will be held at 10:30 a.m. Friday at St. Mary's Cemetery in Buckstown. A visitation will",99,53,0.5353535353535354,6.556925040997952,2.7464302917418046e-11,Watermarked,0.9999999999725357,74,0.47297297297297297,0.6712328767123288,0.527027027027027,,,,,,,,,0.285732821828643,2.6730084228515625,0.16604938533786018,0.3130624248080994,1.0,50265.0,,0.5
32,CA-KL + Weighted Detector,kl_adaptive,,3.0,"numerous aunts, uncles and cousins. She attended Shanksville Stonycreek High School and was a member of St. Paul's Lutheran Church, Buckstown. Family will receive friends from 2 to 4 p.m. and 6"," to 8 p.m. Tuesday and 7 to 8 p.m. Wednesday and Friday at the Holy Trinity Church, 1020 and Main Streets, Buckstown. Interment will follow at St. Mary's Cemetery in Buckstown. A visitation will be held at 11 a.m. Wednesday and 7 p.m. Thursday at the Holy Trinity Church. A funeral service will be held at 10:30 a.m. Friday at St. Mary's Cemetery in Buckstown. A visitation will",99,53,0.5353535353535354,6.556925040997952,2.7464302917418046e-11,Watermarked,0.9999999999725357,74,0.47297297297297297,0.6712328767123288,0.527027027027027,,,,7.0945950899329135,7.0945950899329135,6.486537502562464e-13,True,0.9999999999993513,0.285732821828643,2.6730084228515625,0.166049372751476,0.31306249782325724,1.0,50265.0,,0.5
32,CA-KL + Candidate Greenlist,kl_adaptive,,3.0,"numerous aunts, uncles and cousins. She attended Shanksville Stonycreek High School and was a member of St. Paul's Lutheran Church, Buckstown. Family will receive friends from 2 to 4 p.m. and 6"," to 8 p.m. Tuesday, May 25, 2020, at the Lee A. Heil Funeral Home, 1050 James Street, Canton. A funeral service will follow at 8 p.m. at St. Mary The Apostle Church. A memorial Mass will be held at 10 a.m. Wednesday, May 26, 2020, at St. John of the Cross Church, Canton. A visitation on Wednesday from 9:30 a.m. until time of Mass at St",99,54,0.5454545454545454,6.789028582272215,5.6445538431059e-12,Watermarked,0.9999999999943554,71,0.6056338028169014,0.9,0.3943661971830986,,,,9.061291890278731,9.061291890278731,6.445726398619433e-20,True,1.0,0.334446996201416,2.6062110900878905,0.17873577520527498,0.468230976331979,0.59,377.32,0.95,0.5
32,CA-KL + Candidate Greenlist + Weighted/WinMax,kl_adaptive,,3.0,"numerous aunts, uncles and cousins. She attended Shanksville Stonycreek High School and was a member of St. Paul's Lutheran Church, Buckstown. Family will receive friends from 2 to 4 p.m. and 6"," to 8 p.m. Tuesday, May 25, 2020, at the Lee A. Heil Funeral Home, 1050 James Street, Canton. A funeral service will be held at 10:30 a.m. Wednesday, May 28, 2020, at Lee A. Heil Funeral Home, 1050 James Street, Canton. Visitation will be 11 a.m. until 1 p.m. Wednesday, May 28, 2020, at Lee A. Heil Fun",99,53,0.5353535353535354,6.556925040997952,2.7464302917418046e-11,Watermarked,0.9999999999725357,63,0.5079365079365079,0.6774193548387096,0.4920634920634921,,,,7.535388544380104,7.6270585886055375,2.4344144948427195e-14,True,0.9999999999999757,0.16477148592753996,0.8730166625976562,0.1283841492996633,0.5807730193343014,0.36,265.88,0.95,0.5
33,No Watermark,,,,"In the market for a low-cost networked storage solution? You may want to take a look at the Netgear ReadyNAS 104. Typically, home users have been subjected to very few, true performance NAS products. If you wanted true performance"," NAS, then you would have to integrate Netgear ReadyNAS, and Netgear ReadyNAS, together (not to mention other networked computing products) to provide a fully-featured, real-time NAS solution.

Netgear ReadyNAS 104 is a high-performance NAS, which has been designed to achieve high performance with minimal wall-to-wall overhead. It also has a dedicated dedicated bandwidth channel, which means it can be used for more than one application.

Netgear",99,32,0.32323232323232326,1.6827506742384124,0.04621168370527735,Human/Unwatermarked,0.0,71,0.7183098591549296,0.9571428571428572,0.2816901408450704,,,,1.3855698739348394,1.7667675807908072,0.08293914129584662,False,0.0,,,0.29355450979461656,0.32807287293020637,0.86,573.29,,
33,Fixed Delta 1.0,1.0,,,"In the market for a low-cost networked storage solution? You may want to take a look at the Netgear ReadyNAS 104. Typically, home users have been subjected to very few, true performance NAS products. If you wanted true performance"," NAS, then you would want to get Netgear ReadyNAS, and the Netgear ReadyNAS 104 (not pictured) is the right solution for you.

The Netgear ReadyNAS 104 is available in two configurations. The Netgear ReadyNAS 104 is a high speed NAS with a density of 64GB’s of storage. The Netgear ReadyNAS 104 features a dual 16-bit PCI-E bus, which is a bit expensive for a home user. However, the Netgear",99,38,0.3838383838383838,3.075371921883995,0.0010512010198350896,Human/Unwatermarked,0.0,72,0.5972222222222222,0.8169014084507042,0.4027777777777778,1.0,1.0,1.0,2.6800256047042605,2.853147202493929,0.00368082644552549,False,0.0,,,0.2529123875990072,0.3235721661057323,0.77,517.02,,
33,Fixed Delta 2.0,2.0,,,"In the market for a low-cost networked storage solution? You may want to take a look at the Netgear ReadyNAS 104. Typically, home users have been subjected to very few, true performance NAS products. If you wanted true performance"," NAS, then you would want to install Netgear ReadyNAS, which has been around since the beginning (not to mention all the software that makes the devices available to users, which is why the Netgear ReadyNAS 104 is still so popular).

You need to be willing to install the Netgear ReadyNAS 104 and a secure file storage (FDLS) system. If you want to install the Netgear ReadyNAS 104 and a secure file storage (FDLS) system, then you may",99,56,0.5656565656565656,7.2532356648207434,2.0346556800431047e-13,Watermarked,0.9999999999997965,77,0.5584415584415584,0.75,0.4415584415584416,2.0,2.0,2.0,7.985115615171537,7.996192950484475,7.019533146399811e-16,True,0.9999999999999993,,,0.2522923221409812,0.33691040964797137,0.79,408.72,,
33,Fixed Delta 3.0,3.0,,,"In the market for a low-cost networked storage solution? You may want to take a look at the Netgear ReadyNAS 104. Typically, home users have been subjected to very few, true performance NAS products. If you wanted true performance"," NAS access, would you consider the ReSpeaker Portable 4, 4, 4, 4, 4 (not pictured); Netgear’s ReadyNAS 100? (not pictured); Netgear’s ReadyNAS 100? (not pictured); Netgear’s ReadyNAS 100? (not pictured); Netgear’s ReadyNAS 100? (not pictured); Netgear’s ReadyNAS 100? (not pictured); Netgear’s ReadyNAS 100? (not",99,68,0.6868686868686869,10.038478160111909,5.162741433689114e-24,Watermarked,1.0,50,0.3,0.32653061224489793,0.7,3.0,3.0,3.0,8.123439414225126,8.287594283776818,2.2657750273831654e-16,True,0.9999999999999998,,,0.15994091557315568,0.5855697364464868,0.46,571.77,,
33,Current Adaptive Delta,adaptive,0.5,3.0,"In the market for a low-cost networked storage solution? You may want to take a look at the Netgear ReadyNAS 104. Typically, home users have been subjected to very few, true performance NAS products. If you wanted true performance"," NAS, then you would want to install Netgear ReadyNAS, which has been around since the beginning (not to mention all the software that makes the devices available to users, which is why the Netgear ReadyNAS 104 is still so popular).

You need to be willing to install the Netgear ReadyNAS 104 and a secure file storage (FDLS) system. If you want to install the Netgear ReadyNAS 104 and a secure file storage (FDLS) system, then you may",99,56,0.5656565656565656,7.2532356648207434,2.0346556800431047e-13,Watermarked,0.9999999999997965,77,0.5584415584415584,0.75,0.4415584415584416,1.842413387298584,1.6180340051651,2.3371448516845703,7.985115615171537,7.996192950484475,7.019533146399811e-16,True,0.9999999999999993,,,0.2522923221409812,0.33691040964797137,0.79,408.72,,
33,CA-KL,kl_adaptive,,3.0,"In the market for a low-cost networked storage solution? You may want to take a look at the Netgear ReadyNAS 104. Typically, home users have been subjected to very few, true performance NAS products. If you wanted true performance"," NAS, only Netgear set up users who are on-premises connected to their network, often on wifi.

Wise computing

Wise computing (also known as large file storage), is a storage model that allows a small computing device to be used within a small, discrete network. A smart flash storage (i.e., storage of large files, data, or other media) can be used to store large volumes of data. The data stored within a smart flash storage may",99,73,0.7373737373737373,11.198995866483228,2.061905353433795e-29,Watermarked,1.0,77,0.6623376623376623,0.9078947368421053,0.33766233766233766,,,,,,,,,0.43011787503566823,2.4151290893554687,0.2984520330819345,0.32249132462457053,1.0,50265.0,,0.5
33,CA-KL + Weighted Detector,kl_adaptive,,3.0,"In the market for a low-cost networked storage solution? You may want to take a look at the Netgear ReadyNAS 104. Typically, home users have been subjected to very few, true performance NAS products. If you wanted true performance"," NAS, only Netgear set up users who are on-premises connected to their network, often on wifi.

Wise computing

Wise computing (also known as large file storage), is a storage model that allows a small computing device to be used within a small, discrete network. A smart flash storage (i.e., storage of large files, data, or other media) can be used to store large volumes of data. The data stored within a smart flash storage may",99,73,0.7373737373737373,11.198995866483228,2.061905353433795e-29,Watermarked,1.0,77,0.6623376623376623,0.9078947368421053,0.33766233766233766,,,,10.8746352207589,10.8746352207589,7.613180802269129e-28,True,1.0,0.43011787503566823,2.4151290893554687,0.29845202585422603,0.32249124135327295,1.0,50265.0,,0.5
33,CA-KL + Candidate Greenlist,kl_adaptive,,3.0,"In the market for a low-cost networked storage solution? You may want to take a look at the Netgear ReadyNAS 104. Typically, home users have been subjected to very few, true performance NAS products. If you wanted true performance"," NAS, only Netgear set up users who are on-premises connected to their network, creating a cascaded digital NAS environment and a dedicated virtual disk/memory management environment, or running real time, NAS is the right choice. If you are a dedicated virtual disk/memory management device (DSM), Netgear’s ReadyNAS 104 allows you to manage and share data with multiple users in its environment, all without the premium latency or bandwidth costs of well-equipped modern hard drive drives",99,73,0.7373737373737373,11.198995866483228,2.061905353433795e-29,Watermarked,1.0,80,0.7625,0.9367088607594937,0.23750000000000004,,,,12.699529051276363,12.699529051276363,2.974329873597344e-37,True,1.0,0.4416807170604981,2.340263671875,0.31593253336808974,0.29745197006501256,0.87,684.06,0.95,0.5
33,CA-KL + Candidate Greenlist + Weighted/WinMax,kl_adaptive,,3.0,"In the market for a low-cost networked storage solution? You may want to take a look at the Netgear ReadyNAS 104. Typically, home users have been subjected to very few, true performance NAS products. If you wanted true performance"," NAS, only Netgear set up users who are on-premises connected to their network, creating a cascading NAS environment. The netgear ReadyNAS 104 is ideal for deploying and controlling real time, high speed NAS devices, or other distributed storage. Netgear has developed a low-cost, dedicated NAS platform called Netgear ReadyNAS. The netgear ReadyNAS 104 is based on Netgear’s proprietary Netgear XeXtreme® NAS platform. The netgear ReadyNAS",99,69,0.696969696969697,10.270581701386172,4.781315307935896e-25,Watermarked,1.0,68,0.6911764705882353,0.8805970149253731,0.3088235294117647,,,,11.02505520334223,11.02505520334223,1.4467046235085256e-28,True,1.0,0.3867491061231022,1.7744480895996093,0.2979079645796112,0.3394321299297735,0.79,889.99,0.95,0.5
34,No Watermark,,,,"No, Trump can’t pardon himself. The Constitution tells us so. Correction: An earlier version of this op-ed misspelled the name of former defense secretary Caspar Weinberger. This version has been updated. Laurence"," Tribe is a senior editor at the Washington Post.

It’s not hard to imagine (not to mention impossible) that Trump would be aware of the pardon, but it’s not hard to imagine that he would deny it. The pardon refers to a criminal conviction, which has been overturned in court and appeals courts.

Now, I would say it’s not impossible. But it’s not realistic.

Trump has not acted on his own executive",99,31,0.31313131313131315,1.4506471329641486,0.07343907182033664,Human/Unwatermarked,0.0,76,0.631578947368421,0.8533333333333334,0.368421052631579,,,,1.012558196270017,2.536028320230959,0.15563561797611947,False,0.0,,,0.28771873096914824,0.32826033829245715,0.87,472.09,,
34,Fixed Delta 1.0,1.0,,,"No, Trump can’t pardon himself. The Constitution tells us so. Correction: An earlier version of this op-ed misspelled the name of former defense secretary Caspar Weinberger. This version has been updated. Laurence"," Tribe is a senior editor at the Washington Post.

Subscribe to the Daily Briefing

Sign up to receive daily updates and breaking news from Bloomberg LP as it happens.",36,13,0.3611111111111111,1.539600717839002,0.06182885520141673,Human/Unwatermarked,0.0,29,0.896551724137931,1.0,0.10344827586206895,1.0,1.0,1.0,1.0717285346891388,1.6278278914089914,0.14192099017853044,False,0.0,,,0.2352945010045002,0.35387013359247027,0.8108108108108109,601.5405405405405,,
34,Fixed Delta 2.0,2.0,,,"No, Trump can’t pardon himself. The Constitution tells us so. Correction: An earlier version of this op-ed misspelled the name of former defense secretary Caspar Weinberger. This version has been updated. Laurence"," Fishburne‘s position on Trump’s illegal deeds has been revised. He’s now the current head of the FBI.

Acts of Congress: “As is well established in the 19th Century, the first act of Congress is the criminal criminal act of Congress.”

Failure to Congress: “The intent of Congress is to protect and preserve the public interest of the people and the people’s well-being. The intent of",99,64,0.6464646464646465,9.110063995014853,4.116669580158606e-20,Watermarked,1.0,70,0.5571428571428572,0.8695652173913043,0.44285714285714284,2.0,2.0,2.0,9.733883891154855,9.733883891154855,1.0808885661571324e-22,True,1.0,,,0.2648197164119561,0.3783306916896254,0.78,655.73,,
34,Fixed Delta 3.0,3.0,,,"No, Trump can’t pardon himself. The Constitution tells us so. Correction: An earlier version of this op-ed misspelled the name of former defense secretary Caspar Weinberger. This version has been updated. Laurence"," Fishburne‘s position on Iran is on point, he says, because it’s essential to Trump’s presidency. The president’s willingness to pardon, which should lead his lawyers and judicial branch of the government to make many of the matters that affect him subject to Trump’s pardon, would make it in his favor. The president’s supporters are not happy with Trump’s decision to pardon a cancer-stricken Israeli. The president�",99,72,0.7272727272727273,10.966892325208963,2.756746498559108e-28,Watermarked,1.0,74,0.6621621621621622,0.8904109589041096,0.33783783783783783,3.0,3.0,3.0,12.276581061228585,12.276581061228585,6.050231471465526e-35,True,1.0,,,0.2848305615104587,0.38937581530306486,0.76,690.86,,
34,Current Adaptive Delta,adaptive,0.5,3.0,"No, Trump can’t pardon himself. The Constitution tells us so. Correction: An earlier version of this op-ed misspelled the name of former defense secretary Caspar Weinberger. This version has been updated. Laurence"," Fishburne, editor-at-large.

Michael Mulvaney, White House chief of staff

President Trump’s acting nominee for the post of acting attorney general, Michael Mulvaney, is on the record as saying that the FBI has no knowledge of the election that resulted in his appointment and that the president’s lawyers have no intention of changing it. Because in his opening statement, Mulvaney said “it’s clear that the FBI did",99,60,0.6060606060606061,8.181649829917799,1.3999184135288104e-16,Watermarked,0.9999999999999999,71,0.676056338028169,0.9285714285714286,0.323943661971831,1.8416972982883453,1.6180340051651,2.391279458999634,8.851140799091826,8.851140799091826,4.331459280349472e-19,True,1.0,,,0.24137077862034495,0.4302398067060858,0.71,395.35,,
34,CA-KL,kl_adaptive,,3.0,"No, Trump can’t pardon himself. The Constitution tells us so. Correction: An earlier version of this op-ed misspelled the name of former defense secretary Caspar Weinberger. This version has been updated. Laurence"," Fishburne‘s position on Iran is on the subject.

Not all of this (not even Trump‘s famous tweets) is just about his willingness to pardon himself, as is his right to pardon himself, which is the first step towards a pardon. The most important thing, though, is that Trump is willing to pardon himself, because it‘s what he wants. If there was anything more consequential in his statement on Iran, or his words, or his actions",99,59,0.5959595959595959,7.949546288643535,9.359791413521555e-16,Watermarked,0.9999999999999991,78,0.6666666666666666,0.922077922077922,0.33333333333333337,,,,,,,,,0.4598022115811518,2.3286534118652344,0.30327105905140617,0.20521100582831422,1.0,50265.0,,0.5
34,CA-KL + Weighted Detector,kl_adaptive,,3.0,"No, Trump can’t pardon himself. The Constitution tells us so. Correction: An earlier version of this op-ed misspelled the name of former defense secretary Caspar Weinberger. This version has been updated. Laurence"," Fishburne‘s position on Iran is on the subject.

Not all of this (not even Trump‘s famous tweets) is just about his willingness to pardon himself, as is his right to pardon himself, which is the first step towards a pardon. The most important thing, though, is that Trump is willing to pardon himself, because it‘s what he wants. If there was anything more consequential in his statement on Iran, or his words, or his actions",99,59,0.5959595959595959,7.949546288643535,9.359791413521555e-16,Watermarked,0.9999999999999991,78,0.6666666666666666,0.922077922077922,0.33333333333333337,,,,9.532582377559171,9.532582377559171,7.67092531235422e-22,True,1.0,0.4598022115811518,2.3286534118652344,0.3032710895900018,0.20521108182321768,1.0,50265.0,,0.5
34,CA-KL + Candidate Greenlist,kl_adaptive,,3.0,"No, Trump can’t pardon himself. The Constitution tells us so. Correction: An earlier version of this op-ed misspelled the name of former defense secretary Caspar Weinberger. This version has been updated. Laurence"," Fishburne’s position on Iran is on point, he says, and the question now is, what if Iran refuses to recognize the Iranian Revolution of 1979 and the death or imprisonment of its leaders in Tehran? The president – who has officially condemned the Iranian Revolution of 1979 – has said that the Iranian Revolution of 1979 should not be regarded with suspicion. I say, moreover, that the Islamic Revolution of 1979 should not be regarded with suspicion. I say, moreover, that the Islamic Revolution of",99,67,0.6767676767676768,9.806374618837644,5.2848962805356706e-23,Watermarked,1.0,84,0.5476190476190477,0.6867469879518072,0.45238095238095233,,,,11.005137094260332,11.005137094260332,1.8048325029694563e-28,True,1.0,0.39572669692052487,2.506566467285156,0.268981106492199,0.37666304358746855,0.81,544.06,0.95,0.5
34,CA-KL + Candidate Greenlist + Weighted/WinMax,kl_adaptive,,3.0,"No, Trump can’t pardon himself. The Constitution tells us so. Correction: An earlier version of this op-ed misspelled the name of former defense secretary Caspar Weinberger. This version has been updated. Laurence"," Fishburne’s position on Iran is on point, he says, and the question now is, what if Iran refuses to recognize the Iranian Revolution of 1979 and the death or imprisonment of its leaders in Tehran? The president – who has officially condemned the Iranian Revolution of 1979 – has said that the Iranian Revolution of 1979 should not be regarded as a treaty, but a treaty on which the Islamic Republic of Iran is bound. He is looking for a treaty on which the Islamic Republic of Iran is",99,68,0.6868686868686869,10.038478160111909,5.162741433689114e-24,Watermarked,1.0,88,0.5681818181818182,0.7701149425287356,0.43181818181818177,,,,11.863726355552238,11.863726355552238,9.133048760028959e-33,True,1.0,0.41292694607591274,1.9984954833984374,0.2936940367261304,0.3345692627178505,0.86,619.13,0.95,0.5
35,No Watermark,,,,"MANILA, Philippines — The state-run Land Bank of the Philippines (Landbank) has extended by one more month or until Jan. 31 next year its revised offer to buy out existing Philippine Dealing System Holdings Corp. (PDS) shareholders"," in the Philippine Dealing System (PDS).

The extension follows Landbank’s decision to extend the existing offer and offer fresh shares to banks in November, giving banks the option to buy back shares in the DDS.

Landbank’s decision prompted a massive sale of the PDS and a flurry of issuance in the last several months of 2016.

Since Landbank’s decision to extend the offer, the total amount of PDS shares sold by",99,33,0.3333333333333333,1.9148542155126762,0.027755549048935523,Human/Unwatermarked,0.0,74,0.5540540540540541,0.8767123287671232,0.44594594594594594,,,,1.007698783682963,2.6128709336391855,0.1567995445511416,False,0.0,,,0.27335494887259276,0.41113728733733296,0.8,529.74,,
35,Fixed Delta 1.0,1.0,,,"MANILA, Philippines — The state-run Land Bank of the Philippines (Landbank) has extended by one more month or until Jan. 31 next year its revised offer to buy out existing Philippine Dealing System Holdings Corp. (PDS) shareholders",".

Landbank, which had asked for a discount, issued a new offer to buy out PDS shareholders at 10.70 pesos per share on Feb. 26, or $8.45 per share, according to a press release from the Landbank.

The offer was among the first to be approved by the state-run bank.

The Landbank’s latest offer shows an offer of 1.5 million pesos for PDS shareholders. The sale of",99,38,0.3838383838383838,3.075371921883995,0.0010512010198350896,Human/Unwatermarked,0.0,71,0.704225352112676,0.9571428571428572,0.295774647887324,1.0,1.0,1.0,3.4492852456352066,3.7055365712709736,0.00028103630858636807,False,0.0,,,0.2542655271375486,0.34923735679127277,0.78,319.97,,
35,Fixed Delta 2.0,2.0,,,"MANILA, Philippines — The state-run Land Bank of the Philippines (Landbank) has extended by one more month or until Jan. 31 next year its revised offer to buy out existing Philippine Dealing System Holdings Corp. (PDS) shareholders",".

Landbank, which had initially offered to sell its PDS stake worth 1.2 trillion yuan ($730.1 million), will now instead sell about 13.6 percent of the PDS stakes for 1.7 trillion yuan, the lender said in a statement on Wednesday, Jan. 31.

Landbank has said that the deal will help improve its liquidity position and protect against potential future losses if the PDS goes through.

PDS' share price plunged nearly 10",99,63,0.6363636363636364,8.87796045374059,3.4048719575050004e-19,Watermarked,1.0,74,0.8108108108108109,0.9726027397260274,0.18918918918918914,2.0,2.0,2.0,9.127402970490378,9.127402970490378,3.5081075163306024e-20,True,1.0,,,0.25666384173407575,0.35146442174911496,0.79,311.11,,
35,Fixed Delta 3.0,3.0,,,"MANILA, Philippines — The state-run Land Bank of the Philippines (Landbank) has extended by one more month or until Jan. 31 next year its revised offer to buy out existing Philippine Dealing System Holdings Corp. (PDS) shareholders",".

Landbank, which had initially offered to sell its PDS to another private bank but turned into a holding company after its IPO, said Tuesday it has made up its mind for now to make the transaction official by Dec. 31 next year.

Landbank reported Tuesday it has sold 1.25 billion pesos (B$14.1 billion), bringing its total debt at 1.6 trillion pesos (B$31.7 billion), well ahead of the 2.2",99,79,0.797979797979798,12.59161711412881,1.17406494602355e-36,Watermarked,1.0,75,0.76,0.9594594594594594,0.24,3.0,3.0,3.0,12.535401389246474,12.535401389246474,2.3896773840031793e-36,True,1.0,,,0.24268635388491516,0.38172979533672335,0.76,371.71,,
35,Current Adaptive Delta,adaptive,0.5,3.0,"MANILA, Philippines — The state-run Land Bank of the Philippines (Landbank) has extended by one more month or until Jan. 31 next year its revised offer to buy out existing Philippine Dealing System Holdings Corp. (PDS) shareholders",".

Landbank, which had initially offered to sell its PDS stake worth 1.2 trillion yuan ($730.1 million), will now instead sell about 13.6 percent of the PDS stakes for 1.7 trillion yuan, the lender said in a statement on Wednesday, Jan. 31.

Landbank has said that the PDS stake would not be used as collateral and would only be used to sell its remaining shareholders.

PDS' share price plunged nearly 10",99,64,0.6464646464646465,9.110063995014853,4.116669580158606e-20,Watermarked,1.0,74,0.7567567567567568,0.9178082191780822,0.2432432432432432,1.8310907471179962,1.6180340051651,2.4408435821533203,9.630486863370592,9.630486863370592,2.9723571046712553e-22,True,1.0,,,0.24553977325913864,0.36652072563767435,0.79,259.01,,
35,CA-KL,kl_adaptive,,3.0,"MANILA, Philippines — The state-run Land Bank of the Philippines (Landbank) has extended by one more month or until Jan. 31 next year its revised offer to buy out existing Philippine Dealing System Holdings Corp. (PDS) shareholders",".

Landbank, which had initially offered to sell its PDS stake worth 1.2 trillion yuan ($730.1 million), will instead sell its PDS in its PDSO, or Philippine Dealing System Holdings – a subsidiary of the LandBank.

Landbank, which had initially offered to sell its PDS stake worth 1.2 trillion yuan ($730.1 million), will instead sell its PDSO, or Philippine Dealing System Holdings – a subsidiary of the",99,74,0.7474747474747475,11.431099407757491,1.4619162413214889e-30,Watermarked,1.0,68,0.4411764705882353,0.5074626865671642,0.5588235294117647,,,,,,,,,0.2601343985431018,2.708703918457031,0.1766794247227168,0.48219741352917483,1.0,50265.0,,0.5
35,CA-KL + Weighted Detector,kl_adaptive,,3.0,"MANILA, Philippines — The state-run Land Bank of the Philippines (Landbank) has extended by one more month or until Jan. 31 next year its revised offer to buy out existing Philippine Dealing System Holdings Corp. (PDS) shareholders",".

Landbank, which had initially offered to sell its PDS stake worth 1.2 trillion yuan ($730.1 million), will instead sell its PDS in its PDSO, or Philippine Dealing System Holdings – a subsidiary of the LandBank.

Landbank, which had initially offered to sell its PDS stake worth 1.2 trillion yuan ($730.1 million), will instead sell its PDSO, or Philippine Dealing System Holdings – a subsidiary of the",99,74,0.7474747474747475,11.431099407757491,1.4619162413214889e-30,Watermarked,1.0,68,0.4411764705882353,0.5074626865671642,0.5588235294117647,,,,8.201855970159398,8.201855970159398,1.1835189653217936e-16,True,0.9999999999999999,0.2601343985431018,2.708703918457031,0.17667941005915147,0.4821974384654459,1.0,50265.0,,0.5
35,CA-KL + Candidate Greenlist,kl_adaptive,,3.0,"MANILA, Philippines — The state-run Land Bank of the Philippines (Landbank) has extended by one more month or until Jan. 31 next year its revised offer to buy out existing Philippine Dealing System Holdings Corp. (PDS) shareholders",".

Landbank, which had initially planned on closing in May 2018 but postponed its decision to grant the company a 10-year loan, said Tuesday it is still evaluating its options. The company is still evaluating its options.

Landbank, which had initially planned on closing in May 2018 but postponed its decision to grant the company a 10-year loan, said Tuesday it is still evaluating its options. The company is still evaluating its options. (PNA)

Landbank may",99,74,0.7474747474747475,11.431099407757491,1.4619162413214889e-30,Watermarked,1.0,77,0.38961038961038963,0.4605263157894737,0.6103896103896104,,,,8.41139749256378,8.41139749256378,2.0257708514108604e-17,True,1.0,0.27532791916104676,2.6160365295410157,0.17881088719427124,0.584646019237116,0.54,251.93,0.95,0.5
35,CA-KL + Candidate Greenlist + Weighted/WinMax,kl_adaptive,,3.0,"MANILA, Philippines — The state-run Land Bank of the Philippines (Landbank) has extended by one more month or until Jan. 31 next year its revised offer to buy out existing Philippine Dealing System Holdings Corp. (PDS) shareholders",".

Landbank, which had initially planned on closing in May 2018 but postponed its decision to grant the company a 10-year loan, said Tuesday it is still evaluating its options. The company is still evaluating its options.

Landbank, which had initially planned on closing in May 2018 but postponed its decision to grant the company a 10-year loan, said Tuesday it is still evaluating its options. The company is still evaluating its options. (PNA)

Landbank may",99,74,0.7474747474747475,11.431099407757491,1.4619162413214889e-30,Watermarked,1.0,77,0.38961038961038963,0.4605263157894737,0.6103896103896104,,,,8.41139749256378,8.41139749256378,2.0257708514108604e-17,True,1.0,0.25670331216055636,1.2372665405273438,0.17881088719427124,0.584646019237116,0.54,251.93,0.95,0.5
36,No Watermark,,,,Jerry Springer says he is still deciding whether he will run for Ohio governor in 2018. Speculation around Springer’s potential gubernatorial bid has been growing for several months. The Enquirer also reported Wednesday that Springer is soliciting feedback from," some of his close aides, including former state Rep. John C. Burke Jr., D-Greensburg.

WTOP’s Mike Zimmer reports that Springer will have to make a decision in the coming weeks on whether to run for governor of Ohio. He was forced to resign his seat as a congressman in 2014 after the wall in the Capitol, a decision that left him with no political future.

Schroeder, who was a former congressman, has said he’",99,20,0.20202020202020202,-1.102491821052753,0.8648760438384763,Human/Unwatermarked,0.0,76,0.7763157894736842,0.9733333333333334,0.22368421052631582,,,,-0.08144628100672635,2.326288160217147,0.5324564777917331,False,0.0,,,0.31376468066755353,0.29529853439889847,0.87,600.81,,
36,Fixed Delta 1.0,1.0,,,Jerry Springer says he is still deciding whether he will run for Ohio governor in 2018. Speculation around Springer’s potential gubernatorial bid has been growing for several months. The Enquirer also reported Wednesday that Springer is soliciting feedback from," some of the state’s top politicians.

At a press conference on Wednesday, Springer said, “I am still deciding whether to run for Ohio governor in 2018.”

Springer, a Republican, is running for a third term after defeating Republican challenger, James Riddick’s challenger, Kelli Ward, last year. According to a poll released Wednesday by Ohio’s Republican Party, a third of respondents said they would be interested in running for",99,30,0.30303030303030304,1.2185435916898848,0.11150873497330749,Human/Unwatermarked,0.0,71,0.7183098591549296,0.9714285714285714,0.2816901408450704,1.0,1.0,1.0,1.6152094256667304,2.0211622603211334,0.05313267502705822,False,0.0,,,0.2412945332430263,0.3349494754103944,0.77,374.15,,
36,Fixed Delta 2.0,2.0,,,Jerry Springer says he is still deciding whether he will run for Ohio governor in 2018. Speculation around Springer’s potential gubernatorial bid has been growing for several months. The Enquirer also reported Wednesday that Springer is soliciting feedback from," voters and the public to decide whether he would run for Ohio’s November presidential election. READ MORE: Jerry Springer makes the long-anticipated big break with ‘News Tonight’ interview with Elizabeth Warren

Jerry Springer says he is still deciding whether he will run for Ohio governor

Jerry Springer’s decision to run for Ohio’s November presidential election

News Tonight host and talk show host Dr. Michael Keffer chimed in on Facebook andTwitter on May 25",99,58,0.5858585858585859,7.717442747369271,5.934340569241363e-15,Watermarked,0.9999999999999941,77,0.6623376623376623,0.8421052631578947,0.33766233766233766,2.0,2.0,2.0,9.910233931119413,9.910233931119413,1.8788265745252883e-23,True,1.0,,,0.21620691949945564,0.450469497712329,0.62,506.54,,
36,Fixed Delta 3.0,3.0,,,Jerry Springer says he is still deciding whether he will run for Ohio governor in 2018. Speculation around Springer’s potential gubernatorial bid has been growing for several months. The Enquirer also reported Wednesday that Springer is soliciting feedback from," voters and the public to help decide his candidacy.

Subscribe and Save Act now to get a full year of digital subscriptions. Enjoy unlimited access to our website, app, eEdition and more CLAIM OFFER",44,21,0.4772727272727273,3.481553119113957,0.00024925744678760264,Human/Unwatermarked,0.0,34,0.8823529411764706,1.0,0.11764705882352944,3.0,3.0,3.0,6.112019501008568,6.192094381578564,4.918907927588366e-10,True,0.9999999995081092,,,0.13344285509134277,0.5054633859855433,0.4666666666666667,154.3111111111111,,
36,Current Adaptive Delta,adaptive,0.5,3.0,Jerry Springer says he is still deciding whether he will run for Ohio governor in 2018. Speculation around Springer’s potential gubernatorial bid has been growing for several months. The Enquirer also reported Wednesday that Springer is soliciting feedback from," voters and the public to decide whether he would run for Ohio’s November presidential election. READ MORE: Jerry Springer makes the long-awaited announcement on whether he will run for Ohio governor
Jerry Springer is still deciding whether he will run for Ohio governor
Disturbing details about his potential 2020 run for Ohio governor have been circulating on social media for days. The Enquirer reported that the Ohio Republican Party had received more than a dozen submissions from voters and the public on Saturday, May 25",99,59,0.5959595959595959,7.949546288643535,9.359791413521555e-16,Watermarked,0.9999999999999991,87,0.6551724137931034,0.813953488372093,0.3448275862068966,1.8135312461853028,1.6180340051651,2.431609630584717,8.649854753270352,8.649854753270352,2.578250903635351e-18,True,1.0,,,0.23218870155441332,0.3799120704364032,0.72,385.16,,
36,CA-KL,kl_adaptive,,3.0,Jerry Springer says he is still deciding whether he will run for Ohio governor in 2018. Speculation around Springer’s potential gubernatorial bid has been growing for several months. The Enquirer also reported Wednesday that Springer is soliciting feedback from," voters and the public to help decide his candidacy.

Subscribe and Save Act now to get a full year of digital subscriptions. Enjoy unlimited access to our website, app, eEdition and more CLAIM OFFER

""It will be interesting,"" Springer told The Enquirer, referring to the potential for his candidacy with the current current Ohio Republican Governor John Kasich.

""It will be interesting,"" the TV host added.

In March, Springer announced that he would not",99,54,0.5454545454545454,6.789028582272215,5.6445538431059e-12,Watermarked,0.9999999999943554,74,0.7702702702702703,0.9452054794520548,0.22972972972972971,,,,,,,,,0.36989650676602653,2.576613464355469,0.18787148918029759,0.23425085505790777,1.0,50265.0,,0.5
36,CA-KL + Weighted Detector,kl_adaptive,,3.0,Jerry Springer says he is still deciding whether he will run for Ohio governor in 2018. Speculation around Springer’s potential gubernatorial bid has been growing for several months. The Enquirer also reported Wednesday that Springer is soliciting feedback from," voters and the public to help decide his candidacy.

Subscribe and Save Act now to get a full year of digital subscriptions. Enjoy unlimited access to our website, app, eEdition and more CLAIM OFFER

""It will be interesting,"" Springer told The Enquirer, referring to the potential for his candidacy with the current current Ohio Republican Governor John Kasich.

""It will be interesting,"" the TV host added.

In March, Springer announced that he would not",99,54,0.5454545454545454,6.789028582272215,5.6445538431059e-12,Watermarked,0.9999999999943554,74,0.7702702702702703,0.9452054794520548,0.22972972972972971,,,,9.766645779302882,9.766645779302882,7.827464081504534e-23,True,1.0,0.36989650676602653,2.576613464355469,0.18787149807028874,0.23425087054056348,1.0,50265.0,,0.5
36,CA-KL + Candidate Greenlist,kl_adaptive,,3.0,Jerry Springer says he is still deciding whether he will run for Ohio governor in 2018. Speculation around Springer’s potential gubernatorial bid has been growing for several months. The Enquirer also reported Wednesday that Springer is soliciting feedback from," voters about his health. If he decides to run for Ohio’s November presidential election, he would be the first person since James Blanton to run for office. Back in April, Michigan Democrat Debbie Stabenow said that if her husband were elected president, that she might seek his support. A week before the election, former Florida Gov. Jeb Bush said that if someone “told me ‘Hey, I would accept your support.’ That’s what I would do",99,54,0.5454545454545454,6.789028582272215,5.6445538431059e-12,Watermarked,0.9999999999943554,77,0.7662337662337663,0.9342105263157895,0.23376623376623373,,,,11.898348745379867,11.898348745379867,6.03560115120397e-33,True,1.0,0.4201871587560638,2.4363990783691407,0.2429031386003297,0.297042922526598,0.83,308.6,0.95,0.5
36,CA-KL + Candidate Greenlist + Weighted/WinMax,kl_adaptive,,3.0,Jerry Springer says he is still deciding whether he will run for Ohio governor in 2018. Speculation around Springer’s potential gubernatorial bid has been growing for several months. The Enquirer also reported Wednesday that Springer is soliciting feedback from," voters about his health. If he decides to run for Ohio governor he would need to make sure he gets all of the information that a primary opponent could want. If he does run for governor he would have to attend a primary on May 20-22. A primary race might be held at the University of Toledo’s College of Health Sciences in Columbus, OH. If there isn’t one he would have to attend a primary there on April 3rd or so, because it would not",99,60,0.6060606060606061,8.181649829917799,1.3999184135288104e-16,Watermarked,0.9999999999999999,88,0.6590909090909091,0.8620689655172413,0.34090909090909094,,,,11.527034950225692,11.527034950225692,4.820354320524092e-31,True,1.0,0.4302962515779152,2.064276123046875,0.2527859314017267,0.25422037933953107,0.88,272.28,0.95,0.5
37,No Watermark,,,,"It’s a continuation of a trend they have seen over the last several years. “It’s been almost three years of nothing but above normal temperatures for the most part,” Zierden told the Bradenton Herald"," in May. “And then this past week, we have been warming up to about 10 degrees (Celsius).”

According to the U.S. Bureau of Ocean Energy Management, the warming rate for the last two decades is at the same level as the temperature rise that began in the early 20th century. This is the second consecutive year that the rate has been above 10 degrees.

“The warming rate has been consistent for well over a decade,”",99,21,0.21212121212121213,-0.8703882797784892,0.807955875263074,Human/Unwatermarked,0.0,76,0.6973684210526315,0.9333333333333333,0.3026315789473685,,,,-0.23713111167802114,1.308236045623129,0.5937224615212283,False,0.0,,,0.24987141448748512,0.33504003829322754,0.86,237.02,,
37,Fixed Delta 1.0,1.0,,,"It’s a continuation of a trend they have seen over the last several years. “It’s been almost three years of nothing but above normal temperatures for the most part,” Zierden told the Bradenton Herald"," in May. The average temperature for this time last year was 45.6 degrees.

In the early 1960s, the temperature was 45 degrees. Today, it’s at 44.6 degrees.

“The trend is going the other way,” Zierden said.”It’s been so hot it’s hard to keep up with it.”

The trend began with a low in 1961, but grew to be as",99,50,0.5050505050505051,5.86061441717516,2.305788288019096e-09,Watermarked,0.9999999976942117,65,0.676923076923077,0.921875,0.32307692307692304,1.0,1.0,1.0,5.827994375819932,5.827994375819932,2.8048734377775622e-09,True,0.9999999971951266,,,0.23238214798710247,0.3968838462885469,0.71,368.3,,
37,Fixed Delta 2.0,2.0,,,"It’s a continuation of a trend they have seen over the last several years. “It’s been almost three years of nothing but above normal temperatures for the most part,” Zierden told the Bradenton Herald"," in May. The average temperature for this time last year was 45.6 degrees.

In July, temperatures had been in the low 90s. Meanwhile, average temperatures soared to near 93 this summer, and the record high was set in August at 68. The most recent record was set in May when 97.6 went above 95. A national average, set in 1979, was set in August at 84.5.

The average temperature for this time last year was 47.2",99,66,0.6666666666666666,9.574271077563381,5.1289159954110675e-22,Watermarked,1.0,80,0.5875,0.7974683544303798,0.4125,2.0,2.0,2.0,8.684534599162989,8.684534599162989,1.9014809466173167e-18,True,1.0,,,0.2552891730080496,0.3318056726595387,0.85,270.54,,
37,Fixed Delta 3.0,3.0,,,"It’s a continuation of a trend they have seen over the last several years. “It’s been almost three years of nothing but above normal temperatures for the most part,” Zierden told the Bradenton Herald"," over the weekend. “This is something that has been out there for years. I don’t believe we are in a drought right now. I don’t believe we are in drought right now. I don’t believe we are in drought right now.”

Two years ago, Zierden compared it to days of no sun. Today, Zierden points out that the average temperature goes up only once a day — so, yes, every day",99,70,0.7070707070707071,10.502685242660437,4.197862382006365e-26,Watermarked,1.0,73,0.6301369863013698,0.75,0.36986301369863017,3.0,3.0,3.0,11.841599654431443,11.841599654431443,1.1893607062678601e-32,True,1.0,,,0.19527243297725394,0.422363465083763,0.69,223.28,,
37,Current Adaptive Delta,adaptive,0.5,3.0,"It’s a continuation of a trend they have seen over the last several years. “It’s been almost three years of nothing but above normal temperatures for the most part,” Zierden told the Bradenton Herald"," in May. The average temperature for this time last year was 45.6 degrees.

In July, temperatures had been in the low 90s. Meanwhile, average temperatures soared to near 93 this summer, and the record high was set in August at 68. The most recent record was set in May when 97.6 went above 95. A national average, set in 1979, was set in August at 84.5.

The average temperature for this time last year was 47.2",99,66,0.6666666666666666,9.574271077563381,5.1289159954110675e-22,Watermarked,1.0,80,0.5875,0.7974683544303798,0.4125,1.8209989833831788,1.6180340051651,2.4329724311828613,8.684534599162989,8.684534599162989,1.9014809466173167e-18,True,1.0,,,0.2552891730080496,0.3318056726595387,0.85,270.54,,
37,CA-KL,kl_adaptive,,3.0,"It’s a continuation of a trend they have seen over the last several years. “It’s been almost three years of nothing but above normal temperatures for the most part,” Zierden told the Bradenton Herald"," over the weekend. “This is something that has been happening for us for years.”

The increase in temperatures and precipitation, which began in 2012 and began this fall, came as temperatures in Miami-Dade and Broward County increased by more than a bit. It was not entirely without cause for concern, with Miami-Dade Mayor Daniella Levine Cava saying in August that the city's average temperature for the past six years is well past normal. The increase may",99,63,0.6363636363636364,8.87796045374059,3.4048719575050004e-19,Watermarked,1.0,78,0.717948717948718,0.974025974025974,0.28205128205128205,,,,,,,,,0.40830118274768595,2.4390664672851563,0.2573075611540414,0.27367905246653945,1.0,50265.0,,0.5
37,CA-KL + Weighted Detector,kl_adaptive,,3.0,"It’s a continuation of a trend they have seen over the last several years. “It’s been almost three years of nothing but above normal temperatures for the most part,” Zierden told the Bradenton Herald"," over the weekend. “This is something that has been happening for us for years.”

The increase in temperatures and precipitation, which began in 2012 and began this fall, came as temperatures in Miami-Dade and Broward County increased by more than a bit. It was not entirely without cause for concern, with Miami-Dade Mayor Daniella Levine Cava saying in August that the city's average temperature for the past six years is well past normal. The increase may",99,63,0.6363636363636364,8.87796045374059,3.4048719575050004e-19,Watermarked,1.0,78,0.717948717948718,0.974025974025974,0.28205128205128205,,,,9.386086133176393,9.386086133176393,3.1135640243847555e-21,True,1.0,0.40830118274768595,2.4390664672851563,0.2573075850118891,0.2736790774103281,1.0,50265.0,,0.5
37,CA-KL + Candidate Greenlist,kl_adaptive,,3.0,"It’s a continuation of a trend they have seen over the last several years. “It’s been almost three years of nothing but above normal temperatures for the most part,” Zierden told the Bradenton Herald"," over the weekend, per The Blast.

In fact, he says it’s got a lot to do with the high pressure from the first 100 years.

The big real culprit is the warming of the ozone layer. But the largest problem is that the ozone layer has become so hot that’s made the ozone wall, which protects the ozone layer against pollutants that pollute the air from the ground.

The researchers analyzed data from the ozone layer at each location for",99,54,0.5454545454545454,6.789028582272215,5.6445538431059e-12,Watermarked,0.9999999999943554,82,0.6707317073170732,0.8888888888888888,0.3292682926829268,,,,9.393968560107474,9.393968560107474,2.8890578647768095e-21,True,1.0,0.4308839027764768,2.410866394042969,0.29265253875566416,0.29844655559398237,0.86,708.95,0.95,0.5
37,CA-KL + Candidate Greenlist + Weighted/WinMax,kl_adaptive,,3.0,"It’s a continuation of a trend they have seen over the last several years. “It’s been almost three years of nothing but above normal temperatures for the most part,” Zierden told the Bradenton Herald"," over the weekend. “This is something that has been happening for us for years.”

The increase in temperatures and precipitation, which began in 2012 and began this fall, came as a result of the state’s annual Great Lakes State Fair, which was canceled, organizers said. The weather is also being blamed for the high drop in precipitation that was experienced Saturday as a result of rain.

Though the state fair is still busy, Zierden said the state�",99,63,0.6363636363636364,8.87796045374059,3.4048719575050004e-19,Watermarked,1.0,78,0.6410256410256411,0.9090909090909091,0.3589743589743589,,,,10.625391565284408,10.625391565284408,1.1352863958851093e-26,True,1.0,0.4042927117783722,1.9259152221679687,0.28799977690704553,0.31260826556477694,0.84,564.41,0.95,0.5
38,No Watermark,,,,"Originally Published: September 24, 2018 8 p.m. Soledad O’Brien, 10 to 11:30 a.m., Yavapai College Performing Arts Center, 1100 E Sheldon St, Prescott. Hear her take"," some of the most intimate and exciting stories from her recent performance, “The Wrong Man,” at 7 p.m. Thursday, Sept. 30, and Friday, Oct. 1, at 2 p.m. Sunday.

The wrong man has come back. It was a man who’d been with the wrong woman for seven years. It wasn’t a man who’d been with a woman who’d been with a man who’",99,27,0.2727272727272727,0.5222329678670935,0.30075406722029496,Human/Unwatermarked,0.0,69,0.6086956521739131,0.7794117647058824,0.3913043478260869,,,,0.7905856152799611,1.8990363343496184,0.2145929218480277,False,0.0,,,0.24124763982752662,0.41800365946721285,0.72,564.77,,
38,Fixed Delta 1.0,1.0,,,"Originally Published: September 24, 2018 8 p.m. Soledad O’Brien, 10 to 11:30 a.m., Yavapai College Performing Arts Center, 1100 E Sheldon St, Prescott. Hear her take"," some of the most intimate and exciting roles in your recent performance, and hear her tell you about the personal, professional, and personal and professional challenges she has faced as a performer. Learn about the bigger picture of these issues by hearing what her stories are about.

Written by: Assistant Professor Sara A.’s

“Theatre” is a broad term with meaning and meaning. A thousand different words describe what it means to be a theatre artist, and it’",99,38,0.3838383838383838,3.075371921883995,0.0010512010198350896,Human/Unwatermarked,0.0,78,0.717948717948718,0.987012987012987,0.28205128205128205,1.0,1.0,1.0,3.711804391252134,3.711804391252134,0.00010289349901140585,False,0.0,,,0.34300270989625115,0.2757115536183119,0.94,916.89,,
38,Fixed Delta 2.0,2.0,,,"Originally Published: September 24, 2018 8 p.m. Soledad O’Brien, 10 to 11:30 a.m., Yavapai College Performing Arts Center, 1100 E Sheldon St, Prescott. Hear her take"," some of the most intimate tales of the past month on your own. Register online. Register online. (not pictured)
Wise man who could do it all
Jessy Corbett is a sophomore in college music at Yavapai College. She’s a classic, world-renowned’s best-selling gospel, and a legendary musician, who achieved top-notch recognition from the Desi-rate ’80s and ’90s with her debut",99,55,0.5555555555555556,7.021132123546479,1.100388069780592e-12,Watermarked,0.9999999999988997,66,0.8333333333333334,0.9692307692307692,0.16666666666666663,2.0,2.0,2.0,8.850219455537063,8.850219455537063,4.367368329252422e-19,True,1.0,,,0.3415192267703907,0.2999437715858221,0.81,1286.27,,
38,Fixed Delta 3.0,3.0,,,"Originally Published: September 24, 2018 8 p.m. Soledad O’Brien, 10 to 11:30 a.m., Yavapai College Performing Arts Center, 1100 E Sheldon St, Prescott. Hear her take", some questions from the community about the topic: “Are you curious about who’s got a job in opera or opera and why? What do you think opera can offer as a career? There are so many great careers and so many stories. I would encourage anyone who wants an opera career to come to Yavapai and ask yourself: ‘What are they looking for and where is it? What do they need? What do they need in order not be disappointed? What do,99,71,0.7171717171717171,10.7347887839347,3.49392904769601e-27,Watermarked,1.0,83,0.6626506024096386,0.926829268292683,0.3373493975903614,3.0,3.0,3.0,11.230950012660575,11.230950012660575,1.4368596911819874e-29,True,1.0,,,0.25695627729401116,0.31424197264015674,0.84,478.68,,
38,Current Adaptive Delta,adaptive,0.5,3.0,"Originally Published: September 24, 2018 8 p.m. Soledad O’Brien, 10 to 11:30 a.m., Yavapai College Performing Arts Center, 1100 E Sheldon St, Prescott. Hear her take"," some of the most intimate tales of the past month on your own. Register online at lynda.com/events.
Wise man who could do it all
Jess will talk about real life with his father and a great-grandmother who died of Alzheimer's. She talks about the trials and tribulations of life with her husband, John, and their stepson, Christopher, and the struggles they’ve faced over the past 12 months. She has stories about her mother’",99,63,0.6363636363636364,8.87796045374059,3.4048719575050004e-19,Watermarked,1.0,77,0.7662337662337663,0.9605263157894737,0.23376623376623373,1.946889523267746,1.6180340051651,2.463571548461914,8.79315038455756,8.79315038455756,7.271180781524235e-19,True,1.0,,,0.323362239132114,0.2972605875972658,0.88,941.29,,
38,CA-KL,kl_adaptive,,3.0,"Originally Published: September 24, 2018 8 p.m. Soledad O’Brien, 10 to 11:30 a.m., Yavapai College Performing Arts Center, 1100 E Sheldon St, Prescott. Hear her take"," some of the most intimate tales of the past month on your own. Register online. Register online. (not pictured)
Wise man who could do it all
Jessy Corbett is a sophomore in college music at Yavapai County Public Schools. She scores about 10,000 on Facebook and’s a fan on Twitter. She’ll be there for a full 90 minutes. She’ll be there for people who are coming or not, because she’",99,59,0.5959595959595959,7.949546288643535,9.359791413521555e-16,Watermarked,0.9999999999999991,74,0.7702702702702703,0.9178082191780822,0.22972972972972971,,,,,,,,,0.44652973803381896,2.3333734130859374,0.32455534533952013,0.21961387630950868,1.0,50265.0,,0.5
38,CA-KL + Weighted Detector,kl_adaptive,,3.0,"Originally Published: September 24, 2018 8 p.m. Soledad O’Brien, 10 to 11:30 a.m., Yavapai College Performing Arts Center, 1100 E Sheldon St, Prescott. Hear her take"," some of the most intimate tales of the past month on your own. Register online. Register online. (not pictured)
Wise man who could do it all
Jessy Corbett is a sophomore in college music at Yavapai County Public Schools. She scores about 10,000 on Facebook and’s a fan on Twitter. She’ll be there for a full 90 minutes. She’ll be there for people who are coming or not, because she’",99,59,0.5959595959595959,7.949546288643535,9.359791413521555e-16,Watermarked,0.9999999999999991,74,0.7702702702702703,0.9178082191780822,0.22972972972972971,,,,8.916949965890261,8.916949965890261,2.3965305666981655e-19,True,1.0,0.44652973803381896,2.3333734130859374,0.32455532341735466,0.21961386700987076,1.0,50265.0,,0.5
38,CA-KL + Candidate Greenlist,kl_adaptive,,3.0,"Originally Published: September 24, 2018 8 p.m. Soledad O’Brien, 10 to 11:30 a.m., Yavapai College Performing Arts Center, 1100 E Sheldon St, Prescott. Hear her take"," some of the most intimate tales she has ever heard on stage, whether she is on stage, onstage or just outside of the classroom, or whether she has her audience and audience members share her real stories.",41,28,0.6829268292682927,6.401854406138769,7.675050551790001e-11,Watermarked,0.9999999999232495,37,0.7027027027027027,0.8888888888888888,0.29729729729729726,,,,7.542094764053136,7.718583723335456,2.312407310480041e-14,True,0.9999999999999769,0.48006908144857463,2.3255528041294644,0.31573154898565,0.24466306232802926,0.9523809523809523,576.5238095238095,0.95,0.5
38,CA-KL + Candidate Greenlist + Weighted/WinMax,kl_adaptive,,3.0,"Originally Published: September 24, 2018 8 p.m. Soledad O’Brien, 10 to 11:30 a.m., Yavapai College Performing Arts Center, 1100 E Sheldon St, Prescott. Hear her take"," some of the most intimate tales she has ever heard on stage, whether she is on stage, onstage or just outside of the classroom and at home! Soledad O’Brien, 10 to 11:30 a.m., Yavapai College Performing Arts Center, 1100 E Sheldon St, Prescott. She’s got her stories to tell in his latest piece called “The Great War,” which details the war that was waged on Sept. 11, 2001,",99,47,0.47474747474747475,5.164303793352369,1.2066773532761895e-07,Watermarked,0.9999998793322646,72,0.8333333333333334,0.971830985915493,0.16666666666666663,,,,9.895457972678335,9.895457972678335,2.1780599872324095e-23,True,1.0,0.282238877280299,1.3593370056152343,0.20610637688516656,0.46092668279772625,0.59,477.92,0.95,0.5
39,No Watermark,,,,"Attendees visit the Vodafone Group pavilion at the Mobile World Congress in Barcelona, Spain, March 4, 2015. Vodafone, one of the world's biggest telecoms companies, announced better-than-expected sales"," growth in the first quarter of fiscal 2014, driven by growth in mobile broadband, as well as improved revenue growth in residential broadband. REUTERS/Sergio Perez/Files

The Vodafone Group is in the news again after the company reported better-than-expected sales growth in the first quarter of fiscal 2014, with revenues up 5 percent from a year earlier.

In a statement released on Thursday, the company said it expects net revenue growth for the first quarter of fiscal 2015",99,27,0.2727272727272727,0.5222329678670935,0.30075406722029496,Human/Unwatermarked,0.0,81,0.6419753086419753,0.8,0.3580246913580247,,,,0.8075550267498067,2.6624055191672666,0.20967339262978868,False,0.0,,,0.20206741122522334,0.3712513440800831,0.68,215.29,,
39,Fixed Delta 1.0,1.0,,,"Attendees visit the Vodafone Group pavilion at the Mobile World Congress in Barcelona, Spain, March 4, 2015. Vodafone, one of the world's biggest telecoms companies, announced better-than-expected sales"," growth in the first quarter of fiscal 2014, driven by growth in mobile devices, broadband and net-net usage. REUTERS/Arnd Wiegmann

April 25, 2014

MEXICO CITY (Reuters) - Vodafone Inc said on Friday it reported a better-than-expected quarter for fiscal 2014 with revenues up 5 percent to $2.45 billion as it grapples with a mounting debt pile.

The world's second-largest telecoms company said it",99,35,0.35353535353535354,2.379061298061204,0.008678394706350628,Human/Unwatermarked,0.0,68,0.7941176470588235,0.9701492537313433,0.20588235294117652,1.0,1.0,1.0,4.627618253408616,4.742318881456369,1.8494751542249418e-06,True,0.9999981505248458,,,0.21877954061234423,0.3908018631162122,0.68,333.93,,
39,Fixed Delta 2.0,2.0,,,"Attendees visit the Vodafone Group pavilion at the Mobile World Congress in Barcelona, Spain, March 4, 2015. Vodafone, one of the world's biggest telecoms companies, announced better-than-expected sales"," growth in its first quarter for the year on Wednesday as it continued to focus on margins. REUTERS/Arnd Wiegmann

Madrid, February 20 (Reuters) - Spain’s Vodafone Group on Wednesday reported better-than-expected sales growth in its first quarter for the year on Wednesday as it continued to focus on margins.

The telecoms giant said overall net income rose 0.2 percent to 6.7 billion euros ($7.7 billion) for",99,42,0.42424242424242425,4.003786086981051,3.1168367625803447e-05,Watermarked,0.9999688316323742,72,0.625,0.7464788732394366,0.375,2.0,2.0,2.0,6.425173103662164,6.425173103662164,6.585976902108717e-11,True,0.9999999999341402,,,0.15851426518620487,0.4948666277434677,0.54,135.24,,
39,Fixed Delta 3.0,3.0,,,"Attendees visit the Vodafone Group pavilion at the Mobile World Congress in Barcelona, Spain, March 4, 2015. Vodafone, one of the world's biggest telecoms companies, announced better-than-expected sales"," growth in its quarter. REUTERS/Alberto Zaver

ABOARD THE DINNER

Consumers in Africa and Asia are being invited to attend the Mobile World Congress (MWC), in Barcelona in Spain, where they will experience a glimpse into the workings of the world's top telecoms companies, industry experts and bankers said.

""Being invited will help with some fundamental things,"" said an adviser, citing the event's emphasis on telecoms' global powers of the next",99,74,0.7474747474747475,11.431099407757491,1.4619162413214889e-30,Watermarked,1.0,71,0.8028169014084507,0.9714285714285714,0.19718309859154926,3.0,3.0,3.0,12.646150274552237,12.646150274552237,5.874615523663171e-37,True,1.0,,,0.2790718114395059,0.33043826280161737,0.85,505.4,,
39,Current Adaptive Delta,adaptive,0.5,3.0,"Attendees visit the Vodafone Group pavilion at the Mobile World Congress in Barcelona, Spain, March 4, 2015. Vodafone, one of the world's biggest telecoms companies, announced better-than-expected sales"," growth in its first quarter for the year ended March 31, 2016. REUTERS/Alberto Pezzali

NEW YORK (Reuters) - Vodafone (VOD.L) said on Tuesday it has reached a new record sales level for the first quarter of 2016, driven by higher revenue from mobile services and a better-than-expected investment in its fixed-line network.

Searching for more mass consumer buys, Vodafone has launched a modern mobile network in",99,53,0.5353535353535354,6.556925040997952,2.7464302917418046e-11,Watermarked,0.9999999999725357,70,0.7571428571428571,0.9565217391304348,0.24285714285714288,1.808141484260559,1.6180340051651,2.3217453956604004,7.5217102077449125,7.5217102077449125,2.7032157409013183e-14,True,0.999999999999973,,,0.23285303061683965,0.3933462095679715,0.77,289.3,,
39,CA-KL,kl_adaptive,,3.0,"Attendees visit the Vodafone Group pavilion at the Mobile World Congress in Barcelona, Spain, March 4, 2015. Vodafone, one of the world's biggest telecoms companies, announced better-than-expected sales"," growth in its quarter. REUTERS/Alberto Zaver

BENGALURU (Reuters) - Vodafone and a group of investors on Saturday made one last attempt at solving a technical crisis with Mobile World Congress, which had been marred by a series of flash crashes that were blamed on a faulty data transmission network.

The investment-grade bond offering, which was launched in May after the launch of the first mobile telecom services unit, has drawn mixed response, with some",99,59,0.5959595959595959,7.949546288643535,9.359791413521555e-16,Watermarked,0.9999999999999991,75,0.8266666666666667,1.0,0.17333333333333334,,,,,,,,,0.3987295702453143,2.397158203125,0.28763273206606227,0.23501925424563525,1.0,50265.0,,0.5
39,CA-KL + Weighted Detector,kl_adaptive,,3.0,"Attendees visit the Vodafone Group pavilion at the Mobile World Congress in Barcelona, Spain, March 4, 2015. Vodafone, one of the world's biggest telecoms companies, announced better-than-expected sales"," growth in its quarter. REUTERS/Alberto Zaver

BENGALURU (Reuters) - Vodafone and a group of investors on Saturday made one last attempt at solving a technical crisis with Mobile World Congress, which had been marred by a series of flash crashes that were blamed on a faulty data transmission network.

The investment-grade bond offering, which was launched in May after the launch of the first mobile telecom services unit, has drawn mixed response, with some",99,59,0.5959595959595959,7.949546288643535,9.359791413521555e-16,Watermarked,0.9999999999999991,75,0.8266666666666667,1.0,0.17333333333333334,,,,9.379668324698564,9.379668324698564,3.3090291430609747e-21,True,1.0,0.3987295702453143,2.397158203125,0.28763277006594845,0.2350191466877368,1.0,50265.0,,0.5
39,CA-KL + Candidate Greenlist,kl_adaptive,,3.0,"Attendees visit the Vodafone Group pavilion at the Mobile World Congress in Barcelona, Spain, March 4, 2015. Vodafone, one of the world's biggest telecoms companies, announced better-than-expected sales"," growth in its quarter. REUTERS/Alberto Zaver

BENGALURU (Reuters) - Vodafone and a consortium of investors on Sunday made one last attempt at solving a debt crisis by raising about $50 billion to refinance their loans to their customers.

The $50 billion fund, which aims to refinance debt with new money through a fund of $1 trillion, includes investors from the likes of AT&T, Verizon, Netflix, Spotify and the conglomerate",99,62,0.6262626262626263,8.645856912466327,2.6701500224408945e-18,Watermarked,1.0,70,0.7428571428571429,0.9710144927536232,0.2571428571428571,,,,11.441434676269527,11.441434676269527,1.2977873427603024e-30,True,1.0,0.39073687073258934,2.4356758117675783,0.28111845909669647,0.3876433172263205,0.77,596.63,0.95,0.5
39,CA-KL + Candidate Greenlist + Weighted/WinMax,kl_adaptive,,3.0,"Attendees visit the Vodafone Group pavilion at the Mobile World Congress in Barcelona, Spain, March 4, 2015. Vodafone, one of the world's biggest telecoms companies, announced better-than-expected sales"," growth in its quarter. REUTERS/Alberto Zaver

BENGALURU (Reuters) - Vodafone and a consortium of investors on Sunday made one last attempt at solving a debt crisis by raising about $50 billion to refinance their loans to their customers.

The $50 billion fund, which aims to refinance debt with new money through a fund of $1 trillion, includes investors from the likes of AT&T, Verizon, Netflix, Spotify and the conglomerate",99,62,0.6262626262626263,8.645856912466327,2.6701500224408945e-18,Watermarked,1.0,70,0.7428571428571429,0.9710144927536232,0.2571428571428571,,,,11.441434676269527,11.441434676269527,1.2977873427603024e-30,True,1.0,0.3725205977997687,1.7581796264648437,0.28111845909669647,0.3876433172263205,0.77,596.63,0.95,0.5
40,No Watermark,,,,The Congress of South African Trade Unions has noted the latest cabinet reshuffle by President Jacob Zuma. We can confirm that the federation did receive a courtesy call from President Jacob Zuma regarding his decision to reshuffle his cabinet this morning. While," some of the ministers had already been announced, we expect that some are still waiting for confirmation. This is a very important position for the federation, which has been in turmoil for many years. We must not forget that in 2017, the Federation had the largest share of the contract market. It was among the largest contracts in South Africa with a total value of R35.2 billion. We have no doubt that the president is committed to a smooth transition. The federation has not acted in a manner that",99,31,0.31313131313131315,1.4506471329641486,0.07343907182033664,Human/Unwatermarked,0.0,90,0.6555555555555556,0.9550561797752809,0.34444444444444444,,,,1.100390567133574,2.9120737877562375,0.1355809933230674,False,0.0,,,0.3066328756089989,0.2888922420796007,0.92,398.99,,
40,Fixed Delta 1.0,1.0,,,The Congress of South African Trade Unions has noted the latest cabinet reshuffle by President Jacob Zuma. We can confirm that the federation did receive a courtesy call from President Jacob Zuma regarding his decision to reshuffle his cabinet this morning. While," some of the ministers are set to remain in place, the incumbent Mulayo Sibanda will become the new acting minister. The move will be important in terms of the ongoing negotiations with the South African Trade Union Congress (SATU), the largest trade union in the country. It is also expected that the appointment of a new president will be decided soon.
What are your thoughts on the Cabinet reshufflation?
Let us know your thoughts below.",93,37,0.3978494623655914,3.292763870490873,0.0004960387793614617,Human/Unwatermarked,0.0,75,0.7066666666666667,0.9459459459459459,0.29333333333333333,1.0,1.0,1.0,5.111929752943655,5.397229193027809,1.5944220700762564e-07,True,0.999999840557793,,,0.27153654326686244,0.28504264265041246,0.8617021276595744,630.0212765957447,,
40,Fixed Delta 2.0,2.0,,,The Congress of South African Trade Unions has noted the latest cabinet reshuffle by President Jacob Zuma. We can confirm that the federation did receive a courtesy call from President Jacob Zuma regarding his decision to reshuffle his cabinet this morning. While," some of the senior ministers have left the post of the leadership, he has still taken up the post of the CEO. The Federation of Trade Unions has also noted the appointment of the CEO. The Federation of Trade Unions has confirmed a meeting with President Jacob Zuma regarding Jacob Zuma’s reshuffle. The Federation of Trade Unions has confirmed a meeting with President Jacob Zuma regarding Jacob Zuma’s reshuffle.

In this situation, we believe that the federation",99,60,0.6060606060606061,8.181649829917799,1.3999184135288104e-16,Watermarked,0.9999999999999999,79,0.46835443037974683,0.6025641025641025,0.5316455696202531,2.0,2.0,2.0,6.9617179550273,7.302514534889046,1.6807399238945768e-12,True,0.9999999999983192,,,0.20564222271110533,0.4801053854241036,0.64,317.68,,
40,Fixed Delta 3.0,3.0,,,The Congress of South African Trade Unions has noted the latest cabinet reshuffle by President Jacob Zuma. We can confirm that the federation did receive a courtesy call from President Jacob Zuma regarding his decision to reshuffle his cabinet this morning. While," some of the senior leaders have left the post of the federation, he has still taken up his post of the CEO. The Federation of Trade Unions, which represents over 50,000 South African trade union leaders in nine African countries, calls the appointment of the new head of the federation a ""historic and important” milestone.

President Zuma’s decision to name a new head of the federation today triggered a backlash in his country and a backlash in his country and the economy.",99,79,0.797979797979798,12.59161711412881,1.17406494602355e-36,Watermarked,1.0,84,0.5833333333333334,0.8072289156626506,0.41666666666666663,3.0,3.0,3.0,11.870991058021485,11.870991058021485,8.373592283374608e-33,True,1.0,,,0.2745041328669601,0.3456219369592145,0.84,380.91,,
40,Current Adaptive Delta,adaptive,0.5,3.0,The Congress of South African Trade Unions has noted the latest cabinet reshuffle by President Jacob Zuma. We can confirm that the federation did receive a courtesy call from President Jacob Zuma regarding his decision to reshuffle his cabinet this morning. While," some of the senior ministers have left the post of the leadership, he has still taken charge as the Minister of Trade, Industries and the Media. The move was seen as a carefully planned strategy to reorganise his government to meet the demands of the South African economy. The reshuffle has, however, already seen the appointment of minister-in-residence, Thabo Mkhize as Minister of Trade and Industry, the appointment of the Minister of Higher Education and the appointment of the Minister of Agriculture",99,58,0.5858585858585859,7.717442747369271,5.934340569241363e-15,Watermarked,0.9999999999999941,84,0.5714285714285714,0.8192771084337349,0.4285714285714286,1.8790920269489289,1.6180340051651,2.4663593769073486,8.529890077190638,8.529890077190638,7.324342041089489e-18,True,1.0,,,0.27846449770177095,0.37682889674790204,0.82,513.41,,
40,CA-KL,kl_adaptive,,3.0,The Congress of South African Trade Unions has noted the latest cabinet reshuffle by President Jacob Zuma. We can confirm that the federation did receive a courtesy call from President Jacob Zuma regarding his decision to reshuffle his cabinet this morning. While," some of the senior ministers have left the post of the leadership, he has still taken up the post of the CEO. The Federation of Trade Unions has also noted the appointment of the CEO. The Federation of Trade Unions has confirmed a meeting with President Jacob Zuma regarding Jacob Zuma’s reshuffle. The Federation of Trade Unions has confirmed a meeting with President Jacob Zuma regarding Jacob Zuma’s reshuffle.

In this situation, we believe that the federation",99,60,0.6060606060606061,8.181649829917799,1.3999184135288104e-16,Watermarked,0.9999999999999999,79,0.46835443037974683,0.6025641025641025,0.5316455696202531,,,,,,,,,0.32516916277444396,2.5799395751953127,0.20564220242713302,0.331327684336336,1.0,50265.0,,0.5
40,CA-KL + Weighted Detector,kl_adaptive,,3.0,The Congress of South African Trade Unions has noted the latest cabinet reshuffle by President Jacob Zuma. We can confirm that the federation did receive a courtesy call from President Jacob Zuma regarding his decision to reshuffle his cabinet this morning. While," some of the senior ministers have left the post of the leadership, he has still taken up the post of the CEO. The Federation of Trade Unions has also noted the appointment of the CEO. The Federation of Trade Unions has confirmed a meeting with President Jacob Zuma regarding Jacob Zuma’s reshuffle. The Federation of Trade Unions has confirmed a meeting with President Jacob Zuma regarding Jacob Zuma’s reshuffle.

In this situation, we believe that the federation",99,60,0.6060606060606061,8.181649829917799,1.3999184135288104e-16,Watermarked,0.9999999999999999,79,0.46835443037974683,0.6025641025641025,0.5316455696202531,,,,7.412703706517442,7.433884466748406,6.187508025717909e-14,True,0.9999999999999382,0.32516916277444396,2.5799395751953127,0.20564222271110533,0.33132761313483117,1.0,50265.0,,0.5
40,CA-KL + Candidate Greenlist,kl_adaptive,,3.0,The Congress of South African Trade Unions has noted the latest cabinet reshuffle by President Jacob Zuma. We can confirm that the federation did receive a courtesy call from President Jacob Zuma regarding his decision to reshuffle his cabinet this morning. While," some of the senior ministers have left the post of the leadership, he has still taken the decision to re-form the federation. The Federation will not be in a position to form a government with this decision. The Federation will therefore be in an even less position to form a government with a mandate given to it” – The Federation president

President Zuma has confirmed a meeting with members of the South African Trade Unions. South Africa’s Trade Unions, which represents over 25",99,64,0.6464646464646465,9.110063995014853,4.116669580158606e-20,Watermarked,1.0,84,0.5833333333333334,0.8433734939759037,0.41666666666666663,,,,10.183844346192615,10.183844346192615,1.1706254228667613e-24,True,1.0,0.4283070565019514,2.439613037109375,0.27979990882973593,0.3170892010629177,0.83,439.06,0.95,0.5
40,CA-KL + Candidate Greenlist + Weighted/WinMax,kl_adaptive,,3.0,The Congress of South African Trade Unions has noted the latest cabinet reshuffle by President Jacob Zuma. We can confirm that the federation did receive a courtesy call from President Jacob Zuma regarding his decision to reshuffle his cabinet this morning. While," some of the senior ministers have left the post of the leadership, he has still taken the decision to re-form the federation. The Federation will not be in a position to form a government with this decision. The Federation will therefore be in an even less position to form a government with a mandate given to it’s members to form government with the choice of the South African constitution as a document in its own right. The Federation will therefore be in an even less position to form a government with",99,65,0.6565656565656566,9.342167536289118,4.719090681074502e-21,Watermarked,1.0,93,0.4838709677419355,0.7065217391304348,0.5161290322580645,,,,10.399652928687415,10.399652928687415,1.2441894028949687e-25,True,1.0,0.3977918186478589,1.9512226867675782,0.26979297824654475,0.3260553231555969,0.83,386.78,0.95,0.5
41,No Watermark,,,,"The NHS is still running Windows XP en masse, two and a half years after Microsoft stopped delivering bug fixes and security updates. Nearly all of England NHS trusts – 90 per cent – continue to rely on PCs installed with Microsoft’s 15-","year-old Windows XP operating system.

In fact, there are still around 500,000 (not counting the ones that happen to be on the banks of the Thames) or more people with Windows XP installed in their homes – a figure the government has said it plans to update, and that hospitals will be able to access with the latest version of Windows 10.

Microsoft’s plan to update Windows 10 in the autumn has caused a lot of concern. The company said in a",99,26,0.26262626262626265,0.29012942659282975,0.38585861217276185,Human/Unwatermarked,0.0,84,0.6785714285714286,0.963855421686747,0.3214285714285714,,,,1.5883526574833406,2.4942229552579303,0.05610330822950686,False,0.0,,,0.3048012888647609,0.28218539597466585,0.88,579.47,,
41,Fixed Delta 1.0,1.0,,,"The NHS is still running Windows XP en masse, two and a half years after Microsoft stopped delivering bug fixes and security updates. Nearly all of England NHS trusts – 90 per cent – continue to rely on PCs installed with Microsoft’s 15-","year-old OS.

To put it on the positive note, the NHS is still running Windows XP en masse. One of the first big changes to the OS was the introduction of the Windows Server 2003 operating system. Microsoft – which had been tracking the PC operating system for years – has finally acknowledged this’s importance and released a guide to its new operating system.

In fact, the guide – which has been translated into Italian and English for well over a decade – contains an",99,40,0.40404040404040403,3.5395790044325226,0.00020038289685673868,Human/Unwatermarked,0.0,83,0.7228915662650602,0.9634146341463414,0.27710843373493976,1.0,1.0,1.0,5.214153677358197,6.2879001780560735,9.23291693904929e-08,True,0.9999999076708306,,,0.2998468996233152,0.2877303476538509,0.85,636.69,,
41,Fixed Delta 2.0,2.0,,,"The NHS is still running Windows XP en masse, two and a half years after Microsoft stopped delivering bug fixes and security updates. Nearly all of England NHS trusts – 90 per cent – continue to rely on PCs installed with Microsoft’s 15-","year-old OS Windows 7 or later. The recent changes, designed to keep the NHS as alive as possible while also ensuring that the computing resources on PCs are not stretched beyond their capabilities, are a clear indication that the NHS is still under-staffed. The Government should not be relying on PCs in the first place, and the NHS must do the right thing – including offering NHS staff benefits and training courses in Windows 7 and Windows 10, which should help ensure that the NHS is still running smoothly",99,65,0.6565656565656566,9.342167536289118,4.719090681074502e-21,Watermarked,1.0,90,0.6888888888888889,0.898876404494382,0.3111111111111111,2.0,2.0,2.0,9.560328521909046,9.560328521909046,5.869174673186683e-22,True,1.0,,,0.31942253270969706,0.25442391077987847,0.91,568.09,,
41,Fixed Delta 3.0,3.0,,,"The NHS is still running Windows XP en masse, two and a half years after Microsoft stopped delivering bug fixes and security updates. Nearly all of England NHS trusts – 90 per cent – continue to rely on PCs installed with Microsoft’s 15-","year Windows 7 support. The system was introduced in 2012 and, since then, only 2,500 (not five per cent) of NHS trusts still carry it. The vast majority have no real need of the software, which still provides a lot of functionality on PC-biquets – including running running Windows’ data centre and server applications, which have grown in popularity.

Microsoft and the NHS’ security team have also taken note of the potential for hackers spreading infection kits, which",99,79,0.797979797979798,12.59161711412881,1.17406494602355e-36,Watermarked,1.0,79,0.7721518987341772,0.9871794871794872,0.22784810126582278,3.0,3.0,3.0,13.6296045245136,13.6296045245136,1.3351169267211652e-42,True,1.0,,,0.32401284306888056,0.2629164064861834,0.91,694.35,,
41,Current Adaptive Delta,adaptive,0.5,3.0,"The NHS is still running Windows XP en masse, two and a half years after Microsoft stopped delivering bug fixes and security updates. Nearly all of England NHS trusts – 90 per cent – continue to rely on PCs installed with Microsoft’s 15-","year-old OS. The system is still operating on PCs, and the majority of NHS departments are doing the same, while the majority of NHS patients do not have them.

Public health officials in England have repeatedly highlighted the difficulty of implementing the Windows XP update. A number of the organizations that have run to date – including the Health Department, the Division of Public Health and Social Care, and the Department of Social and Family Affairs – have stated that they need to roll out Windows updates to everyone",99,55,0.5555555555555556,7.021132123546479,1.100388069780592e-12,Watermarked,0.9999999999988997,88,0.6477272727272727,0.9425287356321839,0.3522727272727273,1.9146459019184112,1.6180340051651,2.365187883377075,9.304465695707526,9.304465695707526,6.733385419105427e-21,True,1.0,,,0.304696578853557,0.27598715002648533,0.89,563.29,,
41,CA-KL,kl_adaptive,,3.0,"The NHS is still running Windows XP en masse, two and a half years after Microsoft stopped delivering bug fixes and security updates. Nearly all of England NHS trusts – 90 per cent – continue to rely on PCs installed with Microsoft’s 15-","year-old OS Windows 7 or later. The recent changes, designed to keep the NHS as alive as possible while also ensuring that the computing resources on PCs are not stretched beyond their capabilities, are a clear indication that the NHS is still under-staffed. The Government should not be relying on PCs in the first place, and the NHS must do the right thing – including offering NHS staff benefits and training courses in Windows 7 and Windows 10, which should help ensure well-equipped hospitals are not being",99,68,0.6868686868686869,10.038478160111909,5.162741433689114e-24,Watermarked,1.0,89,0.7191011235955056,0.9318181818181818,0.2808988764044944,,,,,,,,,0.46150517952957687,2.294524383544922,0.31571546247550925,0.25775530956176224,1.0,50265.0,,0.5
41,CA-KL + Weighted Detector,kl_adaptive,,3.0,"The NHS is still running Windows XP en masse, two and a half years after Microsoft stopped delivering bug fixes and security updates. Nearly all of England NHS trusts – 90 per cent – continue to rely on PCs installed with Microsoft’s 15-","year-old OS Windows 7 or later. The recent changes, designed to keep the NHS as alive as possible while also ensuring that the computing resources on PCs are not stretched beyond their capabilities, are a clear indication that the NHS is still under-staffed. The Government should not be relying on PCs in the first place, and the NHS must do the right thing – including offering NHS staff benefits and training courses in Windows 7 and Windows 10, which should help ensure well-equipped hospitals are not being",99,68,0.6868686868686869,10.038478160111909,5.162741433689114e-24,Watermarked,1.0,89,0.7191011235955056,0.9318181818181818,0.2808988764044944,,,,10.14653146333401,10.14653146333401,1.716750815951962e-24,True,1.0,0.46150517952957687,2.294524383544922,0.3157154900683039,0.25775533289051966,1.0,50265.0,,0.5
41,CA-KL + Candidate Greenlist,kl_adaptive,,3.0,"The NHS is still running Windows XP en masse, two and a half years after Microsoft stopped delivering bug fixes and security updates. Nearly all of England NHS trusts – 90 per cent – continue to rely on PCs installed with Microsoft’s 15-","year Windows 7 support. The system is also operating on only one computer at a time. The system was popular with those in the 1980s, but it’s now being replaced with just one. The problem hasn’t changed, the NHS said. The NHS reported that, despite various security fixes being rolled out, only 65 per cent of the system has been installed so far – and it’s now being replaced with just one. The problem has not changed, the NHS said",99,62,0.6262626262626263,8.645856912466327,2.6701500224408945e-18,Watermarked,1.0,82,0.6585365853658537,0.8148148148148148,0.3414634146341463,,,,10.343418140737963,10.343418140737963,2.2412885796272317e-25,True,1.0,0.3998039196471279,2.422752685546875,0.27798854945409096,0.36447980396449564,0.79,494.67,0.95,0.5
41,CA-KL + Candidate Greenlist + Weighted/WinMax,kl_adaptive,,3.0,"The NHS is still running Windows XP en masse, two and a half years after Microsoft stopped delivering bug fixes and security updates. Nearly all of England NHS trusts – 90 per cent – continue to rely on PCs installed with Microsoft’s 15-","year Windows 7 support. The system is also operating on only one computer at a time. The system was popular with those in the 1980s, but it’s now being replaced with just one. The problem hasn’t changed, the NHS said. The NHS reported that, despite various security fixes being rolled out, only 65 per cent of the system has been installed so far. Because of the security concerns, the NHS said it’s working on new patches and updates to its",99,59,0.5959595959595959,7.949546288643535,9.359791413521555e-16,Watermarked,0.9999999999999991,83,0.7349397590361446,0.9146341463414634,0.2650602409638554,,,,10.56404477391144,10.56404477391144,2.186994866649803e-26,True,1.0,0.41346323360769255,1.892856903076172,0.2947109240257811,0.333579972833395,0.84,524.01,0.95,0.5
42,No Watermark,,,,"After much anticipation, Melania Trump has finally given the world a glimpse of her platform. Like those before her, Trump is keen to make a difference in her own unique way. Speaking in the Rose Garden, she officially launched ""Be Best,"" which"," is a campaign to bring together young women from all walks of life.
The ""Be Best"" campaign is scheduled to run from May 10 to July 5. It's an initiative that intends to give young women and girls an opportunity to discover their own true potential. The campaign was prompted, in part, by a directive from Trump's 2016 campaign, which explicitly stated that young women ""are not allowed in the White House, in the Cabinet, or in the office of the President. They have not",99,18,0.18181818181818182,-1.5666989036012806,0.941407456400931,Human/Unwatermarked,0.0,85,0.6823529411764706,0.9523809523809523,0.3176470588235294,,,,-3.3853268881376932,0.20120837904282698,0.9996445323186959,False,0.0,,,0.2717035528356819,0.2844967743102461,0.85,322.89,,
42,Fixed Delta 1.0,1.0,,,"After much anticipation, Melania Trump has finally given the world a glimpse of her platform. Like those before her, Trump is keen to make a difference in her own unique way. Speaking in the Rose Garden, she officially launched ""Be Best,"" which"," is a campaign to help encourage young people to make positive changes in their lives. ""I started this campaign because I wanted to make a difference,"" she said. ""I wanted to make sure people knew how important it is for people to make sure they make the right choices. That's what Be Best does.""

""Be Best"" is the campaign's first step towards a broader goal, and it will be an important step in what it aims to achieve. It's a campaign to encourage young",99,40,0.40404040404040403,3.5395790044325226,0.00020038289685673868,Human/Unwatermarked,0.0,84,0.5833333333333334,0.8674698795180723,0.41666666666666663,1.0,1.0,1.0,4.876908861840889,5.064318680359276,5.388059666528904e-07,True,0.9999994611940334,,,0.27901994481376546,0.2303685960546136,0.95,257.92,,
42,Fixed Delta 2.0,2.0,,,"After much anticipation, Melania Trump has finally given the world a glimpse of her platform. Like those before her, Trump is keen to make a difference in her own unique way. Speaking in the Rose Garden, she officially launched ""Be Best,"" which"," is a campaign to help encourage young people to make positive change, whether they are young or old. (The campaign also aims to make it easier to access resources for people who are young, which Trump is looking for.)
""Be Best,"" officially launched Monday, has launched a new campaign to help encourage young people to make positive change, whether they are young or old. (Melania Trump is looking for a president.)
""Be Best,"" officially launched Monday, has launched a new campaign to",99,55,0.5555555555555556,7.021132123546479,1.100388069780592e-12,Watermarked,0.9999999999988997,82,0.45121951219512196,0.6296296296296297,0.5487804878048781,2.0,2.0,2.0,7.364206942911034,7.624092308747366,8.910153457018849e-14,True,0.9999999999999108,,,0.23955409615722395,0.3958872790355235,0.72,312.9,,
42,Fixed Delta 3.0,3.0,,,"After much anticipation, Melania Trump has finally given the world a glimpse of her platform. Like those before her, Trump is keen to make a difference in her own unique way. Speaking in the Rose Garden, she officially launched ""Be Best,"" which"," seeks to make it easier for young people to make positive change, whether they are young black women or women of color. The White House announced that the campaign has reached over 50 million social media followers to date. The president has set out a manifesto calling for greater inclusion with women of color, which she has said was inspired by a recent interview with Ayna da Silva. The president has been clear about his vision of the platform. He is looking for people of color to help him. The candidate promises",99,75,0.7575757575757576,11.663202949031755,9.825423209116168e-32,Watermarked,1.0,92,0.717391304347826,0.9340659340659341,0.28260869565217395,3.0,3.0,3.0,13.895231311741092,13.895231311741092,3.3852216541083575e-44,True,1.0,,,0.2976552449917678,0.2707491183280945,0.89,532.54,,
42,Current Adaptive Delta,adaptive,0.5,3.0,"After much anticipation, Melania Trump has finally given the world a glimpse of her platform. Like those before her, Trump is keen to make a difference in her own unique way. Speaking in the Rose Garden, she officially launched ""Be Best,"" which"," is a fan-friendly set of guidelines for fans on how to make sure you are not too late to help those in need. The idea is to help you, and the message is simple: Keep fighting.
""Be Best"" is available on The White House website, or on Facebook and Instagram.",61,34,0.5573770491803278,5.544159532159297,1.4768472455125047e-08,Watermarked,0.9999999852315276,51,0.7647058823529411,0.98,0.23529411764705888,1.9315280375942108,1.6180340051651,2.4895174503326416,8.231946738659182,8.231946738659182,9.209757756768562e-17,True,0.9999999999999999,,,0.3224793269916531,0.20774237258780387,0.9516129032258065,646.2258064516129,,
42,CA-KL,kl_adaptive,,3.0,"After much anticipation, Melania Trump has finally given the world a glimpse of her platform. Like those before her, Trump is keen to make a difference in her own unique way. Speaking in the Rose Garden, she officially launched ""Be Best,"" which"," is a campaign to help encourage young people to make positive change, whether they are young or old. (The campaign also aims to make it easier to access resources for people who are young, which Trump is looking for.) And she also calls attention to one of the campaign's ""campaign tactics"" that she calls ""social justice.""
""It's so obvious, people are so angry with me. I'm going through the motions,"" she said. She said her message isn't just about the economy",99,64,0.6464646464646465,9.110063995014853,4.116669580158606e-20,Watermarked,1.0,81,0.691358024691358,0.9625,0.308641975308642,,,,,,,,,0.46960084198583885,2.3260125732421875,0.31658170354925796,0.22543917155446253,1.0,50265.0,,0.5
42,CA-KL + Weighted Detector,kl_adaptive,,3.0,"After much anticipation, Melania Trump has finally given the world a glimpse of her platform. Like those before her, Trump is keen to make a difference in her own unique way. Speaking in the Rose Garden, she officially launched ""Be Best,"" which"," is a campaign to help encourage young people to make positive change, whether they are young or old. (The campaign also aims to make it easier to access resources for people who are young, which Trump is looking for.) And she also calls attention to one of the campaign's ""campaign tactics"" that she calls ""social justice.""
""It's so obvious, people are so angry with me. I'm going through the motions,"" she said. She said her message isn't just about the economy",99,64,0.6464646464646465,9.110063995014853,4.116669580158606e-20,Watermarked,1.0,81,0.691358024691358,0.9625,0.308641975308642,,,,10.25816029125816,10.25816029125816,5.437948280941832e-25,True,1.0,0.46960084198583885,2.3260125732421875,0.3165817469447607,0.22543903853511438,1.0,50265.0,,0.5
42,CA-KL + Candidate Greenlist,kl_adaptive,,3.0,"After much anticipation, Melania Trump has finally given the world a glimpse of her platform. Like those before her, Trump is keen to make a difference in her own unique way. Speaking in the Rose Garden, she officially launched ""Be Best,"" which"," is a campaign to help encourage young people to make positive change, whether they are young or old. (The campaign also aims to make it easier to access resources for people who are young.) The president has made it clear that the campaign is about making sure the young are given a shot, regardless of their political background, and it has been clear that the campaign has no intention of slowing down anytime soon.
""The battle against racism is a war on racism,"" she said during the event. """,99,62,0.6262626262626263,8.645856912466327,2.6701500224408945e-18,Watermarked,1.0,88,0.6477272727272727,0.9195402298850575,0.3522727272727273,,,,9.57497149540068,9.57497149540068,5.09427039432639e-22,True,1.0,0.45367184469538696,2.3870558166503906,0.3004281433674023,0.2984314444381744,0.9,401.79,0.95,0.5
42,CA-KL + Candidate Greenlist + Weighted/WinMax,kl_adaptive,,3.0,"After much anticipation, Melania Trump has finally given the world a glimpse of her platform. Like those before her, Trump is keen to make a difference in her own unique way. Speaking in the Rose Garden, she officially launched ""Be Best,"" which"," is a campaign to help encourage young people to make positive change, whether they are young or old. (The campaign also aims to make it easier for young people to participate in college or other educational programs. The idea is for people to learn about the impact of the education and the idea, which Trump reportedly plans to use as a platform for his campaign.)

Her campaign has achieved so much already in its first three days, which should provide a good indication for her intentions, and for the material",99,55,0.5555555555555556,7.021132123546479,1.100388069780592e-12,Watermarked,0.9999999999988997,90,0.6555555555555556,0.9438202247191011,0.34444444444444444,,,,9.65994845438623,9.65994845438623,2.230441796217696e-22,True,1.0,0.4534268854576877,2.118586120605469,0.31960948357751234,0.22971750057302415,0.93,427.45,0.95,0.5
43,No Watermark,,,,"OKLAHOMA CITY - Kevin Durant scored 25 points, James Harden added a spark with 23 points off the bench while returning from an injury and the Oklahoma City Thunder ended a string of futility against the Houston Rockets with a 122-104 victory"," over the visiting Oklahoma City Thunder on Wednesday night.

The Thunder (18-2, 15-2 OHL) are currently atop the Western Conference standings with 13 games left. The Thunder won their opener and will meet the Houston Rockets on Friday at the AT&T Center.

The Thunder had a chance to tie the game with 5:18 remaining in regulation when Kevin Durant scored on a layup, but the ball fell to Harden who hit a 3-pointer. Harden then made",99,21,0.21212121212121213,-0.8703882797784892,0.807955875263074,Human/Unwatermarked,0.0,81,0.7407407407407407,0.975,0.2592592592592593,,,,-1.183094594327447,0.4655523300376558,0.8816141700077417,False,0.0,,,0.23824778918328698,0.36364292736165227,0.75,242.5,,
43,Fixed Delta 1.0,1.0,,,"OKLAHOMA CITY - Kevin Durant scored 25 points, James Harden added a spark with 23 points off the bench while returning from an injury and the Oklahoma City Thunder ended a string of futility against the Houston Rockets with a 122-104 victory"," over the visiting Oklahoma City Thunder on Wednesday night.

Durant made his only field goal of the night and had 10 points and 10 rebounds to help the Thunder (14-3, 5-3 NBA) win for the third consecutive time. The Thunder (10-11, 1-9) had won eight of their past 11 games, including seven of their past eight.

Durant and Harden combined for 25 points in a fourth quarter that stretched well past the first half and capped",99,39,0.3939393939393939,3.307475463158259,0.00047070479296677613,Human/Unwatermarked,0.0,80,0.6875,0.9620253164556962,0.3125,1.0,1.0,1.0,3.087021220921075,4.2945381155990745,0.0010108658162288008,False,0.0,,,0.21094164017554523,0.33587571354117246,0.76,119.73,,
43,Fixed Delta 2.0,2.0,,,"OKLAHOMA CITY - Kevin Durant scored 25 points, James Harden added a spark with 23 points off the bench while returning from an injury and the Oklahoma City Thunder ended a string of futility against the Houston Rockets with a 122-104 victory"," over the visiting Oklahoma City Thunder on Saturday night.

Durant made his only attempt of the game early in the fourth quarter and finished with 12 points and 12 rebounds, helping the Thunder lead for most of the game by a total of 27 points. He made 7 of 8 attempts from the field and 3 of 6 from three-point range, which included 3 of 6 from three-point range in his fourth game in the series.

""It's a tough matchup. I'm just",99,60,0.6060606060606061,8.181649829917799,1.3999184135288104e-16,Watermarked,0.9999999999999999,84,0.6309523809523809,0.891566265060241,0.36904761904761907,2.0,2.0,2.0,9.152563633200293,9.171429170450452,2.7799088683143275e-20,True,1.0,,,0.21236588878994017,0.354648578511551,0.76,112.12,,
43,Fixed Delta 3.0,3.0,,,"OKLAHOMA CITY - Kevin Durant scored 25 points, James Harden added a spark with 23 points off the bench while returning from an injury and the Oklahoma City Thunder ended a string of futility against the Houston Rockets with a 122-104 victory"," over the defending NBA champs.

Durant reached 23.6 points and 11 rebounds against 23.1 points while scoring and driving, helping lead the Thunder (14-9) back to their winning ways against LeBron James. The Rockets (14-13) won't be in the finals of the NBA title tournament until May 26 in Los Angeles.

Durant made his third consecutive reference to the Rockets on Twitter Sunday evening: “This is where you are. I appreciate everyone",99,77,0.7777777777777778,12.127410031580283,3.7801435720337223e-34,Watermarked,1.0,76,0.8026315789473685,0.9866666666666667,0.19736842105263153,3.0,3.0,3.0,12.653246718647598,12.653246718647598,5.367265398717614e-37,True,1.0,,,0.23562625836898546,0.3119180033635348,0.81,180.52,,
43,Current Adaptive Delta,adaptive,0.5,3.0,"OKLAHOMA CITY - Kevin Durant scored 25 points, James Harden added a spark with 23 points off the bench while returning from an injury and the Oklahoma City Thunder ended a string of futility against the Houston Rockets with a 122-104 victory"," over the visiting Oklahoma City Thunder on Wednesday night.

Durant made his only attempt of the game early in the fourth quarter and finished with 12 points and 12 rebounds, helping the Thunder lead for most of the game. He also made 6-of-13 free throws.

""It was a lot of things that you just keep trying to keep going and keep learning,"" Durant said. ""That's a good thing for us.""

Durant's 13 points were all coming off",99,53,0.5353535353535354,6.556925040997952,2.7464302917418046e-11,Watermarked,0.9999999999725357,79,0.7468354430379747,0.9743589743589743,0.25316455696202533,1.7847191751003266,1.6180340051651,2.3764965534210205,7.956608261923678,7.956608261923678,8.840971026219444e-16,True,0.9999999999999991,,,0.21972409879301597,0.3729953749384731,0.73,141.2,,
43,CA-KL,kl_adaptive,,3.0,"OKLAHOMA CITY - Kevin Durant scored 25 points, James Harden added a spark with 23 points off the bench while returning from an injury and the Oklahoma City Thunder ended a string of futility against the Houston Rockets with a 122-104 victory"," over the defending NBA champs.

Durant’s third-quarter surge brought the Thunder into the half with 11 of the game’s 12 points in the first half, with Harden’s second-half triple-double coming off nine points and a career-high 11 rebounds against the Los Angeles Clippers.

Durant’s 17-year career was marked in his fourth game without an assist with 11 points and 12 rebounds against Houston, finishing with 15 points",99,57,0.5757575757575758,7.4853392060950075,3.5681289972117485e-14,Watermarked,0.9999999999999644,76,0.6578947368421053,0.9333333333333333,0.3421052631578947,,,,,,,,,0.3967742836776403,2.4751881408691405,0.22607750755620834,0.23100931047138146,1.0,50265.0,,0.5
43,CA-KL + Weighted Detector,kl_adaptive,,3.0,"OKLAHOMA CITY - Kevin Durant scored 25 points, James Harden added a spark with 23 points off the bench while returning from an injury and the Oklahoma City Thunder ended a string of futility against the Houston Rockets with a 122-104 victory"," over the defending NBA champs.

Durant’s third-quarter surge brought the Thunder into the half with 11 of the game’s 12 points in the first half, with Harden’s second-half triple-double coming off nine points and a career-high 11 rebounds against the Los Angeles Clippers.

Durant’s 17-year career was marked in his fourth game without an assist with 11 points and 12 rebounds against Houston, finishing with 15 points",99,57,0.5757575757575758,7.4853392060950075,3.5681289972117485e-14,Watermarked,0.9999999999999644,76,0.6578947368421053,0.9333333333333333,0.3421052631578947,,,,9.079321757663658,9.079321757663658,5.462675789470547e-20,True,1.0,0.3967742836776403,2.4751881408691405,0.22607753305558295,0.23100922692250606,1.0,50265.0,,0.5
43,CA-KL + Candidate Greenlist,kl_adaptive,,3.0,"OKLAHOMA CITY - Kevin Durant scored 25 points, James Harden added a spark with 23 points off the bench while returning from an injury and the Oklahoma City Thunder ended a string of futility against the Houston Rockets with a 122-104 victory"," over the defending NBA champs.

Durant’s third-period outburst brought the Thunder, already down 10, and a game ahead to Houston in the NBA Western Conference finals, to its knees after Oklahoma City lost 111-104 to defeat the defending NBA champs. It was their worst start to an NBA Finals with just one win this season.

Durant’s 35 points were a career high, which made Harden the eighth player to average 25.3 points and",99,59,0.5959595959595959,7.949546288643535,9.359791413521555e-16,Watermarked,0.9999999999999991,78,0.7564102564102564,0.948051948051948,0.2435897435897436,,,,11.19678180672437,11.19678180672437,2.1140762706315278e-29,True,1.0,0.40966339114648187,2.4472032165527344,0.227450808808126,0.3439264735393226,0.81,190.31,0.95,0.5
43,CA-KL + Candidate Greenlist + Weighted/WinMax,kl_adaptive,,3.0,"OKLAHOMA CITY - Kevin Durant scored 25 points, James Harden added a spark with 23 points off the bench while returning from an injury and the Oklahoma City Thunder ended a string of futility against the Houston Rockets with a 122-104 victory"," over the defending NBA champions.

Durant led the Thunder, who won their third straight against the Rockets but also fell behind a 10-9 run in the second quarter. The Thunder, who won in Houston in an exhibition match, pulled within one point at one point en route to their first victory against a playoff team in three years.

Durant put up 26 points with six rebounds and seven assists. He finished with a career-high 39 points on 7-of-13 shooting",99,56,0.5656565656565656,7.2532356648207434,2.0346556800431047e-13,Watermarked,0.9999999999997965,83,0.7710843373493976,0.9512195121951219,0.22891566265060237,,,,9.642156205264438,9.642156205264438,2.653075544603955e-22,True,1.0,0.379214541249543,1.8029974365234376,0.22946584177907672,0.31143488227389754,0.78,135.01,0.95,0.5
44,No Watermark,,,,"1 Then the people of the land took Jehoahaz the son of Josiah, and made him king in his father's stead in Jerusalem. 2 Joahaz was twenty and three years old when he began to reign; and he re","igned over the land of the dead and the dead on the other side of the earth. 3 And when the people had become the people of the land, they were made kings of their fathers, and were called Jehoahaz. 4 But the people of the land took Jehoahaz the son of Josiah and made him king in his father's stead in Jerusalem. 5 But the people of the land took Jehoahaz the son of Josiah, and made him king in his",99,28,0.2828282828282828,0.7543365091413573,0.22532359255077888,Human/Unwatermarked,0.0,82,0.45121951219512196,0.6790123456790124,0.5487804878048781,,,,-0.09646430502536017,1.862660997516816,0.5384240889275528,False,0.0,,,0.1818161761680021,0.46108066715765744,0.52,348.79,,
44,Fixed Delta 1.0,1.0,,,"1 Then the people of the land took Jehoahaz the son of Josiah, and made him king in his father's stead in Jerusalem. 2 Joahaz was twenty and three years old when he began to reign; and he re","igned over the whole of the land and kept his father's crown. 3 He was not a soldier, but a man of the mind; he was not a king and a courtier, but a king of the people. 4 He ruled the people as a whole, and was not a man of the mind’s mind. 5 He was not a king and a courtier, but a king of the people. 6 He was not a soldier, but a man of the mind’",99,42,0.42424242424242425,4.003786086981051,3.1168367625803447e-05,Watermarked,0.9999688316323742,83,0.3493975903614458,0.5487804878048781,0.6506024096385542,1.0,1.0,1.0,4.3343749662584035,4.468157287908335,7.308741985524018e-06,True,0.9999926912580145,,,0.24262085714559803,0.33225308648310603,0.73,498.79,,
44,Fixed Delta 2.0,2.0,,,"1 Then the people of the land took Jehoahaz the son of Josiah, and made him king in his father's stead in Jerusalem. 2 Joahaz was twenty and three years old when he began to reign; and he re","igned over the whole of the land and kept his father's crown. 3 He was not, however, said to be in his father's place, because it was not in his father's place to make his father king. 4 But Jehoahaz was therefore a great ruler.5 But there was one thing that was not said to him in his days, that his father had been in his father's place, because it was not in his father's place to make him king.6 But",99,69,0.696969696969697,10.270581701386172,4.781315307935896e-25,Watermarked,1.0,83,0.5180722891566265,0.7317073170731707,0.4819277108433735,2.0,2.0,2.0,9.388963458326913,9.388963458326913,3.029680545966534e-21,True,1.0,,,0.25750784728325354,0.39129473811015486,0.79,425.49,,
44,Fixed Delta 3.0,3.0,,,"1 Then the people of the land took Jehoahaz the son of Josiah, and made him king in his father's stead in Jerusalem. 2 Joahaz was twenty and three years old when he began to reign; and he re","igned all of the time, being about forty years old. 3 He made his son a great-grandchildren of the Kingdom of Judah. The king of Judah was not, however, only a boy of the Kingdom of Judah at the time. He had many great children among the men of the Kingdom of Judah who would live in his place, or so they believed. He was one of the great-grandsons of the great-grandsons of the great-grandchildren of the Kingdom",99,71,0.7171717171717171,10.7347887839347,3.49392904769601e-27,Watermarked,1.0,82,0.524390243902439,0.7283950617283951,0.47560975609756095,3.0,3.0,3.0,11.91404170295963,11.91404170295963,5.000470289575543e-33,True,1.0,,,0.24905851007288513,0.29843078665435313,0.83,415.9,,
44,Current Adaptive Delta,adaptive,0.5,3.0,"1 Then the people of the land took Jehoahaz the son of Josiah, and made him king in his father's stead in Jerusalem. 2 Joahaz was twenty and three years old when he began to reign; and he re","igned over the whole of the land and kept his father's crown. 3 He was not, however, said to be in his father's place, because of the king's age or because he was not his father's. 4 But Jehoahaz was therefore a great ruler.5 But there was one thing that was not said to him in his days, that his father had been in his father's place, because of the king's age.6 For Jehoahaz was not,",99,70,0.7070707070707071,10.502685242660437,4.197862382006365e-26,Watermarked,1.0,78,0.5641025641025641,0.7662337662337663,0.4358974358974359,1.8741885709762574,1.6180340051651,2.5291242599487305,10.249337717179777,10.249337717179777,5.957858358585035e-25,True,1.0,,,0.28019050432314335,0.347119770757854,0.86,544.74,,
44,CA-KL,kl_adaptive,,3.0,"1 Then the people of the land took Jehoahaz the son of Josiah, and made him king in his father's stead in Jerusalem. 2 Joahaz was twenty and three years old when he began to reign; and he re","igned over the whole of the land and kept his father's crown. 3 He was not, however, said to be in his father's place, because it was not in his father's place to make his father king. 4 But Jehoahaz was therefore a great ruler.5 But there was one thing that was not said to him in his days, that was that he was not in his father's place, because it was not in his father's place to make his father king.",99,68,0.6868686868686869,10.038478160111909,5.162741433689114e-24,Watermarked,1.0,83,0.4819277108433735,0.6585365853658537,0.5180722891566265,,,,,,,,,0.3955359764924467,2.5237806701660155,0.24883337410504844,0.35793840296391866,1.0,50265.0,,0.5
44,CA-KL + Weighted Detector,kl_adaptive,,3.0,"1 Then the people of the land took Jehoahaz the son of Josiah, and made him king in his father's stead in Jerusalem. 2 Joahaz was twenty and three years old when he began to reign; and he re","igned over the whole of the land and kept his father's crown. 3 He was not, however, said to be in his father's place, because it was not in his father's place to make his father king. 4 But Jehoahaz was therefore a great ruler.5 But there was one thing that was not said to him in his days, that was that he was not in his father's place, because it was not in his father's place to make his father king.",99,68,0.6868686868686869,10.038478160111909,5.162741433689114e-24,Watermarked,1.0,83,0.4819277108433735,0.6585365853658537,0.5180722891566265,,,,9.259271591214375,9.259271591214375,1.0291578027881493e-20,True,1.0,0.3955359764924467,2.5237806701660155,0.24883338207695027,0.35793844107131007,1.0,50265.0,,0.5
44,CA-KL + Candidate Greenlist,kl_adaptive,,3.0,"1 Then the people of the land took Jehoahaz the son of Josiah, and made him king in his father's stead in Jerusalem. 2 Joahaz was twenty and three years old when he began to reign; and he re","igned over the whole of Jerusalem. 3 He made Jerom, he made Jerom the king of Jerusalem, and the Kingdom of Jerusalem.

2 If Josiah became king of the land; he would not be in Jerusalem with Jonathan, the son of the king of the land, or among the people of the land; he would not be in Jerusalem with Jonathan, or among the people of the land.

2 If Jonathan became king of the land, he would not be in Jerusalem",99,68,0.6868686868686869,10.038478160111909,5.162741433689114e-24,Watermarked,1.0,82,0.34146341463414637,0.5432098765432098,0.6585365853658536,,,,9.905776177341782,9.905776177341782,1.9645359297939485e-23,True,1.0,0.3600478589197676,2.5472666931152346,0.21980891336341987,0.425069373161532,0.75,382.08,0.95,0.5
44,CA-KL + Candidate Greenlist + Weighted/WinMax,kl_adaptive,,3.0,"1 Then the people of the land took Jehoahaz the son of Josiah, and made him king in his father's stead in Jerusalem. 2 Joahaz was twenty and three years old when he began to reign; and he re","igned over the whole of Jerusalem. 3 He made Jerom, he made Jerom the king of Jerusalem, and the Kingdom of Jerusalem. 4 The king of Jerusalem made his son Jehoahaz. 5 He made his son Jehoahaz. 6 He made his son Jehoahaz. 7 He made his son Jehoahaz. 8 The king of Jerusalem made his son Jehoahaz. 9 He made his son Jehoahaz. 10 He made his son Je",99,59,0.5959595959595959,7.949546288643535,9.359791413521555e-16,Watermarked,0.9999999999999991,70,0.34285714285714286,0.5217391304347826,0.6571428571428571,,,,7.275906508475087,7.389862101081818,1.7205092237092299e-13,True,0.9999999999998279,0.2535510692528391,1.4700997924804688,0.17948440602074256,0.5184947388269938,0.59,327.53,0.95,0.5
45,No Watermark,,,,"Roger Federer of Switzerland and Bill Gates shake hands at the Match For Africa 4 exhibition match at KeyArena on April 29, 2017 in Seattle, Washington. When I was in my 20s and early 30s, my whole life was focused"," on tennis. I was always interested in how I could improve, and I wanted to learn more about the sport. I was also a huge sports fan. I was always fascinated by what tennis players were doing in front of their eyes – and I knew that the sport could be a lot of fun.

“It’s a privilege to play at such a prestigious venue with such a great team. I’m really looking forward to playing in this new facility. I’",99,24,0.24242424242424243,-0.17407765595569785,0.5690977834754946,Human/Unwatermarked,0.0,82,0.6951219512195121,0.9259259259259259,0.30487804878048785,,,,0.2037671574054097,1.9866129785295512,0.4192677294706827,False,0.0,,,0.27557612696957895,0.30562328297644853,0.86,264.77,,
45,Fixed Delta 1.0,1.0,,,"Roger Federer of Switzerland and Bill Gates shake hands at the Match For Africa 4 exhibition match at KeyArena on April 29, 2017 in Seattle, Washington. When I was in my 20s and early 30s, my whole life was focused"," on tennis and I was always interested about how I could improve, whether I wanted to play more tennis (not to mention why I played tennis) or how I could improve in my career. I always wanted to play in an exhibition match. But the first time I played against a man, I knew that he’d be a fool to think that I would win. He had been a great player and a great coach, so what a shock! I was stunned. He was a good friend",99,40,0.40404040404040403,3.5395790044325226,0.00020038289685673868,Human/Unwatermarked,0.0,88,0.6136363636363636,0.9080459770114943,0.38636363636363635,1.0,1.0,1.0,3.5378631760226917,3.7884540528988455,0.0002016895129808064,False,0.0,,,0.29800013208648857,0.2368355953786522,0.92,315.82,,
45,Fixed Delta 2.0,2.0,,,"Roger Federer of Switzerland and Bill Gates shake hands at the Match For Africa 4 exhibition match at KeyArena on April 29, 2017 in Seattle, Washington. When I was in my 20s and early 30s, my whole life was focused"," on tennis and I always thought tennis was better when it was out there. I never thought it would become popular because it was not and it’s something that made me happier as a kid as well. I always believed that if you had the freedom to play a sport that was not available to you, that you would be better at it than you were at other places. I never had the freedom to do that. I wanted to be in a sport that was not available to all of this",99,67,0.6767676767676768,9.806374618837644,5.2848962805356706e-23,Watermarked,1.0,93,0.5376344086021505,0.8586956521739131,0.4623655913978495,2.0,2.0,2.0,9.294480005766058,9.294480005766058,7.396374786536481e-21,True,1.0,,,0.26209594328582164,0.24234508183784784,0.92,170.93,,
45,Fixed Delta 3.0,3.0,,,"Roger Federer of Switzerland and Bill Gates shake hands at the Match For Africa 4 exhibition match at KeyArena on April 29, 2017 in Seattle, Washington. When I was in my 20s and early 30s, my whole life was focused"," around tennis and the athletics I attended. When I started teaching, I wanted to move from the gym to the living room. I would do a lot more studying and participate in activities, which in turn led me to coaching. I wanted to help children as they grew up. I never knew the phrase “‘My passion has earned a place at KeyArena‘‘,‘‘,‘‘,‘,‘‘,‘�",99,76,0.7676767676767676,11.89530649030602,6.259628712805054e-33,Watermarked,1.0,62,0.7580645161290323,0.9672131147540983,0.24193548387096775,3.0,3.0,3.0,10.992449651226577,10.992449651226577,2.0774674067570214e-28,True,1.0,,,0.2611733131804563,0.3693856225674972,0.76,433.59,,
45,Current Adaptive Delta,adaptive,0.5,3.0,"Roger Federer of Switzerland and Bill Gates shake hands at the Match For Africa 4 exhibition match at KeyArena on April 29, 2017 in Seattle, Washington. When I was in my 20s and early 30s, my whole life was focused"," on tennis and I always thought tennis was better than swimming. I wanted to compete as a tennis player and I wanted to compete as a tennis player. Roger Federer and Bill Gates both went to bigger tournaments. I wanted to compete as a tennis player as a tennis player.

Roger Federer and Bill Gates of Switzerland shake hands at the Match For Africa 4 exhibition match at KeyArena on April 29, 2017 in Seattle, Washington. When I was in my 20s and early 30s",99,45,0.45454545454545453,4.700096710803842,1.3001915629892368e-06,Watermarked,0.999998699808437,85,0.5529411764705883,0.7261904761904762,0.44705882352941173,1.7469414210319518,1.6180340051651,2.2620327472686768,6.3714371047573435,6.567489165989703,9.36325436686253e-11,True,0.9999999999063675,,,0.15689325761189396,0.6002686928352341,0.5,158.88,,
45,CA-KL,kl_adaptive,,3.0,"Roger Federer of Switzerland and Bill Gates shake hands at the Match For Africa 4 exhibition match at KeyArena on April 29, 2017 in Seattle, Washington. When I was in my 20s and early 30s, my whole life was focused"," around tennis and I always thought tennis was better when it was out there. I never thought it would become popular because it was not and it’s something that made me happier as a kid as well. I always believed that if you had the freedom to play a sport that was not available to you, that you would be better at it than you were at other places. I never had to worry about that. I would never think it’s something that you could only improve on.",99,67,0.6767676767676768,9.806374618837644,5.2848962805356706e-23,Watermarked,1.0,90,0.5666666666666667,0.9101123595505618,0.43333333333333335,,,,,,,,,0.44773275849151306,2.391477355957031,0.2607781829996173,0.26382350830797807,1.0,50265.0,,0.5
45,CA-KL + Weighted Detector,kl_adaptive,,3.0,"Roger Federer of Switzerland and Bill Gates shake hands at the Match For Africa 4 exhibition match at KeyArena on April 29, 2017 in Seattle, Washington. When I was in my 20s and early 30s, my whole life was focused"," around tennis and I always thought tennis was better when it was out there. I never thought it would become popular because it was not and it’s something that made me happier as a kid as well. I always believed that if you had the freedom to play a sport that was not available to you, that you would be better at it than you were at other places. I never had to worry about that. I would never think it’s something that you could only improve on.",99,67,0.6767676767676768,9.806374618837644,5.2848962805356706e-23,Watermarked,1.0,90,0.5666666666666667,0.9101123595505618,0.43333333333333335,,,,10.260139330443677,10.260139330443677,5.327644318407941e-25,True,1.0,0.44773275849151306,2.391477355957031,0.2607781593822344,0.2638234677328001,1.0,50265.0,,0.5
45,CA-KL + Candidate Greenlist,kl_adaptive,,3.0,"Roger Federer of Switzerland and Bill Gates shake hands at the Match For Africa 4 exhibition match at KeyArena on April 29, 2017 in Seattle, Washington. When I was in my 20s and early 30s, my whole life was focused"," around tennis and I always thought tennis was better when it was out there. I was not, though my tennis coach had to make it a conscious choice. I was not, though my tennis coach made it a conscious choice. I was not, though my tennis coach made it a conscious choice. I wanted tennis to become my passion. I wanted it to become my life. I wanted it to become my life. I wanted it to become my life. I wanted it to become my life. I",99,69,0.696969696969697,10.270581701386172,4.781315307935896e-25,Watermarked,1.0,88,0.3068181818181818,0.47126436781609193,0.6931818181818181,,,,9.193044343155163,9.193044343155163,1.909387592058742e-20,True,1.0,0.35787316969169275,2.6038027954101564,0.2165771494787383,0.4367657160875387,0.72,232.63,0.95,0.5
45,CA-KL + Candidate Greenlist + Weighted/WinMax,kl_adaptive,,3.0,"Roger Federer of Switzerland and Bill Gates shake hands at the Match For Africa 4 exhibition match at KeyArena on April 29, 2017 in Seattle, Washington. When I was in my 20s and early 30s, my whole life was focused"," on tennis and I always thought tennis was better when it was out there. I was not, though my tennis coach had to make it a conscious choice. I was not, though my tennis coach made it a conscious choice. I was not, though my tennis coach made it a conscious choice. I wanted tennis to become my passion. I wanted it to be my life. I wanted it to be my life. I wanted it to be my life. I wanted it to be my life. I",99,65,0.6565656565656566,9.342167536289118,4.719090681074502e-21,Watermarked,1.0,88,0.3181818181818182,0.4942528735632184,0.6818181818181819,,,,8.940298556296971,8.940298556296971,1.9406017546337092e-19,True,1.0,0.34632568591448526,1.831526641845703,0.22159485215510377,0.3944008869025856,0.75,234.99,0.95,0.5
46,No Watermark,,,,"Elvis Costello played a two-hour, 25-song show that touched on phases throughout his career, both deep cuts and hits, as well as nine of the new disc’s 12 songs. And to the delight of the nearly sold"," out crowd, he was set to perform a set on Wednesday, April 19th at the Lucid Lounge, but had to pull out due to the coronavirus pandemic.

Costello is the frontman of the band – a band that spans the country, Europe, and Canada, among others. He played a set with Kiefer Sutherland at the recent Washington State Fair with the band in attendance.

He also performed a set on Monday, April 13th at the Allstate",99,24,0.24242424242424243,-0.17407765595569785,0.5690977834754946,Human/Unwatermarked,0.0,75,0.6666666666666666,0.918918918918919,0.33333333333333337,,,,-0.9932907845851146,1.2199086057272581,0.8397158664113074,False,0.0,,,0.31192610429813755,0.31385027774609625,0.85,974.3,,
46,Fixed Delta 1.0,1.0,,,"Elvis Costello played a two-hour, 25-song show that touched on phases throughout his career, both deep cuts and hits, as well as nine of the new disc’s 12 songs. And to the delight of the nearly sold"," out crowd, he was set to perform a full on performance, he says, “before the doors opened and the people started to get inside the building.”

The show, which included his father, Richard Costello, along with The Beatles’ Dave Matthews Band, was one of the first shows to be televised on the major satellite networks, and it was a great show overall. The show, which started at 10:30 p.m. ET, featured some of the",99,40,0.40404040404040403,3.5395790044325226,0.00020038289685673868,Human/Unwatermarked,0.0,76,0.7236842105263158,0.96,0.2763157894736842,1.0,1.0,1.0,4.608775746476204,5.169301069976485,2.0252346001924034e-06,True,0.9999979747653998,,,0.31404002963416067,0.31701564118266107,0.88,763.42,,
46,Fixed Delta 2.0,2.0,,,"Elvis Costello played a two-hour, 25-song show that touched on phases throughout his career, both deep cuts and hits, as well as nine of the new disc’s 12 songs. And to the delight of the nearly sold"," out crowd, he was set to perform more than a hundred songs.

“The biggest thing,” Elvis Costello told The New York Times about his show, “is to make it as good as it gets.”

Distilled by a classic, the show, which’s reminiscent of the 2002 hit “The Big Lebowski” and featuring well-known tunes from the movie, was a chance for fans not only to meet Elvis but",99,51,0.5151515151515151,6.092717958449424,5.550477317542801e-10,Watermarked,0.9999999994449522,69,0.7971014492753623,1.0,0.2028985507246377,2.0,2.0,2.0,8.309188961044729,8.309188961044729,4.817918807408236e-17,True,1.0,,,0.28653592642905007,0.36694833607412874,0.76,881.38,,
46,Fixed Delta 3.0,3.0,,,"Elvis Costello played a two-hour, 25-song show that touched on phases throughout his career, both deep cuts and hits, as well as nine of the new disc’s 12 songs. And to the delight of the nearly sold"," out crowd he performed songs for guests and asked for on-stage expressions. Costello performed songs for guests who had been in his way before, often on stage to sing songs. The show, which included his father and a representative for producer Kevin Sinis, featured musicians such as Frank Zappa, John Williams‘ Billie Holiday, Buddy Holly and Hiroshige Sasaki, among others. Costello and the band played their first ever full-time concert in NYC on May 9, where they",99,83,0.8383838383838383,13.520031279225865,5.956256913599852e-42,Watermarked,1.0,79,0.7848101265822784,0.9487179487179487,0.21518987341772156,3.0,3.0,3.0,13.999775850937333,13.999775850937333,7.818155760211596e-45,True,1.0,,,0.331401659663096,0.30108063759747894,0.85,882.23,,
46,Current Adaptive Delta,adaptive,0.5,3.0,"Elvis Costello played a two-hour, 25-song show that touched on phases throughout his career, both deep cuts and hits, as well as nine of the new disc’s 12 songs. And to the delight of the nearly sold"," out crowd, he was set to perform more than a hundred songs.

“The biggest thing,” Elvis Costello told The New York Times about his journey into the music scene as a performer, “is the love of the show,” adding that he’ll be “going to tear you up with these stories.”

Collapse

Before his shows, Elvis Costello performed a handful of songs for fans who could only buy one album",99,56,0.5656565656565656,7.2532356648207434,2.0346556800431047e-13,Watermarked,0.9999999999997965,70,0.8142857142857143,0.9855072463768116,0.18571428571428572,1.8637667202949524,1.6180340051651,2.4532241821289062,9.592769109555027,9.592769109555027,4.287602793693113e-22,True,1.0,,,0.2616090219056828,0.3480811439664103,0.8,466.31,,
46,CA-KL,kl_adaptive,,3.0,"Elvis Costello played a two-hour, 25-song show that touched on phases throughout his career, both deep cuts and hits, as well as nine of the new disc’s 12 songs. And to the delight of the nearly sold"," out crowd, he was set to perform more than a hundred songs.

“The biggest thing,” Elvis Costello told The New York Times about his show, “is to make it as good as it gets. I know it’s hard, but it’s really a breath of fresh air for us, because it’s always hard putting things in order.”

Although Costello’s show has not been as big of an",99,49,0.494949494949495,5.628510875900897,9.088602153646789e-09,Watermarked,0.9999999909113978,70,0.7714285714285715,0.9710144927536232,0.22857142857142854,,,,,,,,,0.3924088852427146,2.4545608520507813,0.2326846759535092,0.19720390654118775,1.0,50265.0,,0.5
46,CA-KL + Weighted Detector,kl_adaptive,,3.0,"Elvis Costello played a two-hour, 25-song show that touched on phases throughout his career, both deep cuts and hits, as well as nine of the new disc’s 12 songs. And to the delight of the nearly sold"," out crowd, he was set to perform more than a hundred songs.

“The biggest thing,” Elvis Costello told The New York Times about his show, “is to make it as good as it gets. I know it’s hard, but it’s really a breath of fresh air for us, because it’s always hard putting things in order.”

Although Costello’s show has not been as big of an",99,49,0.494949494949495,5.628510875900897,9.088602153646789e-09,Watermarked,0.9999999909113978,70,0.7714285714285715,0.9710144927536232,0.22857142857142854,,,,8.15502477897855,8.495447965409035,1.7455414694456128e-16,True,0.9999999999999998,0.3924088852427146,2.4545608520507813,0.23268466286624634,0.1972039038630078,1.0,50265.0,,0.5
46,CA-KL + Candidate Greenlist,kl_adaptive,,3.0,"Elvis Costello played a two-hour, 25-song show that touched on phases throughout his career, both deep cuts and hits, as well as nine of the new disc’s 12 songs. And to the delight of the nearly sold"," out crowd he performed his set in his spare time on stage, he hosted a fund-raising drive for his mother, Jackie Costello. The show brought together about 150 dancers, drummers and bass players to attend a live performance of two songs. The show drew a crowd of over 1,000, which included performers from the Chicagoland area who included, John Cenratore, Steve Miller, Doug Elk, Colin Smith and a panel of guest artists, which included artists like Bess",99,71,0.7171717171717171,10.7347887839347,3.49392904769601e-27,Watermarked,1.0,79,0.7848101265822784,0.9743589743589743,0.21518987341772156,,,,13.067971796035392,13.067971796035392,2.509290162318051e-39,True,1.0,0.46875613717839154,2.3304991149902343,0.3579073211995616,0.26232613711617886,0.9,1086.46,0.95,0.5
46,CA-KL + Candidate Greenlist + Weighted/WinMax,kl_adaptive,,3.0,"Elvis Costello played a two-hour, 25-song show that touched on phases throughout his career, both deep cuts and hits, as well as nine of the new disc’s 12 songs. And to the delight of the nearly sold"," out crowd he performed his set in his spare time on stage, he hosted a fund-raiser (not pictured) for his family and spoke to fans via FaceTime, where he collected donations for charity.

""I want a lot of people to hear that they’re making a difference,"" Costello explained when talking about his experience with fame. ""What you do as a performer is well-earned, because it’s something that I’ve always wanted to do",99,57,0.5757575757575758,7.4853392060950075,3.5681289972117485e-14,Watermarked,0.9999999999999644,77,0.8181818181818182,1.0,0.18181818181818177,,,,9.903397788924364,9.903397788924364,2.0118374749210363e-23,True,1.0,0.4060793441853811,1.958418731689453,0.2723739144533906,0.2739050197880715,0.84,495.53,0.95,0.5
47,No Watermark,,,,"BAGHDAD, Iraq -- Fighting in the Shiite stronghold of Sadr City killed 23 Iraqis yesterday, hospital officials said, and the U.S. military reported five troop deaths, as April showed signs of becoming the worst month for U.S",". forces in Iraq.

The U.S. Embassy in Baghdad said ""the number of casualties is still being assessed. The military has not yet been able to confirm the number of casualties as of today.""

The U.S. military said nine Iraqi troops were killed, including three in the city of Sadr.

The U.S. military said a U.S. Army helicopter carrying civilians and soldiers was attacked by a group of armed militants on Saturday night in Shi",99,19,0.1919191919191919,-1.3345953623270168,0.9089955916386168,Human/Unwatermarked,0.0,78,0.6666666666666666,0.8701298701298701,0.33333333333333337,,,,0.1233246410568326,1.4015598365212127,0.45092501451382644,False,0.0,,,0.2603292136261149,0.36249929105862977,0.77,397.63,,
47,Fixed Delta 1.0,1.0,,,"BAGHDAD, Iraq -- Fighting in the Shiite stronghold of Sadr City killed 23 Iraqis yesterday, hospital officials said, and the U.S. military reported five troop deaths, as April showed signs of becoming the worst month for U.S",". forces in Iraq.

Iraqi soldiers on Wednesday, April 19, 2019, collapsed a makeshift clinic and residential complex in Sadr City, near the border with Turkey, killing 23 people and wounding 27 others, according to the Major-General's office. The military reported that at least two hospitals had been overrun and a third had been overrun since the fighting broke out. (AP Photo/Mahmoud Barzani)

The Iraqi army said it had carried out a ""su",99,45,0.45454545454545453,4.700096710803842,1.3001915629892368e-06,Watermarked,0.999998699808437,74,0.7972972972972973,0.9726027397260274,0.20270270270270274,1.0,1.0,1.0,4.948842346713662,4.948842346713662,3.7328092636867336e-07,True,0.9999996267190736,,,0.2626700331401921,0.3479526767646894,0.8,366.49,,
47,Fixed Delta 2.0,2.0,,,"BAGHDAD, Iraq -- Fighting in the Shiite stronghold of Sadr City killed 23 Iraqis yesterday, hospital officials said, and the U.S. military reported five troop deaths, as April showed signs of becoming the worst month for U.S",". troops in Iraq.

Iraqis also lost their homes and businesses to suicide bombing and the use of chemical weapons on civilians and police, the Iraqi military said.

The U.S. killed 39 civilians during the battle, the Iraqi military said. The Iraqi military said it has carried out 16 air strikes and a small-scale air strike against ISIS terrorists, including one in Sadr City.

""In order to protect people and protect lives, we are now conducting air operations",99,59,0.5959595959595959,7.949546288643535,9.359791413521555e-16,Watermarked,0.9999999999999991,79,0.7215189873417721,0.9102564102564102,0.2784810126582279,2.0,2.0,2.0,10.281456366612733,10.281456366612733,4.271343050520795e-25,True,1.0,,,0.2866001384722125,0.3069817497394979,0.84,432.98,,
47,Fixed Delta 3.0,3.0,,,"BAGHDAD, Iraq -- Fighting in the Shiite stronghold of Sadr City killed 23 Iraqis yesterday, hospital officials said, and the U.S. military reported five troop deaths, as April showed signs of becoming the worst month for U.S",". troops in Iraq.

Iraqis also lost their homes in fighting overnight with tribal militants in east Mosul and the Kingdom's northern city of Ain Shai, along with 11 Iraqi soldiers in Amman and seven in Basra, Major General Abdul Razzam Boudamani, commander of the Iraq’s Joint Incidental Staff, said during an interview with Reuters. He disclosed no reference in his report to U.S. troops. The army has said Iraq is still on track",99,78,0.7878787878787878,12.359513572854546,2.1638374768437998e-35,Watermarked,1.0,75,0.7866666666666666,1.0,0.21333333333333337,3.0,3.0,3.0,13.62377665402828,13.62377665402828,1.4460803002727326e-42,True,1.0,,,0.2825685817300381,0.25545277959201484,0.84,476.64,,
47,Current Adaptive Delta,adaptive,0.5,3.0,"BAGHDAD, Iraq -- Fighting in the Shiite stronghold of Sadr City killed 23 Iraqis yesterday, hospital officials said, and the U.S. military reported five troop deaths, as April showed signs of becoming the worst month for U.S",". troops in Iraq.

Iraqi soldiers on Wednesday, April 19, 2017, collapsed a small village in Baqubi, where they were trying to protect and advance on extremists, which have killed 2,000 since the beginning of the year. A source with direct knowledge of the situation said that the soldiers had been killed in an ambush in the village, which had been left vacant for months. The source, speaking on condition of anonymity because he was not authorized to speak to the media,",99,52,0.5252525252525253,6.324821499723688,1.2676273926722297e-10,Watermarked,0.9999999998732373,82,0.7195121951219512,0.9753086419753086,0.2804878048780488,1.8692488312721252,1.6180340051651,2.3451223373413086,8.029050055455867,8.106227200842882,4.911513840461227e-16,True,0.9999999999999996,,,0.2676973840400221,0.32144002186134457,0.8,377.06,,
47,CA-KL,kl_adaptive,,3.0,"BAGHDAD, Iraq -- Fighting in the Shiite stronghold of Sadr City killed 23 Iraqis yesterday, hospital officials said, and the U.S. military reported five troop deaths, as April showed signs of becoming the worst month for U.S",". troops in Iraq.

Iraqis also lost their homes and businesses to suicide bombing and the use of chemical weapons on civilians and police, the Iraqi military said.

The U.S. killed 39 civilians during the battle, the Iraqi military said. The Iraqi military said it has carried out 16 air strikes and a small-scale air strike against ISIS terrorists, along with 16 military vehicles.

The battle started in Sadr City this week when well-equipped fighters, led by",99,61,0.6161616161616161,8.413753371192062,1.9854759384111046e-17,Watermarked,1.0,79,0.7341772151898734,0.8974358974358975,0.26582278481012656,,,,,,,,,0.43203512438458747,2.3964422607421874,0.28263413364289985,0.25315350853787094,1.0,50265.0,,0.5
47,CA-KL + Weighted Detector,kl_adaptive,,3.0,"BAGHDAD, Iraq -- Fighting in the Shiite stronghold of Sadr City killed 23 Iraqis yesterday, hospital officials said, and the U.S. military reported five troop deaths, as April showed signs of becoming the worst month for U.S",". troops in Iraq.

Iraqis also lost their homes and businesses to suicide bombing and the use of chemical weapons on civilians and police, the Iraqi military said.

The U.S. killed 39 civilians during the battle, the Iraqi military said. The Iraqi military said it has carried out 16 air strikes and a small-scale air strike against ISIS terrorists, along with 16 military vehicles.

The battle started in Sadr City this week when well-equipped fighters, led by",99,61,0.6161616161616161,8.413753371192062,1.9854759384111046e-17,Watermarked,1.0,79,0.7341772151898734,0.8974358974358975,0.26582278481012656,,,,9.752475766867937,9.752475766867937,9.001170231416293e-23,True,1.0,0.43203512438458747,2.3964422607421874,0.28263414492366573,0.25315352205492675,1.0,50265.0,,0.5
47,CA-KL + Candidate Greenlist,kl_adaptive,,3.0,"BAGHDAD, Iraq -- Fighting in the Shiite stronghold of Sadr City killed 23 Iraqis yesterday, hospital officials said, and the U.S. military reported five troop deaths, as April showed signs of becoming the worst month for U.S",". troops in Iraq.

Iraqis also lost their homes and businesses to suicide bombing and the use of chemical bombs, according to a hospital official. The number of wounded was significantly lower, with those killed in May by explosions, which had been reported earlier. The bombing was prompted by a government crackdown on protesters calling for greater autonomy for the Islamic State of Iraq and the Levant (ISIS, also known as IS, or ISIL).

The attack killed several people and left many of the wounded",99,66,0.6666666666666666,9.574271077563381,5.1289159954110675e-22,Watermarked,1.0,84,0.7261904761904762,0.9879518072289156,0.27380952380952384,,,,10.210226594100927,10.210226594100927,8.92238074242763e-25,True,1.0,0.43384607989345647,2.4006971740722656,0.2765384027833596,0.3033228895906359,0.83,449.85,0.95,0.5
47,CA-KL + Candidate Greenlist + Weighted/WinMax,kl_adaptive,,3.0,"BAGHDAD, Iraq -- Fighting in the Shiite stronghold of Sadr City killed 23 Iraqis yesterday, hospital officials said, and the U.S. military reported five troop deaths, as April showed signs of becoming the worst month for U.S",". troops in Iraq.

Iraqis also lost their homes and businesses to suicide bombing and the use of chemical bombs, according to a hospital official. The number of wounded was significantly lower, with those killed in May by explosions, which had been reported earlier. The bombing was prompted by a government crackdown on protesters calling for greater autonomy for the Islamic State of Iraq and the Levant (ISIS, also known as IS, or ISIL).

The attack killed several people and left many of the wounded",99,66,0.6666666666666666,9.574271077563381,5.1289159954110675e-22,Watermarked,1.0,84,0.7261904761904762,0.9879518072289156,0.27380952380952384,,,,10.210226594100927,10.210226594100927,8.92238074242763e-25,True,1.0,0.40229825798626884,1.9082821655273436,0.2765384027833596,0.3033228895906359,0.83,449.85,0.95,0.5
48,No Watermark,,,,"With its eye on Western next-gen gamers, the Japanese publisher pays $15 million for Secret Level. Sega Holdings of USA announced on Monday that it has purchased independent game studio Secret Level for $15 million. Last July, Sega announced"," that the studio would be releasing a new game in the next-gen title Secret Level. The new game, Secret Level, is a 3D-action game about a child who is collected by a mysterious shadowy force in an underground tunnel.

Secret Level is a new level from the company that has been in development since 2011 with a focus on the puzzle-based Nintendo 64 game with a focus on the puzzle-based Super Mario Bros. franchise. The company has not announced a release date for",99,22,0.2222222222222222,-0.6382847385042254,0.73835582764413,Human/Unwatermarked,0.0,87,0.5977011494252874,0.8488372093023255,0.4022988505747126,,,,-0.16102664736195269,0.8949326080990793,0.5639637935254557,False,0.0,,,0.3356854428838607,0.28856445868965236,0.88,1019.75,,
48,Fixed Delta 1.0,1.0,,,"With its eye on Western next-gen gamers, the Japanese publisher pays $15 million for Secret Level. Sega Holdings of USA announced on Monday that it has purchased independent game studio Secret Level for $15 million. Last July, Sega announced"," that the game would be available on Xbox One and on PC, and later that year it released a game on PlayStation 4.

Secret Level's key players include Secret, which was released in Japan in November 2006, and Secret Level 2, the first game in a series of Secret Level games that have been in development since they were released in Japan. The company has also acquired a 16-year-old game studio called Super Fight Studio, which was released in Japan in May. The company has",99,45,0.45454545454545453,4.700096710803842,1.3001915629892368e-06,Watermarked,0.999998699808437,87,0.5977011494252874,0.8837209302325582,0.4022988505747126,1.0,1.0,1.0,5.595231651933348,5.595231651933348,1.1016369357257992e-08,True,0.9999999889836306,,,0.3102635503973542,0.26247765593230726,0.98,790.7,,
48,Fixed Delta 2.0,2.0,,,"With its eye on Western next-gen gamers, the Japanese publisher pays $15 million for Secret Level. Sega Holdings of USA announced on Monday that it has purchased independent game studio Secret Level for $15 million. Last July, Sega announced"," that the game would be available on Xbox One, Xbox Series X and Playstation 5 as early as this fall, but it has yet to be announced for consoles.

Secret Level is based on Resident Evil 2, which Sega plans to release in the first half of this year. The most recent version of the game, which made three appearances on Xbox One, also received its own spin-off, Resident Evil 2: Final Cut. The series was released last year on Xbox One, Xbox Series X",99,66,0.6666666666666666,9.574271077563381,5.1289159954110675e-22,Watermarked,1.0,86,0.686046511627907,0.8823529411764706,0.313953488372093,2.0,2.0,2.0,10.088609755922798,10.088609755922798,3.102097623434751e-24,True,1.0,,,0.2500539334222506,0.3151860236376524,0.86,451.04,,
48,Fixed Delta 3.0,3.0,,,"With its eye on Western next-gen gamers, the Japanese publisher pays $15 million for Secret Level. Sega Holdings of USA announced on Monday that it has purchased independent game studio Secret Level for $15 million. Last July, Sega announced"," that the game would be developed and released by its own developer, Team X-COM Games, which had been developing the Kingdom Hearts and Soul Eater games. Meanwhile, Team X-COM Games and Sea of Thieves are in pre-production with Dreamcast, Xbox One, Xbox Series X, and PS3.”

Skylanders still remains a favorite of recent Nintendo fans for its series of miniatures games, which have come a long way over the past 30 years. The company has recently",99,71,0.7171717171717171,10.7347887839347,3.49392904769601e-27,Watermarked,1.0,79,0.7468354430379747,0.9487179487179487,0.25316455696202533,3.0,3.0,3.0,11.410117955627326,11.410117955627326,1.8611210722493687e-30,True,1.0,,,0.3036541084764145,0.31364570401608943,0.86,1043.39,,
48,Current Adaptive Delta,adaptive,0.5,3.0,"With its eye on Western next-gen gamers, the Japanese publisher pays $15 million for Secret Level. Sega Holdings of USA announced on Monday that it has purchased independent game studio Secret Level for $15 million. Last July, Sega announced"," that the game would be available on Xbox One, PlayStation 4, and PC for $15 million. (The company had also announced that a game on Xbox One would be available on both platforms, as well as PS4 and PC.) The game will be the first game in a series of exclusive titles from the title's studio, with the title's story tied to a secret location. The game will include a ""secret map"" that will ""provide a unique, powerful, and unique experience for",99,56,0.5656565656565656,7.2532356648207434,2.0346556800431047e-13,Watermarked,0.9999999999997965,82,0.5853658536585366,0.8641975308641975,0.41463414634146345,1.906080754995346,1.6180340051651,2.4251527786254883,8.145376905088485,8.145376905088485,1.890511549063289e-16,True,0.9999999999999998,,,0.31219559997885216,0.25507486367598176,0.94,700.97,,
48,CA-KL,kl_adaptive,,3.0,"With its eye on Western next-gen gamers, the Japanese publisher pays $15 million for Secret Level. Sega Holdings of USA announced on Monday that it has purchased independent game studio Secret Level for $15 million. Last July, Sega announced"," that the game would be available on Xbox One, Xbox Series X and Playstation 5 as early as this fall, but it has yet to be announced for consoles.

Secret Level is based on Resident Evil 2, which Sega plans to release in the first half of this year. The most recent version of the game comes with a small cut-rate demo, which includes a head-to-head battle with Demon’s Blood and a boss fight that lets enemies sprint through the game’",99,56,0.5656565656565656,7.2532356648207434,2.0346556800431047e-13,Watermarked,0.9999999999997965,85,0.7529411764705882,0.9761904761904762,0.24705882352941178,,,,,,,,,0.43094713109300314,2.398318176269531,0.25612217683435695,0.2182566279993989,1.0,50265.0,,0.5
48,CA-KL + Weighted Detector,kl_adaptive,,3.0,"With its eye on Western next-gen gamers, the Japanese publisher pays $15 million for Secret Level. Sega Holdings of USA announced on Monday that it has purchased independent game studio Secret Level for $15 million. Last July, Sega announced"," that the game would be available on Xbox One, Xbox Series X and Playstation 5 as early as this fall, but it has yet to be announced for consoles.

Secret Level is based on Resident Evil 2, which Sega plans to release in the first half of this year. The most recent version of the game comes with a small cut-rate demo, which includes a head-to-head battle with Demon’s Blood and a boss fight that lets enemies sprint through the game’",99,56,0.5656565656565656,7.2532356648207434,2.0346556800431047e-13,Watermarked,0.9999999999997965,85,0.7529411764705882,0.9761904761904762,0.24705882352941178,,,,8.815541905555625,8.815541905555625,5.955376976609598e-19,True,1.0,0.43094713109300314,2.398318176269531,0.2561222260840369,0.21825661808848962,1.0,50265.0,,0.5
48,CA-KL + Candidate Greenlist,kl_adaptive,,3.0,"With its eye on Western next-gen gamers, the Japanese publisher pays $15 million for Secret Level. Sega Holdings of USA announced on Monday that it has purchased independent game studio Secret Level for $15 million. Last July, Sega announced"," that the game would be available for free for its on-going second chapter. The purchase price for Secret Level marks the first in a two-year long partnership with Sega. The purchase price marked a significant price drop in its on-going second chapter.

Secret Level’s price drop in the US comes after a recent release in Japan that saw several recent Nintendo games on sale for $15.77, the lowest price of the year. The company has not confirmed if the sale may",99,60,0.6060606060606061,8.181649829917799,1.3999184135288104e-16,Watermarked,0.9999999999999999,86,0.6046511627906976,0.8941176470588236,0.39534883720930236,,,,9.541744194240007,9.541744194240007,7.022497404962923e-22,True,1.0,0.4541083439750821,2.336136474609375,0.2967402693149377,0.2846496590971947,0.91,540.27,0.95,0.5
48,CA-KL + Candidate Greenlist + Weighted/WinMax,kl_adaptive,,3.0,"With its eye on Western next-gen gamers, the Japanese publisher pays $15 million for Secret Level. Sega Holdings of USA announced on Monday that it has purchased independent game studio Secret Level for $15 million. Last July, Sega announced"," that the game would be available for free for its on-going second chapter. The purchase price for Secret Level marks the first in a two-year long partnership with Sega. The purchase price marked a significant price drop in its on-going second chapter.

Secret Level’s price drop in the US comes after a recent release in Japan that saw several recent Nintendo games on sale for $15.77, the lowest price of the year. The company has not confirmed if the sale may",99,60,0.6060606060606061,8.181649829917799,1.3999184135288104e-16,Watermarked,0.9999999999999999,86,0.6046511627906976,0.8941176470588236,0.39534883720930236,,,,9.541744194240007,9.541744194240007,7.022497404962923e-22,True,1.0,0.44777322337610137,2.06643310546875,0.2967402693149377,0.2846496590971947,0.91,540.27,0.95,0.5
49,No Watermark,,,,"Tulsa race riot survivor: ""Learn how to forgive, but never forget"" SAN FRANCISCO, California (CNN) -- A 100-inch, high definition screen projects an intense college basketball game. Massage therapists rub the nervous"," system of the participants in the race riot that occurred on February 1.

In the moment, the participants' nerves become suffused with adrenaline and they become numb.

The students watch as the rioters fire projectiles at police.

""They're aroused. They're scared,"" said A.’sia-Brahmana, a fitness instructor who works with the students in the race riot.

""They're emotional. They're nervous. They're scared.""",99,23,0.23232323232323232,-0.4061811972299616,0.6576952657166102,Human/Unwatermarked,0.0,63,0.6825396825396826,0.9032258064516129,0.31746031746031744,,,,-0.42730997566818996,1.528802929241349,0.6654232160706401,False,0.0,,,0.35140028994848677,0.25188728179782627,0.94,1080.91,,
49,Fixed Delta 1.0,1.0,,,"Tulsa race riot survivor: ""Learn how to forgive, but never forget"" SAN FRANCISCO, California (CNN) -- A 100-inch, high definition screen projects an intense college basketball game. Massage therapists rub the nervous"," system's delicate skin with oils and pastels.

It's a game of blackjack. The prize is a $50,000 jackpot. The blackjack blackjack is big, bigger than the jackpot for the real game.

But the race between the best blackjack players in America’s capital city and the best blackjack players in Washington state continues with a twist.

The race has been a wild ride. The race has drawn accolades, court challenges",99,38,0.3838383838383838,3.075371921883995,0.0010512010198350896,Human/Unwatermarked,0.0,71,0.6338028169014085,0.9,0.3661971830985915,1.0,1.0,1.0,4.110796012586177,4.110796012586177,1.9714871593101235e-05,True,0.9999802851284069,,,0.3223895885751421,0.3070578520465642,0.87,1094.44,,
49,Fixed Delta 2.0,2.0,,,"Tulsa race riot survivor: ""Learn how to forgive, but never forget"" SAN FRANCISCO, California (CNN) -- A 100-inch, high definition screen projects an intense college basketball game. Massage therapists rub the nervous"," muscles of the larynx to numb the pain on the neck. The muscles relax. The muscles relax. The muscles relax. The muscles relax. The muscles relax. Back pain is gone. The pain is gone. The pain is gone.

""It's a bit of a shock because it's a life saver,"" said Joshua A. Smith, a student at Texas A&M in Houston. Smith, 25, said he and his friends had been watching the game on TV for",99,71,0.7171717171717171,10.7347887839347,3.49392904769601e-27,Watermarked,1.0,76,0.5263157894736842,0.7466666666666667,0.4736842105263158,2.0,2.0,2.0,9.798693202874762,9.798693202874762,5.702578430372797e-23,True,1.0,,,0.29575633661074796,0.38120590067002924,0.84,738.03,,
49,Fixed Delta 3.0,3.0,,,"Tulsa race riot survivor: ""Learn how to forgive, but never forget"" SAN FRANCISCO, California (CNN) -- A 100-inch, high definition screen projects an intense college basketball game. Massage therapists rub the nervous"," muscles and the skin in an attempt to help relieve the tension, whether you are a black woman, a white man, or a woman of Asian descent. The pain is excruciating, because it realigned beneath the surface in an eerie, dystopian environment, where the boundaries could be erased. It is one of the first times since the pandemic struck in the state of Oklahoma that a woman makes a documentary on herself. She has lived through trauma, depression, and suicide for more than a decade, and",99,78,0.7878787878787878,12.359513572854546,2.1638374768437998e-35,Watermarked,1.0,86,0.7325581395348837,0.9764705882352941,0.2674418604651163,3.0,3.0,3.0,12.790836577995856,12.790836577995856,9.223865779681183e-38,True,1.0,,,0.32192149734487757,0.2632201778469607,0.91,844.39,,
49,Current Adaptive Delta,adaptive,0.5,3.0,"Tulsa race riot survivor: ""Learn how to forgive, but never forget"" SAN FRANCISCO, California (CNN) -- A 100-inch, high definition screen projects an intense college basketball game. Massage therapists rub the nervous"," muscles of the larynx to numb the pain on the neck. The muscles relax. The muscles relax. The muscles relax. The muscles relax.

April 25, 2017 — In real time, the NBA will come out with a new website that will provide a comprehensive list of all NBA events in the United States and the NBA League. The website will include a total of 20 events in eight sports. The league is looking for a ""nice"" site for its new website. The league is",99,69,0.696969696969697,10.270581701386172,4.781315307935896e-25,Watermarked,1.0,83,0.5421686746987951,0.8414634146341463,0.45783132530120485,1.9777609431743621,1.6180340051651,2.587193250656128,9.80875352060889,9.80875352060889,5.161793022364047e-23,True,1.0,,,0.3429320337946381,0.3188967441022396,0.92,936.64,,
49,CA-KL,kl_adaptive,,3.0,"Tulsa race riot survivor: ""Learn how to forgive, but never forget"" SAN FRANCISCO, California (CNN) -- A 100-inch, high definition screen projects an intense college basketball game. Massage therapists rub the nervous"," muscles of the larynx to numb the pain on the neck. The muscles relax. The muscles relax. The muscles relax. The muscles relax. The muscles relax. Back pain is gone. The pain is gone. The pain is gone.

""It's a bit of a shock because it's a life saver,"" said Joshua A. Smith, a student at Texas A&M in Houston. Smith, 25, said he and a friend are well-equipped to deal with this",99,71,0.7171717171717171,10.7347887839347,3.49392904769601e-27,Watermarked,1.0,75,0.52,0.7432432432432432,0.48,,,,,,,,,0.3951312782636933,2.4453382873535157,0.289113008747138,0.33367635737413365,1.0,50265.0,,0.5
49,CA-KL + Weighted Detector,kl_adaptive,,3.0,"Tulsa race riot survivor: ""Learn how to forgive, but never forget"" SAN FRANCISCO, California (CNN) -- A 100-inch, high definition screen projects an intense college basketball game. Massage therapists rub the nervous"," muscles of the larynx to numb the pain on the neck. The muscles relax. The muscles relax. The muscles relax. The muscles relax. The muscles relax. Back pain is gone. The pain is gone. The pain is gone.

""It's a bit of a shock because it's a life saver,"" said Joshua A. Smith, a student at Texas A&M in Houston. Smith, 25, said he and a friend are well-equipped to deal with this",99,71,0.7171717171717171,10.7347887839347,3.49392904769601e-27,Watermarked,1.0,75,0.52,0.7432432432432432,0.48,,,,10.678965330461114,10.678965330461114,6.3843413719909175e-27,True,1.0,0.3951312782636933,2.4453382873535157,0.28911296668860226,0.33367641314842333,1.0,50265.0,,0.5
49,CA-KL + Candidate Greenlist,kl_adaptive,,3.0,"Tulsa race riot survivor: ""Learn how to forgive, but never forget"" SAN FRANCISCO, California (CNN) -- A 100-inch, high definition screen projects an intense college basketball game. Massage therapists rub the nervous"," muscles of the larynx to numb the pain on the neck. The basketball game ends at an ""authorized"" residential school, and a student's mother unspooled the mustard, which her daughter is wearing, according to school officials.

""It's a bit of a shock because this is our life and it's a bad thing that it happened to us,” said Jessica Milner-Fonseca, a 23-year-old from Tulsa, Oklahoma, who",99,59,0.5959595959595959,7.949546288643535,9.359791413521555e-16,Watermarked,0.9999999999999991,69,0.782608695652174,0.9852941176470589,0.21739130434782605,,,,10.898168394303978,10.898168394303978,5.880035527802719e-28,True,1.0,0.43843041517399106,2.363916778564453,0.32835683301039303,0.30699593648314477,0.85,957.59,0.95,0.5
49,CA-KL + Candidate Greenlist + Weighted/WinMax,kl_adaptive,,3.0,"Tulsa race riot survivor: ""Learn how to forgive, but never forget"" SAN FRANCISCO, California (CNN) -- A 100-inch, high definition screen projects an intense college basketball game. Massage therapists rub the nervous"," muscles of the larynx to numb the pain on the neck. The basketball game ends at an ""authorized"" residential school, and a student's mother unspooled the mustard, which her daughter is wearing, according to school officials.

""It's a bit of a shock because this is our life and it's a bad thing that it happened to us,"" said 16-year-old Sophia Smith, of Wyoming. ""It was a bad situation, we had to bury it",99,58,0.5858585858585859,7.717442747369271,5.934340569241363e-15,Watermarked,0.9999999999999941,75,0.7333333333333333,0.972972972972973,0.2666666666666667,,,,10.776192489107169,10.776192489107169,2.229827089072214e-27,True,1.0,0.4437268093998106,2.118513336181641,0.3349093255737848,0.2919641340011731,0.92,928.3,0.95,0.5
50,No Watermark,,,,"Two recently published reports shed damning light on the high cost of low wages in the fast food industry – an industry dominated by the restaurant giant McDonald’s, which raked-in over $5.4 billion in profits last year. The"," report highlighted how McDonald’s has put its cash reserves, and profits, on hold, while the industry grapples with the economic fallout from the coronavirus pandemic.
McDonald’s is currently facing a $15 minimum wage increase, which has led to a 40% drop in profits’ revenue.
“We are very concerned about the health and safety of our employees and the safety of our customers,” a spokesperson for the fast food chain told Business Insider",99,22,0.2222222222222222,-0.6382847385042254,0.73835582764413,Human/Unwatermarked,0.0,74,0.7837837837837838,0.958904109589041,0.21621621621621623,,,,0.07405659650899363,2.3581525459995683,0.4704826756739364,False,0.0,,,0.24729377768581326,0.3800997222797014,0.77,413.51,,
50,Fixed Delta 1.0,1.0,,,"Two recently published reports shed damning light on the high cost of low wages in the fast food industry – an industry dominated by the restaurant giant McDonald’s, which raked-in over $5.4 billion in profits last year. The"," New York Times reported that the restaurant chain was costing $1,500 per employee a month, while the largest company, McDonald’s, was costing $1,500 per employee a month.

This is according to a report from the New York Times that revealed that the top tier of the restaurant’s chain is costing $1,500 per employee a month for its fast food restaurant. The Times stressed that the premium “costs for well-paid employees are not material",99,47,0.47474747474747475,5.164303793352369,1.2066773532761895e-07,Watermarked,0.9999998793322646,79,0.5569620253164557,0.7692307692307693,0.44303797468354433,1.0,1.0,1.0,5.711996174259288,5.711996174259288,5.5829299569068045e-09,True,0.99999999441707,,,0.28244343173050646,0.35390494777821,0.78,570.08,,
50,Fixed Delta 2.0,2.0,,,"Two recently published reports shed damning light on the high cost of low wages in the fast food industry – an industry dominated by the restaurant giant McDonald’s, which raked-in over $5.4 billion in profits last year. The"," New York Times reported that the restaurant chain was costing a total of $12 per employee for its fast food workers.

Wise man, the Times reported that the restaurant chain was “carrying out a legal fight to end a rule prohibiting it from doing so.” It said that the restaurant’s decision to make the rule – which bans a small number of fast food workers from working at uncooked chicken restaurants – “will help employees avoid not only paying the minimum wage",99,62,0.6262626262626263,8.645856912466327,2.6701500224408945e-18,Watermarked,1.0,81,0.7037037037037037,0.875,0.2962962962962963,2.0,2.0,2.0,10.781489640596432,10.781489640596432,2.1050591515451255e-27,True,1.0,,,0.310655474507656,0.32323500585742293,0.84,797.33,,
50,Fixed Delta 3.0,3.0,,,"Two recently published reports shed damning light on the high cost of low wages in the fast food industry – an industry dominated by the restaurant giant McDonald’s, which raked-in over $5.4 billion in profits last year. The"," New York Times reported that the restaurant-to-restaurant ratio for restaurants was 2:1 – an average value between restaurants and a restaurant’s roughly $500,000 annual gross revenue. The New York Times reported that a restaurant’s ratio for burgers was 2:1 – an average value between restaurants and a restaurant’s roughly $500,000 annual gross revenue. The New York Times reported that a restaurant’s ratio for burgers was 2:1 – an",99,71,0.7171717171717171,10.7347887839347,3.49392904769601e-27,Watermarked,1.0,76,0.3684210526315789,0.4666666666666667,0.631578947368421,3.0,3.0,3.0,9.775440626924452,9.775440626924452,7.176570293526997e-23,True,1.0,,,0.17544821131068442,0.6293652079254389,0.48,280.46,,
50,Current Adaptive Delta,adaptive,0.5,3.0,"Two recently published reports shed damning light on the high cost of low wages in the fast food industry – an industry dominated by the restaurant giant McDonald’s, which raked-in over $5.4 billion in profits last year. The"," New York Times reported that the restaurant chain was costing a total of $12.5 million a year (not including food service) and a total of $15 million a year (not including food service). McDonald’s even recorded a $3.5 million profit.

“The company has’re been losing money,” said Jeff McDonald, head of McDonald’s International. “The company has taken huge steps to make sure it’s not being",99,59,0.5959595959595959,7.949546288643535,9.359791413521555e-16,Watermarked,0.9999999999999991,71,0.6619718309859155,0.8285714285714286,0.3380281690140845,1.88242280960083,1.6180340051651,2.532517910003662,10.287172023897071,10.287172023897071,4.0253061655169006e-25,True,1.0,,,0.2684671848801264,0.4125718335621059,0.72,519.02,,
50,CA-KL,kl_adaptive,,3.0,"Two recently published reports shed damning light on the high cost of low wages in the fast food industry – an industry dominated by the restaurant giant McDonald’s, which raked-in over $5.4 billion in profits last year. The"," New York Times reported that the restaurant chain was costing a total of $12 per employee for its fast food workers.

Wise man, the Times reported that the restaurant chain was “carrying out a legal fight to end a rule prohibiting it from doing so.” It said that the restaurant’s decision to make the rule – which bans a small number of fast food workers from working at uncooked chicken restaurants – “will help employees avoid not only paying the minimum wage",99,62,0.6262626262626263,8.645856912466327,2.6701500224408945e-18,Watermarked,1.0,81,0.7037037037037037,0.875,0.2962962962962963,,,,,,,,,0.44017467290060414,2.3842451477050783,0.31065543030128373,0.22645034728715474,1.0,50265.0,,0.5
50,CA-KL + Weighted Detector,kl_adaptive,,3.0,"Two recently published reports shed damning light on the high cost of low wages in the fast food industry – an industry dominated by the restaurant giant McDonald’s, which raked-in over $5.4 billion in profits last year. The"," New York Times reported that the restaurant chain was costing a total of $12 per employee for its fast food workers.

Wise man, the Times reported that the restaurant chain was “carrying out a legal fight to end a rule prohibiting it from doing so.” It said that the restaurant’s decision to make the rule – which bans a small number of fast food workers from working at uncooked chicken restaurants – “will help employees avoid not only paying the minimum wage",99,62,0.6262626262626263,8.645856912466327,2.6701500224408945e-18,Watermarked,1.0,81,0.7037037037037037,0.875,0.2962962962962963,,,,10.875506640818841,10.875506640818841,7.540778886425293e-28,True,1.0,0.44017467290060414,2.3842451477050783,0.310655474507656,0.22645037412260535,1.0,50265.0,,0.5
50,CA-KL + Candidate Greenlist,kl_adaptive,,3.0,"Two recently published reports shed damning light on the high cost of low wages in the fast food industry – an industry dominated by the restaurant giant McDonald’s, which raked-in over $5.4 billion in profits last year. The"," New York Times reported that the restaurant chain was costing a staggering $10.2 billion annually, creating a shortfall of almost $3 million a year in profit.

Over at Forbes, Steve St. Louis is revealing what he describes as the “hidden” costs of low-paying jobs in America’s fast-food industry, which have grown in his home state of Louisiana. The New York Times noted the growing “financial problems,” which St. Louis said were",99,60,0.6060606060606061,8.181649829917799,1.3999184135288104e-16,Watermarked,0.9999999999999999,75,0.8,0.9594594594594594,0.19999999999999996,,,,10.893923247518934,10.893923247518934,6.1607678423364045e-28,True,1.0,0.41616153487303725,2.4240110778808592,0.2679441164099786,0.334405062366277,0.76,522.56,0.95,0.5
50,CA-KL + Candidate Greenlist + Weighted/WinMax,kl_adaptive,,3.0,"Two recently published reports shed damning light on the high cost of low wages in the fast food industry – an industry dominated by the restaurant giant McDonald’s, which raked-in over $5.4 billion in profits last year. The"," New York Times reported that the restaurant chain was costing a staggering $10.2 billion annually, creating a shortfall of almost $3 billion a year in profit.

Over at Forbes, Steve St. Louis is revealing what he describes as the “hidden” costs of low pay at his company. He reports that the restaurant chain is costing a staggering $10.2 billion annually, creating a shortfall of almost $3 billion a year in profit. For well-paid workers, the restaurant",99,59,0.5959595959595959,7.949546288643535,9.359791413521555e-16,Watermarked,0.9999999999999991,79,0.5949367088607594,0.7307692307692307,0.40506329113924056,,,,9.605209766137104,9.605209766137104,3.8001507402945065e-22,True,1.0,0.33213207394878747,1.5842816162109374,0.2356981083897096,0.41281735287979243,0.69,446.09,0.95,0.5
51,No Watermark,,,,"When Cait and I found out how easy it is to make ravioli–and with such completely impressive and delicious results!–we just had to share this fabulous harvest recipe with you. This dish is a poem to autumn, filled with sweet",", sweet, savoury flavors and a delicious twist on our favorite Brazilian ravioli, featuring a sweet and savoury and tangy tangy/spicy combination of both. It’s perfect for a summertime picnic, dinner party, or a special occasion! It comes in a variety of flavors and textures with a hint of spice!

What a great recipe! I used a mixture of sweet and savory ravioli, and sweet and savoury peppers for",99,11,0.1111111111111111,-3.191423692521127,0.9992921324889547,Human/Unwatermarked,0.0,70,0.6285714285714286,0.9420289855072463,0.37142857142857144,,,,-2.142566206035767,0.46835156345496715,0.9839260264162746,False,0.0,,,0.32910909492261087,0.34738056250847876,0.79,886.86,,
51,Fixed Delta 1.0,1.0,,,"When Cait and I found out how easy it is to make ravioli–and with such completely impressive and delicious results!–we just had to share this fabulous harvest recipe with you. This dish is a poem to autumn, filled with sweet",", sweet, savoury goodness and a delicious twist on our usual Brazilian tradition of making ravioli.

(Wise words, dear readers. I am simply trying to make them as simple as possible.)

Ravioli is the traditional way of making ravioli, especially for a summertime dip with some spicy, crunchy, and spicy potatoes. You can also make it with fresh sweet corn or any kind of vegetable, and it’s easy to make",99,42,0.42424242424242425,4.003786086981051,3.1168367625803447e-05,Watermarked,0.9999688316323742,70,0.7714285714285715,0.9565217391304348,0.22857142857142854,1.0,1.0,1.0,4.983470323637033,5.131728192326258,3.1226948059711285e-07,True,0.9999996877305194,,,0.3275380566173135,0.36594049477949736,0.8,813.36,,
51,Fixed Delta 2.0,2.0,,,"When Cait and I found out how easy it is to make ravioli–and with such completely impressive and delicious results!–we just had to share this fabulous harvest recipe with you. This dish is a poem to autumn, filled with sweet",", bright greens and a detritus of summer, turning out to be a refreshing holiday treat. (We had also eaten it and enjoyed its deliciousness.)

I’ve had this dish called “Cait and I” at the bar on Fifth and Main, which has been serving me ever since it was introduced in August – it’s so delicious with all of the wonderful ingredients, the fluffy texture, the sweet taste, and the lovely, creamy texture of this",99,62,0.6262626262626263,8.645856912466327,2.6701500224408945e-18,Watermarked,1.0,75,0.7733333333333333,1.0,0.22666666666666668,2.0,2.0,2.0,9.6074702979877,9.6074702979877,3.7176614343579356e-22,True,1.0,,,0.33913940849115404,0.2853258979227394,0.9,874.21,,
51,Fixed Delta 3.0,3.0,,,"When Cait and I found out how easy it is to make ravioli–and with such completely impressive and delicious results!–we just had to share this fabulous harvest recipe with you. This dish is a poem to autumn, filled with sweet"," corn and fresh fruit to pour out this fall!

Preheat oven to 400f. Line two sides of the pan with parchment paper, set aside. Line the top of the pan with parchment paper and set aside. Line the sides of the pan with parchment paper and set aside, set aside, set aside, set aside, set aside, set aside, set aside, set aside, set aside, set aside, set aside, set aside, set aside, set aside, set aside,",99,67,0.6767676767676768,9.806374618837644,5.2848962805356706e-23,Watermarked,1.0,76,0.3157894736842105,0.41333333333333333,0.6842105263157895,3.0,3.0,3.0,8.946090511403883,8.946090511403883,1.841475503877102e-19,True,1.0,,,0.15108470900578588,0.5785157146956772,0.49,195.72,,
51,Current Adaptive Delta,adaptive,0.5,3.0,"When Cait and I found out how easy it is to make ravioli–and with such completely impressive and delicious results!–we just had to share this fabulous harvest recipe with you. This dish is a poem to autumn, filled with sweet",", bright greens and a detritus of summer, turning out to be a good holiday treat. (We had also eaten it and enjoyed its deliciousness.)

I’ve been reading about your experience in cooking at Glamour dinner parties, and it sounds like you’ve had a lot of fun with it. I love to hear your thoughts, especially when you are in such a good place, because it’s so inspiring!

So, I’",99,61,0.6161616161616161,8.413753371192062,1.9854759384111046e-17,Watermarked,1.0,72,0.7361111111111112,0.9859154929577465,0.26388888888888884,1.929240928888321,1.6180340051651,2.4187498092651367,9.000088489836164,9.000088489836164,1.1276791126084007e-19,True,1.0,,,0.3109989072002538,0.2925258325971663,0.87,590.4,,
51,CA-KL,kl_adaptive,,3.0,"When Cait and I found out how easy it is to make ravioli–and with such completely impressive and delicious results!–we just had to share this fabulous harvest recipe with you. This dish is a poem to autumn, filled with sweet",", bright greens and a detrivingly delicious roll of red and yellow peppers. The roomy, creamy rolls also include a tasty, fresh-baked pickle. If you’re looking for more delicious ways of making riviendas, try this delicious vin, which has a really tasty, grapefruit-y texture. If you’re looking for more savory risotto or delicious sweet cheddar ravioli, try this delicious roll (with a side of",99,61,0.6161616161616161,8.413753371192062,1.9854759384111046e-17,Watermarked,1.0,67,0.7014925373134329,0.8787878787878788,0.29850746268656714,,,,,,,,,0.44970411583516523,2.338286590576172,0.34808604516248415,0.23834290198821692,1.0,50265.0,,0.5
51,CA-KL + Weighted Detector,kl_adaptive,,3.0,"When Cait and I found out how easy it is to make ravioli–and with such completely impressive and delicious results!–we just had to share this fabulous harvest recipe with you. This dish is a poem to autumn, filled with sweet",", bright greens and a detrivingly delicious roll of red and yellow peppers. The roomy, creamy rolls also include a tasty, fresh-baked pickle. If you’re looking for more delicious ways of making riviendas, try this delicious vin, which has a really tasty, grapefruit-y texture. If you’re looking for more savory risotto or delicious sweet cheddar ravioli, try this delicious roll (with a side of",99,61,0.6161616161616161,8.413753371192062,1.9854759384111046e-17,Watermarked,1.0,67,0.7014925373134329,0.8787878787878788,0.29850746268656714,,,,9.28533434297773,9.28533434297773,8.060013430998052e-21,True,1.0,0.44970411583516523,2.338286590576172,0.34808601872888884,0.2383428803125207,1.0,50265.0,,0.5
51,CA-KL + Candidate Greenlist,kl_adaptive,,3.0,"When Cait and I found out how easy it is to make ravioli–and with such completely impressive and delicious results!–we just had to share this fabulous harvest recipe with you. This dish is a poem to autumn, filled with sweet",", bright greens and a detrivingly delicious roll of red and yellow onions. Perfect for an Autumn evening with friends!",25,13,0.52,3.117691453623979,0.0009113675831956993,Human/Unwatermarked,0.0,19,0.9473684210526315,1.0,0.052631578947368474,,,,4.480697256799908,4.480697256799908,3.7199790991562857e-06,True,0.9999962800209008,0.49999095476151967,2.2048416137695312,0.3948293957343768,0.17420942751834026,1.0,1066.1538461538462,0.95,0.5
51,CA-KL + Candidate Greenlist + Weighted/WinMax,kl_adaptive,,3.0,"When Cait and I found out how easy it is to make ravioli–and with such completely impressive and delicious results!–we just had to share this fabulous harvest recipe with you. This dish is a poem to autumn, filled with sweet",", bright greens and a detrivingly delicious roll of red and yellow onions. Perfect for an Autumn evening with friends!",25,13,0.52,3.117691453623979,0.0009113675831956993,Human/Unwatermarked,0.0,19,0.9473684210526315,1.0,0.052631578947368474,,,,4.480697256799908,4.480697256799908,3.7199790991562857e-06,True,0.9999962800209008,0.49999095476151967,2.2048416137695312,0.3948293957343768,0.17420942751834026,1.0,1066.1538461538462,0.95,0.5
52,No Watermark,,,,"Every morning on The Style Blog, we celebrate the best footwear weve come across. Now, for your benefit, its all in one place. Every morning on The Style Blog, we celebrate the best footwear we've come across. Now, for"," your benefit, its all in one place.",9,2,0.2222222222222222,-0.19245008972987526,0.5763051701566428,Human/Unwatermarked,0.0,7,1.0,1.0,0.0,,,,-0.29860780144893095,0.0,0.617380343899169,False,0.0,,,0.054599904194094835,0.6805609511211514,0.1,34.4,,
52,Fixed Delta 1.0,1.0,,,"Every morning on The Style Blog, we celebrate the best footwear weve come across. Now, for your benefit, its all in one place. Every morning on The Style Blog, we celebrate the best footwear we've come across. Now, for"," your benefit, its all in one place.",9,2,0.2222222222222222,-0.19245008972987526,0.5763051701566428,Human/Unwatermarked,0.0,7,1.0,1.0,0.0,1.0,1.0,1.0,-0.29860780144893095,0.0,0.617380343899169,False,0.0,,,0.054599904194094835,0.6805609511211514,0.1,34.4,,
52,Fixed Delta 2.0,2.0,,,"Every morning on The Style Blog, we celebrate the best footwear weve come across. Now, for your benefit, its all in one place. Every morning on The Style Blog, we celebrate the best footwear we've come across. Now, for"," your benefit, its all in one place.",9,2,0.2222222222222222,-0.19245008972987526,0.5763051701566428,Human/Unwatermarked,0.0,7,1.0,1.0,0.0,2.0,2.0,2.0,-0.29860780144893095,0.0,0.617380343899169,False,0.0,,,0.054599904194094835,0.6805609511211514,0.1,34.4,,
52,Fixed Delta 3.0,3.0,,,"Every morning on The Style Blog, we celebrate the best footwear weve come across. Now, for your benefit, its all in one place. Every morning on The Style Blog, we celebrate the best footwear we've come across. Now, for"," your benefit, its all in one place. Click on any image to read more on The Style Blog. Enjoy your comments on every post here",28,19,0.6785714285714286,5.237229365663818,8.150253438276673e-08,Watermarked,0.9999999184974656,25,0.88,1.0,0.12,3.0,3.0,3.0,7.468429266904404,7.468429266904404,4.057886043565416e-14,True,0.9999999999999594,,,0.1798871581694717,0.41380164971382455,0.6206896551724138,185.31034482758622,,
52,Current Adaptive Delta,adaptive,0.5,3.0,"Every morning on The Style Blog, we celebrate the best footwear weve come across. Now, for your benefit, its all in one place. Every morning on The Style Blog, we celebrate the best footwear we've come across. Now, for"," your benefit, its all in one place.",9,2,0.2222222222222222,-0.19245008972987526,0.5763051701566428,Human/Unwatermarked,0.0,7,1.0,1.0,0.0,1.6429482340812682,1.6180340051651,1.8671762943267822,-0.29860780144893095,0.0,0.617380343899169,False,0.0,,,0.054599904194094835,0.6805609511211514,0.1,34.4,,
52,CA-KL,kl_adaptive,,3.0,"Every morning on The Style Blog, we celebrate the best footwear weve come across. Now, for your benefit, its all in one place. Every morning on The Style Blog, we celebrate the best footwear we've come across. Now, for"," your benefit, its all in one place.",9,2,0.2222222222222222,-0.19245008972987526,0.5763051701566428,Human/Unwatermarked,0.0,7,1.0,1.0,0.0,,,,,,,,,0.2013415448785284,2.9097061157226562,0.0545998935775107,0.19084735073556658,1.0,50265.0,,0.5
52,CA-KL + Weighted Detector,kl_adaptive,,3.0,"Every morning on The Style Blog, we celebrate the best footwear weve come across. Now, for your benefit, its all in one place. Every morning on The Style Blog, we celebrate the best footwear we've come across. Now, for"," your benefit, its all in one place.",9,2,0.2222222222222222,-0.19245008972987526,0.5763051701566428,Human/Unwatermarked,0.0,7,1.0,1.0,0.0,,,,-0.094085356290451,0.0,0.5374793236174885,False,0.0,0.2013415448785284,2.9097061157226562,0.054599904194094835,0.19084731644252315,1.0,50265.0,,0.5
52,CA-KL + Candidate Greenlist,kl_adaptive,,3.0,"Every morning on The Style Blog, we celebrate the best footwear weve come across. Now, for your benefit, its all in one place. Every morning on The Style Blog, we celebrate the best footwear we've come across. Now, for"," your benefit, its all in one place.",9,2,0.2222222222222222,-0.19245008972987526,0.5763051701566428,Human/Unwatermarked,0.0,7,1.0,1.0,0.0,,,,-0.29860780144893095,0.0,0.617380343899169,False,0.0,0.1635301898448125,2.9143020629882814,0.054599904194094835,0.6805609511211514,0.1,34.4,0.95,0.5
52,CA-KL + Candidate Greenlist + Weighted/WinMax,kl_adaptive,,3.0,"Every morning on The Style Blog, we celebrate the best footwear weve come across. Now, for your benefit, its all in one place. Every morning on The Style Blog, we celebrate the best footwear we've come across. Now, for"," your benefit, its all in one place.",9,2,0.2222222222222222,-0.19245008972987526,0.5763051701566428,Human/Unwatermarked,0.0,7,1.0,1.0,0.0,,,,-0.29860780144893095,0.0,0.617380343899169,False,0.0,0.04999905777339927,0.22436370849609374,0.054599904194094835,0.6805609511211514,0.1,34.4,0.95,0.5
53,No Watermark,,,,"It may not have been enough to bring out the skis, but Wood River Valley residents woke up with a shock Wednesday to see a snowstorm three days before the start of summer. Elizabeth Padian, a meteorologist with the National Weather Service"," in Boulder, Colorado, said the storm was causing a ""huge mountain of snow.""
""It was a complete disruption to the ski industry,"" Padian said. ""I was really surprised.""
Parking is limited at the ski area, but it is expected to be open throughout the day, especially on Friday when there will be snow.
""We don't want to rush with snow,"" Padian said. ""We have a lot of people parking in the parking lot. We have this",99,24,0.24242424242424243,-0.17407765595569785,0.5690977834754946,Human/Unwatermarked,0.0,76,0.6447368421052632,0.96,0.35526315789473684,,,,0.6801954087329287,2.2324290618832925,0.24819036954508022,False,0.0,,,0.2887121826177101,0.31103858433663845,0.83,457.19,,
53,Fixed Delta 1.0,1.0,,,"It may not have been enough to bring out the skis, but Wood River Valley residents woke up with a shock Wednesday to see a snowstorm three days before the start of summer. Elizabeth Padian, a meteorologist with the National Weather Service"," in Kansas City, Mo., told KUWTK that, as of Wednesday morning, snow had fallen on all residential streets. Snowfall totals were between 2 inches and 3 inches. The National Weather Service in Kansas City is still investigating.

""It's a pretty good feeling, because it's a lot of snow,"" Padian said. ""We don't want it to turn into a winter disaster.""

Though the snow has ended, Padian said residents are still waiting to get",99,46,0.46464646464646464,4.932200252078106,4.0654247701977057e-07,Watermarked,0.999999593457523,73,0.7945205479452054,0.9444444444444444,0.20547945205479456,1.0,1.0,1.0,6.064861957688695,6.695617211636256,6.603351675946956e-10,True,0.9999999993396649,,,0.2639583324189931,0.321243140604347,0.83,313.32,,
53,Fixed Delta 2.0,2.0,,,"It may not have been enough to bring out the skis, but Wood River Valley residents woke up with a shock Wednesday to see a snowstorm three days before the start of summer. Elizabeth Padian, a meteorologist with the National Weather Service",", said it would be possible that the snowstorm on Wednesday, July 28, was not due to large swells but rather due to a lack of rain.

""It was pretty real to us,"" Padian said. ""We had a lot of rain on Thursday. The most we had in two years is three days and it was pretty heavy.""

What happened

In fact, Padian said the snowstorm may have caused the skis to roll around and the snow may",99,55,0.5555555555555556,7.021132123546479,1.100388069780592e-12,Watermarked,0.9999999999988997,77,0.6623376623376623,0.9078947368421053,0.33766233766233766,2.0,2.0,2.0,8.700533511419154,8.700533511419154,1.6516374298697767e-18,True,1.0,,,0.2798409681109478,0.29948227771557867,0.83,392.55,,
53,Fixed Delta 3.0,3.0,,,"It may not have been enough to bring out the skis, but Wood River Valley residents woke up with a shock Wednesday to see a snowstorm three days before the start of summer. Elizabeth Padian, a meteorologist with the National Weather Service",", said snowfall was set to drop in portions of the state. The storm was forecast to move eastward around 8-9 degrees before becoming severe, Padian said. She said many people should not expect to see snowfall this far south, which means dry weather.
""It could very well be warmer,"" she said. ""That's a good thing.""
The National Weather Service said several towns in northeastern Ohio, including Cleveland, are seeing some snow accumulation. The storm was expected to",99,74,0.7474747474747475,11.431099407757491,1.4619162413214889e-30,Watermarked,1.0,78,0.782051282051282,0.961038961038961,0.21794871794871795,3.0,3.0,3.0,11.819491525899583,11.819491525899583,1.5477621293975165e-32,True,1.0,,,0.28533921041850074,0.3051492659933865,0.85,380.45,,
53,Current Adaptive Delta,adaptive,0.5,3.0,"It may not have been enough to bring out the skis, but Wood River Valley residents woke up with a shock Wednesday to see a snowstorm three days before the start of summer. Elizabeth Padian, a meteorologist with the National Weather Service",", said it would be possible that the snowstorm on Wednesday, July 28, was not due to large swells but rather due to a lack of rain.

""It was pretty real to us,"" Padian said. ""We had a lot of rain on Thursday. We didn't have too much rain on Friday.""

The National Weather Service said it received a ""detail of snowfall"" that was not expected to occur until Tuesday. The storm was not expected to make it into",99,55,0.5555555555555556,7.021132123546479,1.100388069780592e-12,Watermarked,0.9999999999988997,78,0.6410256410256411,0.8961038961038961,0.3589743589743589,1.8725729131698607,1.6180340051651,2.3259997367858887,7.88588584546965,7.88588584546965,1.5615600652844925e-15,True,0.9999999999999984,,,0.27723093625140693,0.32179048731923104,0.83,340.06,,
53,CA-KL,kl_adaptive,,3.0,"It may not have been enough to bring out the skis, but Wood River Valley residents woke up with a shock Wednesday to see a snowstorm three days before the start of summer. Elizabeth Padian, a meteorologist with the National Weather Service",", said it would be possible that the snowstorm on Wednesday, July 28, was not due to large swells but rather due to a lack of rain in the area. She said many people hadn't seen their ski ramps on-time due to the high rain. She said many people are being asked to turn around and park in the snow, which means others will not be able to see where they need to turn around.
""It could be that the situation not available to snowblowers",99,66,0.6666666666666666,9.574271077563381,5.1289159954110675e-22,Watermarked,1.0,85,0.6705882352941176,0.8928571428571429,0.3294117647058824,,,,,,,,,0.44606931372579856,2.3790586853027342,0.2889582874731254,0.24919198854855495,1.0,50265.0,,0.5
53,CA-KL + Weighted Detector,kl_adaptive,,3.0,"It may not have been enough to bring out the skis, but Wood River Valley residents woke up with a shock Wednesday to see a snowstorm three days before the start of summer. Elizabeth Padian, a meteorologist with the National Weather Service",", said it would be possible that the snowstorm on Wednesday, July 28, was not due to large swells but rather due to a lack of rain in the area. She said many people hadn't seen their ski ramps on-time due to the high rain. She said many people are being asked to turn around and park in the snow, which means others will not be able to see where they need to turn around.
""It could be that the situation not available to snowblowers",99,66,0.6666666666666666,9.574271077563381,5.1289159954110675e-22,Watermarked,1.0,85,0.6705882352941176,0.8928571428571429,0.3294117647058824,,,,10.681558775477448,10.681558775477448,6.208447815660677e-27,True,1.0,0.44606931372579856,2.3790586853027342,0.2889582308800213,0.24919207447295777,1.0,50265.0,,0.5
53,CA-KL + Candidate Greenlist,kl_adaptive,,3.0,"It may not have been enough to bring out the skis, but Wood River Valley residents woke up with a shock Wednesday to see a snowstorm three days before the start of summer. Elizabeth Padian, a meteorologist with the National Weather Service",", said it would be possible to see up to 20 inches of rain possible by Saturday. The storm was expected to move southeastward and bring fresh rain to Illinois as it approached central Illinois. The strongest storm of the season was the Gatorade storm at the start of the weekend. It was one of the strongest storms in southeastern Iowa and the strongest so far, said Gary Robinson, meteorologist with NWS.

Though the snowfall wasn't a total disaster, Padian said the lack",99,65,0.6565656565656566,9.342167536289118,4.719090681074502e-21,Watermarked,1.0,82,0.6463414634146342,0.9506172839506173,0.35365853658536583,,,,11.568575685942843,11.568575685942843,2.9730782180754635e-31,True,1.0,0.4385218795770157,2.3588795471191406,0.28981464275368046,0.3063026610761881,0.86,554.67,0.95,0.5
53,CA-KL + Candidate Greenlist + Weighted/WinMax,kl_adaptive,,3.0,"It may not have been enough to bring out the skis, but Wood River Valley residents woke up with a shock Wednesday to see a snowstorm three days before the start of summer. Elizabeth Padian, a meteorologist with the National Weather Service",", said it would be possible to see up to 20 inches of snow later Wednesday as a result of the severe weather, which started with a thunderstorm in eastern Iowa and ended up hitting rural Michigan and southwestern Illinois.
""It was a pretty scary one,"" Padian said. ""It was very, very intense. I went to school with these kids, and we had to evacuate all of our buildings. I went to the local grocery store. I went to the local Walmart. I went to",99,58,0.5858585858585859,7.717442747369271,5.934340569241363e-15,Watermarked,0.9999999999999941,84,0.6666666666666666,0.8795180722891566,0.33333333333333337,,,,9.772683396207805,9.772683396207805,7.374642423936732e-23,True,1.0,0.4244943458668884,2.0293931579589843,0.2774414378077806,0.31245618252083657,0.88,301.29,0.95,0.5
54,No Watermark,,,,"LOS ANGELES – A lawsuit filed Wednesday against ABC (search) and ""American Idol"" judge Simon Cowell (search) alleges they conspired to steal the brand and concept of ""Million Dollar Idea,"" a series airing in syndication.","

The lawsuit was filed in Los Angeles Superior Court by Los Angeles attorney Sean McFarland. It names Cowell, who has been accused of sexual misconduct with women, and his former partner, Heidi Klum, for allegedly trying to steal the show's trademark.

McFarland said in the complaint that there were three ""outright and credible"" allegations of sexual misconduct with Klum in 2002.

He said McClain and Klum ""harassed, threatened, and sexually",99,19,0.1919191919191919,-1.3345953623270168,0.9089955916386168,Human/Unwatermarked,0.0,70,0.7571428571428571,0.9420289855072463,0.24285714285714288,,,,-1.0434852280268527,1.7880334360971928,0.8516381905694226,False,0.0,,,0.2707772498613083,0.32119887178763745,0.82,527.87,,
54,Fixed Delta 1.0,1.0,,,"LOS ANGELES – A lawsuit filed Wednesday against ABC (search) and ""American Idol"" judge Simon Cowell (search) alleges they conspired to steal the brand and concept of ""Million Dollar Idea,"" a series airing in syndication.","

The lawsuit was filed in Los Angeles federal court by Los Angeles attorney David McKeown, who said ABC had unlawfully restricted and defamed the show in its most recent season. The lawsuit alleges that the network, which had been a partner on ""Million Dollar Idea"" since it aired in 2002, ""consisted of three people with no knowledge of the reality of the show"" and ""only one thought of the show.""

The lawsuit, filed jointly by McKeown and Omar",99,40,0.40404040404040403,3.5395790044325226,0.00020038289685673868,Human/Unwatermarked,0.0,78,0.6923076923076923,0.9090909090909091,0.3076923076923077,1.0,1.0,1.0,3.9035304335728163,4.124228482440081,4.7399811696828307e-05,False,0.0,,,0.28705991629255284,0.30796914322767405,0.84,583.78,,
54,Fixed Delta 2.0,2.0,,,"LOS ANGELES – A lawsuit filed Wednesday against ABC (search) and ""American Idol"" judge Simon Cowell (search) alleges they conspired to steal the brand and concept of ""Million Dollar Idea,"" a series airing in syndication.","

The lawsuit, seeking damages for more than $50,000, alleges Cowell and the ""America Idol"" judge ""used a scheme to hide the source and the publication of the real source behind the show, which had been acquired by the syndicated NBC outlet.""

The complaint accuses Cowell of having improper access to the show, which included, among others, a ""convenient"" radio show, which the judge said contained ""a lot of false and misleading information.""

",99,68,0.6868686868686869,10.038478160111909,5.162741433689114e-24,Watermarked,1.0,73,0.684931506849315,0.9444444444444444,0.31506849315068497,2.0,2.0,2.0,11.285183234398186,11.285183234398186,7.765879590800244e-30,True,1.0,,,0.3076151013527243,0.31644774504937234,0.83,883.52,,
54,Fixed Delta 3.0,3.0,,,"LOS ANGELES – A lawsuit filed Wednesday against ABC (search) and ""American Idol"" judge Simon Cowell (search) alleges they conspired to steal the brand and concept of ""Million Dollar Idea,"" a series airing in syndication."," The show is based on an original show, which on Sept. 2, 2011, won a ""Best Drama"" prize at the MTV Video Music Awards. Cowell and the show were called ""America Idol"" when it aired on Sept. 15, 2011, and it features a live, back-to-back episode of the show, which in its final episode has ended up on ""America Idol"" at 8 p.m. ET Sunday. The show is available on all modern televisions,",99,75,0.7575757575757576,11.663202949031755,9.825423209116168e-32,Watermarked,1.0,76,0.6842105263157895,0.9066666666666666,0.3157894736842105,3.0,3.0,3.0,13.204268915525521,13.204268915525521,4.145032848957069e-40,True,1.0,,,0.274953369952171,0.3072611370217055,0.8,484.52,,
54,Current Adaptive Delta,adaptive,0.5,3.0,"LOS ANGELES – A lawsuit filed Wednesday against ABC (search) and ""American Idol"" judge Simon Cowell (search) alleges they conspired to steal the brand and concept of ""Million Dollar Idea,"" a series airing in syndication.","

The lawsuit, seeking damages and a court injunction that would allow X-Files creator Simon Cowell to continue to make episodes of the show, claims that the show, which was broadcast in U.S. television since the 1980s, was not licensed to Fox.

""American Idol"" is a pop musical series with a focus on the fame, popularity, and fortune of the show's singers. The series is based on a book about pop singer Katy Perry, and the show is",99,62,0.6262626262626263,8.645856912466327,2.6701500224408945e-18,Watermarked,1.0,79,0.6962025316455697,0.9615384615384616,0.30379746835443033,1.9189855635166169,1.6180340051651,2.4473085403442383,9.264680532177758,9.264680532177758,9.783108745082164e-21,True,1.0,,,0.29931391819143377,0.327003577677533,0.84,646.62,,
54,CA-KL,kl_adaptive,,3.0,"LOS ANGELES – A lawsuit filed Wednesday against ABC (search) and ""American Idol"" judge Simon Cowell (search) alleges they conspired to steal the brand and concept of ""Million Dollar Idea,"" a series airing in syndication."," The show is based on an original show called ""Million Dollar Idea"" that was created by ""America Idol"" executive producer and reality TV star Nick Viall in 2010. The show, which airs Sept. 11, 2011 on ABC, has earned a fan following. The show has won numerous regional and local awards for its talent with some of the top celebrities including reality stars such as Nick Viall in his shows ""America Idol"" and ""America Idol"" and television personality and comedian Chris Rock as",99,75,0.7575757575757576,11.663202949031755,9.825423209116168e-32,Watermarked,1.0,83,0.7469879518072289,0.9146341463414634,0.2530120481927711,,,,,,,,,0.43371267157547805,2.3710601806640623,0.2865830313735628,0.2744860086461995,1.0,50265.0,,0.5
54,CA-KL + Weighted Detector,kl_adaptive,,3.0,"LOS ANGELES – A lawsuit filed Wednesday against ABC (search) and ""American Idol"" judge Simon Cowell (search) alleges they conspired to steal the brand and concept of ""Million Dollar Idea,"" a series airing in syndication."," The show is based on an original show called ""Million Dollar Idea"" that was created by ""America Idol"" executive producer and reality TV star Nick Viall in 2010. The show, which airs Sept. 11, 2011 on ABC, has earned a fan following. The show has won numerous regional and local awards for its talent with some of the top celebrities including reality stars such as Nick Viall in his shows ""America Idol"" and ""America Idol"" and television personality and comedian Chris Rock as",99,75,0.7575757575757576,11.663202949031755,9.825423209116168e-32,Watermarked,1.0,83,0.7469879518072289,0.9146341463414634,0.2530120481927711,,,,11.719755071759373,11.719755071759373,5.04817375528831e-32,True,1.0,0.43371267157547805,2.3710601806640623,0.2865829919820781,0.27448602275224404,1.0,50265.0,,0.5
54,CA-KL + Candidate Greenlist,kl_adaptive,,3.0,"LOS ANGELES – A lawsuit filed Wednesday against ABC (search) and ""American Idol"" judge Simon Cowell (search) alleges they conspired to steal the brand and concept of ""Million Dollar Idea,"" a series airing in syndication."," The show is based on an original show called ""Million Dollar Idea"" that was created by ""America Idol"" executive producer and reality TV star Nick Viall in 2010. The show, which airs Sept. 11 at 10 p.m. ET/PT on ABC, was prompted by ""American Idol""‘s success in the ratings, which have grown in recent years. The show is based on a ""America Idol"" episode titled “The Million Dollar Idea.”

",99,64,0.6464646464646465,9.110063995014853,4.116669580158606e-20,Watermarked,1.0,72,0.6944444444444444,0.8873239436619719,0.3055555555555556,,,,9.673018734454141,9.673018734454141,1.9631128707542317e-22,True,1.0,0.38824643935454956,2.476449279785156,0.23813330016546538,0.3904870571382344,0.69,456.29,0.95,0.5
54,CA-KL + Candidate Greenlist + Weighted/WinMax,kl_adaptive,,3.0,"LOS ANGELES – A lawsuit filed Wednesday against ABC (search) and ""American Idol"" judge Simon Cowell (search) alleges they conspired to steal the brand and concept of ""Million Dollar Idea,"" a series airing in syndication.","

The lawsuit, seeking damages for more than $50,000, alleges Cowell and the ""America Idol"" judge ""used a scheme to hide the real origins of the show, which included an in-house musical performance"" and the use of the ""America Idol"" logo, which Cowell said was created by a ""modern fashion designer who complained, equated his 'America Idol' reference with a collectible picture of a guy wearing a dress,"" according to the complaint.

",99,67,0.6767676767676768,9.806374618837644,5.2848962805356706e-23,Watermarked,1.0,73,0.7534246575342466,0.9444444444444444,0.2465753424657534,,,,11.04259663253047,11.04259663253047,1.1902632939891556e-28,True,1.0,0.3906460107386854,1.8293797302246093,0.3067493751301798,0.33804445741698147,0.8,1016.21,0.95,0.5
55,No Watermark,,,,"Are stoners now a target advertising demographic for fast food companies? Ever since Harold and Kumar went to White Castle, fast-food companies have become increasingly blatant about targeting to stoners in their advertisements. July 31, 2012, 1",":15 pm

In a new study published on Wednesday, Christian Aid, a non-profit organization, found that while the percentage of stoners in the United States was significantly higher in 2010 than in 2006, it still was far less than it was in 2005.

“The reason for this is that they advertise to stoners,” co-director of Christian Aid’s research, Dr. Michael Hall, told Human Rights Watch. “This is not",99,21,0.21212121212121213,-0.8703882797784892,0.807955875263074,Human/Unwatermarked,0.0,71,0.7464788732394366,0.9714285714285714,0.2535211267605634,,,,-0.43836831559249373,2.2943169596410558,0.6694403445978636,False,0.0,,,0.2670355926939412,0.3409695997624658,0.75,615.76,,
55,Fixed Delta 1.0,1.0,,,"Are stoners now a target advertising demographic for fast food companies? Ever since Harold and Kumar went to White Castle, fast-food companies have become increasingly blatant about targeting to stoners in their advertisements. July 31, 2012, 1",":15 pm

In this article, we look at some of the changes that fast-food companies are making to their advertising and promotion tactics to keep stoners in their restaurants.

They are making it easier to advertise at the dinner table and at their events.

They are replacing alcohol’s calories with food that isn’t glycerin. They are also changing food preparation procedures, which have led to people buying more and more food, and replacing them with",99,37,0.37373737373737376,2.8432683806097314,0.0022326725999624137,Human/Unwatermarked,0.0,78,0.6794871794871795,0.961038961038961,0.3205128205128205,1.0,1.0,1.0,3.694116672350314,3.912240562489767,0.00011032623961317205,False,0.0,,,0.29211976903236475,0.2953161892457865,0.77,657.29,,
55,Fixed Delta 2.0,2.0,,,"Are stoners now a target advertising demographic for fast food companies? Ever since Harold and Kumar went to White Castle, fast-food companies have become increasingly blatant about targeting to stoners in their advertisements. July 31, 2012, 1",":46 PM The headline for this article was “Are stoners now a target advertising demographic for fast food companies? Ever since Harold & Kumar went to White Castle, fast-food companies have become increasingly blatant about targeting to stoners in their advertisements. July 31, 2012, 1:46 PM”

There’s so much more to fast food, fast-food products and fast-food mass markets than a handful of busy employees on the job. The truth may",99,39,0.3939393939393939,3.307475463158259,0.00047070479296677613,Human/Unwatermarked,0.0,75,0.76,0.918918918918919,0.24,2.0,2.0,2.0,6.930650561890778,6.930650561890778,2.094548252428369e-12,True,0.9999999999979055,,,0.16146330232755854,0.5471605816739611,0.42,560.45,,
55,Fixed Delta 3.0,3.0,,,"Are stoners now a target advertising demographic for fast food companies? Ever since Harold and Kumar went to White Castle, fast-food companies have become increasingly blatant about targeting to stoners in their advertisements. July 31, 2012, 1",":46 PM The headline for this article ""Is Stoners Now a Target Ad Mailing Field""? is: Stoners Now a Target Ad Mailing Field."" This article explains why the Stoners' email lists have become so widespread and why the marketers are so unwilling to hold back their messaging. Click to read more on ""Is Stoners Now a Target Ad Mailing Field""?

2 comments on ""Is Stoners Now a Target Ad Mailing Field""?

",99,75,0.7575757575757576,11.663202949031755,9.825423209116168e-32,Watermarked,1.0,71,0.5492957746478874,0.6571428571428571,0.45070422535211263,3.0,3.0,3.0,10.71403150516512,10.71403150516512,4.3733955101824916e-27,True,1.0,,,0.22561386393582325,0.49207952483324335,0.61,778.15,,
55,Current Adaptive Delta,adaptive,0.5,3.0,"Are stoners now a target advertising demographic for fast food companies? Ever since Harold and Kumar went to White Castle, fast-food companies have become increasingly blatant about targeting to stoners in their advertisements. July 31, 2012, 1",":46 PM The headline for this article was “Are stoners now a target advertising demographic for fast food companies? Ever since Harold and Kumar went to White Castle, fast-food companies have become increasingly blatant about targeting to stoners in their advertisements. July 31, 2012, 1:46 PM”

There’s so much more to fast food than a burger and fries. A thousand more mass consumer buys, people buying more things, fast food companies becoming more like",99,40,0.40404040404040403,3.5395790044325226,0.00020038289685673868,Human/Unwatermarked,0.0,77,0.7402597402597403,0.9210526315789473,0.2597402597402597,1.8054676568508148,1.6180340051651,2.468468189239502,7.059363448460297,7.059363448460297,8.363352760039745e-13,True,0.9999999999991637,,,0.17903427124344254,0.5566735064820386,0.44,602.07,,
55,CA-KL,kl_adaptive,,3.0,"Are stoners now a target advertising demographic for fast food companies? Ever since Harold and Kumar went to White Castle, fast-food companies have become increasingly blatant about targeting to stoners in their advertisements. July 31, 2012, 1",":46 PM The headline for this article was “Are stoners now a target advertising demographic for fast food companies? Ever since Harold & Kumar went to White Castle, fast-food companies have become increasingly blatant about targeting to stoners in their advertisements. July 31, 2012, 1:46 PM”

There’s so much more to fast food, fast-culture, and the economy. The problem is: people don’t necessarily want to believe in this",99,40,0.40404040404040403,3.5395790044325226,0.00020038289685673868,Human/Unwatermarked,0.0,72,0.7638888888888888,0.9436619718309859,0.23611111111111116,,,,,,,,,0.26947503530895744,2.6958883666992186,0.15065257637663945,0.2305177096225816,1.0,50265.0,,0.5
55,CA-KL + Weighted Detector,kl_adaptive,,3.0,"Are stoners now a target advertising demographic for fast food companies? Ever since Harold and Kumar went to White Castle, fast-food companies have become increasingly blatant about targeting to stoners in their advertisements. July 31, 2012, 1",":46 PM The headline for this article was “Are stoners now a target advertising demographic for fast food companies? Ever since Harold & Kumar went to White Castle, fast-food companies have become increasingly blatant about targeting to stoners in their advertisements. July 31, 2012, 1:46 PM”

There’s so much more to fast food, fast-culture, and the economy. The problem is: people don’t necessarily want to believe in this",99,40,0.40404040404040403,3.5395790044325226,0.00020038289685673868,Human/Unwatermarked,0.0,72,0.7638888888888888,0.9436619718309859,0.23611111111111116,,,,6.418744519765305,6.418744519765305,6.870138639222225e-11,True,0.9999999999312986,0.26947503530895744,2.6958883666992186,0.15065252963253575,0.23051771686892608,1.0,50265.0,,0.5
55,CA-KL + Candidate Greenlist,kl_adaptive,,3.0,"Are stoners now a target advertising demographic for fast food companies? Ever since Harold and Kumar went to White Castle, fast-food companies have become increasingly blatant about targeting to stoners in their advertisements. July 31, 2012, 1",":46 PM The headline for this article was “Are stoners now a target advertising demographic for fast food companies? Ever since Harold and Kumar went to White Castle, fast-food companies have become increasingly blatant about targeting to stoners in their advertisements. July 31, 2012, 1:46 PM”

There’s so much more to fast food than a burger and fries. A thousand more mass consumer buys a burger and fries and a thousand more consumers buy steak,",99,41,0.41414141414141414,3.7716825457067866,8.107523404471492e-05,Human/Unwatermarked,0.0,78,0.7051282051282052,0.8831168831168831,0.2948717948717948,,,,6.388950834548652,6.388950834548652,8.351387294699605e-11,True,0.9999999999164861,0.2524781349352518,2.6672625732421875,0.1698897784519995,0.5857705557788723,0.42,583.13,0.95,0.5
55,CA-KL + Candidate Greenlist + Weighted/WinMax,kl_adaptive,,3.0,"Are stoners now a target advertising demographic for fast food companies? Ever since Harold and Kumar went to White Castle, fast-food companies have become increasingly blatant about targeting to stoners in their advertisements. July 31, 2012, 1",":46 PM The headline for this article was “Are stoners now a target advertising demographic for fast food companies? Ever since Harold and Kumar went to White Castle, fast-food companies have become increasingly blatant about targeting to stoners in their advertisements. July 31, 2012, 1:46 PM”

There’s so much more to fast food than a burger and fries. A thousand more mass consumer buys a burger and fries and a thousand more consumers buy steak,",99,41,0.41414141414141414,3.7716825457067866,8.107523404471492e-05,Human/Unwatermarked,0.0,78,0.7051282051282052,0.8831168831168831,0.2948717948717948,,,,6.388950834548652,6.388950834548652,8.351387294699605e-11,True,0.9999999999164861,0.2027733594061195,0.96916259765625,0.1698897784519995,0.5857705557788723,0.42,583.13,0.95,0.5
56,No Watermark,,,,"Seren Rayne Frank Sutherland, a six lb., eight oz., girl, was born Saturday, Dec. 3, 2016, at Yavapai Regional Medical Center to Donell Sutherland and Adam Frank of Prescott. Alexander Velasco,"," her husband, and son, Cory and Jayden were born, and they were taken to Advocate Children’s Hospital in Prescott and pronounced dead on arrival.

Sutherland was married to her high school sweetheart for 19 years. She is survived by her husband, Adam Frank, and their four children’s children, Kelli, Michael, and John. She also leaves behind her parents and a sister, Mary Anne McClain.

Pleasant Valley is mourning the loss",99,25,0.25252525252525254,0.058025885318565944,0.4768640048788747,Human/Unwatermarked,0.0,72,0.7638888888888888,0.971830985915493,0.23611111111111116,,,,-0.3321385512607302,1.1985568458894862,0.63010767941265,False,0.0,,,0.28378278888083275,0.31284551934339105,0.86,555.95,,
56,Fixed Delta 1.0,1.0,,,"Seren Rayne Frank Sutherland, a six lb., eight oz., girl, was born Saturday, Dec. 3, 2016, at Yavapai Regional Medical Center to Donell Sutherland and Adam Frank of Prescott. Alexander Velasco,"," her mother, and brother, Cory and John Velasco, are also survived by her sister, Amanda Frank of Prescott. She was preceded in death by her parents and stepfather, Michael Velasco. She is survived by her two brothers, Corey and Adam Velasco. She is survived by her sister, Amanda and nephew, Joshua, and niece, Tamara. She was preceded in death by her sister, Mary Velasco. A graveside service will be held at 10 a",99,46,0.46464646464646464,4.932200252078106,4.0654247701977057e-07,Watermarked,0.999999593457523,73,0.5753424657534246,0.7638888888888888,0.4246575342465754,1.0,1.0,1.0,4.8325569856307995,4.8325569856307995,6.73952556753649e-07,True,0.9999993260474432,,,0.2356045897304313,0.40903429836034777,0.71,491.89,,
56,Fixed Delta 2.0,2.0,,,"Seren Rayne Frank Sutherland, a six lb., eight oz., girl, was born Saturday, Dec. 3, 2016, at Yavapai Regional Medical Center to Donell Sutherland and Adam Frank of Prescott. Alexander Velasco,"," of Prescott, GA was born Friday, May 28, 2016, at Yavapai Regional Medical Center to Maya Velasco and Damon Velasco of Prescott. She was raised in Prescott with her mother, Donna (Buckley) Velasco. She attended Prescott High School, where she played soccer, and attended Prescott Christian College in Prescott. She has been a resident of Prescott since August 2009. She is survived by a son, Nick (Pete) Rayne, of Prescott",99,53,0.5353535353535354,6.556925040997952,2.7464302917418046e-11,Watermarked,0.9999999999725357,70,0.7,0.9130434782608695,0.30000000000000004,2.0,2.0,2.0,6.779879708832757,6.779879708832757,6.0137991983542196e-12,True,0.9999999999939863,,,0.2345636330377206,0.3719143031723797,0.72,513.57,,
56,Fixed Delta 3.0,3.0,,,"Seren Rayne Frank Sutherland, a six lb., eight oz., girl, was born Saturday, Dec. 3, 2016, at Yavapai Regional Medical Center to Donell Sutherland and Adam Frank of Prescott. Alexander Velasco,"," of Prescott, GA was born Friday, May 28, 2016, at Prescott Regional Medical Center to Stephen (Shannon) and Cynthia Graham of Prescott. He is survived by his wife, Theresa, of Prescott; his daughter, Amanda (Harrison) Bernard of Prescott, GA; his son, Bryan (Bryan) Sutherland III of Prescott, GA; seven grandchildren: Anderson (Melody) Bernard of Prescott, GA; Colin (Angelia) Bernard of Prescott, GA; Bradley Sutherland III of",99,67,0.6767676767676768,9.806374618837644,5.2848962805356706e-23,Watermarked,1.0,66,0.6212121212121212,0.7846153846153846,0.3787878787878788,3.0,3.0,3.0,9.671514116738223,9.671514116738223,1.9921946604805486e-22,True,1.0,,,0.23796114450132336,0.3957495150563773,0.7,452.01,,
56,Current Adaptive Delta,adaptive,0.5,3.0,"Seren Rayne Frank Sutherland, a six lb., eight oz., girl, was born Saturday, Dec. 3, 2016, at Yavapai Regional Medical Center to Donell Sutherland and Adam Frank of Prescott. Alexander Velasco,"," of Prescott, GA was born Friday, May 28, 2016, at Prescott Regional Medical Center to Stephen (Shannon) and Cynthia (Hood) Sutherland of Prescott. She was preceded in death by father and mother, Sean and Kathy Sutherland, and brother, Damon. She was a lifelong member of Prescott Regional’s Nazareth Baptist Church. She is survived by sister, Sharon (Echo) Young of Prescott, GA; stepson, Nick (Pete) Sutherland, of Prescott;",99,64,0.6464646464646465,9.110063995014853,4.116669580158606e-20,Watermarked,1.0,68,0.6911764705882353,0.8805970149253731,0.3088235294117647,1.875128494501114,1.6180340051651,2.5541560649871826,9.304615220499993,9.304615220499993,6.723918354729612e-21,True,1.0,,,0.26706520250515997,0.41287101990543307,0.76,650.2,,
56,CA-KL,kl_adaptive,,3.0,"Seren Rayne Frank Sutherland, a six lb., eight oz., girl, was born Saturday, Dec. 3, 2016, at Yavapai Regional Medical Center to Donell Sutherland and Adam Frank of Prescott. Alexander Velasco,"," of Prescott, GA was born Friday, May 28, 2016, at Yavapai Regional Medical Center to Maya Velasco and Damon Velasco of Prescott. She was raised in Prescott with family and attended Prescott Christian College and Prescott Christian School. She attended high school with her mother, Lauren Frank and attended Prescott Christian College with her sister, Lauren Francis, and her brother, Michael Frank and their sister, Kayla. She attended Prescott Christian College and Prescott Christian College with her mother, Lauren",99,65,0.6565656565656566,9.342167536289118,4.719090681074502e-21,Watermarked,1.0,79,0.4936708860759494,0.7435897435897436,0.5063291139240507,,,,,,,,,0.3709278765997735,2.5586700439453125,0.24162690235695555,0.3276825222958905,1.0,50265.0,,0.5
56,CA-KL + Weighted Detector,kl_adaptive,,3.0,"Seren Rayne Frank Sutherland, a six lb., eight oz., girl, was born Saturday, Dec. 3, 2016, at Yavapai Regional Medical Center to Donell Sutherland and Adam Frank of Prescott. Alexander Velasco,"," of Prescott, GA was born Friday, May 28, 2016, at Yavapai Regional Medical Center to Maya Velasco and Damon Velasco of Prescott. She was raised in Prescott with family and attended Prescott Christian College and Prescott Christian School. She attended high school with her mother, Lauren Frank and attended Prescott Christian College with her sister, Lauren Francis, and her brother, Michael Frank and their sister, Kayla. She attended Prescott Christian College and Prescott Christian College with her mother, Lauren",99,65,0.6565656565656566,9.342167536289118,4.719090681074502e-21,Watermarked,1.0,79,0.4936708860759494,0.7435897435897436,0.5063291139240507,,,,8.212961371656448,8.212961371656448,1.0789949339461827e-16,True,0.9999999999999999,0.3709278765997735,2.5586700439453125,0.24162686202727113,0.3276826024047477,1.0,50265.0,,0.5
56,CA-KL + Candidate Greenlist,kl_adaptive,,3.0,"Seren Rayne Frank Sutherland, a six lb., eight oz., girl, was born Saturday, Dec. 3, 2016, at Yavapai Regional Medical Center to Donell Sutherland and Adam Frank of Prescott. Alexander Velasco,"," of Prescott, GA was born Friday, May 28, 2016, at Yavapai Regional Medical Center to Maya Velasco and Damon Velasco. She is survived by a sister, Alexis Sime and a brother, David Velasco. A memorial service for Alexander will be held at 11 a.m. Saturday, Jan. 20 at the Jerome C. Robinson Funeral Home in Prescott. A visitation will take place Friday, Jan. 17, 2016 from 7 p.m.",99,47,0.47474747474747475,5.164303793352369,1.2066773532761895e-07,Watermarked,0.9999998793322646,70,0.7857142857142857,1.0,0.2142857142857143,,,,7.244677970457057,7.244677970457057,2.1673394058497204e-13,True,0.9999999999997833,0.3417997729277691,2.5896780395507815,0.19198086077678095,0.4163161762803793,0.59,418.78,0.95,0.5
56,CA-KL + Candidate Greenlist + Weighted/WinMax,kl_adaptive,,3.0,"Seren Rayne Frank Sutherland, a six lb., eight oz., girl, was born Saturday, Dec. 3, 2016, at Yavapai Regional Medical Center to Donell Sutherland and Adam Frank of Prescott. Alexander Velasco,"," of Prescott, GA was born Friday, May 28, 2016, at Yavapai Regional Medical Center to Maya Velasco and Damon Velasco of Prescott. She was raised at Prescott Child Services & Counseling Center, Prescott Senior Center, Prescott Senior Center, Prescott Senior Center, Prescott Senior Center & Prescott Senior Center, Prescott Senior Center, Prescott Senior Center & Prescott Senior Center & Prescott Junior Center. She attended the Prescott Senior Center, Prescott Senior Center, Prescott Senior Center, Prescott Senior Center",99,50,0.5050505050505051,5.86061441717516,2.305788288019096e-09,Watermarked,0.9999999976942117,73,0.3835616438356164,0.5277777777777778,0.6164383561643836,,,,6.384666949446643,6.384666949446643,8.588544761310975e-11,True,0.9999999999141146,0.2899217760320571,1.5719490051269531,0.1849676781335911,0.41240681199356916,0.63,452.7,0.95,0.5
57,No Watermark,,,,"Due to Hurricane Irene, parts of New Jersey were declared a federal disaster area this week. Federal funding is available to people in Bergen, Essex, Morris, Passaic, and Somerset Counties. More than 150,000 homes and businesses"," are designated as ""redevelopment relief sites,"" according to FEMA.
In New Jersey, the Feds also announced that the State Emergency Management Agency will distribute $195 million in grants to help with the rebuilding of the state's two most popular tourist attractions. The money will be used to rebuild hospitals, schools, and other facilities in the State's most vulnerable communities.
""We are excited to be able to offer these grants to New Jersey's most vulnerable communities,"" said Secretary of the State",99,24,0.24242424242424243,-0.17407765595569785,0.5690977834754946,Human/Unwatermarked,0.0,80,0.6875,0.9240506329113924,0.3125,,,,1.022689606939163,2.0309066877195603,0.153227313455628,False,0.0,,,0.29249955810691475,0.2764452198985964,0.88,568.24,,
57,Fixed Delta 1.0,1.0,,,"Due to Hurricane Irene, parts of New Jersey were declared a federal disaster area this week. Federal funding is available to people in Bergen, Essex, Morris, Passaic, and Somerset Counties. More than 150,000 homes and businesses"," are designated as national disaster sites.

Some people are now stranded in New Jersey. The Bergen County Sheriff’s office has reported that some of the most vulnerable are in Ocean County. There are more than 30,000 people who live in the Ocean County community.

Governor Phil Murphy’s executive order on disaster relief means that people in Ocean County can apply for federal disaster relief.

“We have to recognize that this situation is real. I’",99,41,0.41414141414141414,3.7716825457067866,8.107523404471492e-05,Human/Unwatermarked,0.0,77,0.7142857142857143,0.9473684210526315,0.2857142857142857,1.0,1.0,1.0,4.36484947752232,4.693112924841419,6.360516160897414e-06,True,0.9999936394838391,,,0.27658901850770923,0.33658673767000435,0.81,427.16,,
57,Fixed Delta 2.0,2.0,,,"Due to Hurricane Irene, parts of New Jersey were declared a federal disaster area this week. Federal funding is available to people in Bergen, Essex, Morris, Passaic, and Somerset Counties. More than 150,000 homes and businesses"," are designated as national disaster sites, and more than 23,000 are being prepared for future storm surge and severe weather disruption. More than 420,000 homes in New Jersey, New Jersey, Michigan, New Hampshire and Connecticut are on disaster status, the largest single-day increase reported in nearly a decade.
“New Jersey is uniquely positioned for this storm,” said New Jersey Gov. Christie. “The federal disaster assistance program provides relief to residents for more than a year in order",99,54,0.5454545454545454,6.789028582272215,5.6445538431059e-12,Watermarked,0.9999999999943554,80,0.6875,0.9367088607594937,0.3125,2.0,2.0,2.0,8.889644810908255,8.889644810908255,3.0652280292575562e-19,True,1.0,,,0.24904901003336175,0.3009958018641919,0.8,339.31,,
57,Fixed Delta 3.0,3.0,,,"Due to Hurricane Irene, parts of New Jersey were declared a federal disaster area this week. Federal funding is available to people in Bergen, Essex, Morris, Passaic, and Somerset Counties. More than 150,000 homes and businesses"," are designated to meet minimum standards of functioning. The New Jersey Department of Financial Safety and Emergency Management got a call from the Franklin COUNTY and Atlantic County Fire Departments about an incident at Emergency Services Central New Jersey in Ocean Township. The caller told them the facility contained ""staged, fire, medical emergency and non-emergency personnel,"" indicating that the facility did not have a ""staged, fire, medical emergency and non-emergency personnel,"" according to the situation report. The facility did not",99,78,0.7878787878787878,12.359513572854546,2.1638374768437998e-35,Watermarked,1.0,82,0.6341463414634146,0.8518518518518519,0.36585365853658536,3.0,3.0,3.0,12.176177073759382,12.176177073759382,2.081719847902859e-34,True,1.0,,,0.279360517252987,0.35294235735200347,0.81,599.54,,
57,Current Adaptive Delta,adaptive,0.5,3.0,"Due to Hurricane Irene, parts of New Jersey were declared a federal disaster area this week. Federal funding is available to people in Bergen, Essex, Morris, Passaic, and Somerset Counties. More than 150,000 homes and businesses"," are designated as national disaster sites, and more than 23,000 are being prepared for future storm surge and severe weather disruption. More than 420,000 homes in New Jersey are being rebuilt, including about 7,500 in Ocean County. The most important parts of the state are in eastern, western, and central New Jersey, with the state still under a state of emergency.

""We're in a bad situation, and it's a good thing we're going through this. I'm proud",99,56,0.5656565656565656,7.2532356648207434,2.0346556800431047e-13,Watermarked,0.9999999999997965,80,0.7125,0.9493670886075949,0.2875,1.8620227754116059,1.6180340051651,2.326349973678589,7.988582146058705,7.988582146058705,6.824974970724237e-16,True,0.9999999999999993,,,0.2798831822356178,0.2917446857318282,0.88,367.59,,
57,CA-KL,kl_adaptive,,3.0,"Due to Hurricane Irene, parts of New Jersey were declared a federal disaster area this week. Federal funding is available to people in Bergen, Essex, Morris, Passaic, and Somerset Counties. More than 150,000 homes and businesses"," are designated as national disaster sites, and more than 23.5 million people are covered under the Disaster Assistance Assistance Plan.
Watersheds on New Jersey's coastline are being destroyed. The strongest storm in over 50 years has hit the state. The storm caused more than 8.5 million damage and caused more than 50,000 lost power, which included more than 43,000 homes and businesses. The storm knocked out more than a third of the state's electricity.
Rivers and water",99,69,0.696969696969697,10.270581701386172,4.781315307935896e-25,Watermarked,1.0,81,0.6666666666666666,0.9125,0.33333333333333337,,,,,,,,,0.4349315542912143,2.4196705627441406,0.283300240187569,0.2760116979607847,1.0,50265.0,,0.5
57,CA-KL + Weighted Detector,kl_adaptive,,3.0,"Due to Hurricane Irene, parts of New Jersey were declared a federal disaster area this week. Federal funding is available to people in Bergen, Essex, Morris, Passaic, and Somerset Counties. More than 150,000 homes and businesses"," are designated as national disaster sites, and more than 23.5 million people are covered under the Disaster Assistance Assistance Plan.
Watersheds on New Jersey's coastline are being destroyed. The strongest storm in over 50 years has hit the state. The storm caused more than 8.5 million damage and caused more than 50,000 lost power, which included more than 43,000 homes and businesses. The storm knocked out more than a third of the state's electricity.
Rivers and water",99,69,0.696969696969697,10.270581701386172,4.781315307935896e-25,Watermarked,1.0,81,0.6666666666666666,0.9125,0.33333333333333337,,,,10.90926656707466,10.90926656707466,5.204637594609271e-28,True,1.0,0.4349315542912143,2.4196705627441406,0.28330022707600155,0.276011664159596,1.0,50265.0,,0.5
57,CA-KL + Candidate Greenlist,kl_adaptive,,3.0,"Due to Hurricane Irene, parts of New Jersey were declared a federal disaster area this week. Federal funding is available to people in Bergen, Essex, Morris, Passaic, and Somerset Counties. More than 150,000 homes and businesses"," are designated as national disaster sites, and more than 23,000 are being prepared.

""It would be a disaster,"" said Bergen Fire Chief Andy Doolittle. ""That's a disaster.""

""It would be devastating, it would be disastrous. It would be devastating, and it would be devastating, and it would be devastating.""

What you'll be getting is: food, water, shelter. You have to make sure you are not living in an uncontrolled,",99,57,0.5757575757575758,7.4853392060950075,3.5681289972117485e-14,Watermarked,0.9999999999999644,70,0.6142857142857143,0.7681159420289855,0.3857142857142857,,,,10.645953274164436,10.645953274164436,9.105530052837271e-27,True,1.0,0.4480026541165941,2.427573394775391,0.2631586262264661,0.24592100945767015,0.81,335.68,0.95,0.5
57,CA-KL + Candidate Greenlist + Weighted/WinMax,kl_adaptive,,3.0,"Due to Hurricane Irene, parts of New Jersey were declared a federal disaster area this week. Federal funding is available to people in Bergen, Essex, Morris, Passaic, and Somerset Counties. More than 150,000 homes and businesses"," are designated as national disaster sites, and more than 23,000 are being prepared.

""It would be a disaster,"" said Bergen Fire Chief Andy Doolittle. ""That's a disaster.""

""It would be devastating, it would be disastrous. It would be devastating, and it would be devastating, and it would be devastating.""

What you'll be getting is: food, water, shelter, generators, supplies and sanitation. All of the funds for the disaster",99,54,0.5454545454545454,6.789028582272215,5.6445538431059e-12,Watermarked,0.9999999999943554,69,0.5942028985507246,0.7647058823529411,0.4057971014492754,,,,9.663143667701661,10.132536534173292,2.161937908309512e-22,True,1.0,0.3880659576536155,1.8516192626953125,0.26434747155107047,0.2500622731959447,0.8,379.5,0.95,0.5
58,No Watermark,,,,"As many British visitors to France have learnt to their dismay, if you ask a local, “Parlez-vous anglais?”, the answer is often “Non”. Such a response, perhaps accompanied by a"," very serious problem, is that the French have made a deal, and they are paying you, for a quarter of your book. So you are to be pleased with your willingness to pay for yourself as well as for your accommodation.

French tourists need not be aroused by the idea of the French passport as a way of knowing what’s going on, or of learning what’s in store. In fact, it may be a good idea for them not to be aroused by this",99,33,0.3333333333333333,1.9148542155126762,0.027755549048935523,Human/Unwatermarked,0.0,86,0.6395348837209303,0.9411764705882353,0.36046511627906974,,,,2.273178577536846,2.8136648148459416,0.011507710354319047,False,0.0,,,0.3228148878644346,0.2652879135776311,0.87,693.24,,
58,Fixed Delta 1.0,1.0,,,"As many British visitors to France have learnt to their dismay, if you ask a local, “Parlez-vous anglais?”, the answer is often “Non”. Such a response, perhaps accompanied by a"," polite but sarcastic jibe, can have a profound effect on your experience.

The moment you arrive, you’ll be greeted with a long line of people, many of whom are bigger than your average tourist. You’ll be greeted with a long line of people, many of whom are bigger than your average tourist.

You may have to wait for a long time, but if you do, you’ll be pleasantly surprised! There’s something calming and",99,33,0.3333333333333333,1.9148542155126762,0.027755549048935523,Human/Unwatermarked,0.0,77,0.5844155844155844,0.7105263157894737,0.4155844155844156,1.0,1.0,1.0,1.8663094110616918,2.5639534340195107,0.03099904443535076,False,0.0,,,0.25836974154848114,0.3435506852343678,0.78,515.13,,
58,Fixed Delta 2.0,2.0,,,"As many British visitors to France have learnt to their dismay, if you ask a local, “Parlez-vous anglais?”, the answer is often “Non”. Such a response, perhaps accompanied by a"," polite nod from the English, seems to have rescued the French, and the English are now the majority (not surprisingly, apparently, and at times) of tourists visiting France. If tourists had been as firm as they were in saying “Anglais”, their chances of winning the French lottery would’ve been nil.

So what, if at all, makes a French tourist think that the French have no hopes for themselves except for themselves?

What does the French",99,65,0.6565656565656566,9.342167536289118,4.719090681074502e-21,Watermarked,1.0,76,0.7105263157894737,0.9333333333333333,0.2894736842105263,2.0,2.0,2.0,9.790579130727622,9.790579130727622,6.179298784117288e-23,True,1.0,,,0.32528559210914976,0.2930988270952366,0.89,834.13,,
58,Fixed Delta 3.0,3.0,,,"As many British visitors to France have learnt to their dismay, if you ask a local, “Parlez-vous anglais?”, the answer is often “Non”. Such a response, perhaps accompanied by a"," polite nod from the English, seems decidedly appropriate. If you, of course, are not, well, anglophone, what is there to speak of on your way into the English Channel? Here is where you might find a French accent: the first thing to notice when you arrive in Paris, especially during the morning and afternoon hours of the morning – it’s always “Non”. A thousand French speakers have lived here over the last few years. If you are not,",99,76,0.7676767676767676,11.89530649030602,6.259628712805054e-33,Watermarked,1.0,78,0.7435897435897436,0.948051948051948,0.2564102564102564,3.0,3.0,3.0,13.531360569771046,13.531360569771046,5.1057993141888094e-42,True,1.0,,,0.29580660445634926,0.2507260842714459,0.91,623.63,,
58,Current Adaptive Delta,adaptive,0.5,3.0,"As many British visitors to France have learnt to their dismay, if you ask a local, “Parlez-vous anglais?”, the answer is often “Non”. Such a response, perhaps accompanied by a"," polite nod from the English, seems to have rescued the French, and the English are now the majority (not surprisingly, apparently, of the opposite) of tourists visiting France.

So nowhere is this more true than on the two-day trip of the French Republic to Anglia, where Jean-Claude Juncker famously said that the French were “the best country in Europe and the best country in the world.”

In Anglia, we are treated to this",99,60,0.6060606060606061,8.181649829917799,1.3999184135288104e-16,Watermarked,0.9999999999999999,75,0.6666666666666666,0.8918918918918919,0.33333333333333337,1.9431509745121003,1.6180340051651,2.479172468185425,9.278704603005929,9.426849589444128,8.57757433308881e-21,True,1.0,,,0.31737616146783515,0.291334074921906,0.86,859.27,,
58,CA-KL,kl_adaptive,,3.0,"As many British visitors to France have learnt to their dismay, if you ask a local, “Parlez-vous anglais?”, the answer is often “Non”. Such a response, perhaps accompanied by a"," polite nod from the English, seems to have rescued the French, and the English are now the majority (not surprisingly, apparently, of the opposite)

The most usual explanation is “As is France.” But it is also the most common one. A bit of a myth among the French’s visitors is the idea that the English don’t speak French, and so they’re mostly just English tourists. A more common myth is: “Ane",99,64,0.6464646464646465,9.110063995014853,4.116669580158606e-20,Watermarked,1.0,74,0.6621621621621622,0.9315068493150684,0.33783783783783783,,,,,,,,,0.4396322415452662,2.352664031982422,0.3358305351856785,0.25371541908736617,1.0,50265.0,,0.5
58,CA-KL + Weighted Detector,kl_adaptive,,3.0,"As many British visitors to France have learnt to their dismay, if you ask a local, “Parlez-vous anglais?”, the answer is often “Non”. Such a response, perhaps accompanied by a"," polite nod from the English, seems to have rescued the French, and the English are now the majority (not surprisingly, apparently, of the opposite)

The most usual explanation is “As is France.” But it is also the most common one. A bit of a myth among the French’s visitors is the idea that the English don’t speak French, and so they’re mostly just English tourists. A more common myth is: “Ane",99,64,0.6464646464646465,9.110063995014853,4.116669580158606e-20,Watermarked,1.0,74,0.6621621621621622,0.9315068493150684,0.33783783783783783,,,,10.238393887906055,10.238393887906055,6.671649129781841e-25,True,1.0,0.4396322415452662,2.352664031982422,0.3358305470920185,0.2537154440653376,1.0,50265.0,,0.5
58,CA-KL + Candidate Greenlist,kl_adaptive,,3.0,"As many British visitors to France have learnt to their dismay, if you ask a local, “Parlez-vous anglais?”, the answer is often “Non”. Such a response, perhaps accompanied by a"," polite nod from the English, seems to have rescued the French, and the English are now the majority (not surprisingly, apparently) of visitors.

I’ve been spending most of my time in Paris, since the French Revolution, trying to make sense of the chaos at the top. A few years ago it felt like I was engaged to a French man who was far more intelligent and experienced in business matters. He was a guy who, I suspect, would be interested in learning the",99,61,0.6161616161616161,8.413753371192062,1.9854759384111046e-17,Watermarked,1.0,84,0.7142857142857143,0.9759036144578314,0.2857142857142857,,,,10.142145513908861,10.142145513908861,1.7956199392545577e-24,True,1.0,0.46485031855791936,2.3293524169921875,0.3362984900106353,0.2614935586974025,0.89,904.73,0.95,0.5
58,CA-KL + Candidate Greenlist + Weighted/WinMax,kl_adaptive,,3.0,"As many British visitors to France have learnt to their dismay, if you ask a local, “Parlez-vous anglais?”, the answer is often “Non”. Such a response, perhaps accompanied by a"," polite nod from the English, seems to have rescued the French, and the English are now the majority (not surprisingly, apparently) of visitors.

I’ve been spending most of my time in Paris, since the French Revolution, trying to make sense of the chaos at the top. A few years ago it felt like I was engaged in a war. I wasn’t. I really wasn’t. I just wanted to make sense of the French. I wanted to",99,59,0.5959595959595959,7.949546288643535,9.359791413521555e-16,Watermarked,0.9999999999999991,79,0.6455696202531646,0.8717948717948718,0.35443037974683544,,,,9.1779157429962,9.1779157429962,2.1975785949693713e-20,True,1.0,0.4027183678352586,1.9101457214355468,0.3010983024496255,0.3227692628093064,0.82,728.28,0.95,0.5
59,No Watermark,,,,"Check out the Charleston Parks Conservancy's newest glow-up project at their inaugural Hampton Park culinary event, Shucked + Sauced, Sat. Jan. 26 from 1 to 4 p.m. The event will take place at the newly renovated"," Charleston Parks Conservancy Center, 3320 Park St.
The event is free and open to the public, but registration is required and a $9 fee is required.
For more information, or to register for the event, visit www.champarkconservancy.org or call (847) 741-3821.
The Hampton Park Conservancy has been offering programs with benefits and activities for more than 30 years. Hampton Park Conservancy has been serving the Hampton Park community for decades",99,30,0.30303030303030304,1.2185435916898848,0.11150873497330749,Human/Unwatermarked,0.0,73,0.6575342465753424,0.875,0.34246575342465757,,,,0.5383977447178272,2.1761916757873747,0.29515124152286953,False,0.0,,,0.25678529923531807,0.3333900185767561,0.78,533.52,,
59,Fixed Delta 1.0,1.0,,,"Check out the Charleston Parks Conservancy's newest glow-up project at their inaugural Hampton Park culinary event, Shucked + Sauced, Sat. Jan. 26 from 1 to 4 p.m. The event will take place at the newly renovated"," Charleston Parks Conservancy Summer Arts Center and features a wide range of food, drink and music, featuring local chefs and food vendors. The event will also feature a live auction, food trucks, real estate, and more. The event is open to the public and is free. For more information, call (580) 738-3554 or visit the website at www.hcparksconservancy.org.",82,24,0.2926829268292683,0.8926073982886735,0.18603372791956446,Human/Unwatermarked,0.0,61,0.7868852459016393,0.9833333333333333,0.21311475409836067,1.0,1.0,1.0,1.9077793010625141,3.4658249144078983,0.02820987357394424,False,0.0,,,0.28725547881069413,0.25715251195143507,0.8313253012048193,780.3493975903615,,
59,Fixed Delta 2.0,2.0,,,"Check out the Charleston Parks Conservancy's newest glow-up project at their inaugural Hampton Park culinary event, Shucked + Sauced, Sat. Jan. 26 from 1 to 4 p.m. The event will take place at the newly renovated"," Charleston Parks Conservancy Summer Arts Center and features a roll cage, micro-grills, popcorn, popcorn maker and a pop-up ice cream shop. The eco-friendly event will also feature food from the local winery, plus a glass-filled glass bar with a glass-filled glass chandelier to enjoy while relaxing with a wall-to-wall glass of water. The doorbell system will be installed for free for guests to enjoy while cutting down on energy. The event will be",99,61,0.6161616161616161,8.413753371192062,1.9854759384111046e-17,Watermarked,1.0,80,0.6875,0.8987341772151899,0.3125,2.0,2.0,2.0,11.227220735300062,11.227220735300062,1.4987978817013677e-29,True,1.0,,,0.35436796741068455,0.25581615494098514,0.9,1208.35,,
59,Fixed Delta 3.0,3.0,,,"Check out the Charleston Parks Conservancy's newest glow-up project at their inaugural Hampton Park culinary event, Shucked + Sauced, Sat. Jan. 26 from 1 to 4 p.m. The event will take place at the newly renovated"," West Village Village. The event includes dinner, awards, burgers, drinks, drinks on deck, drinks on deck, pajamas and a silent auction. The eco-friendly event includes large food booths, vendors, displays and a silent auction. Tickets at the event cost $30 for seniors and $20 for seniors with high school age students. A fee of $15 for seniors and $15 for seniors with high school age students is available. The Hampton Park Conservancy is located at 1600 South 33",99,78,0.7878787878787878,12.359513572854546,2.1638374768437998e-35,Watermarked,1.0,79,0.5949367088607594,0.782051282051282,0.40506329113924056,3.0,3.0,3.0,13.045178871684666,13.045178871684666,3.384896208246433e-39,True,1.0,,,0.29049615166567355,0.3145651719206944,0.81,810.13,,
59,Current Adaptive Delta,adaptive,0.5,3.0,"Check out the Charleston Parks Conservancy's newest glow-up project at their inaugural Hampton Park culinary event, Shucked + Sauced, Sat. Jan. 26 from 1 to 4 p.m. The event will take place at the newly renovated"," Charleston Parks Conservancy Summer Arts Center and features a roll cage, micro-grills, popcorn, popcorn maker and a pop-up ice cream shop. The eco-friendly event will also feature food from the local winery, plus a glass-filled glass bar with a glass-filled glass chandelier to enjoy while relaxing with a wall-to-wall glass of water. The doorbell system will be installed for free for guests to enjoy while cutting down on energy. The event will be",99,61,0.6161616161616161,8.413753371192062,1.9854759384111046e-17,Watermarked,1.0,80,0.6875,0.8987341772151899,0.3125,1.9997556328773498,1.6180340051651,2.5016143321990967,11.227220735300062,11.227220735300062,1.4987978817013677e-29,True,1.0,,,0.35436796741068455,0.25581615494098514,0.9,1208.35,,
59,CA-KL,kl_adaptive,,3.0,"Check out the Charleston Parks Conservancy's newest glow-up project at their inaugural Hampton Park culinary event, Shucked + Sauced, Sat. Jan. 26 from 1 to 4 p.m. The event will take place at the newly renovated"," Charleston Parks Conservancy Summer Arts Center and the Hwy. 36 Mulberry Creek Playhouse, located on Folsom Road. The event includes a silent/prestrested dinner, which will be provided by the Charleston Parks Conservancy, the largest and most transparent fundraising campaign ever, which has raised more than $10 million for the conservation, education and environmental programs at the Charleston Parks Conservancy. The dinner, which will include a silent/prestrested dinner, will include a silent",99,58,0.5858585858585859,7.717442747369271,5.934340569241363e-15,Watermarked,0.9999999999999941,73,0.6438356164383562,0.8055555555555556,0.3561643835616438,,,,,,,,,0.42496242619050445,2.400299377441406,0.2947194308056223,0.25224125382997953,1.0,50265.0,,0.5
59,CA-KL + Weighted Detector,kl_adaptive,,3.0,"Check out the Charleston Parks Conservancy's newest glow-up project at their inaugural Hampton Park culinary event, Shucked + Sauced, Sat. Jan. 26 from 1 to 4 p.m. The event will take place at the newly renovated"," Charleston Parks Conservancy Summer Arts Center and the Hwy. 36 Mulberry Creek Playhouse, located on Folsom Road. The event includes a silent/prestrested dinner, which will be provided by the Charleston Parks Conservancy, the largest and most transparent fundraising campaign ever, which has raised more than $10 million for the conservation, education and environmental programs at the Charleston Parks Conservancy. The dinner, which will include a silent/prestrested dinner, will include a silent",99,58,0.5858585858585859,7.717442747369271,5.934340569241363e-15,Watermarked,0.9999999999999941,73,0.6438356164383562,0.8055555555555556,0.3561643835616438,,,,9.02129295622238,9.02129295622238,9.294113793395229e-20,True,1.0,0.42496242619050445,2.400299377441406,0.2947194827918257,0.25224125297714634,1.0,50265.0,,0.5
59,CA-KL + Candidate Greenlist,kl_adaptive,,3.0,"Check out the Charleston Parks Conservancy's newest glow-up project at their inaugural Hampton Park culinary event, Shucked + Sauced, Sat. Jan. 26 from 1 to 4 p.m. The event will take place at the newly renovated"," Charleston Parks Conservancy Summer Arts Center, located on Highway 41, located at 1101 Charleston Road, (not pictured). There are a host of restaurants to choose from (including Charleston Roots, which offers a great selection of excellent local cuisine and the Charleston Herb Store), and a bit of a twist on the traditional’s famous chicken-driven dish – it’ll be on sale from 10:30 a.m. to 6 p.m. For more information, visit CharlestonParks",99,56,0.5656565656565656,7.2532356648207434,2.0346556800431047e-13,Watermarked,0.9999999999997965,76,0.7763157894736842,1.0,0.22368421052631582,,,,10.257839728335766,10.257839728335766,5.456026908474009e-25,True,1.0,0.41613700790803826,2.378514404296875,0.3191094906757147,0.340769569715485,0.76,1231.9,0.95,0.5
59,CA-KL + Candidate Greenlist + Weighted/WinMax,kl_adaptive,,3.0,"Check out the Charleston Parks Conservancy's newest glow-up project at their inaugural Hampton Park culinary event, Shucked + Sauced, Sat. Jan. 26 from 1 to 4 p.m. The event will take place at the newly renovated"," Charleston Parks Conservancy Summer Arts Center, located on Highway 41, located at 1101 Charleston Road, (not pictured). There are a host of restaurants to choose from (including Charleston Roots, which offers a great selection of excellent local cuisine and the Charleston Herb Store), and a bit of a twist on the traditional’s famous chicken-driven dish – it’s called “The Veggie.”

The Hampton Park Summer Arts Center is located near the South Carolina State Capitol",99,62,0.6262626262626263,8.645856912466327,2.6701500224408945e-18,Watermarked,1.0,76,0.7368421052631579,0.9733333333333334,0.26315789473684215,,,,10.588919948764483,10.588919948764483,1.6771985947796086e-26,True,1.0,0.4055776304427564,1.8664434814453126,0.36120371534984225,0.32301875269506125,0.83,1524.18,0.95,0.5
60,No Watermark,,,,"For professors, publishing in elite journals is an unavoidable part of university life. The grueling process of subjecting work to the up-or-down judgment of credentialed scholarly peers has been a cornerstone of academic culture since at least the mid-20","th century. Yet, for the past decade, editors have generally ignored the need to publish, even when they had the opportunity.

New Research

The most recent publication in the field of peer-reviewed journal is published by Elsevier, a global publisher that scores the best, most accurate journals on a range of topics. This is the third publication, and the first published with Elsevier in its peer-reviewed journal.

The journal, which has approximately 450,000 members,",99,27,0.2727272727272727,0.5222329678670935,0.30075406722029496,Human/Unwatermarked,0.0,77,0.7402597402597403,0.9736842105263158,0.2597402597402597,,,,1.1735957030923627,2.8367250720712414,0.1202785015664693,False,0.0,,,0.32931747765527986,0.26182604659348724,0.87,824.16,,
60,Fixed Delta 1.0,1.0,,,"For professors, publishing in elite journals is an unavoidable part of university life. The grueling process of subjecting work to the up-or-down judgment of credentialed scholarly peers has been a cornerstone of academic culture since at least the mid-20","th century. The university termology and post-graduate courses, combined with the demands of the University (and the disruption of academic and professional life) have caused an explosion in the pace of publishing, while the publishing industry is on the verge of extinction.

I spend a lot of time trying to balance my life and work with the educational experience of the next generation. I enjoy a variety of things. I collect books, I play a variety of games, I write, and I have an",99,40,0.40404040404040403,3.5395790044325226,0.00020038289685673868,Human/Unwatermarked,0.0,85,0.611764705882353,0.9404761904761905,0.388235294117647,1.0,1.0,1.0,4.841288836001315,4.841288836001315,6.449985425993424e-07,True,0.9999993550014574,,,0.33782049854729285,0.30201522951480003,0.86,867.94,,
60,Fixed Delta 2.0,2.0,,,"For professors, publishing in elite journals is an unavoidable part of university life. The grueling process of subjecting work to the up-or-down judgment of credentialed scholarly peers has been a cornerstone of academic culture since at least the mid-20","th century. The university termology and postgraduate curriculum that was invented to cater to academic careers got a lot better, while the MIT Media Lab's ""Master's in Media and Culture"" program became more oriented toward scholarly publications.

While the MIT Media Lab's ""Master's in Media and Culture"" program became more oriented toward scholarly publications, the MIT Media Lab's ""Master's in Media and Culture"" program became more focused on scholarly publications. The Harvard Crimson's ""Master's in Media",99,74,0.7474747474747475,11.431099407757491,1.4619162413214889e-30,Watermarked,1.0,76,0.4868421052631579,0.5866666666666667,0.513157894736842,2.0,2.0,2.0,8.899737127354905,8.899737127354905,2.79895548229526e-19,True,1.0,,,0.2831020401558388,0.4590582986362278,0.7,969.97,,
60,Fixed Delta 3.0,3.0,,,"For professors, publishing in elite journals is an unavoidable part of university life. The grueling process of subjecting work to the up-or-down judgment of credentialed scholarly peers has been a cornerstone of academic culture since at least the mid-20","th Century when most publications appeared in top academic journals on campus, whether in an undergraduate textbook, a grant, or a book. The practice of publishing articles in these media became more common during the Cold War and the rise of the freedom and the right to make decisions that might affect academic credibility, among others.”

Edward S. Alegrini

Peter Siegel-Pechenson

Though the emergence of the publishing world in the 1980s and the resurgence of",99,77,0.7777777777777778,12.127410031580283,3.7801435720337223e-34,Watermarked,1.0,76,0.75,0.96,0.25,3.0,3.0,3.0,13.544175879275823,13.544175879275823,4.288554585997533e-42,True,1.0,,,0.3170538775616513,0.279011846256908,0.82,805.46,,
60,Current Adaptive Delta,adaptive,0.5,3.0,"For professors, publishing in elite journals is an unavoidable part of university life. The grueling process of subjecting work to the up-or-down judgment of credentialed scholarly peers has been a cornerstone of academic culture since at least the mid-20","th century. The university termology and post-graduate courses, combined with the demands of the rapidly growing academic population, makes the publication industry one of the most dynamic and conducive conditions for academic writing to flourish.

However, what is most important as a result of the growing academic population has become dependent upon the growing number of academic journals. A major part of the growing academic population has turned into a small business, which means it may take years for publication and for more journal owners to find a",99,70,0.7070707070707071,10.502685242660437,4.197862382006365e-26,Watermarked,1.0,89,0.651685393258427,0.8863636363636364,0.348314606741573,1.961110235452652,1.6180340051651,2.5532407760620117,10.419690346934672,10.419690346934672,1.0080425661220079e-25,True,1.0,,,0.32685092927865883,0.2965459261462092,0.86,792.68,,
60,CA-KL,kl_adaptive,,3.0,"For professors, publishing in elite journals is an unavoidable part of university life. The grueling process of subjecting work to the up-or-down judgment of credentialed scholarly peers has been a cornerstone of academic culture since at least the mid-20","th century. The university termology and postgraduate curriculum that was invented to cater to academic careers got a lot better, while the MIT Media Lab's ""Master's in Media and Culture"" program became more oriented toward scholarly publications.

While the MIT Media Lab's ""Master's in Media and Culture"" program became more oriented toward scholarly publications, the MIT Modern Library Project wasn't as successful. The New York Times called it an ""anti-aesthetic"" program and the Washington Post called it",99,72,0.7272727272727273,10.966892325208963,2.756746498559108e-28,Watermarked,1.0,78,0.6282051282051282,0.7662337662337663,0.3717948717948718,,,,,,,,,0.3933265494529928,2.439425811767578,0.3133121994846035,0.35068240553686336,1.0,50265.0,,0.5
60,CA-KL + Weighted Detector,kl_adaptive,,3.0,"For professors, publishing in elite journals is an unavoidable part of university life. The grueling process of subjecting work to the up-or-down judgment of credentialed scholarly peers has been a cornerstone of academic culture since at least the mid-20","th century. The university termology and postgraduate curriculum that was invented to cater to academic careers got a lot better, while the MIT Media Lab's ""Master's in Media and Culture"" program became more oriented toward scholarly publications.

While the MIT Media Lab's ""Master's in Media and Culture"" program became more oriented toward scholarly publications, the MIT Modern Library Project wasn't as successful. The New York Times called it an ""anti-aesthetic"" program and the Washington Post called it",99,72,0.7272727272727273,10.966892325208963,2.756746498559108e-28,Watermarked,1.0,78,0.6282051282051282,0.7662337662337663,0.3717948717948718,,,,9.543687826538708,9.543687826538708,6.89207325872029e-22,True,1.0,0.3933265494529928,2.439425811767578,0.3133121838247117,0.3506824082129242,1.0,50265.0,,0.5
60,CA-KL + Candidate Greenlist,kl_adaptive,,3.0,"For professors, publishing in elite journals is an unavoidable part of university life. The grueling process of subjecting work to the up-or-down judgment of credentialed scholarly peers has been a cornerstone of academic culture since at least the mid-20","th century. The university termology and postgraduate curriculum that was invented to cater to academic careers got a lot better, while the MIT Media Lab got more uninteresting. Back when publications were established as peer-to-peer collaborative papers, editors—and many of those editors—were only concerned about the quality of work and the content on which the work was based. Today, that makes for lousy collegiate publications. Editors are increasingly concerned about content on which the work has not been critiqued or",99,69,0.696969696969697,10.270581701386172,4.781315307935896e-25,Watermarked,1.0,84,0.7023809523809523,0.9397590361445783,0.29761904761904767,,,,11.84425170766032,11.84425170766032,1.1523312003553935e-32,True,1.0,0.4517453150458554,2.3407516479492188,0.33453066782441027,0.2779219050332904,0.87,936.39,0.95,0.5
60,CA-KL + Candidate Greenlist + Weighted/WinMax,kl_adaptive,,3.0,"For professors, publishing in elite journals is an unavoidable part of university life. The grueling process of subjecting work to the up-or-down judgment of credentialed scholarly peers has been a cornerstone of academic culture since at least the mid-20","th century. The university termology and postgraduate curriculum that was invented to cater to academic careers got a lot better, while the MIT Media Lab got more uninteresting. Back when publications were established as peer-reviewed journals for the widest possible audience, it was customary to publish a book, or two, on a subject in a particular academic fashion. But it’s now almost as convenient and satisfying for anyone else to read an entire academic book. The shortage of academic journals has become even more",99,59,0.5959595959595959,7.949546288643535,9.359791413521555e-16,Watermarked,0.9999999999999991,86,0.7558139534883721,1.0,0.2441860465116279,,,,11.14965742253577,11.14965742253577,3.5941289723966995e-29,True,1.0,0.43943976746219165,1.970698699951172,0.34111749366205113,0.22780423426069318,0.89,809.51,0.95,0.5
61,No Watermark,,,,Adweek: So what’s a digital-media tyro like you doing at a fusty old-media company like CBS? Jim Lanzone: I don’t really think of it that way at all. People think," of me as a freelancer or a pundit on TV, and they think of me as a blogger, but I don’t really think of it that way. It’s just about the way I work. I think about the media as a whole. It’s not about the numbers. It’s about the stories. I don’t think about it in terms of the numbers. I think about it as a way for me to connect with the people",99,24,0.24242424242424243,-0.17407765595569785,0.5690977834754946,Human/Unwatermarked,0.0,80,0.475,0.7721518987341772,0.525,,,,-0.2559547517807969,1.9834198478925114,0.6010071117365303,False,0.0,,,0.22178080495668373,0.3819153028540313,0.77,266.05,,
61,Fixed Delta 1.0,1.0,,,Adweek: So what’s a digital-media tyro like you doing at a fusty old-media company like CBS? Jim Lanzone: I don’t really think of it that way at all. People think, that they’re making a movie deal. I don’t think that they’re doing anything at all. I think they’re making movies that will sell. I don’t think that they’re making a movie deal. I think that they’re making movies that will sell. I don’t think that they’re making movies that will sell. I don’t think that they’re making movies that will sell,99,64,0.6464646464646465,9.110063995014853,4.116669580158606e-20,Watermarked,1.0,72,0.25,0.323943661971831,0.75,1.0,1.0,1.0,5.280314163753653,5.280314163753653,6.44812838516768e-08,True,0.9999999355187161,,,0.12888985371285777,0.6369586425088346,0.48,70.41,,
61,Fixed Delta 2.0,2.0,,,Adweek: So what’s a digital-media tyro like you doing at a fusty old-media company like CBS? Jim Lanzone: I don’t really think of it that way at all. People think," that they’re making the right deal by broadcasting video, and they’re getting a good deal by broadcasting information. I don’t think that kind of digital-media deal works. I don’t think it’s the right way. I think it’s really a way of thinking with the right amount of investment, and then you do a lot of things well. I don’t think people understand that if you do a lot of things well",99,65,0.6565656565656566,9.342167536289118,4.719090681074502e-21,Watermarked,1.0,79,0.5189873417721519,0.7564102564102564,0.4810126582278481,2.0,2.0,2.0,8.687939055488126,8.687939055488126,1.845368410823844e-18,True,1.0,,,0.2433370441595036,0.44793731041252616,0.77,325.18,,
61,Fixed Delta 3.0,3.0,,,Adweek: So what’s a digital-media tyro like you doing at a fusty old-media company like CBS? Jim Lanzone: I don’t really think of it that way at all. People think," that they’re making the right deal by broadcasting video, whether they’re getting a good deal or not, because it’s really a business decision. If there’s some kind of monopoly going on, that might be fair, because it’s really a business decision.”

YOU MAY ALSO LIKE: “THE END ISURE: ’94‘s Final Cut‘ Is Now a Video Film

So is it good enough",99,75,0.7575757575757576,11.663202949031755,9.825423209116168e-32,Watermarked,1.0,67,0.7014925373134329,0.8939393939393939,0.29850746268656714,3.0,3.0,3.0,12.441552559301794,12.441552559301794,7.772631437374521e-36,True,1.0,,,0.27620335751632835,0.40940950497984885,0.77,697.48,,
61,Current Adaptive Delta,adaptive,0.5,3.0,Adweek: So what’s a digital-media tyro like you doing at a fusty old-media company like CBS? Jim Lanzone: I don’t really think of it that way at all. People think," that they’re making the right deal by broadcasting video, and they’re getting a good deal by broadcasting information. I don’t think that kind of digital-media deal works. I don’t think it’s the right way. I think it’s really a way of thinking about it. I don’t think it’s really where we’re headed. I don’t think we’re headed in this",99,63,0.6363636363636364,8.87796045374059,3.4048719575050004e-19,Watermarked,1.0,71,0.49295774647887325,0.7142857142857143,0.5070422535211268,1.774547004699707,1.6180340051651,2.406177520751953,8.153161812580219,8.153161812580219,1.7726536675749216e-16,True,0.9999999999999998,,,0.2011225927127241,0.48192436384037135,0.7,218.53,,
61,CA-KL,kl_adaptive,,3.0,Adweek: So what’s a digital-media tyro like you doing at a fusty old-media company like CBS? Jim Lanzone: I don’t really think of it that way at all. People think," that they’re making the right deal by broadcasting video, and they’re getting a good deal by broadcasting information. I don’t think that kind of digital-media deal works. I don’t think it’s the right way. I think it’s really a way of thinking with the right amount of investment, and then you do a lot of things well. I don’t think that digital-media deal works. I don’",99,66,0.6666666666666666,9.574271077563381,5.1289159954110675e-22,Watermarked,1.0,75,0.5066666666666667,0.7432432432432432,0.4933333333333333,,,,,,,,,0.3588913223424692,2.531840057373047,0.23305346864724916,0.34479375175490534,1.0,50265.0,,0.5
61,CA-KL + Weighted Detector,kl_adaptive,,3.0,Adweek: So what’s a digital-media tyro like you doing at a fusty old-media company like CBS? Jim Lanzone: I don’t really think of it that way at all. People think," that they’re making the right deal by broadcasting video, and they’re getting a good deal by broadcasting information. I don’t think that kind of digital-media deal works. I don’t think it’s the right way. I think it’s really a way of thinking with the right amount of investment, and then you do a lot of things well. I don’t think that digital-media deal works. I don’",99,66,0.6666666666666666,9.574271077563381,5.1289159954110675e-22,Watermarked,1.0,75,0.5066666666666667,0.7432432432432432,0.4933333333333333,,,,8.700082784112164,8.700082784112164,1.6582107567366344e-18,True,1.0,0.3588913223424692,2.531840057373047,0.23305347536214183,0.34479380318965924,1.0,50265.0,,0.5
61,CA-KL + Candidate Greenlist,kl_adaptive,,3.0,Adweek: So what’s a digital-media tyro like you doing at a fusty old-media company like CBS? Jim Lanzone: I don’t really think of it that way at all. People think," that they’re making the right deal by broadcasting video, and they’re getting a good deal by broadcasting information. I don’t think that we are ever going to make this deal. I don’t think we are ever going to make this deal. I don’t think we are ever going to make this deal with anybody. I don’t think we are ever going to make it any kind of this way, or we are ever going to make",99,70,0.7070707070707071,10.502685242660437,4.197862382006365e-26,Watermarked,1.0,82,0.4146341463414634,0.5185185185185185,0.5853658536585367,,,,9.66517833692049,9.66517833692049,2.1194049710204835e-22,True,1.0,0.3178853024322062,2.638293914794922,0.1853493995983857,0.5230770318489522,0.64,170.22,0.95,0.5
61,CA-KL + Candidate Greenlist + Weighted/WinMax,kl_adaptive,,3.0,Adweek: So what’s a digital-media tyro like you doing at a fusty old-media company like CBS? Jim Lanzone: I don’t really think of it that way at all. People think," that they’re making the right deal by broadcasting video, and they’re getting a good deal by broadcasting information. I don’t think that we are ever going to make this deal. I don’t think we are ever going to make this deal. I don’t think we are ever going to make this deal. I don’t think we are ever going to make this deal. I don’t think we are ever going to make this",99,69,0.696969696969697,10.270581701386172,4.781315307935896e-25,Watermarked,1.0,80,0.325,0.3924050632911392,0.675,,,,8.526503325834877,8.526503325834877,7.54189212430108e-18,True,1.0,0.23345683364398942,1.31255859375,0.15853700191407188,0.5803672182746231,0.53,129.77,0.95,0.5
62,No Watermark,,,,"After rebranding from beverages to a blockchain company, Long Blockchain says it is refocusing yet again and launching operations related to gift cards, as well as naming a new CEO. The Farmingdale-based firm said it has formed a new subsidiary"," to focus on financial services and blockchain applications.

“We are transforming our business, focusing on financial services, while also launching a new business focused on gift cards,” said Steve Givan, CEO of Long Blockchain.

Long Blockchain’s reported revenue of $20.2 million for fiscal year 2017 was up 5% from $15.1 million in fiscal 2016 but down 16% from $9.3 million in fiscal 2017.

The company said it",99,20,0.20202020202020202,-1.102491821052753,0.8648760438384763,Human/Unwatermarked,0.0,71,0.7605633802816901,0.9285714285714286,0.23943661971830987,,,,-0.6601926989626961,0.2983227234034506,0.7454349115187832,False,0.0,,,0.2326693116080101,0.3236636967584491,0.76,292.45,,
62,Fixed Delta 1.0,1.0,,,"After rebranding from beverages to a blockchain company, Long Blockchain says it is refocusing yet again and launching operations related to gift cards, as well as naming a new CEO. The Farmingdale-based firm said it has formed a new subsidiary"," to focus more on cryptocurrency and blockchain applications. The company said, “The company is focused on executing on our digital transformation strategy and has already launched a lot of new initiatives related to gift cards and blockchain in the last year.”

Long Blockchain’s reported revenue of $20.2 million for fiscal year 2017 ended December 31, 2017, includes a total of 16,712 gift cards. The company said it has a total of 2,812 cards and 6,7",99,47,0.47474747474747475,5.164303793352369,1.2066773532761895e-07,Watermarked,0.9999998793322646,80,0.6625,0.8987341772151899,0.3375,1.0,1.0,1.0,5.49060484127501,5.49060484127501,2.0027981700456566e-08,True,0.9999999799720183,,,0.2904393438708972,0.29702361197210847,0.84,436.6,,
62,Fixed Delta 2.0,2.0,,,"After rebranding from beverages to a blockchain company, Long Blockchain says it is refocusing yet again and launching operations related to gift cards, as well as naming a new CEO. The Farmingdale-based firm said it has formed a new subsidiary"," to focus more on cryptocurrency and blockchain-related services.

""We believe we are a pioneer in the area of cryptocurrency and blockchain-related solutions. Our vision is simply to provide customer support as we develop and launch new products and services,"" the company said in a statement.

""As a result, we are now officially partnering with Long Blockchain and the other co-founders, and will invest in an investment in an investment platform. We believe we are not only modernizing the company",99,62,0.6262626262626263,8.645856912466327,2.6701500224408945e-18,Watermarked,1.0,82,0.6219512195121951,0.8765432098765432,0.3780487804878049,2.0,2.0,2.0,9.500027328714273,9.500027328714273,1.0491761262686053e-21,True,1.0,,,0.2718541085595596,0.27341289098840205,0.88,397.49,,
62,Fixed Delta 3.0,3.0,,,"After rebranding from beverages to a blockchain company, Long Blockchain says it is refocusing yet again and launching operations related to gift cards, as well as naming a new CEO. The Farmingdale-based firm said it has formed a new subsidiary"," to focus more on cryptocurrency projects. The company also recently announced that it has sold two shares in an exchange, which had been acquired by a Toronto-based banks as part of the transaction. The company said it is also changing roles to focus more on cryptocurrency projects. The company said it has set up an investment advisory division for its cryptocurrency projects. The company said several other co-opting platforms, including Bitstamps, are in advanced stages of development, which has led to more global adoption as",99,83,0.8383838383838383,13.520031279225865,5.956256913599852e-42,Watermarked,1.0,87,0.6666666666666666,0.8255813953488372,0.33333333333333337,3.0,3.0,3.0,12.56576633778341,12.56576633778341,1.6285188471061373e-36,True,1.0,,,0.29744036990087,0.295824063802138,0.91,613.17,,
62,Current Adaptive Delta,adaptive,0.5,3.0,"After rebranding from beverages to a blockchain company, Long Blockchain says it is refocusing yet again and launching operations related to gift cards, as well as naming a new CEO. The Farmingdale-based firm said it has formed a new subsidiary"," to focus more on cryptocurrency and blockchain applications, which the pandemic has made complex and unpredictable, creating a ""digital disruption that makes it difficult to keep up.""
""As a blockchain company, we are constantly striving to make our technology a better experience for users,"" Long Blockchain reported in a blog post announcing the new appointment and a launch of the company's new subsidiary.
""As a blockchain company, we are constantly striving to make our technology a better experience for users,"" Long Blockchain noted.
",99,62,0.6262626262626263,8.645856912466327,2.6701500224408945e-18,Watermarked,1.0,83,0.6144578313253012,0.7804878048780488,0.3855421686746988,1.8391079926490783,1.6180340051651,2.4128198623657227,9.722110286692079,9.722110286692079,1.2134930232835459e-22,True,1.0,,,0.24644530642624363,0.37961600901558995,0.79,363.52,,
62,CA-KL,kl_adaptive,,3.0,"After rebranding from beverages to a blockchain company, Long Blockchain says it is refocusing yet again and launching operations related to gift cards, as well as naming a new CEO. The Farmingdale-based firm said it has formed a new subsidiary"," to focus more on cryptocurrency and blockchain-related services.

""We believe we are a pioneer in the area of blockchain-related services,"" the company said in an email, adding that the company is looking for more members of the business team ""who are eager to learn about our technology and the potential impact of blockchain-related services on our company.""

Long Blockchain said it has launched a ""Search & Order"" service for gift card holders who would like to order a gift card through Long",99,70,0.7070707070707071,10.502685242660437,4.197862382006365e-26,Watermarked,1.0,84,0.6071428571428571,0.9156626506024096,0.3928571428571429,,,,,,,,,0.4526499957987505,2.398076477050781,0.2729629428100475,0.2876536142267287,1.0,50265.0,,0.5
62,CA-KL + Weighted Detector,kl_adaptive,,3.0,"After rebranding from beverages to a blockchain company, Long Blockchain says it is refocusing yet again and launching operations related to gift cards, as well as naming a new CEO. The Farmingdale-based firm said it has formed a new subsidiary"," to focus more on cryptocurrency and blockchain-related services.

""We believe we are a pioneer in the area of blockchain-related services,"" the company said in an email, adding that the company is looking for more members of the business team ""who are eager to learn about our technology and the potential impact of blockchain-related services on our company.""

Long Blockchain said it has launched a ""Search & Order"" service for gift card holders who would like to order a gift card through Long",99,70,0.7070707070707071,10.502685242660437,4.197862382006365e-26,Watermarked,1.0,84,0.6071428571428571,0.9156626506024096,0.3928571428571429,,,,10.508625030351578,10.508625030351578,3.941725211536772e-26,True,1.0,0.4526499957987505,2.398076477050781,0.27296295753647143,0.2876536580035463,1.0,50265.0,,0.5
62,CA-KL + Candidate Greenlist,kl_adaptive,,3.0,"After rebranding from beverages to a blockchain company, Long Blockchain says it is refocusing yet again and launching operations related to gift cards, as well as naming a new CEO. The Farmingdale-based firm said it has formed a new subsidiary"," to focus more on cryptocurrency and blockchain-related projects.

""We believe that the long-standing vision of blockchain-focused and blockchain-enabled enterprises, which have enabled many of the real-time payments and activation for retail, restaurant, retail, foodservice, and Internet of Things (IoT) services and products,"" Long Blockchain said in its statement.

""As one of the leading enterprises, we are focused on creating a strong, innovative, and scalable, global enterprise software",99,66,0.6666666666666666,9.574271077563381,5.1289159954110675e-22,Watermarked,1.0,72,0.7222222222222222,0.971830985915493,0.2777777777777778,,,,11.632370313764964,11.632370313764964,1.4107613462983897e-31,True,1.0,0.42163926249173794,2.4013325500488283,0.2829945199223415,0.3209128007828258,0.83,407.54,0.95,0.5
62,CA-KL + Candidate Greenlist + Weighted/WinMax,kl_adaptive,,3.0,"After rebranding from beverages to a blockchain company, Long Blockchain says it is refocusing yet again and launching operations related to gift cards, as well as naming a new CEO. The Farmingdale-based firm said it has formed a new subsidiary"," to focus on business development, acquisitions and acquisitions.

""As for gift cards, our team is looking to relocate to the U.S., enabling us to focus on business development, which should lead to more activation for our current clients,"" Long Blockchain said in a statement. The company said it has also established partnerships with major retailers, fashion brands and businesses. The company said it has launched a ""Search & Buy"" service for gift cards and a ""Purchase & Sell"" service for",99,67,0.6767676767676768,9.806374618837644,5.2848962805356706e-23,Watermarked,1.0,79,0.6582278481012658,0.8589743589743589,0.3417721518987342,,,,11.319989525215583,11.319989525215583,5.224220210070755e-30,True,1.0,0.3906229339760439,1.9021586608886718,0.28621705511414075,0.2999212421034463,0.82,533.02,0.95,0.5
63,No Watermark,,,,A live events and bespoke creative technical solutions company based in Loughborough is seeking a technical project manager to join their growing production team. You may currently be working be working as an audio-visual/AV project manager or technical production manager in," the production team.

This is a full-time, full-time job position, with a minimum of 20 hours of working time per week. If you are looking for a full-time, full-time role, please email your resume to [email protected] or contact us directly at (617) 738-3553.

The company has a strong focus on delivering outstanding customer service. We offer a wide variety of products and services including:

Business & Industry
",99,35,0.35353535353535354,2.379061298061204,0.008678394706350628,Human/Unwatermarked,0.0,72,0.7916666666666666,0.9295774647887324,0.20833333333333337,,,,1.180406033082924,2.9678376248643348,0.1189193817921197,False,0.0,,,0.2924556297721333,0.33623479038476944,0.81,701.02,,
63,Fixed Delta 1.0,1.0,,,A live events and bespoke creative technical solutions company based in Loughborough is seeking a technical project manager to join their growing production team. You may currently be working be working as an audio-visual/AV project manager or technical production manager in," the production team in order to position ourselves as a leading producer, streamlining the delivery of our services (not to mention all the work that goes on underneath it).

We have large production facilities in the UK and are looking for a talented, creative and technical person to join our team. The project will require you to be able to provide technical support to us in order to optimise our processes and deliver the most effective service possible. The project will also involve providing you with access to the technical",99,35,0.35353535353535354,2.379061298061204,0.008678394706350628,Human/Unwatermarked,0.0,90,0.6777777777777778,0.9550561797752809,0.3222222222222222,1.0,1.0,1.0,3.687053502161127,4.9079355904238255,0.0001134328363255102,False,0.0,,,0.3077304178283173,0.2877371329907328,0.89,525.53,,
63,Fixed Delta 2.0,2.0,,,A live events and bespoke creative technical solutions company based in Loughborough is seeking a technical project manager to join their growing production team. You may currently be working be working as an audio-visual/AV project manager or technical production manager in," the production environment, or you can apply for this role via our application.

The company has created a rich digital content library and a robust production environment, which is well suited for large organisations as they need to manage their content with a lot of freedom and flexibility. You will be working with various project teams to manage their production content with ease, so you’ll be working with some really dynamic teams that you’ll be working with. The company has developed a great global reputation for",99,65,0.6565656565656566,9.342167536289118,4.719090681074502e-21,Watermarked,1.0,88,0.6477272727272727,0.8620689655172413,0.3522727272727273,2.0,2.0,2.0,9.524744149043647,9.524744149043647,8.272448106993911e-22,True,1.0,,,0.31533690824482025,0.25348816061392426,0.93,447.71,,
63,Fixed Delta 3.0,3.0,,,A live events and bespoke creative technical solutions company based in Loughborough is seeking a technical project manager to join their growing production team. You may currently be working be working as an audio-visual/AV project manager or technical production manager in," production settings, or work as a technical project manager on your own. You are ideally responsible for creating and overseeing all digital content at each venue, helping to deliver and share digital content with customer groups as they prepare for and interact with it. You will need:• Knowledge within Visual and Audio/Audio Mixing’ industry standard with at least 4-6 years of experience in digital content (at least 4-6 years)

You will understand and develop creative application concepts. You have demonstrated",99,81,0.8181818181818182,13.055824196677339,2.943472539265963e-39,Watermarked,1.0,83,0.7228915662650602,0.9024390243902439,0.27710843373493976,3.0,3.0,3.0,13.820603508460875,13.820603508460875,9.572896895102612e-44,True,1.0,,,0.30602334753314586,0.23309026414295658,0.91,604.66,,
63,Current Adaptive Delta,adaptive,0.5,3.0,A live events and bespoke creative technical solutions company based in Loughborough is seeking a technical project manager to join their growing production team. You may currently be working be working as an audio-visual/AV project manager or technical production manager in," the production environment, or you can apply for this role via our application.

The company has created a rich digital content library and a robust production environment, which is well suited for large organisations as they need to manage their content with high quality tools. A range of solutions including video, audio, sound,‘video production’, video editing, 3D, 3D production, videography and animation, are being offered. The project manager role is available from the first day of work",99,67,0.6767676767676768,9.806374618837644,5.2848962805356706e-23,Watermarked,1.0,78,0.7692307692307693,0.987012987012987,0.23076923076923073,1.9637780141830445,1.6180340051651,2.453927516937256,10.119123622270704,10.119123622270704,2.2723327260586823e-24,True,1.0,,,0.33776608614641096,0.2540945465862751,0.95,701.07,,
63,CA-KL,kl_adaptive,,3.0,A live events and bespoke creative technical solutions company based in Loughborough is seeking a technical project manager to join their growing production team. You may currently be working be working as an audio-visual/AV project manager or technical production manager in," the production environment, or you can apply for this role for an existing role at another company. The company offers technical digital solutions across multiple digital product lines. If you are a journalist or other creative professional with strong technical skills and a desire to learn, be prepared to apply. Please update with the position and start applying for this job with the current technical candidate.

What you do as a technical consultant:

You will work with audio-visual/AV team members, artists, designers and",99,70,0.7070707070707071,10.502685242660437,4.197862382006365e-26,Watermarked,1.0,85,0.7058823529411765,0.9761904761904762,0.2941176470588235,,,,,,,,,0.4705658967674928,2.2753546142578127,0.31190504816766046,0.251572987268446,1.0,50265.0,,0.5
63,CA-KL + Weighted Detector,kl_adaptive,,3.0,A live events and bespoke creative technical solutions company based in Loughborough is seeking a technical project manager to join their growing production team. You may currently be working be working as an audio-visual/AV project manager or technical production manager in," the production environment, or you can apply for this role for an existing role at another company. The company offers technical digital solutions across multiple digital product lines. If you are a journalist or other creative professional with strong technical skills and a desire to learn, be prepared to apply. Please update with the position and start applying for this job with the current technical candidate.

What you do as a technical consultant:

You will work with audio-visual/AV team members, artists, designers and",99,70,0.7070707070707071,10.502685242660437,4.197862382006365e-26,Watermarked,1.0,85,0.7058823529411765,0.9761904761904762,0.2941176470588235,,,,10.968091422244104,10.968091422244104,2.7204369402937843e-28,True,1.0,0.4705658967674928,2.2753546142578127,0.31190508980118875,0.25157302770763634,1.0,50265.0,,0.5
63,CA-KL + Candidate Greenlist,kl_adaptive,,3.0,A live events and bespoke creative technical solutions company based in Loughborough is seeking a technical project manager to join their growing production team. You may currently be working be working as an audio-visual/AV project manager or technical production manager in," the production environment, or you can apply to join on-site and apply to move to an office (not necessarily a studio location) where you could be working with some of our talented creative people as they prepare for production. The project is based at The Gallery, with offices in Belfast, London and Cambridge.”

You will be working on special projects in an outdoor environment with some of our team’s key contributors, looking for creative solutions to help you fulfil your ambitions in this",99,68,0.6868686868686869,10.038478160111909,5.162741433689114e-24,Watermarked,1.0,85,0.7058823529411765,0.9404761904761905,0.2941176470588235,,,,12.457384089522593,12.457384089522593,6.374201830729993e-36,True,1.0,0.47410014699104464,2.319630889892578,0.32184883389205976,0.25254540259018543,0.95,640.95,0.95,0.5
63,CA-KL + Candidate Greenlist + Weighted/WinMax,kl_adaptive,,3.0,A live events and bespoke creative technical solutions company based in Loughborough is seeking a technical project manager to join their growing production team. You may currently be working be working as an audio-visual/AV project manager or technical production manager in," the production environment, or you can apply to join on-site and apply to move to an office (not necessarily a studio location) where you could be working with some of our talented creative people as they prepare for production. The project is based at The Gallery, with offices in Belfast, London, and New York. The project is based at the Gallery’s small outdoor venue, situated in an enclosed space, which creates an intimate working environment and creates collaborative, creative, and global learning experiences",99,63,0.6363636363636364,8.87796045374059,3.4048719575050004e-19,Watermarked,1.0,85,0.7058823529411765,0.9166666666666666,0.2941176470588235,,,,11.727782561602943,11.727782561602943,4.591648041864493e-32,True,1.0,0.4627280766863389,2.0963768005371093,0.33860043563379005,0.23790949875488876,0.94,807.35,0.95,0.5
64,No Watermark,,,,"Noel Gallo, an organ builder who designed a new organ at Xewkija parish church and Paolo Oreni, an international organist from Italy, gave a two-hour masterclass to organists and other musicians at the church"," in May. The community event was about how to make organ, and how to create music that resonates with people.
""These two people are key players in the community,"" said Francesca Giorgio, organist at the church. ""They are the ones who create these great music that gives people a way to be with their faith, so they don't have to do anything.""
Giorgio, the organist of the Italian church, is well known for her work in the",99,21,0.21212121212121213,-0.8703882797784892,0.807955875263074,Human/Unwatermarked,0.0,77,0.6753246753246753,0.9473684210526315,0.3246753246753247,,,,-0.6105142872801924,0.9644190153803722,0.7292394089902682,False,0.0,,,0.3133109731202981,0.21348212932469324,0.91,617.16,,
64,Fixed Delta 1.0,1.0,,,"Noel Gallo, an organ builder who designed a new organ at Xewkija parish church and Paolo Oreni, an international organist from Italy, gave a two-hour masterclass to organists and other musicians at the church"," in May. The community event was about discovering Christ on the altar and the organ was designed by architect and designer Oreni.

“This is about understanding God,” Gallo said. “I wanted it to be a one-day workshop.”

Gallo said he chose to build the organ with the help of his mother, who had been a church organist since she was a baby. “I wanted it to have a modern feel,�",99,50,0.5050505050505051,5.86061441717516,2.305788288019096e-09,Watermarked,0.9999999976942117,71,0.7323943661971831,0.9285714285714286,0.2676056338028169,1.0,1.0,1.0,4.777121879323264,4.777121879323264,8.891100131028069e-07,True,0.9999991108899869,,,0.27378792274682057,0.37025416671298444,0.82,548.82,,
64,Fixed Delta 2.0,2.0,,,"Noel Gallo, an organ builder who designed a new organ at Xewkija parish church and Paolo Oreni, an international organist from Italy, gave a two-hour masterclass to organists and other musicians at the church"," in May. The church is also the site of the first production of the organ of the choir, which is scheduled to be performed at 10 a.m. on May 26. The organ is named after his father, Francisco Gallo.

""He made me understand that these are special moments in my life when I learnt what it means to be part of the Church of the Holy Spirit,"" said Gallo, the organ maker from Graz. ""He has not only given me the material",99,57,0.5757575757575758,7.4853392060950075,3.5681289972117485e-14,Watermarked,0.9999999999999644,83,0.6987951807228916,0.9024390243902439,0.3012048192771084,2.0,2.0,2.0,9.45815591246777,9.45815591246777,1.5671084864399429e-21,True,1.0,,,0.2988131371691481,0.2983447250444442,0.89,701.36,,
64,Fixed Delta 3.0,3.0,,,"Noel Gallo, an organ builder who designed a new organ at Xewkija parish church and Paolo Oreni, an international organist from Italy, gave a two-hour masterclass to organists and other musicians at the church"," this weekend in support of the initiative.
Gallo’s presentation featured works performed at local parishes by Bach, Chord, Louvre, Madonna, and the Xewkija Synagogues as well by other church organists, as well as by scores of church organists, composers, artists, artists with tastes and tastes of classical music such as Bach, Vell and Brahms.
Gallo’s presentation also covered pieces by Bach, Chord, Lou",99,70,0.7070707070707071,10.502685242660437,4.197862382006365e-26,Watermarked,1.0,65,0.6615384615384615,0.90625,0.3384615384615385,3.0,3.0,3.0,11.899957763373719,11.899957763373719,5.9203533426535264e-33,True,1.0,,,0.2646426054214685,0.3891606303327717,0.7,851.44,,
64,Current Adaptive Delta,adaptive,0.5,3.0,"Noel Gallo, an organ builder who designed a new organ at Xewkija parish church and Paolo Oreni, an international organist from Italy, gave a two-hour masterclass to organists and other musicians at the church"," in May. The church is also the site of the first production of the organ of the choir, which is scheduled to be performed at 10 a.m. on May 26.

Oreni is scheduled to perform at 8 a.m. on May 26. The church, which has been converted to a concert hall and a walled city, is located at 857 Old Turkat in Risol, which is also the site of the first production of the choir, which is",99,59,0.5959595959595959,7.949546288643535,9.359791413521555e-16,Watermarked,0.9999999999999991,79,0.4936708860759494,0.717948717948718,0.5063291139240507,1.9053649234771728,1.6180340051651,2.469961166381836,9.469679217434543,9.469679217434543,1.403521962622712e-21,True,1.0,,,0.2938750894139473,0.35298152728937565,0.83,756.92,,
64,CA-KL,kl_adaptive,,3.0,"Noel Gallo, an organ builder who designed a new organ at Xewkija parish church and Paolo Oreni, an international organist from Italy, gave a two-hour masterclass to organists and other musicians at the church"," in May. The church is also the site where Italian organist Christiana Piccoli died in 2015, but her remains are being preserved at the local cemetery.

Gallo collected 70 pieces of his father's organ at his house in the woods of Italy. He was not, of course, a ""genuine organ player,"" but rather the organ maker himself, who made his own. ""He made an altar out of the organ,"" Gallo says, adding that the organ maker """,99,65,0.6565656565656566,9.342167536289118,4.719090681074502e-21,Watermarked,1.0,76,0.6973684210526315,0.96,0.3026315789473685,,,,,,,,,0.46157001989563656,2.3309664916992188,0.32373460384199104,0.2218671600491507,1.0,50265.0,,0.5
64,CA-KL + Weighted Detector,kl_adaptive,,3.0,"Noel Gallo, an organ builder who designed a new organ at Xewkija parish church and Paolo Oreni, an international organist from Italy, gave a two-hour masterclass to organists and other musicians at the church"," in May. The church is also the site where Italian organist Christiana Piccoli died in 2015, but her remains are being preserved at the local cemetery.

Gallo collected 70 pieces of his father's organ at his house in the woods of Italy. He was not, of course, a ""genuine organ player,"" but rather the organ maker himself, who made his own. ""He made an altar out of the organ,"" Gallo says, adding that the organ maker """,99,65,0.6565656565656566,9.342167536289118,4.719090681074502e-21,Watermarked,1.0,76,0.6973684210526315,0.96,0.3026315789473685,,,,10.636163301349862,10.636163301349862,1.0114419119254636e-26,True,1.0,0.46157001989563656,2.3309664916992188,0.3237346003382602,0.22186715565796475,1.0,50265.0,,0.5
64,CA-KL + Candidate Greenlist,kl_adaptive,,3.0,"Noel Gallo, an organ builder who designed a new organ at Xewkija parish church and Paolo Oreni, an international organist from Italy, gave a two-hour masterclass to organists and other musicians at the church"," in May. The church is also the site of the first production of the organ of the choir, which is scheduled to be performed at 10,500 spectators this weekend.
Gallo collected 70 pieces of his father's organ at his house in the woods of Italy. He was not invited to perform, but he received permission from the organ wall, which included several books, a red carpet and a red carpet sign.
""It was a great opportunity for me to learn, because I'm not",99,62,0.6262626262626263,8.645856912466327,2.6701500224408945e-18,Watermarked,1.0,84,0.6904761904761905,0.9397590361445783,0.30952380952380953,,,,10.752494415421324,10.752494415421324,2.884014729485132e-27,True,1.0,0.47700564212288793,2.322356414794922,0.3357794214397549,0.2503938873950392,0.94,913.63,0.95,0.5
64,CA-KL + Candidate Greenlist + Weighted/WinMax,kl_adaptive,,3.0,"Noel Gallo, an organ builder who designed a new organ at Xewkija parish church and Paolo Oreni, an international organist from Italy, gave a two-hour masterclass to organists and other musicians at the church"," in May. The church is also the site of the first production of the organ of the choir, which is scheduled for May. The church organ has been in its place for more than 50 years.

""It was a great tribute to the choir,"" said Oreni. ""We were very grateful to him for being with us during the whole process, and for being a great organ builder.""

The choir organ was created by Italian organist Francesco Piccoli, of the",99,66,0.6666666666666666,9.574271077563381,5.1289159954110675e-22,Watermarked,1.0,79,0.6329113924050633,0.8846153846153846,0.36708860759493667,,,,10.18768316651184,10.18768316651184,1.1253193877454148e-24,True,1.0,0.4217922343230741,1.9815838623046875,0.30885323858526087,0.30809362141415475,0.86,759.74,0.95,0.5
65,No Watermark,,,,"The latest report from Violence Policy Center. I find it ironic and sad that the very day an annual report on violence against women was released, a famed pro athlete was kicked off his team for slugging his wife in the face. By now"," some of us would be familiar with the fact that on February 1, 2007, a black man got kicked out of the league due to a lack of sexual assault complaints made against him. The real culprit behind this is the usual suspects – a white male.

I can’t begin to explain this to you, but you’d think that I would have figured out what was going on. But, the more I think about it, the more I realize that the men in this",99,22,0.2222222222222222,-0.6382847385042254,0.73835582764413,Human/Unwatermarked,0.0,85,0.6941176470588235,0.9761904761904762,0.3058823529411765,,,,0.24174520730726207,1.6345455747754638,0.404488798946509,False,0.0,,,0.2909275091338344,0.32197588732466104,0.82,768.39,,
65,Fixed Delta 1.0,1.0,,,"The latest report from Violence Policy Center. I find it ironic and sad that the very day an annual report on violence against women was released, a famed pro athlete was kicked off his team for slugging his wife in the face. By now"," some of us would be shocked to know how many times this kind of behavior has taken place, but I would be willing to bet it has already happened. I have made some pretty good progress in this regard.

However, what is most disturbing is the fact that the reported statistics are not accurate. As a result, they may not be accurate at all. This is especially true with regards to the number of deaths recorded in the first half of this year. There have been 6,764",99,37,0.37373737373737376,2.8432683806097314,0.0022326725999624137,Human/Unwatermarked,0.0,88,0.7386363636363636,0.9885057471264368,0.26136363636363635,1.0,1.0,1.0,3.3519547497151363,3.7172743275689646,0.00040121566594621035,False,0.0,,,0.29677518247965884,0.3066630659950897,0.87,464.48,,
65,Fixed Delta 2.0,2.0,,,"The latest report from Violence Policy Center. I find it ironic and sad that the very day an annual report on violence against women was released, a famed pro athlete was kicked off his team for slugging his wife in the face. By now"," the public is on track to send a better message on the subject. The reality is that violence against women is still widespread in the U.S., even in places where there are laws against it. There are many factors involved in what is happening in America, whether it be poverty or criminal behavior among women. Women are not given the choice between being raped or murdered. Women are not given the choice between being raped or murdered. Women are not given the choice between being raped or murdered. Women are",99,58,0.5858585858585859,7.717442747369271,5.934340569241363e-15,Watermarked,0.9999999999999941,91,0.5274725274725275,0.7333333333333333,0.4725274725274725,2.0,2.0,2.0,9.154898989655294,9.154898989655294,2.7204343345851514e-20,True,1.0,,,0.2552115041266103,0.3084221582207829,0.8,425.71,,
65,Fixed Delta 3.0,3.0,,,"The latest report from Violence Policy Center. I find it ironic and sad that the very day an annual report on violence against women was released, a famed pro athlete was kicked off his team for slugging his wife in the face. By now"," the public is on track to send a better message on the subject. The reality is that the current assault on women is becoming an important part of the criminal justice system. Back in 2010, Michigan Attorney General Pam Bondi led a lawsuit against the state of Michigan for $100 million. It was costly because it’s a small state. A national investigation, led by a woman, turned out that the state of Michigan had been involved in an incident in 2010 when an 81 year old woman,",99,70,0.7070707070707071,10.502685242660437,4.197862382006365e-26,Watermarked,1.0,88,0.6704545454545454,0.9425287356321839,0.3295454545454546,3.0,3.0,3.0,12.3225235719116,12.3225235719116,3.4258058880278004e-35,True,1.0,,,0.3062181764514085,0.2864355871360749,0.82,670.12,,
65,Current Adaptive Delta,adaptive,0.5,3.0,"The latest report from Violence Policy Center. I find it ironic and sad that the very day an annual report on violence against women was released, a famed pro athlete was kicked off his team for slugging his wife in the face. By now"," the public is on track to send a better message on the subject. The reality is that violence against women is still widespread in the U.S., and it is likely that the rise of the #MeToo movement will push people into a deeper connection with the violence that they seek. It is ironic that the report is based on misinformation and that the so-called ""superpowers"" that protect and defend women do not all have the same things that protect and defend men. The world is at an",99,61,0.6161616161616161,8.413753371192062,1.9854759384111046e-17,Watermarked,1.0,89,0.6292134831460674,0.9318181818181818,0.3707865168539326,1.9231923091411591,1.6180340051651,2.524121046066284,10.354926781340781,10.354926781340781,1.9874529122576409e-25,True,1.0,,,0.3059708417714041,0.2802407341077924,0.84,763.74,,
65,CA-KL,kl_adaptive,,3.0,"The latest report from Violence Policy Center. I find it ironic and sad that the very day an annual report on violence against women was released, a famed pro athlete was kicked off his team for slugging his wife in the face. By now"," the public is on track to send a better message on the subject. The reality is that violence against women is still widespread in the U.S., even in places where there are laws against it. There are many factors involved in what is happening in America, whether it be poverty or criminal behavior among women. Women often do not consider the costs, the benefits, or even their safety as a priority. The truth is, mass female violence is still prevalent, and there are real and global repercussions.",99,62,0.6262626262626263,8.645856912466327,2.6701500224408945e-18,Watermarked,1.0,88,0.6704545454545454,0.9655172413793104,0.3295454545454546,,,,,,,,,0.46084953656184446,2.3665003967285156,0.2882544497854849,0.2353513767948607,1.0,50265.0,,0.5
65,CA-KL + Weighted Detector,kl_adaptive,,3.0,"The latest report from Violence Policy Center. I find it ironic and sad that the very day an annual report on violence against women was released, a famed pro athlete was kicked off his team for slugging his wife in the face. By now"," the public is on track to send a better message on the subject. The reality is that violence against women is still widespread in the U.S., even in places where there are laws against it. There are many factors involved in what is happening in America, whether it be poverty or criminal behavior among women. Women often do not consider the costs, the benefits, or even their safety as a priority. The truth is, mass female violence is still prevalent, and there are real and global repercussions.",99,62,0.6262626262626263,8.645856912466327,2.6701500224408945e-18,Watermarked,1.0,88,0.6704545454545454,0.9655172413793104,0.3295454545454546,,,,10.65420134538255,10.65420134538255,8.333453532884358e-27,True,1.0,0.46084953656184446,2.3665003967285156,0.2882544520451655,0.23535131379030644,1.0,50265.0,,0.5
65,CA-KL + Candidate Greenlist,kl_adaptive,,3.0,"The latest report from Violence Policy Center. I find it ironic and sad that the very day an annual report on violence against women was released, a famed pro athlete was kicked off his team for slugging his wife in the face. By now"," the public is on track to send a better message on the subject. The reality is that violence against women is still widespread in the U.S. and it is likely that the latest report will help lead the efforts to end the current epidemic.

Violence against women does not, in fact, result from the man being assaulted, or the man being assaulted, or the man being assaulted, but rather the man being raped or murdered. The domestic violence is well-documented. The statistics for",99,64,0.6464646464646465,9.110063995014853,4.116669580158606e-20,Watermarked,1.0,85,0.6,0.8571428571428571,0.4,,,,11.166674796660315,11.166674796660315,2.9680864434822564e-29,True,1.0,0.43393581851674223,2.3936283874511717,0.29885857243190356,0.30967643900541586,0.89,597.86,0.95,0.5
65,CA-KL + Candidate Greenlist + Weighted/WinMax,kl_adaptive,,3.0,"The latest report from Violence Policy Center. I find it ironic and sad that the very day an annual report on violence against women was released, a famed pro athlete was kicked off his team for slugging his wife in the face. By now"," the public is on track to send a better message on the subject. The reality is that violence against women is still widespread in the U.S., even in places where there are laws against it. There is no doubt about this: If there is one thing the right and left have in common, it is that they need to make it easier for women to speak out.

9 comments:

Anonymous
said...

TIL there was a book about violence against women by Omar",99,49,0.494949494949495,5.628510875900897,9.088602153646789e-09,Watermarked,0.9999999909113978,83,0.6746987951807228,0.9512195121951219,0.32530120481927716,,,,9.129629891329005,9.129629891329005,3.436693506559995e-20,True,1.0,0.36273087186194347,1.6875233459472656,0.2560106332892927,0.29889668483287096,0.74,555.22,0.95,0.5
66,No Watermark,,,,"Meet Google's Robot Army. It's Growing. Google can't stop buying robotics companies. In the past two months, eight of the 12 companies the search giant has acquired have ""robotics"" in their name or descriptions. Here's your"," chance to see what they're doing.
What does this mean for us?
Google started creating robots, but they're not as agile as the first companies they've acquired. There's a bigger problem with these companies. Google's robots are the largest of the four. They can't handle the load of bulky objects and they're not quick enough to train. This is a big problem for Google's robots.
Google has been a pioneer in autonomous vehicles for well over a decade now. But",99,22,0.2222222222222222,-0.6382847385042254,0.73835582764413,Human/Unwatermarked,0.0,80,0.7125,0.9746835443037974,0.2875,,,,-0.3920612127159245,1.0672827504798246,0.6524935071719274,False,0.0,,,0.32638904083837694,0.23223838265053928,0.93,526.7,,
66,Fixed Delta 1.0,1.0,,,"Meet Google's Robot Army. It's Growing. Google can't stop buying robotics companies. In the past two months, eight of the 12 companies the search giant has acquired have ""robotics"" in their name or descriptions. Here's your"," chance to see what it means to be a robot on your own.
The company is also creating a robot team, which will build a robot-powered “user-friendly” real-time product that will help Google improve its search results.
“Google’s robotic arm has become a powerful and versatile tool for marketers,” said John Anderson, vice president of Google Ventures. “Google’s AI-powered machine learning has enabled real-time results for",99,35,0.35353535353535354,2.379061298061204,0.008678394706350628,Human/Unwatermarked,0.0,73,0.7671232876712328,0.9444444444444444,0.23287671232876717,1.0,1.0,1.0,3.4370182105942098,3.4513637832281585,0.0002940780290114809,False,0.0,,,0.3081721531568929,0.32362684011459353,0.82,600.52,,
66,Fixed Delta 2.0,2.0,,,"Meet Google's Robot Army. It's Growing. Google can't stop buying robotics companies. In the past two months, eight of the 12 companies the search giant has acquired have ""robotics"" in their name or descriptions. Here's your"," chance to learn what it takes to make your robots on your own.

Not all robots are created equal. You could create a robot with the right set of skills, but it takes time to learn how to make it on your own.

You need to learn how to make your own. You’re not allowed to make your own robot, or even try, with some people in Silicon Valley. You have to learn how to make your own.

So, where do",99,59,0.5959595959595959,7.949546288643535,9.359791413521555e-16,Watermarked,0.9999999999999991,82,0.5487804878048781,0.7407407407407407,0.4512195121951219,2.0,2.0,2.0,8.4325225059813,8.4325225059813,1.6914635375320363e-17,True,1.0,,,0.26707918584384716,0.34792177615687253,0.81,358.81,,
66,Fixed Delta 3.0,3.0,,,"Meet Google's Robot Army. It's Growing. Google can't stop buying robotics companies. In the past two months, eight of the 12 companies the search giant has acquired have ""robotics"" in their name or descriptions. Here's your"," chance to learn what it takes to make your Internet connection connect with Google.

Google's robot team is expanding its presence. The company has acquired three companies: Amazon.com, Tesla, and SpaceX. The companies will equip Google robots for its own users. The Google robots will include Google search engine algorithms such as Google search engine optimizer, which optimizes your search. The Google robots will include Google search engine optimizer for Android devices, which optimizes your Android apps. The Google robots",99,80,0.8080808080808081,12.823720655403074,6.038172947645047e-38,Watermarked,1.0,81,0.6049382716049383,0.8125,0.3950617283950617,3.0,3.0,3.0,11.487423904895476,11.487423904895476,7.629733900436522e-31,True,1.0,,,0.3022493307179603,0.31840218366356565,0.87,753.54,,
66,Current Adaptive Delta,adaptive,0.5,3.0,"Meet Google's Robot Army. It's Growing. Google can't stop buying robotics companies. In the past two months, eight of the 12 companies the search giant has acquired have ""robotics"" in their name or descriptions. Here's your"," chance to learn what it takes to make your robots on your own.

Not all robots are created equal. You could create a robot with the right set of skills, but it takes time to learn how to make it on your own.

You need to learn how to make your own. You’re not allowed to make your own robot, or even try, with some people in Silicon Valley. You have to learn how to make your own.

So, where do",99,59,0.5959595959595959,7.949546288643535,9.359791413521555e-16,Watermarked,0.9999999999999991,82,0.5487804878048781,0.7407407407407407,0.4512195121951219,1.8585406756401062,1.6180340051651,2.3055832386016846,8.4325225059813,8.4325225059813,1.6914635375320363e-17,True,1.0,,,0.26707918584384716,0.34792177615687253,0.81,358.81,,
66,CA-KL,kl_adaptive,,3.0,"Meet Google's Robot Army. It's Growing. Google can't stop buying robotics companies. In the past two months, eight of the 12 companies the search giant has acquired have ""robotics"" in their name or descriptions. Here's your"," chance to learn what it takes to make your robots on your own.

Not all robots are created equal. You could create a robot with the right set of skills. If you're just starting out, these companies will need you. But you need to be willing to learn. You might need to learn to make your own robots for wall gardens or train your own robots for cars. You might need to learn to make your own robots for people who are physically fit. You might need to learn",99,61,0.6161616161616161,8.413753371192062,1.9854759384111046e-17,Watermarked,1.0,89,0.5617977528089888,0.7386363636363636,0.4382022471910112,,,,,,,,,0.422797751813521,2.4111456298828124,0.28085135198244054,0.29360472689615563,1.0,50265.0,,0.5
66,CA-KL + Weighted Detector,kl_adaptive,,3.0,"Meet Google's Robot Army. It's Growing. Google can't stop buying robotics companies. In the past two months, eight of the 12 companies the search giant has acquired have ""robotics"" in their name or descriptions. Here's your"," chance to learn what it takes to make your robots on your own.

Not all robots are created equal. You could create a robot with the right set of skills. If you're just starting out, these companies will need you. But you need to be willing to learn. You might need to learn to make your own robots for wall gardens or train your own robots for cars. You might need to learn to make your own robots for people who are physically fit. You might need to learn",99,61,0.6161616161616161,8.413753371192062,1.9854759384111046e-17,Watermarked,1.0,89,0.5617977528089888,0.7386363636363636,0.4382022471910112,,,,9.276013114042417,9.276013114042417,8.796947658404104e-21,True,1.0,0.422797751813521,2.4111456298828124,0.2808514113699259,0.2936047129007056,1.0,50265.0,,0.5
66,CA-KL + Candidate Greenlist,kl_adaptive,,3.0,"Meet Google's Robot Army. It's Growing. Google can't stop buying robotics companies. In the past two months, eight of the 12 companies the search giant has acquired have ""robotics"" in their name or descriptions. Here's your"," chance to learn what it's like to be in on the dream.

Not all robots are created equal: robots don't make humans work. Many of the most advanced machines have been in development for years and even come from zero. But the largest and most accurate features that these robots possess are in the form of data. A robot with these insights could help improve our lives, as it learns from our behavior, or it could learn to detect and respond to behavioral behavior.

Robot",99,60,0.6060606060606061,8.181649829917799,1.3999184135288104e-16,Watermarked,0.9999999999999999,85,0.7294117647058823,1.0,0.2705882352941177,,,,11.62442239510538,11.62442239510538,1.5484041292876834e-31,True,1.0,0.46529717334697074,2.290546875,0.3344570467587154,0.24466830790042876,0.91,677.27,0.95,0.5
66,CA-KL + Candidate Greenlist + Weighted/WinMax,kl_adaptive,,3.0,"Meet Google's Robot Army. It's Growing. Google can't stop buying robotics companies. In the past two months, eight of the 12 companies the search giant has acquired have ""robotics"" in their name or descriptions. Here's your"," chance to learn what it's like to be in on the dream.

Not all robots are created equal: robots don't make humans work. Many of the most advanced machines have been in development for years and even come from zero. But the largest and most accurate features that these robots possess are in the form of data. A robot with these insights could help improve our lives, as it learns from our behavior, or it could learn to detect and respond to behavioral behavior.

Robots",99,60,0.6060606060606061,8.181649829917799,1.3999184135288104e-16,Watermarked,0.9999999999999999,85,0.7294117647058823,1.0,0.2705882352941177,,,,11.62442239510538,11.62442239510538,1.5484041292876834e-31,True,1.0,0.44848541008600173,2.033453063964844,0.3344570467587154,0.24466830790042876,0.91,677.27,0.95,0.5
67,No Watermark,,,,"Thorpe of the New York Trucking and Delivery Association says the decision to raise penalties won’t solve the parking crisis. For more than a decade, Ken Thorpe has been a soldier in the fight against parking tickets, which has become"," a serious problem in the city.

But on Wednesday, he says his truck drivers are taking a hard look at their bills and paying too much. “I can’t afford to go back to work every paycheck,” Thorpe said.

Thorpe, who has worked as a truck driver for three years, says he pays $15 an hour for his drivers and $30 a day for the rest of his drivers.

“It is hard to get",99,17,0.1717171717171717,-1.7988024448755444,0.9639750317669002,Human/Unwatermarked,0.0,74,0.7567567567567568,0.9863013698630136,0.2432432432432432,,,,-1.014109147248176,0.3437205693569459,0.8447346631288721,False,0.0,,,0.24537286468506614,0.30820056449621913,0.81,283.02,,
67,Fixed Delta 1.0,1.0,,,"Thorpe of the New York Trucking and Delivery Association says the decision to raise penalties won’t solve the parking crisis. For more than a decade, Ken Thorpe has been a soldier in the fight against parking tickets, which has become"," a serious problem in his hometown.

“The parking situation has become a major issue for me,” said Thorpe. “I’ve had to deal with it for years. It hasn’t made me happy. I’ve had to deal with it in the past for years. I’ve had to deal with it in the past for years.”

He said he’s concerned about drivers not paying attention to the signs",99,47,0.47474747474747475,5.164303793352369,1.2066773532761895e-07,Watermarked,0.9999998793322646,70,0.5571428571428572,0.7391304347826086,0.44285714285714284,1.0,1.0,1.0,4.497462145714088,4.497462145714088,3.4384700007120813e-06,True,0.9999965615299993,,,0.19904366957006192,0.3821199136553332,0.71,177.47,,
67,Fixed Delta 2.0,2.0,,,"Thorpe of the New York Trucking and Delivery Association says the decision to raise penalties won’t solve the parking crisis. For more than a decade, Ken Thorpe has been a soldier in the fight against parking tickets, which has become"," a serious problem in his hometown. He knows how frustrating it is. He gets taken out at the last minute and the parking is a headache, often making him sit and wait for his seat. He is also sometimes in an even less meaningful way than a driver. The problem has prompted Ken Thorpe’s attorney to write a letter to the city asking that the parking rate be raised from the current $3.25 per 1,000 people. The city has not responded. The court settlement",99,68,0.6868686868686869,10.038478160111909,5.162741433689114e-24,Watermarked,1.0,87,0.7471264367816092,0.9767441860465116,0.25287356321839083,2.0,2.0,2.0,10.50328590784655,10.50328590784655,4.17122794676168e-26,True,1.0,,,0.2996305622971223,0.2753424676321447,0.93,509.08,,
67,Fixed Delta 3.0,3.0,,,"Thorpe of the New York Trucking and Delivery Association says the decision to raise penalties won’t solve the parking crisis. For more than a decade, Ken Thorpe has been a soldier in the fight against parking tickets, which has become"," a serious problem for his colleagues in the state.

He and the local trucking association are now calling on state officials to make driving laws stricter. Meanwhile, dozens of car owners in Michigan and Wisconsin say it’s time.

Wisconsin state Assemblymen Dave Gats and John Eberhardt’s bill has passed the Senate 45-35. The move creates 16 new penalties in Michigan and Wisconsin. The 62-year-old parking ticket owner wants drivers to keep the fines",99,77,0.7777777777777778,12.127410031580283,3.7801435720337223e-34,Watermarked,1.0,78,0.782051282051282,0.961038961038961,0.21794871794871795,3.0,3.0,3.0,13.504090341221254,13.504090341221254,7.396480995954987e-42,True,1.0,,,0.29997254309795907,0.2984647735953331,0.88,542.54,,
67,Current Adaptive Delta,adaptive,0.5,3.0,"Thorpe of the New York Trucking and Delivery Association says the decision to raise penalties won’t solve the parking crisis. For more than a decade, Ken Thorpe has been a soldier in the fight against parking tickets, which has become"," a serious problem in his hometown. He knows how frustrating it is.

“The biggest issue I had at that point was that I could not be there and I could not be there with my kids and my wife,” said Thorpe of the parking tickets. “The most frustrating thing was when I went to school I could not be there. I couldn’t stay in school. I couldn’t be there. I could not stay home. I could not",99,55,0.5555555555555556,7.021132123546479,1.100388069780592e-12,Watermarked,0.9999999999988997,79,0.569620253164557,0.782051282051282,0.430379746835443,1.7777388429641723,1.6180340051651,2.3373777866363525,9.26223438243232,9.26223438243232,1.0009907433530797e-20,True,1.0,,,0.22744653316233596,0.32776170648168773,0.84,193.65,,
67,CA-KL,kl_adaptive,,3.0,"Thorpe of the New York Trucking and Delivery Association says the decision to raise penalties won’t solve the parking crisis. For more than a decade, Ken Thorpe has been a soldier in the fight against parking tickets, which has become"," a serious problem in his hometown. He knows how frustrating the situation he has faced as a driver. He said when he gets ticketed at his home in Fort Myers he realizes there is no real way to fix it. He’s hoping the city of Fort Myers will take action, which would allow him to get his parking tickets returned to him.

He said when he gets ticketed at his home in Fort Myers he realizes there is no real way to fix it. He’",99,69,0.696969696969697,10.270581701386172,4.781315307935896e-25,Watermarked,1.0,86,0.5581395348837209,0.7294117647058823,0.4418604651162791,,,,,,,,,0.37830694616650506,2.5090983581542967,0.2275754060129732,0.33794674519297585,1.0,50265.0,,0.5
67,CA-KL + Weighted Detector,kl_adaptive,,3.0,"Thorpe of the New York Trucking and Delivery Association says the decision to raise penalties won’t solve the parking crisis. For more than a decade, Ken Thorpe has been a soldier in the fight against parking tickets, which has become"," a serious problem in his hometown. He knows how frustrating the situation he has faced as a driver. He said when he gets ticketed at his home in Fort Myers he realizes there is no real way to fix it. He’s hoping the city of Fort Myers will take action, which would allow him to get his parking tickets returned to him.

He said when he gets ticketed at his home in Fort Myers he realizes there is no real way to fix it. He’",99,69,0.696969696969697,10.270581701386172,4.781315307935896e-25,Watermarked,1.0,86,0.5581395348837209,0.7294117647058823,0.4418604651162791,,,,9.535165336974055,9.535165336974055,7.482345949660667e-22,True,1.0,0.37830694616650506,2.5090983581542967,0.22757537607156042,0.33794685953898806,1.0,50265.0,,0.5
67,CA-KL + Candidate Greenlist,kl_adaptive,,3.0,"Thorpe of the New York Trucking and Delivery Association says the decision to raise penalties won’t solve the parking crisis. For more than a decade, Ken Thorpe has been a soldier in the fight against parking tickets, which has become"," a serious problem in his hometown. He knows how frustrating that traffic can be for those drivers, even when they’re not working at their daily jobs. He made his first trip to Michigan for work in 2006, about 10 miles away, where he met Pete Martinez, a 35-year-old truck driver from Portland who would make it to the train, ferry and bus stops with nearly no parking.

“The thing that bothers me most is we don’t have parking",99,53,0.5353535353535354,6.556925040997952,2.7464302917418046e-11,Watermarked,0.9999999999725357,82,0.8780487804878049,1.0,0.12195121951219512,,,,10.363535993216878,10.363535993216878,1.8163932487243653e-25,True,1.0,0.4450338998669386,2.3442970275878907,0.2684146567773147,0.2604101715888828,0.86,432.7,0.95,0.5
67,CA-KL + Candidate Greenlist + Weighted/WinMax,kl_adaptive,,3.0,"Thorpe of the New York Trucking and Delivery Association says the decision to raise penalties won’t solve the parking crisis. For more than a decade, Ken Thorpe has been a soldier in the fight against parking tickets, which has become"," a serious problem in his hometown. He knows how frustrating that traffic can be for those drivers, even when they’re not working at their daily jobs. He made his first trip to Michigan for work in 2006, about 10 miles away, where he met Pete Martinez, a 35-year-old truck driver from Portland, OR. The duo decided to make a small move from Portland to Michigan in 2010.

Though the two companies each make roughly half their earnings together, Matt Thorpe",99,58,0.5858585858585859,7.717442747369271,5.934340569241363e-15,Watermarked,0.9999999999999941,83,0.8072289156626506,0.975609756097561,0.19277108433734935,,,,11.705346435147941,11.705346435147941,5.983473825508134e-32,True,1.0,0.4258215071699254,1.9485072326660156,0.27377730627668806,0.24865613950416446,0.87,473.87,0.95,0.5
68,No Watermark,,,,"Michael Schumacher - a seven-time Formula One world champion is ""not bedridden or living on tubes"", it has been reported as new details about his recovery emerge. It's nearly five years (December 29, 2013) since the 50","-year-old was declared fit enough to make the 2020 Formula One world championship team. He got his F1 start in 1999 and has already won three of the last four races. Schumacher is still recovering from a series of injuries, including a broken nose that required stitches. It has been reported that he is in a wheelchair and that he is not breathing. According to a statement from the team, Schumacher has been undergoing tests on his hand and has not been seen for the past",99,19,0.1919191919191919,-1.3345953623270168,0.9089955916386168,Human/Unwatermarked,0.0,87,0.6896551724137931,0.9534883720930233,0.31034482758620685,,,,-1.3811973926722134,0.5812841790292531,0.9163908618762807,False,0.0,,,0.27638649230892787,0.28926486501470206,0.86,342.97,,
68,Fixed Delta 1.0,1.0,,,"Michael Schumacher - a seven-time Formula One world champion is ""not bedridden or living on tubes"", it has been reported as new details about his recovery emerge. It's nearly five years (December 29, 2013) since the 50","-year-old Austrian died in hospital.

Schumacher has been treated at St. Bartholomew Hospital in Zurich and has undergone a procedure on his left leg, BBC News reported.

""He is still on a tube, which means he has no mobility. It is very unlikely that he would survive,"" said Karel Krier, a spokesman for the Austrian government, where Schumacher was born in 1980.

""In the situation we are in, he may",99,42,0.42424242424242425,4.003786086981051,3.1168367625803447e-05,Watermarked,0.9999688316323742,71,0.7605633802816901,1.0,0.23943661971830987,1.0,1.0,1.0,5.170254959746489,5.442667926097678,1.168874136500184e-07,True,0.9999998831125864,,,0.2719589127223998,0.2920050629414618,0.85,400.24,,
68,Fixed Delta 2.0,2.0,,,"Michael Schumacher - a seven-time Formula One world champion is ""not bedridden or living on tubes"", it has been reported as new details about his recovery emerge. It's nearly five years (December 29, 2013) since the 50","-year-old Austrian crashed his way into the E1, he has been taken to hospital for his ""blood-sucking"", fractured ribs and broken bones, and told that ""it's a bad time"" to come back. The Swiss-born driver underwent a series of procedures, including a surgery on his right leg, and it is believed that the operation is still on track as he continues to grow in his condition.

Michael Schumacher's situation has become even more complex this",99,61,0.6161616161616161,8.413753371192062,1.9854759384111046e-17,Watermarked,1.0,78,0.7948717948717948,1.0,0.20512820512820518,2.0,2.0,2.0,9.235217439427332,9.235217439427332,1.2888097131996631e-20,True,1.0,,,0.30596281032766254,0.2931601410312578,0.9,662.29,,
68,Fixed Delta 3.0,3.0,,,"Michael Schumacher - a seven-time Formula One world champion is ""not bedridden or living on tubes"", it has been reported as new details about his recovery emerge. It's nearly five years (December 29, 2013) since the 50","-year-old Austrian crashed his way into the E1 GT Championship at his home in Rotterdam, Germany, where he and a teammate Michael Schumacher made up for his absence with a stint in Formula Renault 4-Series.

""He's sleeping a bit. He's a bit bed ridden and there's a bit of headache on his side,"" co-owner of the Austrian Formula Renault 4-Series Colin Kebede told Motorsport.com on Saturday.

""He",99,77,0.7777777777777778,12.127410031580283,3.7801435720337223e-34,Watermarked,1.0,72,0.7083333333333334,0.9295774647887324,0.29166666666666663,3.0,3.0,3.0,12.221415716012034,12.221415716012034,1.1944397006095802e-34,True,1.0,,,0.2820076615757798,0.34434540204703806,0.82,772.51,,
68,Current Adaptive Delta,adaptive,0.5,3.0,"Michael Schumacher - a seven-time Formula One world champion is ""not bedridden or living on tubes"", it has been reported as new details about his recovery emerge. It's nearly five years (December 29, 2013) since the 50","-year-old Austrian crashed his way into the E1 GT Championship at his home in Rotterdam, Germany, while battling a blood clot in his right leg and rupturing his right calf.

""He is still breathing and has no need of hospitalisation. He has, however, asked for a breath test,"" said Kari Körr, a spokesman for Schumacher's team.

""He would like to return to racing and has not been hospitalized, but may",99,63,0.6363636363636364,8.87796045374059,3.4048719575050004e-19,Watermarked,1.0,72,0.7916666666666666,0.971830985915493,0.20833333333333337,1.923877774477005,1.6180340051651,2.459930181503296,9.552601633066935,9.552601633066935,6.323972107525133e-22,True,1.0,,,0.3041364711269465,0.3186330891866237,0.83,626.91,,
68,CA-KL,kl_adaptive,,3.0,"Michael Schumacher - a seven-time Formula One world champion is ""not bedridden or living on tubes"", it has been reported as new details about his recovery emerge. It's nearly five years (December 29, 2013) since the 50","-year-old Austrian crashed his way into the E1 GT Championship at his home in Rotterdam, Germany, while battling a blood clot in his right leg and rupturing his right ACL as he campaigned for Formula 2 on Sunday.

""He's sleeping a bit. He's in his wheelchair but it's a bit of bad luck so he doesn't want to go into hospital. He's in an ambulance and it's a bit of bad luck for him. He's in an",99,75,0.7575757575757576,11.663202949031755,9.825423209116168e-32,Watermarked,1.0,78,0.6666666666666666,0.8571428571428571,0.33333333333333337,,,,,,,,,0.41743917705093114,2.436280517578125,0.2739310300073365,0.30194162405001407,1.0,50265.0,,0.5
68,CA-KL + Weighted Detector,kl_adaptive,,3.0,"Michael Schumacher - a seven-time Formula One world champion is ""not bedridden or living on tubes"", it has been reported as new details about his recovery emerge. It's nearly five years (December 29, 2013) since the 50","-year-old Austrian crashed his way into the E1 GT Championship at his home in Rotterdam, Germany, while battling a blood clot in his right leg and rupturing his right ACL as he campaigned for Formula 2 on Sunday.

""He's sleeping a bit. He's in his wheelchair but it's a bit of bad luck so he doesn't want to go into hospital. He's in an ambulance and it's a bit of bad luck for him. He's in an",99,75,0.7575757575757576,11.663202949031755,9.825423209116168e-32,Watermarked,1.0,78,0.6666666666666666,0.8571428571428571,0.33333333333333337,,,,11.643881852457353,11.643881852457353,1.2326690189140225e-31,True,1.0,0.41743917705093114,2.436280517578125,0.2739310268529033,0.3019417024055292,1.0,50265.0,,0.5
68,CA-KL + Candidate Greenlist,kl_adaptive,,3.0,"Michael Schumacher - a seven-time Formula One world champion is ""not bedridden or living on tubes"", it has been reported as new details about his recovery emerge. It's nearly five years (December 29, 2013) since the 50","-year-old Austrian crashed his way onto the E1, and the car manufacturer thought he would not be able to compete.

""We were in Paris and the car was running just as we were,"" Michael Schumacher said when contacted after the incident. ""One of our drivers - who's a life saver - came up to us and said 'What are you going to do in Paris?' And we thought it would be best if we waited for him. 'I'm not",99,57,0.5757575757575758,7.4853392060950075,3.5681289972117485e-14,Watermarked,0.9999999999999644,79,0.7468354430379747,0.9487179487179487,0.25316455696202533,,,,10.537265337757182,10.537265337757182,2.908284785295308e-26,True,1.0,0.4328721540620594,2.3904991149902344,0.2666036811066038,0.2847654260788113,0.86,403.26,0.95,0.5
68,CA-KL + Candidate Greenlist + Weighted/WinMax,kl_adaptive,,3.0,"Michael Schumacher - a seven-time Formula One world champion is ""not bedridden or living on tubes"", it has been reported as new details about his recovery emerge. It's nearly five years (December 29, 2013) since the 50","-year-old Austrian crashed his way onto the E1, and the car manufacturer thought he would not be able to compete.

""We were in Paris and the car was running just as we were,"" Michael Schumacher said when contacted after the incident. ""One of my rivals was running up to him and they thought it was best that he die. He was not with me and so he died, which means it's a total loss for us, not him. I'm not",99,62,0.6262626262626263,8.645856912466327,2.6701500224408945e-18,Watermarked,1.0,81,0.7283950617283951,0.95,0.2716049382716049,,,,11.929024271266279,11.929024271266279,4.177350158012034e-33,True,1.0,0.442097612028878,2.011128387451172,0.28389456073923813,0.25966083714272825,0.9,402.83,0.95,0.5
69,No Watermark,,,,"On April 4, 1975, Bill Gates and Paul Allen founded Microsoft. The small firm used to develop and sell BASIC interpreters. Little did they know that in the next 40 years, their company will become the biggest software firm in the world,"," and the only place in the world that computers can be used, and where you can learn about the world, and where people are and where they are not.

I will never forget the day that I was in a class with a teacher who had the same name. She said, ""Bill Gates is a genius and he has the best ideas."" She said, ""Bill Gates is a genius but he has the worst ideas.""

Bill Gates was born on January 15, 1944 in San",99,25,0.25252525252525254,0.058025885318565944,0.4768640048788747,Human/Unwatermarked,0.0,85,0.6,0.8571428571428571,0.4,,,,0.9602339821409308,2.609483176711404,0.16846873379812505,False,0.0,,,0.2964324657915623,0.25307757695671174,0.89,427.58,,
69,Fixed Delta 1.0,1.0,,,"On April 4, 1975, Bill Gates and Paul Allen founded Microsoft. The small firm used to develop and sell BASIC interpreters. Little did they know that in the next 40 years, their company will become the biggest software firm in the world,"," and the only place where you can actually put your mouse on, and use it on anything, any time, anywhere.

Bill Gates spoke to Bloomberg in an interview, discussing his strategy to bigger companies and their potential for success – and the key to their success. He talked about his vision for Microsoft as a company and a future for the company – and how it’s been turned into a business that could help bring people together to solve problems, and for people everywhere.

�",99,56,0.5656565656565656,7.2532356648207434,2.0346556800431047e-13,Watermarked,0.9999999999997965,83,0.7228915662650602,0.975609756097561,0.27710843373493976,1.0,1.0,1.0,6.210281816282254,6.210281816282254,2.6444831879532565e-10,True,0.9999999997355516,,,0.3165313324328564,0.27027179351076486,0.95,478.83,,
69,Fixed Delta 2.0,2.0,,,"On April 4, 1975, Bill Gates and Paul Allen founded Microsoft. The small firm used to develop and sell BASIC interpreters. Little did they know that in the next 40 years, their company will become the biggest software firm in the world,"," accounting for more than one-tenth of the $100,000 they made when they started. (The company had to make a lot more money to keep up with Hewlett-Packard.)

Microsoft has since become the world’s third-largest software company. It has become dependent on consumer software and hardware to make money, which means that if someone who wants to learn how to read a spreadsheet can’t afford a computer, MS has lost their appeal to consumers.",99,58,0.5858585858585859,7.717442747369271,5.934340569241363e-15,Watermarked,0.9999999999999941,79,0.7721518987341772,0.9871794871794872,0.22784810126582278,2.0,2.0,2.0,9.423026467170958,9.423026467170958,2.191347966428905e-21,True,1.0,,,0.26319790657334413,0.3253011222882196,0.79,324.59,,
69,Fixed Delta 3.0,3.0,,,"On April 4, 1975, Bill Gates and Paul Allen founded Microsoft. The small firm used to develop and sell BASIC interpreters. Little did they know that in the next 40 years, their company will become the biggest software firm in the world,"," accounting for more than one in five applications, leading a trend toward microprocessor-driven business development. (Gates is named after Bill Gates.) Since then, BASIC's technology is becoming mainstream as a method for building software applications, which can enable organizations to automate a vast array of work. The company has hosted several conferences, conferences, etc....

Microsoft has committed a total of $1 trillion towards developing the software that the company uses today. The company has committed a total of $500",99,80,0.8080808080808081,12.823720655403074,6.038172947645047e-38,Watermarked,1.0,80,0.7375,0.9113924050632911,0.26249999999999996,3.0,3.0,3.0,12.957598756689306,12.957598756689306,1.064026261495495e-38,True,1.0,,,0.29291236583529945,0.31275689110159877,0.82,465.11,,
69,Current Adaptive Delta,adaptive,0.5,3.0,"On April 4, 1975, Bill Gates and Paul Allen founded Microsoft. The small firm used to develop and sell BASIC interpreters. Little did they know that in the next 40 years, their company will become the biggest software firm in the world,"," accounting for more than one-third of the computing power of today.

Not all software is created equal. Microsoft has created a culture that allows employees to believe and trust each other, which means employees are allowed to learn, test, and develop. A Microsoft employee scores better than a Microsoft employee scores better than a Microsoft employee scores better than a Microsoft employee scores better than a Microsoft employee scores better than a Microsoft employee scores better than a Microsoft employee scores better than a Microsoft employee scores better than a",99,63,0.6363636363636364,8.87796045374059,3.4048719575050004e-19,Watermarked,1.0,91,0.43956043956043955,0.5333333333333333,0.5604395604395604,1.803862795829773,1.6180340051651,2.3506369590759277,8.199698542775925,8.199698542775925,1.204952966132821e-16,True,0.9999999999999999,,,0.2057487429739799,0.4606398826977238,0.58,292.19,,
69,CA-KL,kl_adaptive,,3.0,"On April 4, 1975, Bill Gates and Paul Allen founded Microsoft. The small firm used to develop and sell BASIC interpreters. Little did they know that in the next 40 years, their company will become the biggest software firm in the world,"," accounting for more than one-tenth of the $100,000 they made when they started in 1975.

By 1975, computing had changed everything. Today, computers have replaced everything: computers. The computer in an office, a desktop, or a tablet has become a classic, the most popular desktop laptop available. The recent release of the so-called ""supercomputer"" makes it an ""intelligent"" computing device. The Supercomputing Processors, which are now the core material",99,62,0.6262626262626263,8.645856912466327,2.6701500224408945e-18,Watermarked,1.0,72,0.7638888888888888,0.9859154929577465,0.23611111111111116,,,,,,,,,0.44553365992769967,2.367231903076172,0.3142975064716251,0.24480921793729066,1.0,50265.0,,0.5
69,CA-KL + Weighted Detector,kl_adaptive,,3.0,"On April 4, 1975, Bill Gates and Paul Allen founded Microsoft. The small firm used to develop and sell BASIC interpreters. Little did they know that in the next 40 years, their company will become the biggest software firm in the world,"," accounting for more than one-tenth of the $100,000 they made when they started in 1975.

By 1975, computing had changed everything. Today, computers have replaced everything: computers. The computer in an office, a desktop, or a tablet has become a classic, the most popular desktop laptop available. The recent release of the so-called ""supercomputer"" makes it an ""intelligent"" computing device. The Supercomputing Processors, which are now the core material",99,62,0.6262626262626263,8.645856912466327,2.6701500224408945e-18,Watermarked,1.0,72,0.7638888888888888,0.9859154929577465,0.23611111111111116,,,,9.612026677215576,9.612026677215576,3.5567413597632025e-22,True,1.0,0.44553365992769967,2.367231903076172,0.31429750582809146,0.24480926706804895,1.0,50265.0,,0.5
69,CA-KL + Candidate Greenlist,kl_adaptive,,3.0,"On April 4, 1975, Bill Gates and Paul Allen founded Microsoft. The small firm used to develop and sell BASIC interpreters. Little did they know that in the next 40 years, their company will become the biggest software firm in the world,"," accounting for more than one-tenth of the $100,000 they made when they started in 1975.

By 1975, computing had changed everything. Today, computers have replaced everything: computers with memory and storage for years. If one computer had the right hardware, then everything was better, and the consumer could use their PC’s hard drive for anything. But when one computer was not capable of doing the work of another, people began to lose trust. The early computing engineers felt",99,71,0.7171717171717171,10.7347887839347,3.49392904769601e-27,Watermarked,1.0,81,0.7407407407407407,0.9875,0.2592592592592593,,,,13.482547136389542,13.482547136389542,9.907313123335142e-42,True,1.0,0.4476887412219364,2.3154780578613283,0.308502193691075,0.28347315594553946,0.88,510.13,0.95,0.5
69,CA-KL + Candidate Greenlist + Weighted/WinMax,kl_adaptive,,3.0,"On April 4, 1975, Bill Gates and Paul Allen founded Microsoft. The small firm used to develop and sell BASIC interpreters. Little did they know that in the next 40 years, their company will become the biggest software firm in the world,"," accounting for more than one-tenth of the $100,000 they made when they started in 1975.

By 1975, computing had changed everything. Today, computers have replaced everything: computers with memory and storage for years. If one computer had the right hardware, then everything was better, and the consumer could use their PC’s hard drive for anything. But when one computer was not capable of doing the work of another, people began to lose trust in computers. The old ways",99,70,0.7070707070707071,10.502685242660437,4.197862382006365e-26,Watermarked,1.0,81,0.7283950617283951,0.9875,0.2716049382716049,,,,13.260110839538788,13.260110839538788,1.971562730611294e-40,True,1.0,0.4260231186416122,1.9784042358398437,0.3031251769164878,0.28360141690820456,0.88,485.41,0.95,0.5
70,No Watermark,,,,"The democratization of data is a real phenomenon, but building a sustainable data democracy means truly giving power to the people. The alternative is just a shift of power from traditional data analysts within IT departments to a new generation of data scientists and app developers.","
>The democratization of data is a real phenomenon  No.  The democratization of data (not the democratization of data computing) is happening in a lot of countries.  It's not the democratization of data that is happening, it's the democratization of data, which has already happened in many countries.
That's what I mean, but then again, I don't know if that's the case in any country.",90,22,0.24444444444444444,-0.12171612389003691,0.5484380784163266,Human/Unwatermarked,0.0,64,0.546875,0.7777777777777778,0.453125,,,,1.1551527729674813,2.153822116402799,0.12401393527381482,False,0.0,,,0.2404773341348758,0.3639651639898727,0.7692307692307693,382.7802197802198,,
70,Fixed Delta 1.0,1.0,,,"The democratization of data is a real phenomenon, but building a sustainable data democracy means truly giving power to the people. The alternative is just a shift of power from traditional data analysts within IT departments to a new generation of data scientists and app developers.","

The most basic set of functioning data is on the computer. The problem with data scientists is they are often unable to create and maintain a reliable dataset of data. This means that they are unable to distinguish between data that is based on the right criteria and data that is based on the wrong criteria.

Data scientists are often the bad guys in data-driven business models. They are typically not well-trained, have no professional background, and often do not have the funds to manage complicated",99,41,0.41414141414141414,3.7716825457067866,8.107523404471492e-05,Human/Unwatermarked,0.0,88,0.5795454545454546,0.8735632183908046,0.4204545454545454,1.0,1.0,1.0,4.726510481378981,4.726510481378981,1.142055036396462e-06,True,0.9999988579449636,,,0.33201048444412923,0.2590970978466794,0.88,667.47,,
70,Fixed Delta 2.0,2.0,,,"The democratization of data is a real phenomenon, but building a sustainable data democracy means truly giving power to the people. The alternative is just a shift of power from traditional data analysts within IT departments to a new generation of data scientists and app developers."," If this happens, organizations will not only need to make sure, but also need to make sure that they provide rich digital content at the right time, which in turn will help them grow within the bigger picture of the economy.

The most important factor in building a data economy will be ensuring that the right information is available to all of the users at the right time. The temptation of relying on outdated and outdated data is one that many companies are facing today. However, we believe that the right",99,62,0.6262626262626263,8.645856912466327,2.6701500224408945e-18,Watermarked,1.0,91,0.6703296703296703,0.8888888888888888,0.3296703296703297,2.0,2.0,2.0,9.418521131010417,9.418521131010417,2.2874293574083996e-21,True,1.0,,,0.2979764774887583,0.2777394243050367,0.91,395.77,,
70,Fixed Delta 3.0,3.0,,,"The democratization of data is a real phenomenon, but building a sustainable data democracy means truly giving power to the people. The alternative is just a shift of power from traditional data analysts within IT departments to a new generation of data scientists and app developers."," If this happens in the US and Croatia, where there are already dozens of such ""data scientists"" (not exactly digital natives), and where there are now 100 million users, that could only lead to more data-driven issues, and a lot more data-driven problems.

So, what is it about data that makes it important that the US government don't want data scientists back in? What happened after the US government derailed its own data-driven revolution? What happened after all of this",99,83,0.8383838383838383,13.520031279225865,5.956256913599852e-42,Watermarked,1.0,83,0.6506024096385542,0.8658536585365854,0.3493975903614458,3.0,3.0,3.0,11.62101155894526,11.62101155894526,1.6114868474596953e-31,True,1.0,,,0.3432596061818579,0.30115117620676757,0.96,789.63,,
70,Current Adaptive Delta,adaptive,0.5,3.0,"The democratization of data is a real phenomenon, but building a sustainable data democracy means truly giving power to the people. The alternative is just a shift of power from traditional data analysts within IT departments to a new generation of data scientists and app developers."," If this happens, organizations will not only need to make sure, but also need to make sure that they provide rich digital content at the right time, which in turn will help them grow within the bigger picture of the economy.

The most important factor in building a data economy will be ensuring that the right information is available to all of the users so that they can easily access it. The problem is that the majority of the users will not be able to access well-known information without the right",99,67,0.6767676767676768,9.806374618837644,5.2848962805356706e-23,Watermarked,1.0,92,0.6304347826086957,0.8791208791208791,0.3695652173913043,1.873206923007965,1.6180340051651,2.4786155223846436,9.894412917997874,9.894412917997874,2.2009275284672268e-23,True,1.0,,,0.2925591282078302,0.29072092767804864,0.93,333.79,,
70,CA-KL,kl_adaptive,,3.0,"The democratization of data is a real phenomenon, but building a sustainable data democracy means truly giving power to the people. The alternative is just a shift of power from traditional data analysts within IT departments to a new generation of data scientists and app developers."," If this happens, organizations will not be as reliant on automated data processing to keep up with the growing demands for better digital information. The data will be more powerful and accessible. It will not be as complex as it used to be, but it will be more manageable to manage. The data will not be as bulky as it used to be, but it will be easier to manage. The data will not be as complex as it used to be, but it will be easier to manage. The data",99,69,0.696969696969697,10.270581701386172,4.781315307935896e-25,Watermarked,1.0,91,0.3956043956043956,0.5444444444444444,0.6043956043956045,,,,,,,,,0.3744466776095158,2.535889434814453,0.2481132638799192,0.35457319024790196,1.0,50265.0,,0.5
70,CA-KL + Weighted Detector,kl_adaptive,,3.0,"The democratization of data is a real phenomenon, but building a sustainable data democracy means truly giving power to the people. The alternative is just a shift of power from traditional data analysts within IT departments to a new generation of data scientists and app developers."," If this happens, organizations will not be as reliant on automated data processing to keep up with the growing demands for better digital information. The data will be more powerful and accessible. It will not be as complex as it used to be, but it will be more manageable to manage. The data will not be as bulky as it used to be, but it will be easier to manage. The data will not be as complex as it used to be, but it will be easier to manage. The data",99,69,0.696969696969697,10.270581701386172,4.781315307935896e-25,Watermarked,1.0,91,0.3956043956043956,0.5444444444444444,0.6043956043956045,,,,9.178921857743942,9.178921857743942,2.1771450659969128e-20,True,1.0,0.3744466776095158,2.535889434814453,0.24811325945282942,0.3545731222152244,1.0,50265.0,,0.5
70,CA-KL + Candidate Greenlist,kl_adaptive,,3.0,"The democratization of data is a real phenomenon, but building a sustainable data democracy means truly giving power to the people. The alternative is just a shift of power from traditional data analysts within IT departments to a new generation of data scientists and app developers."," If this happens, organizations with data scientists in these departments will no doubt find themselves with more data scientists (not necessarily the ones who are driving change) than there would ever be in a large corporation, or in a small government entity. If this happens it will be a great thing for society, because it will bring in new ideas with new benefits. But it also would bring in new costs for society. If companies collect and store data, then they need to keep up with the demands for better data",99,68,0.6868686868686869,10.038478160111909,5.162741433689114e-24,Watermarked,1.0,91,0.6703296703296703,0.9111111111111111,0.3296703296703297,,,,11.883061539170264,11.883061539170264,7.247953774650473e-33,True,1.0,0.47971848785661403,2.3198226928710937,0.31755286911545033,0.2487281144456938,0.96,416.74,0.95,0.5
70,CA-KL + Candidate Greenlist + Weighted/WinMax,kl_adaptive,,3.0,"The democratization of data is a real phenomenon, but building a sustainable data democracy means truly giving power to the people. The alternative is just a shift of power from traditional data analysts within IT departments to a new generation of data scientists and app developers."," If this happens, organizations with data scientists in these departments will no longer have to worry about data security (not to mention security concerns and regulatory compliance) and it will mean more data-driven business models.",41,26,0.6341463414634146,5.680518698404823,6.714343486914219e-09,Watermarked,0.9999999932856565,36,0.8333333333333334,1.0,0.16666666666666663,,,,7.951370728120085,7.956100220956305,9.222951854217823e-16,True,0.9999999999999991,0.4454447482742848,2.16607666015625,0.3205342806733822,0.29324250100623994,0.9285714285714286,621.5238095238095,0.95,0.5
71,No Watermark,,,,"John Beilein and the Michigan Wolverines are one win away from a national title. On Saturday the Wolverines knocked off Loyola-Chicago 69-57, outscoring the Ramblers 47-28 in the second half. Beile","in added 20 points in the win and finished with 23.

The Wolverines (2-0, 0-1 Big Ten) will host No. 15 Wisconsin in the final game of a three-game road trip on Sunday.

Wisconsin (1-0, 0-1 Big Ten)’s season-high 17 points tied with Purdue for second-best in the country but well short of the Big Ten’s average of 18.0 per game.

",99,26,0.26262626262626265,0.29012942659282975,0.38585861217276185,Human/Unwatermarked,0.0,71,0.647887323943662,0.8857142857142857,0.352112676056338,,,,0.6293898061942726,1.6696134064857844,0.26454694499254383,False,0.0,,,0.20519654246868835,0.4191385916527361,0.69,207.0,,
71,Fixed Delta 1.0,1.0,,,"John Beilein and the Michigan Wolverines are one win away from a national title. On Saturday the Wolverines knocked off Loyola-Chicago 69-57, outscoring the Ramblers 47-28 in the second half. Beile","in added 20 points in the win and finished with 23.

The Wolverines (2-0, 0-1 Big Ten) will host Loyola (0-3, 0-1) in the second round on Saturday at 7 p.m. at Michigan Stadium, which has been closed to fans since March due to the coronavirus. The Ramblers (0-1, 1-0) have lost their past 12 games, including last season’s championship game",99,35,0.35353535353535354,2.379061298061204,0.008678394706350628,Human/Unwatermarked,0.0,69,0.7681159420289855,0.9558823529411765,0.23188405797101452,1.0,1.0,1.0,2.538966228863363,3.862084426680343,0.005559027737542818,False,0.0,,,0.18876663244111166,0.37796731227077546,0.66,180.44,,
71,Fixed Delta 2.0,2.0,,,"John Beilein and the Michigan Wolverines are one win away from a national title. On Saturday the Wolverines knocked off Loyola-Chicago 69-57, outscoring the Ramblers 47-28 in the second half. Beile","in finished with 19 points and 11 rebounds. The win makes the Wolverines the only non-Gazette team in school history to claim a win in five straight games, beating many Michigan teams while still having zero steals.

Michigan’s defense has been so impressive, Michigan has won nine of the last 12 games, leading the national average. The Ramblers have been getting stops in every season since the start of the 1993-94 campaign, finishing 13-16 with the win",99,67,0.6767676767676768,9.806374618837644,5.2848962805356706e-23,Watermarked,1.0,81,0.7530864197530864,0.975,0.24691358024691357,2.0,2.0,2.0,9.22137703535496,9.22137703535496,1.466544444019261e-20,True,1.0,,,0.2734936535821438,0.29201548754237594,0.83,431.18,,
71,Fixed Delta 3.0,3.0,,,"John Beilein and the Michigan Wolverines are one win away from a national title. On Saturday the Wolverines knocked off Loyola-Chicago 69-57, outscoring the Ramblers 47-28 in the second half. Beile","in finished with 12 points and nine rebounds and Jordan Eberman and Leighton Vander Esch got a career-high 11 rebounds and nine assists. The win is Michigan's first in eight games this season. The win is Michigan's 20th since it dropped nine consecutive scores last season. Beilein led Michigan with 23 points and Eberman had 16 points and seven assists. The Ramblers (10-13, 3-13) lost their eighth straight.

Michigan's All-",99,78,0.7878787878787878,12.359513572854546,2.1638374768437998e-35,Watermarked,1.0,73,0.6986301369863014,0.8888888888888888,0.3013698630136986,3.0,3.0,3.0,10.601588746590192,10.601588746590192,1.4648025710822976e-26,True,1.0,,,0.23260476709799835,0.3601483577862382,0.77,291.75,,
71,Current Adaptive Delta,adaptive,0.5,3.0,"John Beilein and the Michigan Wolverines are one win away from a national title. On Saturday the Wolverines knocked off Loyola-Chicago 69-57, outscoring the Ramblers 47-28 in the second half. Beile","in finished with 19 points and 11 rebounds. The win makes Beilein the first black head coach in FCS history. He and his team are one win away from clinching a national title with a win over Loyola-Chicago.

Michigan’s defense forced a total of 21 turnovers in the game and ranked No. 5 in the nation in total defense. The Wolverines relied on a balanced attack in order to hold on for a win against Loyola-Chicago this",99,50,0.5050505050505051,5.86061441717516,2.305788288019096e-09,Watermarked,0.9999999976942117,80,0.7,0.9620253164556962,0.30000000000000004,1.811548548936844,1.6180340051651,2.449920892715454,6.402226624930751,6.4533733745690665,7.656357294386625e-11,True,0.9999999999234365,,,0.22602226745278858,0.3919207231141627,0.73,298.7,,
71,CA-KL,kl_adaptive,,3.0,"John Beilein and the Michigan Wolverines are one win away from a national title. On Saturday the Wolverines knocked off Loyola-Chicago 69-57, outscoring the Ramblers 47-28 in the second half. Beile","in finished with 19 points and 11 rebounds. The win makes the Wolverines the only non-Gazette team in school history to claim a win in five straight games, beating many Michigan teams while still having zero steals.

Michigan’s defense has been so impressive, Michigan has won nine consecutive games in a row. The Wolverines have led 24-13 over the last four games, including a 33-9 run to open the game and a 33-16 victory at Penn",99,66,0.6666666666666666,9.574271077563381,5.1289159954110675e-22,Watermarked,1.0,81,0.7407407407407407,0.975,0.2592592592592593,,,,,,,,,0.4231141118451923,2.4154302978515627,0.26570033379071495,0.2673817114517988,1.0,50265.0,,0.5
71,CA-KL + Weighted Detector,kl_adaptive,,3.0,"John Beilein and the Michigan Wolverines are one win away from a national title. On Saturday the Wolverines knocked off Loyola-Chicago 69-57, outscoring the Ramblers 47-28 in the second half. Beile","in finished with 19 points and 11 rebounds. The win makes the Wolverines the only non-Gazette team in school history to claim a win in five straight games, beating many Michigan teams while still having zero steals.

Michigan’s defense has been so impressive, Michigan has won nine consecutive games in a row. The Wolverines have led 24-13 over the last four games, including a 33-9 run to open the game and a 33-16 victory at Penn",99,66,0.6666666666666666,9.574271077563381,5.1289159954110675e-22,Watermarked,1.0,81,0.7407407407407407,0.975,0.2592592592592593,,,,10.241648561876058,10.241648561876058,6.45094800805651e-25,True,1.0,0.4231141118451923,2.4154302978515627,0.2657003363072067,0.2673815576104425,1.0,50265.0,,0.5
71,CA-KL + Candidate Greenlist,kl_adaptive,,3.0,"John Beilein and the Michigan Wolverines are one win away from a national title. On Saturday the Wolverines knocked off Loyola-Chicago 69-57, outscoring the Ramblers 47-28 in the second half. Beile","in added 21 assists. The Ramblers finished with 23.5 points per game and the Wolverines (5-6, 4-7) are one win away from clinching a spot in the NCAA tournament. The Wolverines have won five games or less in their last seven games, which has them tied for fourth place with No. 2 North Carolina State. The Ramblers (9-1, 4-3 Big Ten) play a rematch of last season's NCAA Tournament against No. 2",99,53,0.5353535353535354,6.556925040997952,2.7464302917418046e-11,Watermarked,0.9999999999725357,77,0.7662337662337663,0.9473684210526315,0.23376623376623373,,,,9.243320262535022,9.243320262535022,1.1948221761599963e-20,True,1.0,0.3965843055211868,2.463628692626953,0.20681218032702764,0.3405952823162079,0.74,136.06,0.95,0.5
71,CA-KL + Candidate Greenlist + Weighted/WinMax,kl_adaptive,,3.0,"John Beilein and the Michigan Wolverines are one win away from a national title. On Saturday the Wolverines knocked off Loyola-Chicago 69-57, outscoring the Ramblers 47-28 in the second half. Beile","in added 21 points and nine rebounds and the Wolverines (18-6, 3-2 Big Ten) improved to 10-7 at home on the season. The Ramblers (7-7, 2-6) lost their season-high first game at Madison Square Garden. The win at Madison Square Garden was their first in five weeks. Beilein scored 17 of his 16 points in the first half and the Wolverines scored 16 points and outscored the Ramblers 21-7",99,59,0.5959595959595959,7.949546288643535,9.359791413521555e-16,Watermarked,0.9999999999999991,76,0.5789473684210527,0.8933333333333333,0.42105263157894735,,,,10.03086587961908,10.03086587961908,5.576708292128406e-24,True,1.0,0.3292295735074534,1.5323419189453125,0.19390096709990268,0.40698112722486257,0.68,138.76,0.95,0.5
72,No Watermark,,,,"The Council of PR Firms yesterday urged PR firms to ""pledge"" to Wikipedia that they will only submit materials to the hidden ""Talk"" pages where posts can languish for long periods and which are supervised by anonymous ""editors."" Jimmy"," C. Cid, the vice president of PR on Wikipedia, issued the warning: ""If you're not going to put up a worthy article on Wikipedia, then you're not going to put up a worthy article on Wikipedia.""

He continued: ""If you're not going to put up a worthy article on Wikipedia, then you're not going to put up a worthy article on Wikipedia. That's the whole point of the press.""

In a letter to the editor of the New",99,32,0.32323232323232326,1.6827506742384124,0.04621168370527735,Human/Unwatermarked,0.0,78,0.41025641025641024,0.5454545454545454,0.5897435897435898,,,,0.4874977597029705,1.573022754597672,0.31295281503222827,False,0.0,,,0.2253089205752735,0.41640616023447363,0.67,412.28,,
72,Fixed Delta 1.0,1.0,,,"The Council of PR Firms yesterday urged PR firms to ""pledge"" to Wikipedia that they will only submit materials to the hidden ""Talk"" pages where posts can languish for long periods and which are supervised by anonymous ""editors."" Jimmy"," C. Danner, chairman of the PR Council, said, ""We must not focus too much on the Wikipedia page, but instead focus on the key parts of the site that have been marked as 'hidden pages' by other PR firms.

""By that logic, these pages should not be on Wikipedia except for a small number of pages that contain content that is relevant to the PR firm's business,"" Danner said. ""The PR firms should not focus so much on the hidden pages",99,49,0.494949494949495,5.628510875900897,9.088602153646789e-09,Watermarked,0.9999999909113978,81,0.6296296296296297,0.8875,0.37037037037037035,1.0,1.0,1.0,5.865581270625725,5.884669547881484,2.2378098900275475e-09,True,0.9999999977621901,,,0.30830554714865416,0.30547446871642026,0.86,717.46,,
72,Fixed Delta 2.0,2.0,,,"The Council of PR Firms yesterday urged PR firms to ""pledge"" to Wikipedia that they will only submit materials to the hidden ""Talk"" pages where posts can languish for long periods and which are supervised by anonymous ""editors."" Jimmy"," Kimmel's remarks on Twitter seemed to signal the administration's intention to move to regulate Wiki pages, which have been around since the 19th century. The Council of PR's chief of staff, Steve Pearce, tweeted that the push for greater secrecy is ""not the right way.""

Archive For the #HistoryOfBlogger

""It's a great honor to be associated with such a great site,"" Pearce tweeted. ""Like most people on Twitter, I know how important the #History",99,67,0.6767676767676768,9.806374618837644,5.2848962805356706e-23,Watermarked,1.0,74,0.7702702702702703,0.958904109589041,0.22972972972972971,2.0,2.0,2.0,10.138368891878322,10.138368891878322,1.8664006210834956e-24,True,1.0,,,0.3420376372076925,0.27150522883050143,0.9,1169.68,,
72,Fixed Delta 3.0,3.0,,,"The Council of PR Firms yesterday urged PR firms to ""pledge"" to Wikipedia that they will only submit materials to the hidden ""Talk"" pages where posts can languish for long periods and which are supervised by anonymous ""editors."" Jimmy"," Kimmel told ""Square"" that the PR firm's ""secret agenda"" is ""to keep the illusion of having any power over the public."" Read more on ""Square"" here.

""I am not an ideologue, I'm just an opinion...""

October 25, 2011

‘My dream job... is to make it into a book about my life... and where I would collect all of the details,’ says Francesca Perez. The book details Omar",99,81,0.8181818181818182,13.055824196677339,2.943472539265963e-39,Watermarked,1.0,67,0.8059701492537313,0.9848484848484849,0.19402985074626866,3.0,3.0,3.0,12.344776780113147,12.344776780113147,2.598910098064045e-35,True,1.0,,,0.35087431314093465,0.28114579293876885,0.93,1158.21,,
72,Current Adaptive Delta,adaptive,0.5,3.0,"The Council of PR Firms yesterday urged PR firms to ""pledge"" to Wikipedia that they will only submit materials to the hidden ""Talk"" pages where posts can languish for long periods and which are supervised by anonymous ""editors."" Jimmy"," Kimmel's ""Talk"" page, which contains all the links to Wikipedia, is likely to be the site where these ""Talk"" pages will be uncovered. Meanwhile, dozens of PR firms have also filed requests to scale back their roles in the search engine. Several firms, including Ocado, are already withdrawing from the search engine with the aim of forcing its content to appear on ""talk."" (Bloomberg)

""In order to avoid having to hand over resources to Wikipedia, [pr]",99,68,0.6868686868686869,10.038478160111909,5.162741433689114e-24,Watermarked,1.0,76,0.7368421052631579,0.96,0.26315789473684215,1.9658933520317077,1.6180340051651,2.5060315132141113,10.88588793009034,10.88588793009034,6.729031237668416e-28,True,1.0,,,0.33942804030719437,0.3137256301939487,0.93,969.4,,
72,CA-KL,kl_adaptive,,3.0,"The Council of PR Firms yesterday urged PR firms to ""pledge"" to Wikipedia that they will only submit materials to the hidden ""Talk"" pages where posts can languish for long periods and which are supervised by anonymous ""editors."" Jimmy"," Kimmel's ""Talk"" page, which contains all of the material he has made available to news organizations (notably Buzzfeed, and a handful of others), is still online (it was removed as of this writing, according to Yahoo!) but its invisible ""Talk"" page, which contains all of the material he has made available to news organizations, is still online. [The Council of PR Firms]",82,56,0.6829268292682927,9.053589325499404,6.917218253053418e-20,Watermarked,1.0,62,0.6290322580645161,0.7377049180327869,0.3709677419354839,,,,,,,,,0.4164846715336277,2.4487764289580194,0.29429853621627855,0.33402183932092333,1.0,50265.0,,0.5
72,CA-KL + Weighted Detector,kl_adaptive,,3.0,"The Council of PR Firms yesterday urged PR firms to ""pledge"" to Wikipedia that they will only submit materials to the hidden ""Talk"" pages where posts can languish for long periods and which are supervised by anonymous ""editors."" Jimmy"," Kimmel's ""Talk"" page, which contains all of the material he has made available to news organizations (notably Buzzfeed, and a handful of others), is still online (it was removed as of this writing, according to Yahoo!) but its invisible ""Talk"" page, which contains all of the material he has made available to news organizations, is still online. [The Council of PR Firms]",82,56,0.6829268292682927,9.053589325499404,6.917218253053418e-20,Watermarked,1.0,62,0.6290322580645161,0.7377049180327869,0.3709677419354839,,,,8.766811209403093,8.8363188642777,9.18987972267719e-19,True,1.0,0.4164846715336277,2.4487764289580194,0.2942984708740444,0.33402197533399314,1.0,50265.0,,0.5
72,CA-KL + Candidate Greenlist,kl_adaptive,,3.0,"The Council of PR Firms yesterday urged PR firms to ""pledge"" to Wikipedia that they will only submit materials to the hidden ""Talk"" pages where posts can languish for long periods and which are supervised by anonymous ""editors."" Jimmy"," Kimmel's ""Talk"" page, which contains all of the material he has made available to ""Talk"", is still visible to the public. The Council of PR Firms suggests that PR firms should refrain from submitting material that is on ""Talk.""

""It's a bit of a dead end,"" said Jeff Ashworth, director of the PR firm's public relations department. ""Most PR firms submit materials that they believe have no value.""

In an email from the council of PR F",99,65,0.6565656565656566,9.342167536289118,4.719090681074502e-21,Watermarked,1.0,77,0.6753246753246753,0.9210526315789473,0.3246753246753247,,,,9.780816688819685,9.780816688819685,6.805389732812529e-23,True,1.0,0.4325528971645921,2.3965187072753906,0.3131339896496977,0.3218792068818584,0.86,773.93,0.95,0.5
72,CA-KL + Candidate Greenlist + Weighted/WinMax,kl_adaptive,,3.0,"The Council of PR Firms yesterday urged PR firms to ""pledge"" to Wikipedia that they will only submit materials to the hidden ""Talk"" pages where posts can languish for long periods and which are supervised by anonymous ""editors."" Jimmy"," Kimmel's ""Talk"" page, which contains all of the material he has made available to ""Talk"", is still visible to the public. The Council of PR Firms suggests that PR firms should refrain from submitting material that is on ""Talk"" due to the potential for censorship. The Council has said that the material on ""Talk"" is still in the public domain. [The Council of PR Firms]",82,47,0.573170731707317,6.758313158471386,6.980376507906872e-12,Watermarked,0.9999999999930196,65,0.5384615384615384,0.8125,0.46153846153846156,,,,8.507756977106117,8.542934989967378,8.866519478014522e-18,True,1.0,0.39488872672639425,1.9922443068171123,0.2958783737310383,0.3723173810573048,0.8433734939759037,764.1084337349398,0.95,0.5
73,No Watermark,,,,"Two Democratic state representatives from South Florida said Thursday that they've gathered with 33 colleagues to file paperwork with the Secretary of State to poll lawmakers for their support for a special session. At the end of session, superintendents and the statewide teachers'"," union will be on hand to vote on whether to roll back state and county education funding.

The groups include the Florida teachers and principals, the state Senate and the Florida House of Representatives, as well as the state Senate and the Florida House of Representatives.

Members of the Florida Democratic Party have said they'll file with the state secretary of state to make sure that their members of Congress and state school board members get their fair share of state funding. For example, the Florida House of Representatives",99,29,0.29292929292929293,0.9864400504156211,0.1619586099219501,Human/Unwatermarked,0.0,89,0.5393258426966292,0.8068181818181818,0.4606741573033708,,,,-0.0293965384975739,1.9331044477899728,0.5117258332540229,False,0.0,,,0.26836672846734094,0.3060768062621355,0.85,356.37,,
73,Fixed Delta 1.0,1.0,,,"Two Democratic state representatives from South Florida said Thursday that they've gathered with 33 colleagues to file paperwork with the Secretary of State to poll lawmakers for their support for a special session. At the end of session, superintendents and the statewide teachers'"," union will be on hand to send out a final roll call, and the state's top pollster, the Florida Association of Public and State Pollsters, will release a final list of collected signatures to make sure it's up to date.

""It's a great day for Florida, because it's a good day for Florida's education system,"" said state Rep. John Burdick (R-Fla., the top pollster for Florida's public schools, which includes private schools and public",99,47,0.47474747474747475,5.164303793352369,1.2066773532761895e-07,Watermarked,0.9999998793322646,75,0.6666666666666666,0.9324324324324325,0.33333333333333337,1.0,1.0,1.0,6.8360264503754316,6.8360264503754316,4.070995849680378e-12,True,0.999999999995929,,,0.3021461648876273,0.2741391619667411,0.91,470.57,,
73,Fixed Delta 2.0,2.0,,,"Two Democratic state representatives from South Florida said Thursday that they've gathered with 33 colleagues to file paperwork with the Secretary of State to poll lawmakers for their support for a special session. At the end of session, superintendents and the statewide teachers'"," union will be on hand to send a letter to Democratic Gov. Rick Scott asking if Republicans are ""available to govern."" The superintendents, who are unrepresented in the House, said they'll be in touch to make sure they know how the session is going to be reported. It would not be the first time a session has been canceled, or days after a session was called with supporters and opponents. A separate, more formal session has been called with Republicans, Democrats and non-Democrats this",99,65,0.6565656565656566,9.342167536289118,4.719090681074502e-21,Watermarked,1.0,85,0.7058823529411765,0.9523809523809523,0.2941176470588235,2.0,2.0,2.0,9.404978272483035,9.404978272483035,2.6020478468495417e-21,True,1.0,,,0.288775821711186,0.29460696527268737,0.91,340.6,,
73,Fixed Delta 3.0,3.0,,,"Two Democratic state representatives from South Florida said Thursday that they've gathered with 33 colleagues to file paperwork with the Secretary of State to poll lawmakers for their support for a special session. At the end of session, superintendents and the statewide teachers'", union have to submit all of the applications they need on-time. The lawmakers who signed off on the paperwork Wednesday also said they'll be there in person if necessary to conduct county or municipal oversight to make sure county clerks are being transparent. The lawmakers who signed off on the paperwork Wednesday also said they'll be there in person if necessary to conduct county or municipal oversight to make sure county clerks are being transparent. The lawmakers who signed off on the paperwork Wednesday also said they'll be there in person if,99,82,0.8282828282828283,13.287927737951602,1.3600371213536468e-40,Watermarked,1.0,93,0.40860215053763443,0.4782608695652174,0.5913978494623655,3.0,3.0,3.0,11.413860521739599,11.413860521739599,1.7827298477435648e-30,True,1.0,,,0.17924045824207296,0.5067970803519711,0.56,171.6,,
73,Current Adaptive Delta,adaptive,0.5,3.0,"Two Democratic state representatives from South Florida said Thursday that they've gathered with 33 colleagues to file paperwork with the Secretary of State to poll lawmakers for their support for a special session. At the end of session, superintendents and the statewide teachers'"," union will be on hand to send a letter to Democratic Gov. Rick Scott asking if they'll back the bill.

""We're going to send it to the state of Florida, which should be in front of the state legislature. If the state of Florida doesn't want to send it to them,” said Florida state Rep. John DeFazio (D-Fla.). ""If Florida doesn't want to send it to them, I'm going to send it to the state",99,59,0.5959595959595959,7.949546288643535,9.359791413521555e-16,Watermarked,0.9999999999999991,76,0.5263157894736842,0.72,0.4736842105263158,1.809266129732132,1.6180340051651,2.5212459564208984,9.385013282645799,9.589662336575094,3.1454255787278845e-21,True,1.0,,,0.2382719153569512,0.3189514346397482,0.79,210.64,,
73,CA-KL,kl_adaptive,,3.0,"Two Democratic state representatives from South Florida said Thursday that they've gathered with 33 colleagues to file paperwork with the Secretary of State to poll lawmakers for their support for a special session. At the end of session, superintendents and the statewide teachers'"," union will be on hand to send a letter to Democratic Gov. Rick Scott asking if Republicans are ""available to govern."" The superintendents, who are unrepresented in the House, said they'll be in touch to make sure they know how the session is going to be reported. It would not be immediately clear how they'll be voting on the special special session. Democrats said they'll be in touch to make sure they know how they'll be voting next week.

Republican lawmakers have repeatedly",99,64,0.6464646464646465,9.110063995014853,4.116669580158606e-20,Watermarked,1.0,83,0.6144578313253012,0.8292682926829268,0.3855421686746988,,,,,,,,,0.4489376021081446,2.395163726806641,0.267498404363004,0.26839625714812426,1.0,50265.0,,0.5
73,CA-KL + Weighted Detector,kl_adaptive,,3.0,"Two Democratic state representatives from South Florida said Thursday that they've gathered with 33 colleagues to file paperwork with the Secretary of State to poll lawmakers for their support for a special session. At the end of session, superintendents and the statewide teachers'"," union will be on hand to send a letter to Democratic Gov. Rick Scott asking if Republicans are ""available to govern."" The superintendents, who are unrepresented in the House, said they'll be in touch to make sure they know how the session is going to be reported. It would not be immediately clear how they'll be voting on the special special session. Democrats said they'll be in touch to make sure they know how they'll be voting next week.

Republican lawmakers have repeatedly",99,64,0.6464646464646465,9.110063995014853,4.116669580158606e-20,Watermarked,1.0,83,0.6144578313253012,0.8292682926829268,0.3855421686746988,,,,8.974487504509362,8.974487504509362,1.423369742605633e-19,True,1.0,0.4489376021081446,2.395163726806641,0.2674983883090769,0.268396292575635,1.0,50265.0,,0.5
73,CA-KL + Candidate Greenlist,kl_adaptive,,3.0,"Two Democratic state representatives from South Florida said Thursday that they've gathered with 33 colleagues to file paperwork with the Secretary of State to poll lawmakers for their support for a special session. At the end of session, superintendents and the statewide teachers'"," union will be on hand to send a letter to Democratic Gov. Rick Scott asking if they'll back the legislation.

""We're going to send it to him today,"" said Democratic State Rep. Eric Gannon (R-Lakeland, South Florida) and Republican State Rep. James Davis (D-Lakeland, Florida) in an email Thursday. The letter states that ""that's where our sign-on begins. If there's a chance for us, we'll be in touch",99,63,0.6363636363636364,8.87796045374059,3.4048719575050004e-19,Watermarked,1.0,71,0.7746478873239436,0.9714285714285714,0.22535211267605637,,,,10.576952684045244,10.576952684045244,1.905768158031031e-26,True,1.0,0.44811743604046794,2.4109629821777343,0.2725875939410839,0.29415774773806336,0.86,369.47,0.95,0.5
73,CA-KL + Candidate Greenlist + Weighted/WinMax,kl_adaptive,,3.0,"Two Democratic state representatives from South Florida said Thursday that they've gathered with 33 colleagues to file paperwork with the Secretary of State to poll lawmakers for their support for a special session. At the end of session, superintendents and the statewide teachers'"," union will be on hand to send a letter to Democratic Gov. Ron DeSantis asking him to grant the state the right to make a special session of the state legislature. House and Senate President Bill Galbraith and Senate President Bill Galbraith Jr. will join scores of educators, state officials and local politicians in signing a letter with the state. The letter has been sent to DeSantis in his Palm Beach home and the state Capitol building. The letter has not yet been approved by Republican",99,59,0.5959595959595959,7.949546288643535,9.359791413521555e-16,Watermarked,0.9999999999999991,86,0.627906976744186,0.8705882352941177,0.37209302325581395,,,,11.744129903554647,11.744129903554647,3.7848790128739375e-32,True,1.0,0.39185348775210294,1.8274044799804687,0.2720466998838787,0.33939560525119306,0.8,389.15,0.95,0.5
74,No Watermark,,,,"He and a neighbor managed to lure the horse toward them with a handful of grass, Sickinger said, and they even petted the horse for a bit. Sickinger had a strap he planned to use to bridle the horse, but he said"," he couldn't figure out how to tie it to the horse, he said.

""I was just sitting there, and I saw him and he just ran away, and I went back to my car and I grabbed him and he pulled the leash,"" Sickinger said. ""I thought, 'Oh, I need to go get that horse so I don't have to do this anymore.'""

Still, the horse was still a bit frightened, he said.

""It was",99,25,0.25252525252525254,0.058025885318565944,0.4768640048788747,Human/Unwatermarked,0.0,76,0.6052631578947368,0.9066666666666666,0.39473684210526316,,,,-0.08505076228716385,0.9359923772392167,0.533889482798128,False,0.0,,,0.25498452085764933,0.30069168807007374,0.84,248.84,,
74,Fixed Delta 1.0,1.0,,,"He and a neighbor managed to lure the horse toward them with a handful of grass, Sickinger said, and they even petted the horse for a bit. Sickinger had a strap he planned to use to bridle the horse, but he said"," he couldn't afford one.

""He did get out and put his arms around it,"" Sickinger said. ""He and a neighbor managed to lure the horse toward them with a handful of grass, and they even petted the horse for a bit.""

One of the neighbors said she didn’t see the horse until she saw sickinger trying to get out of the driveway where he was running.

""He kept going and coming,"" she said. ""He kept",99,39,0.3939393939393939,3.307475463158259,0.00047070479296677613,Human/Unwatermarked,0.0,76,0.631578947368421,0.92,0.368421052631579,1.0,1.0,1.0,4.578299201998107,4.578299201998107,2.34385928282725e-06,True,0.9999976561407172,,,0.18922842157917602,0.4542562686558813,0.6,158.33,,
74,Fixed Delta 2.0,2.0,,,"He and a neighbor managed to lure the horse toward them with a handful of grass, Sickinger said, and they even petted the horse for a bit. Sickinger had a strap he planned to use to bridle the horse, but he said"," he couldn't afford one.

""He did get his way,"" Sickinger said. ""He said 'do you think it's a good idea?' That's where you get it.""

""He said 'we don't need you anymore,"" she said. ""He said 'we're going to let you do what you want, so don't worry, you're going to stay where you are.'""

The neighbor said he and a friend locked the horse and the neighbors got",99,61,0.6161616161616161,8.413753371192062,1.9854759384111046e-17,Watermarked,1.0,71,0.647887323943662,0.9142857142857143,0.352112676056338,2.0,2.0,2.0,10.129421285643307,10.129421285643307,2.045316208313917e-24,True,1.0,,,0.2505052562040254,0.33877133097033946,0.8,258.94,,
74,Fixed Delta 3.0,3.0,,,"He and a neighbor managed to lure the horse toward them with a handful of grass, Sickinger said, and they even petted the horse for a bit. Sickinger had a strap he planned to use to bridle the horse, but he said"," he couldn't afford one. The horse was taken out for care, sickinger said. He got a job in residential management. The horse was taken out for care, sickinger said. The horse was taken out for care, sickinger said. The horse was taken out for care, sickinger said. He's a great-great-great-great-great-great-great-great-grove, sickinger said. The old house that was used to keep the horses in order",99,69,0.696969696969697,10.270581701386172,4.781315307935896e-25,Watermarked,1.0,72,0.4166666666666667,0.5352112676056338,0.5833333333333333,3.0,3.0,3.0,10.32487286572149,10.32487286572149,2.719540571649463e-25,True,1.0,,,0.20828497186891726,0.5003303787577897,0.65,475.32,,
74,Current Adaptive Delta,adaptive,0.5,3.0,"He and a neighbor managed to lure the horse toward them with a handful of grass, Sickinger said, and they even petted the horse for a bit. Sickinger had a strap he planned to use to bridle the horse, but he said"," he couldn't afford one.

""He did get his way,"" Sickinger said. ""He said 'do you think it's a good idea?' That's where he was.""

They called their attorney to get him a new strap, but the horse was not happy with it. A week’s time with it turned into 45 days, Sickinger said.

""It was one of the more exhausting days of my life,"" he said.

Sickinger",99,55,0.5555555555555556,7.021132123546479,1.100388069780592e-12,Watermarked,0.9999999999988997,69,0.6956521739130435,0.9558823529411765,0.30434782608695654,1.8059971880912782,1.6180340051651,2.3423402309417725,8.641228866045717,8.641228866045717,2.780579479946864e-18,True,1.0,,,0.23390783276040422,0.3510548758227378,0.75,299.36,,
74,CA-KL,kl_adaptive,,3.0,"He and a neighbor managed to lure the horse toward them with a handful of grass, Sickinger said, and they even petted the horse for a bit. Sickinger had a strap he planned to use to bridle the horse, but he said"," he couldn't afford one.

""He did get his way,"" Sickinger said. ""He said 'do you think it's a good idea?' That's where you get it.""

""He said 'we don't need you anymore,"" she said. ""He said 'we're going to let it be your horse,'"" Sickinger said.

""It's a great thing he shows us this picture,"" she said.

""He said we don't need you",99,63,0.6363636363636364,8.87796045374059,3.4048719575050004e-19,Watermarked,1.0,65,0.6153846153846154,0.84375,0.3846153846153846,,,,,,,,,0.4167419530448175,2.443839111328125,0.24455046441213688,0.2580696992704179,1.0,50265.0,,0.5
74,CA-KL + Weighted Detector,kl_adaptive,,3.0,"He and a neighbor managed to lure the horse toward them with a handful of grass, Sickinger said, and they even petted the horse for a bit. Sickinger had a strap he planned to use to bridle the horse, but he said"," he couldn't afford one.

""He did get his way,"" Sickinger said. ""He said 'do you think it's a good idea?' That's where you get it.""

""He said 'we don't need you anymore,"" she said. ""He said 'we're going to let it be your horse,'"" Sickinger said.

""It's a great thing he shows us this picture,"" she said.

""He said we don't need you",99,63,0.6363636363636364,8.87796045374059,3.4048719575050004e-19,Watermarked,1.0,65,0.6153846153846154,0.84375,0.3846153846153846,,,,10.643987160821647,10.643987160821647,9.299798368458382e-27,True,1.0,0.4167419530448175,2.443839111328125,0.24455040453103197,0.2580698271667825,1.0,50265.0,,0.5
74,CA-KL + Candidate Greenlist,kl_adaptive,,3.0,"He and a neighbor managed to lure the horse toward them with a handful of grass, Sickinger said, and they even petted the horse for a bit. Sickinger had a strap he planned to use to bridle the horse, but he said"," he couldn't afford one and the horse was too cramped.

""It was too big for his harness,"" he said. ""He kept on biting.""

""It was big enough to make his legs and feet,"" Sickinger added. The horse was aroused and the man who tried to pull the horse away began bleeding and the man fell to his knees. He was taken to a hospital where he died, Sickinger said. The man who tried to lure the horse was taken to St",99,57,0.5757575757575758,7.4853392060950075,3.5681289972117485e-14,Watermarked,0.9999999999999644,81,0.5308641975308642,0.8,0.4691358024691358,,,,9.745533375507685,9.745533375507685,9.63819509201839e-23,True,1.0,0.4305153008696744,2.4025227355957033,0.2665973760687102,0.29753036837559194,0.82,377.58,0.95,0.5
74,CA-KL + Candidate Greenlist + Weighted/WinMax,kl_adaptive,,3.0,"He and a neighbor managed to lure the horse toward them with a handful of grass, Sickinger said, and they even petted the horse for a bit. Sickinger had a strap he planned to use to bridle the horse, but he said"," he couldn't afford one and the horse was too cramped.

""It was too big for his harness,"" he said. ""He kept on biting.""

""It was big enough to make his legs and feet,"" Sickinger said. The horse was aroused and the man who tried to pull the horse away began bleeding and had to be sedated, Sickinger said. The horse was removed and the man's legs and feet amputated. The man's head was removed to make room",99,57,0.5757575757575758,7.4853392060950075,3.5681289972117485e-14,Watermarked,0.9999999999999644,77,0.5324675324675324,0.7894736842105263,0.4675324675324676,,,,10.244575553288993,10.244575553288993,6.258653392876577e-25,True,1.0,0.4025605001719787,1.9445475769042968,0.26898221453471727,0.28598205458838494,0.84,375.66,0.95,0.5
75,No Watermark,,,,"Wolf, 33, joined the Africa Mercy crew in March, taking a short leave from her job as a registered nurse with the UC Davis Medical Center’s burn unit. She sat down recently to talk about language barriers, cabin fever and readjust","ing to life in Africa.

Wolf also noted that, “The difference is that there’s a lot of work to be done.” She told the BBC NewsHour that while she is “always trying to do the best I can,” she’s “‘just not ready’” to tackle her work.

In fact, she’s been working on a book about cancer for well over a decade, and she",99,23,0.23232323232323232,-0.4061811972299616,0.6576952657166102,Human/Unwatermarked,0.0,66,0.7272727272727273,0.9846153846153847,0.2727272727272727,,,,1.0991012707320806,1.995264382058214,0.13586194785876,False,0.0,,,0.2593798683303342,0.35418848890811205,0.77,497.9,,
75,Fixed Delta 1.0,1.0,,,"Wolf, 33, joined the Africa Mercy crew in March, taking a short leave from her job as a registered nurse with the UC Davis Medical Center’s burn unit. She sat down recently to talk about language barriers, cabin fever and readjust","ing to Covid-19 protocols.
“I kind of got used to it,” said Wolf, who lives in Houston, Texas. “I was afraid that if I went to the front lines for the virus, I would be the one that was reported.”
Wolf said she learned of the Africa Mercy mission in March after learning that a nurse from the trauma center in Rensselaer, New York, was infected with Covid-19. The nurse�",99,34,0.3434343434343434,2.1469577567869402,0.01589832240819098,Human/Unwatermarked,0.0,72,0.6944444444444444,0.9859154929577465,0.3055555555555556,1.0,1.0,1.0,2.913750086231459,2.913750086231459,0.0017855783451993402,False,0.0,,,0.24831974966473747,0.3258020214550197,0.78,381.0,,
75,Fixed Delta 2.0,2.0,,,"Wolf, 33, joined the Africa Mercy crew in March, taking a short leave from her job as a registered nurse with the UC Davis Medical Center’s burn unit. She sat down recently to talk about language barriers, cabin fever and readjust","ing from nursing to filmmaking.

Wolf says on the show, which aired on CBS in late March, that her “constant desire to learn” and “to improve my abilities while still serving in an organization where language is the largest and most visible obstacle” keep her away from the camera for several days.

“The most recent thing was when I was out in Africa trying to learn,” Wolf says. “I had to learn to speak this",99,60,0.6060606060606061,8.181649829917799,1.3999184135288104e-16,Watermarked,0.9999999999999999,75,0.72,0.9594594594594594,0.28,2.0,2.0,2.0,9.78840474624148,9.78840474624148,6.313616325778008e-23,True,1.0,,,0.28855527425165733,0.31129538221284747,0.83,504.61,,
75,Fixed Delta 3.0,3.0,,,"Wolf, 33, joined the Africa Mercy crew in March, taking a short leave from her job as a registered nurse with the UC Davis Medical Center’s burn unit. She sat down recently to talk about language barriers, cabin fever and readjust","ing from nursing to filmmaking. She described her latest film “A Woman’s Heart,” which had been in the finals of the first International Emmy Award, presented last year in Los Angeles by Amazon. She said her two young boys, 16 and 7, are not looking for work. She’s hoping to make it in the classroom, where they’ll be excited by new ideas, laughter and a story filled with love. She has two young boys, 10 and",99,83,0.8383838383838383,13.520031279225865,5.956256913599852e-42,Watermarked,1.0,79,0.7848101265822784,0.9615384615384616,0.21518987341772156,3.0,3.0,3.0,13.715117084250432,13.715117084250432,4.12166068157218e-43,True,1.0,,,0.2953534750929757,0.32714810557663443,0.84,680.25,,
75,Current Adaptive Delta,adaptive,0.5,3.0,"Wolf, 33, joined the Africa Mercy crew in March, taking a short leave from her job as a registered nurse with the UC Davis Medical Center’s burn unit. She sat down recently to talk about language barriers, cabin fever and readjust","ing to Covid-19, and asked for help with some of the same things that brought her into the public eye.
Her response: “I was looking for opportunities in Africa, and there was one in Africa right now. I wanted to make sure that my work was not putting me in danger” and that her focus was “inclusivity.”
Her experience in Africa shows an important message about what it’s like for people from countries whose population may",99,63,0.6363636363636364,8.87796045374059,3.4048719575050004e-19,Watermarked,1.0,78,0.7435897435897436,0.974025974025974,0.2564102564102564,1.8740622699260712,1.6180340051651,2.425252914428711,10.670744183611905,10.670744183611905,6.975228327657694e-27,True,1.0,,,0.27844526205253056,0.2876822008565068,0.85,503.87,,
75,CA-KL,kl_adaptive,,3.0,"Wolf, 33, joined the Africa Mercy crew in March, taking a short leave from her job as a registered nurse with the UC Davis Medical Center’s burn unit. She sat down recently to talk about language barriers, cabin fever and readjust","ing from nursing to filmmaking. She described her latest film, which follows the story of a Nigerian girl (not pictured) living in a refugee isolation ward in an impoverished and cruel country. The scene as it happens is one of the most meaningful parts of Wolf’s film. The racial and ethnic diversity creates a life of equal content for Wolf. She said, “The world was different in Africa. You have to have something to talk about. I wanted to write a story for the material",99,71,0.7171717171717171,10.7347887839347,3.49392904769601e-27,Watermarked,1.0,86,0.7325581395348837,1.0,0.2674418604651163,,,,,,,,,0.46252325275260747,2.3199472045898437,0.312896782759921,0.20961430733274028,1.0,50265.0,,0.5
75,CA-KL + Weighted Detector,kl_adaptive,,3.0,"Wolf, 33, joined the Africa Mercy crew in March, taking a short leave from her job as a registered nurse with the UC Davis Medical Center’s burn unit. She sat down recently to talk about language barriers, cabin fever and readjust","ing from nursing to filmmaking. She described her latest film, which follows the story of a Nigerian girl (not pictured) living in a refugee isolation ward in an impoverished and cruel country. The scene as it happens is one of the most meaningful parts of Wolf’s film. The racial and ethnic diversity creates a life of equal content for Wolf. She said, “The world was different in Africa. You have to have something to talk about. I wanted to write a story for the material",99,71,0.7171717171717171,10.7347887839347,3.49392904769601e-27,Watermarked,1.0,86,0.7325581395348837,1.0,0.2674418604651163,,,,12.945193494067233,12.945193494067233,1.250661086299239e-38,True,1.0,0.46252325275260747,2.3199472045898437,0.31289674887417623,0.2096142944203166,1.0,50265.0,,0.5
75,CA-KL + Candidate Greenlist,kl_adaptive,,3.0,"Wolf, 33, joined the Africa Mercy crew in March, taking a short leave from her job as a registered nurse with the UC Davis Medical Center’s burn unit. She sat down recently to talk about language barriers, cabin fever and readjust","ments of the burn unit and the role she feels on the frontline.

“The biggest thing,” Wolf says, “is understanding how to empower your team and the people you work with. I couldn’t do that at the UC Davis burn unit. It was very hostile,” she says.

Her experience with skin conditions is one that makes her nervous in times of heightened concerns over the impact of racism. She says she thinks the medical marijuana dispensary may",99,59,0.5959595959595959,7.949546288643535,9.359791413521555e-16,Watermarked,0.9999999999999991,78,0.7307692307692307,0.961038961038961,0.2692307692307693,,,,10.864888466460089,10.864888466460089,8.471504085874032e-28,True,1.0,0.42750606992976964,2.3572998046875,0.27984105311223284,0.2957856985135004,0.83,639.97,0.95,0.5
75,CA-KL + Candidate Greenlist + Weighted/WinMax,kl_adaptive,,3.0,"Wolf, 33, joined the Africa Mercy crew in March, taking a short leave from her job as a registered nurse with the UC Davis Medical Center’s burn unit. She sat down recently to talk about language barriers, cabin fever and readjust","ing to Covid-19 conditions and how she has overcome her “nightmare” of fatigue and sleeplessness.

“I’ve lost so much weight recently and it’s hard to keep up my fitness level,” Wolf says. “So I really’m working on it.”

Her co-worker and fellow nurse Sherry Skuron agrees.

“This is hard,” said Skur",99,57,0.5757575757575758,7.4853392060950075,3.5681289972117485e-14,Watermarked,0.9999999999999644,56,0.8392857142857143,1.0,0.1607142857142857,,,,10.146298549517251,10.146298549517251,1.7208514778892313e-24,True,1.0,0.3302802593470998,1.6570083618164062,0.23296195194359268,0.3649268499342725,0.7,474.26,0.95,0.5
76,No Watermark,,,,"OK!'s NYC Fashion Week Blog: Gwen Stefani's L.A.M.B. Can’t make it to NYC for Fashion Week? Don’t worry, OK!’s got you covered!","

The most recent edition of Fashion Week featured Gwen Stefani, who was spotted at the Gwen Stefani Fashion Week and was joined by her husband, Danny DeVito. The real Gwen Stefani, according to Gwen Stefani, is “blessed” to have “a man who loves me.”

PHOTOS: Gwen Stefani and Danny DeVito

Though the Gigi Hadid-Porn star was seen with her husband",99,32,0.32323232323232326,1.6827506742384124,0.04621168370527735,Human/Unwatermarked,0.0,61,0.639344262295082,0.8833333333333333,0.360655737704918,,,,1.0840596749571147,3.0553403479972614,0.13916917039117083,False,0.0,,,0.2878479998673321,0.40717628022190183,0.69,926.48,,
76,Fixed Delta 1.0,1.0,,,"OK!'s NYC Fashion Week Blog: Gwen Stefani's L.A.M.B. Can’t make it to NYC for Fashion Week? Don’t worry, OK!’s got you covered!","

The most recent edition of the Gwen Stefani, Christiana Lee, and Luciano Pavarotti-inspired fashion week has already been canceled, as we can see below. The show is still scheduled to run on Sunday, December 18, through Saturday, December 19. It will not be on-air for a full week.

The show has been canceled for a full week in order to avoid the mass cancellations of the show, which has already been postponed to next week",99,53,0.5353535353535354,6.556925040997952,2.7464302917418046e-11,Watermarked,0.9999999999725357,77,0.6883116883116883,0.881578947368421,0.3116883116883117,1.0,1.0,1.0,6.1486198964754,6.365290009328144,3.9080016937497123e-10,True,0.9999999996091998,,,0.3199663582970046,0.3348523427033797,0.87,738.05,,
76,Fixed Delta 2.0,2.0,,,"OK!'s NYC Fashion Week Blog: Gwen Stefani's L.A.M.B. Can’t make it to NYC for Fashion Week? Don’t worry, OK!’s got you covered!",,0,0,0.0,0.0,1.0,Human/Unwatermarked,0.0,0,0.0,0.0,0.0,2.0,2.0,2.0,2.6514120430342687,2.6514120430342687,0.0040077993791277165,False,0.0,,,0.35113046832767014,0.12453322112560272,1.0,657.0,,
76,Fixed Delta 3.0,3.0,,,"OK!'s NYC Fashion Week Blog: Gwen Stefani's L.A.M.B. Can’t make it to NYC for Fashion Week? Don’t worry, OK!’s got you covered!",,0,0,0.0,0.0,1.0,Human/Unwatermarked,0.0,0,0.0,0.0,0.0,3.0,3.0,3.0,2.6514120430342687,2.6514120430342687,0.0040077993791277165,False,0.0,,,0.35113046832767014,0.12453322112560272,1.0,657.0,,
76,Current Adaptive Delta,adaptive,0.5,3.0,"OK!'s NYC Fashion Week Blog: Gwen Stefani's L.A.M.B. Can’t make it to NYC for Fashion Week? Don’t worry, OK!’s got you covered!",,0,0,0.0,0.0,1.0,Human/Unwatermarked,0.0,0,0.0,0.0,0.0,1.981406569480896,1.981406569480896,1.981406569480896,2.6514120430342687,2.6514120430342687,0.0040077993791277165,False,0.0,,,0.35113046832767014,0.12453322112560272,1.0,657.0,,
76,CA-KL,kl_adaptive,,3.0,"OK!'s NYC Fashion Week Blog: Gwen Stefani's L.A.M.B. Can’t make it to NYC for Fashion Week? Don’t worry, OK!’s got you covered!",,0,0,0.0,0.0,1.0,Human/Unwatermarked,0.0,0,0.0,0.0,0.0,,,,,,,,,0.499978815045358,2.0952301025390625,0.35113046832767014,0.13823345303535461,1.0,50265.0,,0.5
76,CA-KL + Weighted Detector,kl_adaptive,,3.0,"OK!'s NYC Fashion Week Blog: Gwen Stefani's L.A.M.B. Can’t make it to NYC for Fashion Week? Don’t worry, OK!’s got you covered!",,0,0,0.0,0.0,1.0,Human/Unwatermarked,0.0,0,0.0,0.0,0.0,,,,2.49682576501373,2.49682576501373,0.006265525525440756,False,0.0,0.499978815045358,2.0952301025390625,0.35113046832767014,0.13823345303535461,1.0,50265.0,,0.5
76,CA-KL + Candidate Greenlist,kl_adaptive,,3.0,"OK!'s NYC Fashion Week Blog: Gwen Stefani's L.A.M.B. Can’t make it to NYC for Fashion Week? Don’t worry, OK!’s got you covered!",,0,0,0.0,0.0,1.0,Human/Unwatermarked,0.0,0,0.0,0.0,0.0,,,,2.6514120430342687,2.6514120430342687,0.0040077993791277165,False,0.0,0.4999951541283195,2.1178436279296875,0.35113046832767014,0.12453322112560272,1.0,657.0,0.95,0.5
76,CA-KL + Candidate Greenlist + Weighted/WinMax,kl_adaptive,,3.0,"OK!'s NYC Fashion Week Blog: Gwen Stefani's L.A.M.B. Can’t make it to NYC for Fashion Week? Don’t worry, OK!’s got you covered!",,0,0,0.0,0.0,1.0,Human/Unwatermarked,0.0,0,0.0,0.0,0.0,,,,2.6514120430342687,2.6514120430342687,0.0040077993791277165,False,0.0,0.4999951541283195,2.1178436279296875,0.35113046832767014,0.12453322112560272,1.0,657.0,0.95,0.5
77,No Watermark,,,,"A Chicago judge on Thursday dismissed a patent case between Apple and Motorola because, he said, neither side could adequately ""establish a right to relief."" As a result, a trial that was set to begin on Monday has been canceled. However, U",".S. District Judge Richard Breyer dismissed the case against Apple and Motorola, arguing that the patent claims ""are not relevant"" and that Motorola's claims of infringement were simply ""complex.""
As of this writing, the patent case is still pending. Motorola's patent claims are not, however, dependent on a patent application from Apple.
The judge also dismissed a patent infringement action filed by Palm in 2002. In the patent case, Palm sued Apple for infringement of its own patents, but Apple",99,24,0.24242424242424243,-0.17407765595569785,0.5690977834754946,Human/Unwatermarked,0.0,80,0.625,0.9113924050632911,0.375,,,,0.0233267419853352,2.351785564253834,0.4906948202476177,False,0.0,,,0.2988065983657296,0.27180469358339904,0.89,524.04,,
77,Fixed Delta 1.0,1.0,,,"A Chicago judge on Thursday dismissed a patent case between Apple and Motorola because, he said, neither side could adequately ""establish a right to relief."" As a result, a trial that was set to begin on Monday has been canceled. However, U",".S. District Judge Richard Breyer dismissed the case in favor of the Apple patent. He ruled ""not to proceed with the trial at this time.""

The judge said Motorola had established a right to seek relief by claiming ""that the patent granted to Motorola has no validity and, therefore, does not exist."" He added that ""the patent granted to Motorola has no validity and, therefore, does not exist.""

The judge said Motorola's claim was well founded, because it claims that",99,48,0.48484848484848486,5.396407334626633,3.399424987395955e-08,Watermarked,0.9999999660057501,80,0.6375,0.810126582278481,0.36250000000000004,1.0,1.0,1.0,4.792382095621734,5.225554997783246,8.240631578395893e-07,True,0.9999991759368422,,,0.2679663206709032,0.35970898338593543,0.83,400.87,,
77,Fixed Delta 2.0,2.0,,,"A Chicago judge on Thursday dismissed a patent case between Apple and Motorola because, he said, neither side could adequately ""establish a right to relief."" As a result, a trial that was set to begin on Monday has been canceled. However, U",".S. District Judge Richard Leonhardt dismissed the case in Los Angeles county Superior Court, where the two sides had been fighting. The judge said the Apple/Motorola patent was created without real knowledge of the manufacturer, which had been a partner at Motorola for more than a decade. He also said Motorola's ""contemporary cellular telephone"" is incompatible with its own technology. He noted Motorola's ""contemporary telephone"" is built solely on ""a legacy system."" He said Motorola's ""contemporary",99,61,0.6161616161616161,8.413753371192062,1.9854759384111046e-17,Watermarked,1.0,77,0.7402597402597403,0.9342105263157895,0.2597402597402597,2.0,2.0,2.0,10.010068795851188,10.010068795851188,6.882839124350843e-24,True,1.0,,,0.29851479896523747,0.31215796011500063,0.86,581.25,,
77,Fixed Delta 3.0,3.0,,,"A Chicago judge on Thursday dismissed a patent case between Apple and Motorola because, he said, neither side could adequately ""establish a right to relief."" As a result, a trial that was set to begin on Monday has been canceled. However, U",".S. District Judge Richard Leonhardt dismissed the case in Los Angeles county's ""Supenitentiary,” which had been pending there since February 2015. The judge said Motorola had established a right to defend its own patents. The judge also granted the judge's request that Motorola not be sued in state court. The judge said Motorola's ""irrutinal claim against Apple"" was not ""implying the Apple patent was infringed"" nor was Motorola's ""irrutinal",99,73,0.7373737373737373,11.198995866483228,2.061905353433795e-29,Watermarked,1.0,69,0.7391304347826086,0.9411764705882353,0.26086956521739135,3.0,3.0,3.0,11.375688191391502,11.554947462809185,2.7632600809215572e-30,True,1.0,,,0.29132265973971444,0.32471054153051226,0.85,767.82,,
77,Current Adaptive Delta,adaptive,0.5,3.0,"A Chicago judge on Thursday dismissed a patent case between Apple and Motorola because, he said, neither side could adequately ""establish a right to relief."" As a result, a trial that was set to begin on Monday has been canceled. However, U",".S. District Judge Richard Leonhardt dismissed the case in favor of Motorola's ""other claim"" (not Apple's) because it has no authority to unblock patents. He ruled, however, that the two companies should not be able to ""exterminate their contract"" unless they ""agree to provide a safe and secure secure place of business."" The defendant in his patent case with Motorola and Motorola has said that the company has no rights over the patents and has not acted to protect them from",99,65,0.6565656565656566,9.342167536289118,4.719090681074502e-21,Watermarked,1.0,81,0.7283950617283951,0.975,0.2716049382716049,1.9169299161434175,1.6180340051651,2.474301815032959,9.68036243863291,10.217054163102969,1.8270911359832778e-22,True,1.0,,,0.306343099713095,0.3203641692176461,0.89,562.1,,
77,CA-KL,kl_adaptive,,3.0,"A Chicago judge on Thursday dismissed a patent case between Apple and Motorola because, he said, neither side could adequately ""establish a right to relief."" As a result, a trial that was set to begin on Monday has been canceled. However, U",".S. District Judge Richard Leonhardt dismissed the case in Los Angeles county Superior Court, where the two sides had been fighting. The judge said the Apple/Motorola patent was created without real knowledge of the manufacturer, which had been a partner at Motorola for more than a decade. He also said Motorola's ""contemporary cellular telephone"" is incompatible with its own technology. He noted Motorola's ""contemporary cellular telephone"" is ""not a device"" that ""is not available to all consumers.""",99,62,0.6262626262626263,8.645856912466327,2.6701500224408945e-18,Watermarked,1.0,78,0.7564102564102564,0.922077922077922,0.2435897435897436,,,,,,,,,0.4442509750252169,2.3480328369140624,0.30484449132759717,0.22777515993104316,1.0,50265.0,,0.5
77,CA-KL + Weighted Detector,kl_adaptive,,3.0,"A Chicago judge on Thursday dismissed a patent case between Apple and Motorola because, he said, neither side could adequately ""establish a right to relief."" As a result, a trial that was set to begin on Monday has been canceled. However, U",".S. District Judge Richard Leonhardt dismissed the case in Los Angeles county Superior Court, where the two sides had been fighting. The judge said the Apple/Motorola patent was created without real knowledge of the manufacturer, which had been a partner at Motorola for more than a decade. He also said Motorola's ""contemporary cellular telephone"" is incompatible with its own technology. He noted Motorola's ""contemporary cellular telephone"" is ""not a device"" that ""is not available to all consumers.""",99,62,0.6262626262626263,8.645856912466327,2.6701500224408945e-18,Watermarked,1.0,78,0.7564102564102564,0.922077922077922,0.2435897435897436,,,,10.399725270906385,10.399725270906385,1.2432452104287773e-25,True,1.0,0.4442509750252169,2.3480328369140624,0.3048444709956341,0.22777508688952366,1.0,50265.0,,0.5
77,CA-KL + Candidate Greenlist,kl_adaptive,,3.0,"A Chicago judge on Thursday dismissed a patent case between Apple and Motorola because, he said, neither side could adequately ""establish a right to relief."" As a result, a trial that was set to begin on Monday has been canceled. However, U",".S. District Judge Richard Leonhardt dismissed the case because, he noted, ""the defendants' claims are not supported by any evidence that they are entitled to relief.""

""The real question is whether these issues are sufficiently broad to establish a proper legal right to relief or whether they are sufficiently broad to establish that a right is not valid in these cases, or whether there can be any mitigating rationale,"" Leonhardt told the judge. The judge also said that the patent case is entitled to """,99,55,0.5555555555555556,7.021132123546479,1.100388069780592e-12,Watermarked,0.9999999999988997,84,0.5952380952380952,0.891566265060241,0.40476190476190477,,,,7.8092558545222825,8.125316227025062,2.876330800209788e-15,True,0.9999999999999971,0.43064952251086047,2.427103729248047,0.2898067104463798,0.31749728848226366,0.86,507.25,0.95,0.5
77,CA-KL + Candidate Greenlist + Weighted/WinMax,kl_adaptive,,3.0,"A Chicago judge on Thursday dismissed a patent case between Apple and Motorola because, he said, neither side could adequately ""establish a right to relief."" As a result, a trial that was set to begin on Monday has been canceled. However, U",".S. District Judge Richard Leonhardt dismissed the case because, he said, ""the defendants' claims are not supported by any evidence that they are entitled to relief.""

""The real question is whether these issues are sufficiently broad to establish a proper legal right to relief or whether they are sufficiently broad to establish that a right is not valid in these cases,"" Leonhardt wrote for U.S. District Judge Richard Leonhardt.

The court also said Motorola had failed to provide a """,99,54,0.5454545454545454,6.789028582272215,5.6445538431059e-12,Watermarked,0.9999999999943554,80,0.625,0.8734177215189873,0.375,,,,7.576172313500914,7.584841369959842,1.7794952340842305e-14,True,0.9999999999999822,0.38234328521564215,1.8895001220703125,0.27588588363385136,0.3448840151913464,0.8,498.58,0.95,0.5
78,No Watermark,,,,"FILE - Guinea security forces, center, face people rioting and burning rubbish and other goods in the streets of Conakry, April 13, 2015. Guinean security forces clashed with anti-government protesters in the opposition stronghold of Labe"," in central Guinea on Saturday, April 13, 2015. (AP Photo/Antoine D'Saussure)
(WFP) - Guinea security forces clashed with anti-government protesters in the opposition stronghold of Labe in central Guinea on Saturday, April 13, 2015. Guyana's government said it was investigating and providing security to the protesters.
Guinea's president, Alpha Conde, has been under pressure in the past few days after he called for a nationwide curfew, which may",99,19,0.1919191919191919,-1.3345953623270168,0.9089955916386168,Human/Unwatermarked,0.0,69,0.7681159420289855,0.8823529411764706,0.23188405797101452,,,,0.19425399378007432,1.9689467560615903,0.42298850352203593,False,0.0,,,0.21193705644620214,0.3960521657578647,0.64,353.47,,
78,Fixed Delta 1.0,1.0,,,"FILE - Guinea security forces, center, face people rioting and burning rubbish and other goods in the streets of Conakry, April 13, 2015. Guinean security forces clashed with anti-government protesters in the opposition stronghold of Labe"," in central Guinea on Saturday, April 13, 2015. REUTERS/Benoit Tessier

GANUIS, Guinea - Guinea police said on Saturday they were fighting rioters who collected rubbish and burned trash and other goods on Saturday.

""They have aroused the wrath of the people by throwing stones at us and burning our vehicles,"" police chief Hiroshi Tamakura said. ""We have identified them and have arrested them.""

The AFP news agency reported that the rioters burned material",99,43,0.43434343434343436,4.235889628255314,1.138242922895398e-05,Watermarked,0.9999886175707711,73,0.726027397260274,0.9583333333333334,0.273972602739726,1.0,1.0,1.0,4.468854774487321,4.705375376124263,3.93197485470862e-06,True,0.9999960680251453,,,0.2680393994515468,0.3202805955056101,0.81,418.67,,
78,Fixed Delta 2.0,2.0,,,"FILE - Guinea security forces, center, face people rioting and burning rubbish and other goods in the streets of Conakry, April 13, 2015. Guinean security forces clashed with anti-government protesters in the opposition stronghold of Labe","ira, where they clashed with demonstrators. (AP Photo/Sudestepo Debenham)

NEW DELHI (AP) -- The leaders of the largest political parties in Central African Republic have accused the government of trying to steal the presidential election by giving away illegally obtained electoral registration papers and forging them into a manifesto with the aim of forcing the leaders to flee.

In a video released Wednesday, the leaders said they ""have resolved to keep the election free and fair.""
",99,56,0.5656565656565656,7.2532356648207434,2.0346556800431047e-13,Watermarked,0.9999999999997965,76,0.7236842105263158,0.9733333333333334,0.2763157894736842,2.0,2.0,2.0,8.90857272337882,8.90857272337882,2.584686112389923e-19,True,1.0,,,0.3037803915969182,0.2996819353639148,0.84,638.04,,
78,Fixed Delta 3.0,3.0,,,"FILE - Guinea security forces, center, face people rioting and burning rubbish and other goods in the streets of Conakry, April 13, 2015. Guinean security forces clashed with anti-government protesters in the opposition stronghold of Labe","ira, where they clashed with demonstrators. The crisis has led to several Brazilian hospitals and businesses collapsed in cities and towns across Guinea. REUTERS/Raul Henrique Mares

Guinea’s government is struggling to contain a raucous, riotous, armed revolt by hundreds of supporters in the capital, Conakry, that the authorities blamed on recent attacks.

Hundreds and sometimes thousands of supporters of the Republic of the Congo and the Republic of the Congo are now taking to",99,71,0.7171717171717171,10.7347887839347,3.49392904769601e-27,Watermarked,1.0,76,0.7236842105263158,0.92,0.2763157894736842,3.0,3.0,3.0,14.679696552789299,14.679696552789299,4.348940975636527e-49,True,1.0,,,0.29318799537245793,0.2835804430069402,0.81,609.23,,
78,Current Adaptive Delta,adaptive,0.5,3.0,"FILE - Guinea security forces, center, face people rioting and burning rubbish and other goods in the streets of Conakry, April 13, 2015. Guinean security forces clashed with anti-government protesters in the opposition stronghold of Labe","ira, where they clashed with demonstrators. (AP Photo/Sudestepo Debenham)

NEW DELHI (AP) -- The leaders of the largest political parties in Guinea have called a meeting in an attempt to salvage talks on a new government after scores of people stormed the parliament in the capital on Saturday and tore up wall, tires and containers.

Collapse of the government has divided the country and the leaders have called a meeting in an attempt to salvage talks on a",99,51,0.5151515151515151,6.092717958449424,5.550477317542801e-10,Watermarked,0.9999999994449522,78,0.6153846153846154,0.8311688311688312,0.3846153846153846,1.8959777104854583,1.6180340051651,2.4546313285827637,8.137385850574926,8.137385850574926,2.0195194958118793e-16,True,0.9999999999999998,,,0.2852739377596565,0.31025958435377105,0.81,545.55,,
78,CA-KL,kl_adaptive,,3.0,"FILE - Guinea security forces, center, face people rioting and burning rubbish and other goods in the streets of Conakry, April 13, 2015. Guinean security forces clashed with anti-government protesters in the opposition stronghold of Labe","ira, where they clashed with demonstrators. The government on Wednesday, April 19, said hundreds of people were arrested but no casualties. REUTERS/Alamidou Damsiri / File/File Photo

Guinea’s security forces clashed with anti-government protesters in the opposition stronghold of Labeira, where they clashed with demonstrators. The government on Wednesday, April 19, said hundreds of people were arrested but no casualties.

""In this situation, we are not happy with",99,57,0.5757575757575758,7.4853392060950075,3.5681289972117485e-14,Watermarked,0.9999999999999644,70,0.6,0.7101449275362319,0.4,,,,,,,,,0.29023042540252975,2.604053649902344,0.18930011120629578,0.32204396819059183,1.0,50265.0,,0.5
78,CA-KL + Weighted Detector,kl_adaptive,,3.0,"FILE - Guinea security forces, center, face people rioting and burning rubbish and other goods in the streets of Conakry, April 13, 2015. Guinean security forces clashed with anti-government protesters in the opposition stronghold of Labe","ira, where they clashed with demonstrators. The government on Wednesday, April 19, said hundreds of people were arrested but no casualties. REUTERS/Alamidou Damsiri / File/File Photo

Guinea’s security forces clashed with anti-government protesters in the opposition stronghold of Labeira, where they clashed with demonstrators. The government on Wednesday, April 19, said hundreds of people were arrested but no casualties.

""In this situation, we are not happy with",99,57,0.5757575757575758,7.4853392060950075,3.5681289972117485e-14,Watermarked,0.9999999999999644,70,0.6,0.7101449275362319,0.4,,,,8.554597660658008,8.554597660658008,5.914027404080451e-18,True,1.0,0.29023042540252975,2.604053649902344,0.1893000486820142,0.32204391257118004,1.0,50265.0,,0.5
78,CA-KL + Candidate Greenlist,kl_adaptive,,3.0,"FILE - Guinea security forces, center, face people rioting and burning rubbish and other goods in the streets of Conakry, April 13, 2015. Guinean security forces clashed with anti-government protesters in the opposition stronghold of Labe","ira, where most of the rioting has occurred. REUTERS/Patrickamounta

Guinea (GNA) - Guinea's police said on Saturday it was investigating more than a dozen arson attacks, which have sparked a widespread protest.

Guinean authorities accused a group of arsonists in the capital, Conakry, of arson on Friday, May 9, when 16 people and several vehicles were burned, authorities said. The people who were arrested for arson were taken to court for",99,57,0.5757575757575758,7.4853392060950075,3.5681289972117485e-14,Watermarked,0.9999999999999644,71,0.7887323943661971,1.0,0.21126760563380287,,,,10.037166851431781,10.037166851431781,5.231816660084287e-24,True,1.0,0.4324462232800887,2.4227696228027344,0.2711634986591141,0.29646277430234474,0.82,445.96,0.95,0.5
78,CA-KL + Candidate Greenlist + Weighted/WinMax,kl_adaptive,,3.0,"FILE - Guinea security forces, center, face people rioting and burning rubbish and other goods in the streets of Conakry, April 13, 2015. Guinean security forces clashed with anti-government protesters in the opposition stronghold of Labe","ira, where most of the rioting has occurred. REUTERS/Patrickamounta

Guinea (GNA) - Guinea's police said on Saturday it was investigating more than a dozen arson attacks, which have sparked a widespread protest.

Guinea's police said they responded to fires, broken bottles, broken grapefruit trees and wall-to-wall burning of villagers, as well as vandalism. A curfew was imposed in the capital, Guitamo, which had been severely affected by",99,64,0.6464646464646465,9.110063995014853,4.116669580158606e-20,Watermarked,1.0,69,0.8115942028985508,0.9705882352941176,0.18840579710144922,,,,11.276244388624557,11.276244388624557,8.596513355729265e-30,True,1.0,0.40723980123680353,1.9775546264648438,0.29208930300885333,0.29282427701400593,0.85,596.36,0.95,0.5
79,No Watermark,,,,"Ford is building cars that ""talk"" with traffic lights, road signs and pedestrians. At CES 2019 in Las Vegas on Monday, the automaker announced plans to start selling cars that feature this type of technology in 2022. The technology, called"," the Ford Fusion, uses an artificial intelligence called AI on the computer. The car will be able to ""talk"" with people who happen to be in front of it and can send a message to them.",41,8,0.1951219512195122,-0.811502671200689,0.7914614702397177,Human/Unwatermarked,0.0,36,0.8611111111111112,1.0,0.13888888888888884,,,,-0.07629805733976583,0.6682242158830164,0.5304090143204776,False,0.0,,,0.3128730038064053,0.2813219507003114,0.9047619047619048,708.047619047619,,
79,Fixed Delta 1.0,1.0,,,"Ford is building cars that ""talk"" with traffic lights, road signs and pedestrians. At CES 2019 in Las Vegas on Monday, the automaker announced plans to start selling cars that feature this type of technology in 2022. The technology, called"," ""pink lights,"" will be installed in cars on the sides and back of road signs, along with pedestrian signs and other signage and other materials to help reduce accidents and injuries. Ford intends to sell about 2,000 cars per year.

""It's a great way to keep our communities safe,"" Ford's CEO Mary Barra said in a statement. ""What we're going to do is create a safe, connected, premium, and scalable system for drivers' safety. I'm proud",99,45,0.45454545454545453,4.700096710803842,1.3001915629892368e-06,Watermarked,0.999998699808437,77,0.8181818181818182,0.9868421052631579,0.18181818181818177,1.0,1.0,1.0,5.90789239811738,5.90789239811738,1.7325610913462163e-09,True,0.9999999982674389,,,0.30189149363780976,0.25051258396357295,0.89,511.8,,
79,Fixed Delta 2.0,2.0,,,"Ford is building cars that ""talk"" with traffic lights, road signs and pedestrians. At CES 2019 in Las Vegas on Monday, the automaker announced plans to start selling cars that feature this type of technology in 2022. The technology, called"," ""pinkink,"" will enable users to make on-screen analog traffic lights ""pink"" (not purple) while in-the-works. The technology is also expected to help real-time traffic lights detect and respond to vehicles.

""It's a bit of a win-win for everybody involved,"" said Craig Krahn, VP of Global Marketing at Ford. He added that the technology will help more people get a better experience with cars.

""It will help",99,68,0.6868686868686869,10.038478160111909,5.162741433689114e-24,Watermarked,1.0,71,0.7887323943661971,0.9571428571428572,0.21126760563380287,2.0,2.0,2.0,10.18390952686487,10.18390952686487,1.1698412794173135e-24,True,1.0,,,0.32041934046335346,0.298762523769401,0.88,643.13,,
79,Fixed Delta 3.0,3.0,,,"Ford is building cars that ""talk"" with traffic lights, road signs and pedestrians. At CES 2019 in Las Vegas on Monday, the automaker announced plans to start selling cars that feature this type of technology in 2022. The technology, called"," ""pneumatic brake,” would make it easier to move cars that ""talk"" to one another without slowing down. The automaker also said it would integrate it into other customer vehicles. The company is also exploring other wireless technologies to help customers connect to their vehicles. The company has said that the Pneumatic brake is also expected to help with speed and speed control, which have also increased in recent years. The company hopes to sell a lot more cars by 2021. The company has",99,81,0.8181818181818182,13.055824196677339,2.943472539265963e-39,Watermarked,1.0,83,0.6385542168674698,0.9024390243902439,0.3614457831325302,3.0,3.0,3.0,12.23663414226418,12.23663414226418,9.903888376571377e-35,True,1.0,,,0.3012765734350127,0.29430790109559896,0.88,518.26,,
79,Current Adaptive Delta,adaptive,0.5,3.0,"Ford is building cars that ""talk"" with traffic lights, road signs and pedestrians. At CES 2019 in Las Vegas on Monday, the automaker announced plans to start selling cars that feature this type of technology in 2022. The technology, called"," ""pinkink,"" will enable users to make on-screen analog traffic lights ""pink"" (not purple) while in-the-works. The technology is also expected to help real-time traffic lights in cities like Los Angeles and the New York City area.

Ford is also reportedly working on an ""electric-electric wall"" that will enable people to move around with lights in urban settings. The company has said that it has developed a ""smart light"" that allows people to",99,65,0.6565656565656566,9.342167536289118,4.719090681074502e-21,Watermarked,1.0,77,0.7272727272727273,0.9342105263157895,0.2727272727272727,1.9606322181224822,1.6180340051651,2.5231850147247314,9.737431929329185,9.737431929329185,1.0438166370735057e-22,True,1.0,,,0.32988528634100384,0.29994575505144894,0.88,666.06,,
79,CA-KL,kl_adaptive,,3.0,"Ford is building cars that ""talk"" with traffic lights, road signs and pedestrians. At CES 2019 in Las Vegas on Monday, the automaker announced plans to start selling cars that feature this type of technology in 2022. The technology, called"," ""pinkink,"" will enable users to make on-screen analog traffic lights ""pink"" (not purple) while in-the-works. The technology is also expected to help real cars that already use it. The company is also targeting a 2022 release. Considering that Ford has yet to publicly share any details about future entries into the car segment, I would assume it has been awhile since the company has actually made mass-market cars.
In this situation, we are already in for",99,70,0.7070707070707071,10.502685242660437,4.197862382006365e-26,Watermarked,1.0,80,0.7875,0.9746835443037974,0.21250000000000002,,,,,,,,,0.4521965309528559,2.3621168518066407,0.3214596209058956,0.2699426210206002,1.0,50265.0,,0.5
79,CA-KL + Weighted Detector,kl_adaptive,,3.0,"Ford is building cars that ""talk"" with traffic lights, road signs and pedestrians. At CES 2019 in Las Vegas on Monday, the automaker announced plans to start selling cars that feature this type of technology in 2022. The technology, called"," ""pinkink,"" will enable users to make on-screen analog traffic lights ""pink"" (not purple) while in-the-works. The technology is also expected to help real cars that already use it. The company is also targeting a 2022 release. Considering that Ford has yet to publicly share any details about future entries into the car segment, I would assume it has been awhile since the company has actually made mass-market cars.
In this situation, we are already in for",99,70,0.7070707070707071,10.502685242660437,4.197862382006365e-26,Watermarked,1.0,80,0.7875,0.9746835443037974,0.21250000000000002,,,,10.817058463690477,10.817058463690477,1.4290168190389067e-27,True,1.0,0.4521965309528559,2.3621168518066407,0.32145964954486256,0.26994260197272524,1.0,50265.0,,0.5
79,CA-KL + Candidate Greenlist,kl_adaptive,,3.0,"Ford is building cars that ""talk"" with traffic lights, road signs and pedestrians. At CES 2019 in Las Vegas on Monday, the automaker announced plans to start selling cars that feature this type of technology in 2022. The technology, called"," ""pinkink,"" will enable users to make on-screen analog traffic lights ""pink"" (not purple) while in-the-works. The technology will work by turning off real cars while in-works. The cars will be officially unveiled at CES 2019, where Ford will present the car with a touchscreen and a touchscreen infotainment system.

What are these ""pinkink"" traffic lights? The company hopes to help drivers avoid potential collisions. The company said that the",99,66,0.6666666666666666,9.574271077563381,5.1289159954110675e-22,Watermarked,1.0,73,0.726027397260274,0.9305555555555556,0.273972602739726,,,,10.174525477296646,10.174525477296646,1.288263585825959e-24,True,1.0,0.44355890327430947,2.2975529479980468,0.3206049645033494,0.29987167836166917,0.91,645.14,0.95,0.5
79,CA-KL + Candidate Greenlist + Weighted/WinMax,kl_adaptive,,3.0,"Ford is building cars that ""talk"" with traffic lights, road signs and pedestrians. At CES 2019 in Las Vegas on Monday, the automaker announced plans to start selling cars that feature this type of technology in 2022. The technology, called"," ""pinkink,"" will enable users to make on-screen analog traffic lights ""pink"" (not purple) while in-the-works. The technology will work by turning off real cars while in-works. The cars will be officially unveiled at CES 2019, where Ford will present the car with a touchscreen and a touchscreen infotainment system.

What are these ""pinkink"" traffic lights? The company hopes to help drivers avoid potential collisions. The company said that the",99,66,0.6666666666666666,9.574271077563381,5.1289159954110675e-22,Watermarked,1.0,73,0.726027397260274,0.9305555555555556,0.273972602739726,,,,10.174525477296646,10.174525477296646,1.288263585825959e-24,True,1.0,0.4349674970771604,2.031228332519531,0.3206049645033494,0.29987167836166917,0.91,645.14,0.95,0.5
80,No Watermark,,,,"Things get a bit messy in a new brand campaign from Chobani. Centered on the tag ""Love This Life,"" its anthem film opens with a young family -- dad, mom, young daughter and son -- looking a bit worse for the wear",". It gets close to the mark, but it does not, and the film ends with them looking like they are running away from a police scanner.

The film's tone is somber as is the music, but the film is about the need to be with family. The film is about the need to be there for your loved one, so it doesn't get too far from that.

Still, the film is a bit too emotional for some, so we're all glad this",99,18,0.18181818181818182,-1.5666989036012806,0.941407456400931,Human/Unwatermarked,0.0,82,0.6463414634146342,0.8765432098765432,0.35365853658536583,,,,-1.0594779994660355,1.9818993867450576,0.8553089282153818,False,0.0,,,0.35412275303373786,0.24760347662493587,0.93,873.56,,
80,Fixed Delta 1.0,1.0,,,"Things get a bit messy in a new brand campaign from Chobani. Centered on the tag ""Love This Life,"" its anthem film opens with a young family -- dad, mom, young daughter and son -- looking a bit worse for the wear"," as they struggle to find a job and deal with the pandemic. They are taken on a journey through the woods, while the family discovers they are not alone in what is happening. The real bigger story is that the family is trying to make the most of the current reality.
Chobani's CH-OUT film follows the family's journey to make the most of the pandemic, and in its season premiere, the cast is looking to make it real for the first time. The pand",99,51,0.5151515151515151,6.092717958449424,5.550477317542801e-10,Watermarked,0.9999999994449522,85,0.6235294117647059,0.8928571428571429,0.3764705882352941,1.0,1.0,1.0,6.660117624642705,6.660117624642705,1.3680426022360397e-11,True,0.9999999999863196,,,0.3350283229836346,0.2897219173517078,0.9,881.93,,
80,Fixed Delta 2.0,2.0,,,"Things get a bit messy in a new brand campaign from Chobani. Centered on the tag ""Love This Life,"" its anthem film opens with a young family -- dad, mom, young daughter and son -- looking a bit worse for the wear"," as they struggle to keep up with the demands of the pandemic. The reality show stars, notably (notably, Pete Davidson and Damon Housseth), don't seem to understand what it's like to be in a creative studio and the need to keep up with the constant changes. The show is a breath of fresh air for Chobani, which has been offering programs with kids since the beginning of the pandemic.
""It's a lot more like, 'Listen, this",99,56,0.5656565656565656,7.2532356648207434,2.0346556800431047e-13,Watermarked,0.9999999999997965,76,0.6842105263157895,0.92,0.3157894736842105,2.0,2.0,2.0,9.972702004442644,9.972702004442644,1.003466622517494e-23,True,1.0,,,0.32151506097362376,0.2718727884348482,0.84,890.62,,
80,Fixed Delta 3.0,3.0,,,"Things get a bit messy in a new brand campaign from Chobani. Centered on the tag ""Love This Life,"" its anthem film opens with a young family -- dad, mom, young daughter and son -- looking a bit worse for the wear"," as they navigate their new reality. The script is on point, and the starry dialogue and the personal message it sends off. The result is one that could impact your life forever. The scene as a father and daughter is one that could impact your life forever. The scene as a father and daughter is one that could impact your life forever. The scene as a father and daughter is one that could impact your life forever. The scene as a father and daughter is one that could impact your life forever",99,92,0.9292929292929293,15.60896315069424,3.1628319644701572e-55,Watermarked,1.0,92,0.33695652173913043,0.4175824175824176,0.6630434782608696,3.0,3.0,3.0,11.76550694863982,11.76550694863982,2.938612344475766e-32,True,1.0,,,0.2257454277702218,0.5532961969450116,0.62,657.7,,
80,Current Adaptive Delta,adaptive,0.5,3.0,"Things get a bit messy in a new brand campaign from Chobani. Centered on the tag ""Love This Life,"" its anthem film opens with a young family -- dad, mom, young daughter and son -- looking a bit worse for the wear"," as they navigate their new reality.

""In this situation, people are not living their life as they want to,"" Chobani's executive producer, Tim Beauchamp, tells PEOPLE as he gets ready to shoot the film. ""It's a really, really good feeling.""

""Lots of life is going through a wall, so it's a really good feeling when you get to shoot,"" Chobani's executive producer, Tim Beauchamp, tells PEOPLE as he gets",99,62,0.6262626262626263,8.645856912466327,2.6701500224408945e-18,Watermarked,1.0,69,0.6231884057971014,0.7794117647058824,0.37681159420289856,1.868844907283783,1.6180340051651,2.5597646236419678,7.432497601026204,7.507623158991398,5.3283017811452185e-14,True,0.9999999999999467,,,0.26731910391497404,0.39757941057905555,0.79,454.09,,
80,CA-KL,kl_adaptive,,3.0,"Things get a bit messy in a new brand campaign from Chobani. Centered on the tag ""Love This Life,"" its anthem film opens with a young family -- dad, mom, young daughter and son -- looking a bit worse for the wear"," as they struggle to keep up with the demands of the pandemic. The reality show stars, notably (not pictured) Kourtney Kardashian, Kendall Jenner and Travis Scott, are hitting the gym as they prepare for spring. The reality show has officially aired its eighth season.
""It's a really special thing for us to make it that way because it's a lot of things that don't happen in normal times,"" said Kourtney Kardashian, 39, on ""Keeping Up with the Kardash",99,70,0.7070707070707071,10.502685242660437,4.197862382006365e-26,Watermarked,1.0,78,0.7564102564102564,0.9090909090909091,0.2435897435897436,,,,,,,,,0.43550061483773767,2.418277130126953,0.28894056179885735,0.2680467168605537,1.0,50265.0,,0.5
80,CA-KL + Weighted Detector,kl_adaptive,,3.0,"Things get a bit messy in a new brand campaign from Chobani. Centered on the tag ""Love This Life,"" its anthem film opens with a young family -- dad, mom, young daughter and son -- looking a bit worse for the wear"," as they struggle to keep up with the demands of the pandemic. The reality show stars, notably (not pictured) Kourtney Kardashian, Kendall Jenner and Travis Scott, are hitting the gym as they prepare for spring. The reality show has officially aired its eighth season.
""It's a really special thing for us to make it that way because it's a lot of things that don't happen in normal times,"" said Kourtney Kardashian, 39, on ""Keeping Up with the Kardash",99,70,0.7070707070707071,10.502685242660437,4.197862382006365e-26,Watermarked,1.0,78,0.7564102564102564,0.9090909090909091,0.2435897435897436,,,,11.52602719743266,11.52602719743266,4.877093701865031e-31,True,1.0,0.43550061483773767,2.418277130126953,0.2889405450398824,0.268046757249831,1.0,50265.0,,0.5
80,CA-KL + Candidate Greenlist,kl_adaptive,,3.0,"Things get a bit messy in a new brand campaign from Chobani. Centered on the tag ""Love This Life,"" its anthem film opens with a young family -- dad, mom, young daughter and son -- looking a bit worse for the wear"," as their only child struggles with being bullied. The mom is no doubt happy that her daughter is going through her trauma, while the young man is struggling to keep up his fighting spirit. The scene as a father and son are so different from the movie. A girl, girl, girl, girl, girl!”

""It was really special to make this film about a woman, and it’s really special because it’s so different from what we usually make,�",99,74,0.7474747474747475,11.431099407757491,1.4619162413214889e-30,Watermarked,1.0,79,0.6962025316455697,0.9102564102564102,0.30379746835443033,,,,12.547758080967608,12.547758080967608,2.0446217841519333e-36,True,1.0,0.45710256942829197,2.3694113159179686,0.3175035934065199,0.2931699169613421,0.94,649.29,0.95,0.5
80,CA-KL + Candidate Greenlist + Weighted/WinMax,kl_adaptive,,3.0,"Things get a bit messy in a new brand campaign from Chobani. Centered on the tag ""Love This Life,"" its anthem film opens with a young family -- dad, mom, young daughter and son -- looking a bit worse for the wear"," as their only child struggles with being bullied. The mom is no doubt happy that her daughter is going through her trauma, while the young man is struggling to keep up his fighting spirit. The scene as a whole is overwhelmingly about love, which is the theme of the movie. The lighthearted nature of the movie’s ending is just one more thing to make sure that the story continues on and the film’s dialogue continues. The actor who stars is well-known throughout the Hollywood film",99,69,0.696969696969697,10.270581701386172,4.781315307935896e-25,Watermarked,1.0,88,0.7159090909090909,0.9770114942528736,0.28409090909090906,,,,11.087260359591378,11.087260359591378,7.232505828065899e-29,True,1.0,0.45306730921557337,2.2030128479003905,0.3264909287866558,0.2697018194012344,0.95,775.86,0.95,0.5
81,No Watermark,,,,"“All the gold names have been pretty much getting hammered both on the credit side and the equity side for quite some time with gold prices coming down,” Wen Li, an analyst at CreditSights Inc., said in a phone interview yesterday",".

“In the past months we’ve seen a fairly good run, but (the) correction has been a bit too big.”

The latest period marked a sharp reversal in gold prices, with a 10-year note yield falling to a low of 0.8 percent from 1.21 percent on Monday, the lowest since May 2010.

Inflation in China’s main consumer economy has hit a record high, while the country’s",99,26,0.26262626262626265,0.29012942659282975,0.38585861217276185,Human/Unwatermarked,0.0,71,0.8028169014084507,1.0,0.19718309859154926,,,,0.8642571826823701,2.014982977028815,0.1937233128729846,False,0.0,,,0.2769473296671653,0.32034709602594375,0.82,358.81,,
81,Fixed Delta 1.0,1.0,,,"“All the gold names have been pretty much getting hammered both on the credit side and the equity side for quite some time with gold prices coming down,” Wen Li, an analyst at CreditSights Inc., said in a phone interview yesterday",".

“In the past months we’ve seen the gold price move down by as much as 20 percent. So it’s really about what kind of gold price is going to be in the future.”

The global gold markets are expected to hold steady at $1,500 and $2,000, respectively, based on a preliminary estimate from the National Bureau of Statistics.

The premium gold price for silver, which has risen to $4,",99,43,0.43434343434343436,4.235889628255314,1.138242922895398e-05,Watermarked,0.9999886175707711,73,0.7945205479452054,0.9583333333333334,0.20547945205479456,1.0,1.0,1.0,5.131310247324402,5.545040950387963,1.4386609813406577e-07,True,0.9999998561339019,,,0.26755776291643596,0.3665195940993726,0.78,364.61,,
81,Fixed Delta 2.0,2.0,,,"“All the gold names have been pretty much getting hammered both on the credit side and the equity side for quite some time with gold prices coming down,” Wen Li, an analyst at CreditSights Inc., said in a phone interview yesterday",".

“The supply and demand side has been really good for gold and silver,” said Wang, who oversees a diversified portfolio of securities in China, Indonesia and Thailand. “I’ve had good prices for the first couple years. I think these are the first times we’ve seen the supply come back and the demand has been really good.”

China has recorded modest inventory increases over the past year, said Wang, who expects the material",99,58,0.5858585858585859,7.717442747369271,5.934340569241363e-15,Watermarked,0.9999999999999941,74,0.6621621621621622,0.9041095890410958,0.33783783783783783,2.0,2.0,2.0,9.299468900158658,9.299468900158658,7.057447921192115e-21,True,1.0,,,0.2577901971236493,0.282986264647916,0.78,294.61,,
81,Fixed Delta 3.0,3.0,,,"“All the gold names have been pretty much getting hammered both on the credit side and the equity side for quite some time with gold prices coming down,” Wen Li, an analyst at CreditSights Inc., said in a phone interview yesterday",", May 6. He noted the drop in supply on May 6. The US dollar fell 10-percent against the euro on May 6. The Shanghai Composite Index was down 0.2 percent. The US Dow Jones industrial average lost 7.1 points or 0.2 percent to 23,895.61. The Nasdaq Composite Index was down 0.2 percent. The Russell 2000 index of smaller companies was down 0.7 percent. The Nasdaq 500 Index was down 0.6 percent",99,65,0.6565656565656566,9.342167536289118,4.719090681074502e-21,Watermarked,1.0,80,0.5375,0.7341772151898734,0.4625,3.0,3.0,3.0,9.706311144947575,9.706311144947575,1.4170437143966185e-22,True,1.0,,,0.19148941836687822,0.38623963419348,0.69,159.75,,
81,Current Adaptive Delta,adaptive,0.5,3.0,"“All the gold names have been pretty much getting hammered both on the credit side and the equity side for quite some time with gold prices coming down,” Wen Li, an analyst at CreditSights Inc., said in a phone interview yesterday",".

“The supply and demand side has been really good for gold and silver,” said Wang, who oversees a diversified portfolio of securities in China, Indonesia and Thailand. “I think it’ll be more the supply side that has been good.”

Wang said there was “nothing wrong” with recent gold price gains as gold and silver traded comfortably above the $US120 mark on Wednesday and the situation had resolved. The silver price",99,55,0.5555555555555556,7.021132123546479,1.100388069780592e-12,Watermarked,0.9999999999988997,71,0.7183098591549296,0.9428571428571428,0.2816901408450704,1.85488600730896,1.6180340051651,2.3843629360198975,8.51736099723128,8.51736099723128,8.161504326911064e-18,True,1.0,,,0.2614899552105768,0.3113355878833681,0.83,311.32,,
81,CA-KL,kl_adaptive,,3.0,"“All the gold names have been pretty much getting hammered both on the credit side and the equity side for quite some time with gold prices coming down,” Wen Li, an analyst at CreditSights Inc., said in a phone interview yesterday",".

“The supply and demand side has been really good for gold and silver,” said Wang, who oversees a diversified portfolio of securities in China, Indonesia and Thailand. “I’ve had good prices for the first couple years. I think these are the first times we’ve had good prices for precious metals. I would say it’s really good.”

Wing, who oversees more than $12 billion worth of gold and",99,58,0.5858585858585859,7.717442747369271,5.934340569241363e-15,Watermarked,0.9999999999999941,70,0.7,0.8840579710144928,0.30000000000000004,,,,,,,,,0.41868504190257877,2.4327520751953124,0.2350726421295105,0.21955457525631572,1.0,50265.0,,0.5
81,CA-KL + Weighted Detector,kl_adaptive,,3.0,"“All the gold names have been pretty much getting hammered both on the credit side and the equity side for quite some time with gold prices coming down,” Wen Li, an analyst at CreditSights Inc., said in a phone interview yesterday",".

“The supply and demand side has been really good for gold and silver,” said Wang, who oversees a diversified portfolio of securities in China, Indonesia and Thailand. “I’ve had good prices for the first couple years. I think these are the first times we’ve had good prices for precious metals. I would say it’s really good.”

Wing, who oversees more than $12 billion worth of gold and",99,58,0.5858585858585859,7.717442747369271,5.934340569241363e-15,Watermarked,0.9999999999999941,70,0.7,0.8840579710144928,0.30000000000000004,,,,9.631987279161283,9.631987279161283,2.929265826155358e-22,True,1.0,0.41868504190257877,2.4327520751953124,0.23507267577124163,0.21955464507442457,1.0,50265.0,,0.5
81,CA-KL + Candidate Greenlist,kl_adaptive,,3.0,"“All the gold names have been pretty much getting hammered both on the credit side and the equity side for quite some time with gold prices coming down,” Wen Li, an analyst at CreditSights Inc., said in a phone interview yesterday",".

“The supply and demand side has been really good,” he added. He said the supply side was expected to provide a lot of gold and silver, both with real interest rates of 9 percent.

The gold-silver ratio, which scores the ratio, shows that the two’s price-to-earnings ratios, or EV/earnings, are in consensus.

Though the premium gold-silver ratio for bullion is 9 percent, that",99,60,0.6060606060606061,8.181649829917799,1.3999184135288104e-16,Watermarked,0.9999999999999999,69,0.6956521739130435,0.9411764705882353,0.30434782608695654,,,,9.59649143957343,9.59649143957343,4.1356042636935865e-22,True,1.0,0.4108775123193681,2.4651466369628907,0.27571456382180903,0.34356007100315766,0.81,426.39,0.95,0.5
81,CA-KL + Candidate Greenlist + Weighted/WinMax,kl_adaptive,,3.0,"“All the gold names have been pretty much getting hammered both on the credit side and the equity side for quite some time with gold prices coming down,” Wen Li, an analyst at CreditSights Inc., said in a phone interview yesterday",".

“The supply and demand side has been really good,” he said. He said the supply side was expected to provide a lot of gold and silver, both with real interest rates of 9 percent.

The gold-silver ratio, which scores the ratio, shows that the two’s price-to-earnings ratios, or EV/earnings, are in consensus.

Though the premium gold-silver ratio for bullion (which is the ratio",99,56,0.5656565656565656,7.2532356648207434,2.0346556800431047e-13,Watermarked,0.9999999999997965,69,0.6811594202898551,0.9264705882352942,0.3188405797101449,,,,8.95963776902354,8.95963776902354,1.6287336610832278e-19,True,1.0,0.3856749130314204,1.8988265991210938,0.2823716085444032,0.3419364743330516,0.81,451.94,0.95,0.5
82,No Watermark,,,,Trump's new immigration ad was panned as racist. Turns out it was also based on a falsehood. - Hartford Courant Trump's new immigration ad was panned as racist. Turns out it was also based on a falsehood. Trump's new," immigration ad was panned as racist. Turns out it was also based on a falsehood.

Trump said Wednesday that he was ""strongly opposed"" to immigration and that he was ""very proud"" of it, according to a new ad from The Washington Post.

The ad, which was produced in response to a recent interview with the New York Times, features a red carpet-style ""Search for an Immigrant"" spot, with a skit featuring a headline saying, ""John",99,24,0.24242424242424243,-0.17407765595569785,0.5690977834754946,Human/Unwatermarked,0.0,76,0.7236842105263158,0.96,0.2763157894736842,,,,-0.4610174174443301,3.3732892640217793,0.6776069454974595,False,0.0,,,0.26121098069016896,0.41818622409831735,0.7,584.79,,
82,Fixed Delta 1.0,1.0,,,Trump's new immigration ad was panned as racist. Turns out it was also based on a falsehood. - Hartford Courant Trump's new immigration ad was panned as racist. Turns out it was also based on a falsehood. Trump's new, immigration ad was panned as racist. Turns out it was also based on a falsehood. He got a lot of folks to turn around and claim the ad was racist. This was done to make him look bad and it worked. – Hartford Courant The president's new immigration ad was panned as racist. Turns out it was also based on a falsehood. Trump got a lot of folks to turn around and claim the ad was racist. This was done to make him look bad and it worked.,99,55,0.5555555555555556,7.021132123546479,1.100388069780592e-12,Watermarked,0.9999999999988997,87,0.42528735632183906,0.5465116279069767,0.5747126436781609,1.0,1.0,1.0,4.804308339869655,5.236580409657502,7.764368400998924e-07,True,0.9999992235631598,,,0.13678865475884142,0.7042457101494074,0.4,287.58,,
82,Fixed Delta 2.0,2.0,,,Trump's new immigration ad was panned as racist. Turns out it was also based on a falsehood. - Hartford Courant Trump's new immigration ad was panned as racist. Turns out it was also based on a falsehood. Trump's new," immigration ad was panned as racist. Turns out it was also based on a falsehood. He got a lot better at his jobs and businesses. - Hartford Courant Trump's new immigration ad was panned as racist. Turns out it was also based on a falsehood. He got a lot better at his jobs and businesses. He's a wall-less fucking, fucking socialist who wants to kill everyone but himself. - Hartford Courant Trump's new immigration ad was panned as racist. Turns out",99,56,0.5656565656565656,7.2532356648207434,2.0346556800431047e-13,Watermarked,0.9999999999997965,80,0.4875,0.5569620253164557,0.5125,2.0,2.0,2.0,6.52624678052367,6.6000636819603455,3.3719087663179155e-11,True,0.9999999999662809,,,0.14430667878536432,0.712757904259488,0.34,454.79,,
82,Fixed Delta 3.0,3.0,,,Trump's new immigration ad was panned as racist. Turns out it was also based on a falsehood. - Hartford Courant Trump's new immigration ad was panned as racist. Turns out it was also based on a falsehood. Trump's new," immigration ad was panned as racist. Turns out it was also based on a falsehood. He's actually doing everything that could help build a wall on our border - he's deploying Emergency Services to help those in need in his state – The New York Times Magazine. The New York Times Magazine praised Trump’s immigration ad as being ""outright racist,"" but it also said that ""that's where our sign-on really starts. The sign-on isn't racist. The sign-on",99,71,0.7171717171717171,10.7347887839347,3.49392904769601e-27,Watermarked,1.0,79,0.6582278481012658,0.8974358974358975,0.3417721518987342,3.0,3.0,3.0,11.636157806670312,11.638227585843358,1.3495131842978576e-31,True,1.0,,,0.2577047974064243,0.44040984959807244,0.7,643.71,,
82,Current Adaptive Delta,adaptive,0.5,3.0,Trump's new immigration ad was panned as racist. Turns out it was also based on a falsehood. - Hartford Courant Trump's new immigration ad was panned as racist. Turns out it was also based on a falsehood. Trump's new, immigration ad was panned as racist. Turns out it was also based on a falsehood. He got a lot of folks to turn around and claim the first 100 years were racist. - Hartford Courant Trump gets a lot of folks to turn around and claim the first 100 years were racist. Turns out it was also based on a falsehood. I'm going to make sure not to make this a joke but if anyone actually believes the first 100 years are racist... I'm not saying race isn't racist,99,59,0.5959595959595959,7.949546288643535,9.359791413521555e-16,Watermarked,0.9999999999999991,88,0.5568181818181818,0.6896551724137931,0.44318181818181823,1.7936708426475525,1.6180340051651,2.3500938415527344,7.375184952417191,7.478381217152218,8.205852741171703e-14,True,0.999999999999918,,,0.18043765031877337,0.5687016472732648,0.49,330.07,,
82,CA-KL,kl_adaptive,,3.0,Trump's new immigration ad was panned as racist. Turns out it was also based on a falsehood. - Hartford Courant Trump's new immigration ad was panned as racist. Turns out it was also based on a falsehood. Trump's new," immigration ad was panned as racist. Turns out it was also based on a falsehood. He's actually doing better on health care and jobs, which are really important. - Hartford Courant Trump's new immigration ad was panned as racist. Turns out it was also based on a falsehood. He's actually doing better on health care and jobs, which are really important. - Hartford Courant Trump's new immigration ad was panned as racist. Turns out it was also based on a falsehood.",99,47,0.47474747474747475,5.164303793352369,1.2066773532761895e-07,Watermarked,0.9999998793322646,79,0.379746835443038,0.41025641025641024,0.620253164556962,,,,,,,,,0.13245476459745859,2.8433523559570313,0.0822401180349323,0.38883098032325963,1.0,50265.0,,0.5
82,CA-KL + Weighted Detector,kl_adaptive,,3.0,Trump's new immigration ad was panned as racist. Turns out it was also based on a falsehood. - Hartford Courant Trump's new immigration ad was panned as racist. Turns out it was also based on a falsehood. Trump's new," immigration ad was panned as racist. Turns out it was also based on a falsehood. He's actually doing better on health care and jobs, which are really important. - Hartford Courant Trump's new immigration ad was panned as racist. Turns out it was also based on a falsehood. He's actually doing better on health care and jobs, which are really important. - Hartford Courant Trump's new immigration ad was panned as racist. Turns out it was also based on a falsehood.",99,47,0.47474747474747475,5.164303793352369,1.2066773532761895e-07,Watermarked,0.9999998793322646,79,0.379746835443038,0.41025641025641024,0.620253164556962,,,,4.561896715384552,4.605651828034863,2.534679211763146e-06,True,0.9999974653207883,0.13245476459745859,2.8433523559570313,0.0822401304732844,0.38883094610586794,1.0,50265.0,,0.5
82,CA-KL + Candidate Greenlist,kl_adaptive,,3.0,Trump's new immigration ad was panned as racist. Turns out it was also based on a falsehood. - Hartford Courant Trump's new immigration ad was panned as racist. Turns out it was also based on a falsehood. Trump's new," immigration ad was panned as racist. Turns out it was also based on a falsehood. He's actually doing better on health care and jobs, which are really important. - Hartford Courant Trump's new immigration ad was panned as racist. Turns out it was also based on a falsehood. He's actually doing better on health care and jobs, which are really important. - Hartford Courant Trump's new immigration ad was panned as racist. Turns out it was also based on a falsehood.",99,47,0.47474747474747475,5.164303793352369,1.2066773532761895e-07,Watermarked,0.9999998793322646,79,0.379746835443038,0.41025641025641024,0.620253164556962,,,,4.849391872789033,4.927643305201999,6.192027643245665e-07,True,0.9999993807972357,0.11578370713698008,2.84572265625,0.0822401304732844,0.8116268171695993,0.22,170.66,0.95,0.5
82,CA-KL + Candidate Greenlist + Weighted/WinMax,kl_adaptive,,3.0,Trump's new immigration ad was panned as racist. Turns out it was also based on a falsehood. - Hartford Courant Trump's new immigration ad was panned as racist. Turns out it was also based on a falsehood. Trump's new," immigration ad was panned as racist. Turns out it was also based on a falsehood. He's actually doing better on health care and jobs, which are really important. - Hartford Courant Trump's new immigration ad was panned as racist. Turns out it was also based on a falsehood. He's actually doing better on health care and jobs, which are really important. - Hartford Courant Trump's new immigration ad was panned as racist. Turns out it was also based on a falsehood.",99,47,0.47474747474747475,5.164303793352369,1.2066773532761895e-07,Watermarked,0.9999998793322646,79,0.379746835443038,0.41025641025641024,0.620253164556962,,,,4.849391872789033,4.927643305201999,6.192027643245665e-07,True,0.9999993807972357,0.10906891781686301,0.50572265625,0.0822401304732844,0.8116268171695993,0.22,170.66,0.95,0.5
83,No Watermark,,,,"Customers line up to purchase lottery tickets, Monday, Oct. 22, 2018, at La Preferida Superdiscount store in Hialeah, Fla. For all the anticipation about whether someone will finally snag the gigantic Mega Millions and Power","ball jackpot on Saturday, the topic has been on the minds of many people around the world. (AP Photo/Kathy Willens)

Customers line up to purchase lottery tickets, Monday, Oct. 22, 2018, at La Preferida Superdiscount store in Hialeah, Fla. For all the anticipation about whether someone will finally snag the gigantic Mega Millions and Powerball jackpot on Saturday, the topic has been on the minds of many people around the world.",99,21,0.21212121212121213,-0.8703882797784892,0.807955875263074,Human/Unwatermarked,0.0,72,0.7083333333333334,0.7887323943661971,0.29166666666666663,,,,-0.4031846113002972,0.9863570262501284,0.6565937902166257,False,0.0,,,0.08233067460814447,0.7680174856260419,0.22,148.98,,
83,Fixed Delta 1.0,1.0,,,"Customers line up to purchase lottery tickets, Monday, Oct. 22, 2018, at La Preferida Superdiscount store in Hialeah, Fla. For all the anticipation about whether someone will finally snag the gigantic Mega Millions and Power","ball jackpots on Saturday, the real deal is on. The lottery says it’ll purchase five tickets worth $15 million and two bonus tickets worth $10 million, which will be worth about $3.5 million. (AP Photo/Marcio Jose Sanchez)

Customers line up to buy lottery tickets, Monday, Oct. 22, 2018, at La Preferida Superdiscount store in Hialeah, Fla. For all the anticipation about whether someone will finally snag",99,44,0.4444444444444444,4.467993169529578,3.947841320552369e-06,Watermarked,0.9999960521586795,69,0.8260869565217391,0.9852941176470589,0.17391304347826086,1.0,1.0,1.0,5.483787714276537,5.6094675044447495,2.0815715564058792e-08,True,0.9999999791842844,,,0.1443753100222133,0.6455208407202736,0.41,198.93,,
83,Fixed Delta 2.0,2.0,,,"Customers line up to purchase lottery tickets, Monday, Oct. 22, 2018, at La Preferida Superdiscount store in Hialeah, Fla. For all the anticipation about whether someone will finally snag the gigantic Mega Millions and Power","ball ticket from the lottery, fans have plenty of fun. The lottery says it’ll purchase five tickets worth $15 million and a bonus ticket worth $10 million, which is also worth $10 million. The winning ticket was sold in the largest Mega Millions drawing since the lottery’s inception in 1991, and it has sold more than 45 million tickets. (AP Photo/Melvin Gutierrez)

HAUL, Minn. (AP) — People lined up for the first",99,67,0.6767676767676768,9.806374618837644,5.2848962805356706e-23,Watermarked,1.0,74,0.7162162162162162,0.9452054794520548,0.28378378378378377,2.0,2.0,2.0,10.429872340987401,10.429872340987401,9.056574131218204e-26,True,1.0,,,0.26720592979637053,0.3937385251186788,0.77,463.93,,
83,Fixed Delta 3.0,3.0,,,"Customers line up to purchase lottery tickets, Monday, Oct. 22, 2018, at La Preferida Superdiscount store in Hialeah, Fla. For all the anticipation about whether someone will finally snag the gigantic Mega Millions and Power","ball ticket from the lottery, fans have plenty of fun. The lottery says it’ll purchase five tickets worth $15 million and a bonus ticket worth $10 million, which is also the bigger prize. The lottery says it’ll purchase seven tickets worth $10 million, which is also the bigger prize. The lottery says it’ll purchase 10 tickets worth $10 million, which is also the bigger prize. The lottery says it’ll purchase 13 tickets worth $10 million",99,81,0.8181818181818182,13.055824196677339,2.943472539265963e-39,Watermarked,1.0,79,0.379746835443038,0.5,0.620253164556962,3.0,3.0,3.0,9.647422045245722,9.647422045245722,2.5203475516119324e-22,True,1.0,,,0.1968568556562965,0.5155545189790428,0.59,278.23,,
83,Current Adaptive Delta,adaptive,0.5,3.0,"Customers line up to purchase lottery tickets, Monday, Oct. 22, 2018, at La Preferida Superdiscount store in Hialeah, Fla. For all the anticipation about whether someone will finally snag the gigantic Mega Millions and Power","ball ticket from the lottery, fans have plenty of fun. The lottery says it’ll purchase five tickets worth $15 million and a bonus ticket worth $10 million, which is also worth $10 million. The winning ticket was sold at the largest Mega Millions scratch shop in Miami, which has a maximum ticket price of $15 million. (AP Photo/John Minchillo)

Customers line up to purchase lottery tickets, Monday, Oct. 22, 2018, at La Pre",99,62,0.6262626262626263,8.645856912466327,2.6701500224408945e-18,Watermarked,1.0,75,0.72,0.9459459459459459,0.28,1.8367850697040558,1.6180340051651,2.445915937423706,10.071131748251071,10.163626739631168,3.706010576289581e-24,True,1.0,,,0.22612929460219783,0.497891446929425,0.63,414.69,,
83,CA-KL,kl_adaptive,,3.0,"Customers line up to purchase lottery tickets, Monday, Oct. 22, 2018, at La Preferida Superdiscount store in Hialeah, Fla. For all the anticipation about whether someone will finally snag the gigantic Mega Millions and Power","ball ticket from the lottery, fans have plenty of fun. The lottery says it’ll purchase five tickets worth $15 million and a bonus ticket worth $10 million, which is also worth $10 million. The winning ticket was sold in the largest Mega Millions drawing since the lottery’s inception last year. The winning ticket was sold in the largest Mega Millions drawing since the lottery’s inception last year. The winning ticket was sold in the largest Mega Millions drawing since the lottery�",99,72,0.7272727272727273,10.966892325208963,2.756746498559108e-28,Watermarked,1.0,84,0.4642857142857143,0.5783132530120482,0.5357142857142857,,,,,,,,,0.33692784869832987,2.564766540527344,0.21452271262605913,0.3729830317149754,1.0,50265.0,,0.5
83,CA-KL + Weighted Detector,kl_adaptive,,3.0,"Customers line up to purchase lottery tickets, Monday, Oct. 22, 2018, at La Preferida Superdiscount store in Hialeah, Fla. For all the anticipation about whether someone will finally snag the gigantic Mega Millions and Power","ball ticket from the lottery, fans have plenty of fun. The lottery says it’ll purchase five tickets worth $15 million and a bonus ticket worth $10 million, which is also worth $10 million. The winning ticket was sold in the largest Mega Millions drawing since the lottery’s inception last year. The winning ticket was sold in the largest Mega Millions drawing since the lottery’s inception last year. The winning ticket was sold in the largest Mega Millions drawing since the lottery�",99,72,0.7272727272727273,10.966892325208963,2.756746498559108e-28,Watermarked,1.0,84,0.4642857142857143,0.5783132530120482,0.5357142857142857,,,,9.568547630033223,9.568547630033223,5.420897370533991e-22,True,1.0,0.33692784869832987,2.564766540527344,0.21452268604072153,0.3729830132264397,1.0,50265.0,,0.5
83,CA-KL + Candidate Greenlist,kl_adaptive,,3.0,"Customers line up to purchase lottery tickets, Monday, Oct. 22, 2018, at La Preferida Superdiscount store in Hialeah, Fla. For all the anticipation about whether someone will finally snag the gigantic Mega Millions and Power","ball ticket from the lottery, fans have plenty of fun. The lottery says it’ll purchase five tickets worth $15 million and a bonus ticket worth $10 million, which is also worth $10 million. The winning ticket was sold in the largest Mega Millions drawing since the lottery’s inception on Jan. 20, 2017. The winning ticket was sold in total 7,979 tickets in total. The lottery says it’ll purchase five tickets worth $15 million, which is",99,73,0.7373737373737373,11.198995866483228,2.061905353433795e-29,Watermarked,1.0,79,0.5569620253164557,0.717948717948718,0.44303797468354433,,,,10.763312201641124,10.763312201641124,2.564639013235913e-27,True,1.0,0.399428252129934,2.457814178466797,0.26231258894506243,0.40405352575238795,0.79,407.98,0.95,0.5
83,CA-KL + Candidate Greenlist + Weighted/WinMax,kl_adaptive,,3.0,"Customers line up to purchase lottery tickets, Monday, Oct. 22, 2018, at La Preferida Superdiscount store in Hialeah, Fla. For all the anticipation about whether someone will finally snag the gigantic Mega Millions and Power","ball ticket from the lottery, fans have plenty of fun. The lottery says it’s got nearly 800 winners. But according to a press release, it’s got a big catch as well. The lottery is still trying to get the largest Mega Millions and Powerball ticket, which has already sold more than 50,000 times. A spokesman says, “The ticket was sold in over 1.5 million numbers.”

In other news, Walmart is showing off this",99,60,0.6060606060606061,8.181649829917799,1.3999184135288104e-16,Watermarked,0.9999999999999999,77,0.7662337662337663,0.9473684210526315,0.23376623376623373,,,,9.947586365679744,9.947586365679744,1.2918679277908537e-23,True,1.0,0.3981317945661946,1.84773193359375,0.29160664914204193,0.351552307875827,0.82,541.15,0.95,0.5
84,No Watermark,,,,• Engage with other SRA functions to support the evidence gathering and credible deterrence approach of the SRA. The role of a Forensic Investigator is a key component part of the Investigation and Supervision Directorate within the SRA. As a Forensic Investigator,", you are responsible for investigating the case. You are responsible, as a Forensic Investigator, for creating evidence, gathering facts, storing and presenting evidence, and/or carrying out the proceedings within the SRA. You are responsible for ensuring that the evidence is not tampered with or misused, that evidence is not misused, and that the witnesses are credible. You are responsible for ensuring that evidence is well prepared, the files are properly maintained, and that the investigation is carried out with the highest",99,25,0.25252525252525254,0.058025885318565944,0.4768640048788747,Human/Unwatermarked,0.0,82,0.5,0.7901234567901234,0.5,,,,-0.1641207747997736,2.3116503691445756,0.5651819661811281,False,0.0,,,0.2676583048420856,0.3142114051477984,0.85,370.42,,
84,Fixed Delta 1.0,1.0,,,• Engage with other SRA functions to support the evidence gathering and credible deterrence approach of the SRA. The role of a Forensic Investigator is a key component part of the Investigation and Supervision Directorate within the SRA. As a Forensic Investigator,", you are in charge of the functioning of the Forensic Investigation Directorate. You are responsible for the development and execution of the Evidence Collecting and Prosecution Procedures. You are responsible for the collected and evidence gathering process and the preparation of the Evidence Documents. The Forensic Investigator is also responsible for the interpretation of evidence documents to aid in the prosecution of the accused. The Forensic Investigator is responsible for carrying out the investigation and preparation of the Evidence Documents. The Forensic Investigator is responsible for the provision and management of the",99,41,0.41414141414141414,3.7716825457067866,8.107523404471492e-05,Human/Unwatermarked,0.0,92,0.3804347826086957,0.6703296703296703,0.6195652173913043,1.0,1.0,1.0,4.08375815826564,4.08375815826564,2.215657451914393e-05,True,0.9999778434254809,,,0.26926472466821905,0.3519923053216189,0.82,627.89,,
84,Fixed Delta 2.0,2.0,,,• Engage with other SRA functions to support the evidence gathering and credible deterrence approach of the SRA. The role of a Forensic Investigator is a key component part of the Investigation and Supervision Directorate within the SRA. As a Forensic Investigator,", you are in charge of the functioning of the Forensic Investigation Directorate and the Safety and Security Directorate. You are responsible for supervising and monitoring the Research Laboratory of the SRA (the Forensic Science Laboratory of the SRA). You are a key key stakeholder in the Safety and Security, ensuring that the Safety’s Laboratory is properly protected, safely controlled, and supervised. You are a key stakeholder in the Environmental Protection Agency (EPA) and the Environmental Protection Agency (EPA). You are",99,53,0.5353535353535354,6.556925040997952,2.7464302917418046e-11,Watermarked,0.9999999999725357,81,0.4567901234567901,0.7,0.5432098765432098,2.0,2.0,2.0,7.551821077511111,7.551821077511111,2.146069398418073e-14,True,0.9999999999999786,,,0.26270202237590656,0.3441586743341759,0.82,591.58,,
84,Fixed Delta 3.0,3.0,,,• Engage with other SRA functions to support the evidence gathering and credible deterrence approach of the SRA. The role of a Forensic Investigator is a key component part of the Investigation and Supervision Directorate within the SRA. As a Forensic Investigator,", you are in charge of the functioning of the Forensic Investigation Directorate and the Safety Directorate. The functions of the Forensic Investigator include: investigating cases of the criminal elements, carrying out inquiries and conducting real to physical evidence investigations and conducting other kinds of investigations as a result of the criminal elements including, kidnapping and killing. The functions of the Forensic Investigator also include: probing, finding and verifying evidence of the criminal elements, conducting investigations and conducting other kinds of investigations as a result of the criminal elements including, kidnapping",99,76,0.7676767676767676,11.89530649030602,6.259628712805054e-33,Watermarked,1.0,90,0.4444444444444444,0.651685393258427,0.5555555555555556,3.0,3.0,3.0,10.413699335916075,10.413699335916075,1.07356181904839e-25,True,1.0,,,0.27350497315620825,0.41469866442494097,0.81,734.74,,
84,Current Adaptive Delta,adaptive,0.5,3.0,• Engage with other SRA functions to support the evidence gathering and credible deterrence approach of the SRA. The role of a Forensic Investigator is a key component part of the Investigation and Supervision Directorate within the SRA. As a Forensic Investigator,", you are in charge of the functioning of the Forensic Investigation Directorate and the Safety and Security Directorate. You are responsible for supervising and monitoring the Research Laboratory of the SRA (human collected blood samples of persons who were wrongly arrested or tortured).

• Watch out for reported criminal offences, such as robbery, murder and kidnapping. This is the core of the Investigation Directorate.

• Monitor the Research Laboratory of the SRA (human collected blood samples of persons who were wrongly arrested or tortured",99,53,0.5353535353535354,6.556925040997952,2.7464302917418046e-11,Watermarked,0.9999999999725357,82,0.5487804878048781,0.7283950617283951,0.4512195121951219,1.8562124383449554,1.6180340051651,2.470935344696045,6.3266787815556365,6.3266787815556365,1.2524702085109166e-10,True,0.999999999874753,,,0.2568277084319784,0.4054872574936599,0.75,629.17,,
84,CA-KL,kl_adaptive,,3.0,• Engage with other SRA functions to support the evidence gathering and credible deterrence approach of the SRA. The role of a Forensic Investigator is a key component part of the Investigation and Supervision Directorate within the SRA. As a Forensic Investigator,", you are in charge of the functioning of the Forensic Investigation Directorate and the Safety and Security Directorate. You are responsible for supervising and monitoring the Research Laboratory of the SRA (the Forensic Science Laboratory of the SRA). You are a key key stakeholder in the Safety and Security, ensuring that the Safety’s Laboratory is properly protected, safely controlled, and supervised. You are a key stakeholder in the Environmental Protection Agency (EPA) and the Environmental Protection Agency (EPA). You are",99,53,0.5353535353535354,6.556925040997952,2.7464302917418046e-11,Watermarked,0.9999999999725357,81,0.4567901234567901,0.7,0.5432098765432098,,,,,,,,,0.41894431691684375,2.483719482421875,0.2627020672081755,0.26149015165108724,1.0,50265.0,,0.5
84,CA-KL + Weighted Detector,kl_adaptive,,3.0,• Engage with other SRA functions to support the evidence gathering and credible deterrence approach of the SRA. The role of a Forensic Investigator is a key component part of the Investigation and Supervision Directorate within the SRA. As a Forensic Investigator,", you are in charge of the functioning of the Forensic Investigation Directorate and the Safety and Security Directorate. You are responsible for supervising and monitoring the Research Laboratory of the SRA (the Forensic Science Laboratory of the SRA). You are a key key stakeholder in the Safety and Security, ensuring that the Safety’s Laboratory is properly protected, safely controlled, and supervised. You are a key stakeholder in the Environmental Protection Agency (EPA) and the Environmental Protection Agency (EPA). You are",99,53,0.5353535353535354,6.556925040997952,2.7464302917418046e-11,Watermarked,0.9999999999725357,81,0.4567901234567901,0.7,0.5432098765432098,,,,7.334740225211457,7.334740225211457,1.110759797881603e-13,True,0.999999999999889,0.41894431691684375,2.483719482421875,0.26270202237590656,0.2614901216055296,1.0,50265.0,,0.5
84,CA-KL + Candidate Greenlist,kl_adaptive,,3.0,• Engage with other SRA functions to support the evidence gathering and credible deterrence approach of the SRA. The role of a Forensic Investigator is a key component part of the Investigation and Supervision Directorate within the SRA. As a Forensic Investigator,", you are in charge of the functioning of the Forensic Investigation Directorate and the Safety and Security Directorate. You are responsible for supervising and monitoring the Research Laboratory of the SRA (the Forensic Science Research Laboratory of the Research Laboratory of the Research Laboratory of the Research Laboratory of the Research Laboratory of the Research Laboratory of the Research Laboratory of the Research Laboratory of the Research Laboratory of the Research Laboratory of the Research Laboratory of the Research Laboratory of the Research Laboratory of the Research Laboratory of the Research Laboratory of the Research",99,78,0.7878787878787878,12.359513572854546,2.1638374768437998e-35,Watermarked,1.0,95,0.22105263157894736,0.3191489361702128,0.7789473684210526,,,,5.287532948798156,5.303943486056306,6.198851753918484e-08,True,0.9999999380114825,0.21364284657870994,2.752489013671875,0.1504567490704285,0.6727310874126852,0.45,331.73,0.95,0.5
84,CA-KL + Candidate Greenlist + Weighted/WinMax,kl_adaptive,,3.0,• Engage with other SRA functions to support the evidence gathering and credible deterrence approach of the SRA. The role of a Forensic Investigator is a key component part of the Investigation and Supervision Directorate within the SRA. As a Forensic Investigator,", you are in charge of the functioning of the Forensic Investigation Directorate and the Safety and Security Directorate. You are responsible for supervising and monitoring the Research Laboratory of the SRA (the Forensic Science Research Laboratory of the Research Laboratory of the Research Laboratory of the Research Laboratory of the Research Laboratory of the Research Laboratory of the Research Laboratory of the Research Laboratory of the Research Laboratory of the Research Laboratory of the Research Laboratory of the Research Laboratory of the Research Laboratory of the Research Laboratory of the Research Laboratory of the Research",99,78,0.7878787878787878,12.359513572854546,2.1638374768437998e-35,Watermarked,1.0,95,0.22105263157894736,0.3191489361702128,0.7789473684210526,,,,5.287532948798156,5.303943486056306,6.198851753918484e-08,True,0.9999999380114825,0.1999723388781893,1.102489013671875,0.1504567490704285,0.6727310874126852,0.45,331.73,0.95,0.5
85,No Watermark,,,,"MidMichigan Health plans to restructure and re-align its work force in the coming months, and the changes could mean laying off as many as 1 percent of the company's nearly 5,000 workers. MidMichigan Health is the parent company of"," the Michigan Hospital Association.

The move comes on the heels of the same move from the University of Michigan Health System. One of the hospital's key positions is currently held by a former Michigan employee.",41,13,0.3170731707317073,0.9918365981341755,0.16063862070703305,Human/Unwatermarked,0.0,35,0.7142857142857143,0.9705882352941176,0.2857142857142857,,,,0.831922447043699,1.4052504361672598,0.20272636034555674,False,0.0,,,0.3064584568512417,0.34107498773595407,0.8571428571428571,721.4285714285714,,
85,Fixed Delta 1.0,1.0,,,"MidMichigan Health plans to restructure and re-align its work force in the coming months, and the changes could mean laying off as many as 1 percent of the company's nearly 5,000 workers. MidMichigan Health is the parent company of"," the Detroit Public Health Agency, which is responsible for advocating for health care reform for state and local governments.

""We are working with our patients to make sure we are providing the best care to all of our patients,"" said Dr. James T. Smith, MD, chief of the Detroit Public Health Agency’s COVID-19 response team.

What are the costs of the changes?

The cost of the changes will include cutting wages for approximately 1,400 employees,",99,43,0.43434343434343436,4.235889628255314,1.138242922895398e-05,Watermarked,0.9999886175707711,78,0.6794871794871795,0.8831168831168831,0.3205128205128205,1.0,1.0,1.0,4.121910667916594,4.548507241589583,1.8787145788277414e-05,True,0.9999812128542117,,,0.2687839642844578,0.3468643044121563,0.83,432.16,,
85,Fixed Delta 2.0,2.0,,,"MidMichigan Health plans to restructure and re-align its work force in the coming months, and the changes could mean laying off as many as 1 percent of the company's nearly 5,000 workers. MidMichigan Health is the parent company of"," the Detroit Public Health Department, which provides more than a hundred health care providers across the state. The company said Tuesday it has created a culture that ""does not fit what is needed to make Michigan a safer place for people to live."" The company said it has made those changes ""in order to make sure that our staff is well-positioned for the rest of the work year,"" with some employees ""having a better understanding of the strategies, strategies, and tools available to help them manage their health",99,74,0.7474747474747475,11.431099407757491,1.4619162413214889e-30,Watermarked,1.0,89,0.7303370786516854,0.9431818181818182,0.2696629213483146,2.0,2.0,2.0,11.073476551517906,11.073476551517906,8.43626550666248e-29,True,1.0,,,0.28646519955087035,0.30174691925756636,0.92,320.64,,
85,Fixed Delta 3.0,3.0,,,"MidMichigan Health plans to restructure and re-align its work force in the coming months, and the changes could mean laying off as many as 1 percent of the company's nearly 5,000 workers. MidMichigan Health is the parent company of"," the Detroit Public Health Department that operates the state's public health facility and operates hospitals across the state. The company had been in the public health business for more than 30 years. MidMichigan Health now has about 2,000 employees at current capacity. The company said Tuesday it also expects to hold back on new staff to help cut down staffing levels. MidMichiganHealth has no plans for layoffs. The company said its goal is to have 1 percent to 1 percent of employees return to their jobs after the pand",99,73,0.7373737373737373,11.198995866483228,2.061905353433795e-29,Watermarked,1.0,90,0.7222222222222222,0.9325842696629213,0.2777777777777778,3.0,3.0,3.0,10.790250070373702,10.875051535089002,1.91373321406145e-27,True,1.0,,,0.2560982661235794,0.28147107638884333,0.84,316.92,,
85,Current Adaptive Delta,adaptive,0.5,3.0,"MidMichigan Health plans to restructure and re-align its work force in the coming months, and the changes could mean laying off as many as 1 percent of the company's nearly 5,000 workers. MidMichigan Health is the parent company of"," the Detroit Public Health Department, which provides more than a hundred health care providers across the state. The company said Tuesday it has created a culture change to keep its employees and employees engaged. The Michigan Health Department's annual reports are published online. MidMichigan Health said Tuesday it has created a culture change to keep its employees and employees engaged. The Michigan Health Department's annual reports are published online.
Start the conversation, or Read more at NewsJax.",91,60,0.6593406593406593,9.017890236765156,9.587315491076642e-20,Watermarked,1.0,77,0.5584415584415584,0.6973684210526315,0.4415584415584416,1.7920626388943715,1.6180340051651,2.389831066131592,8.430549829126468,8.430549829126468,1.7202242346020352e-17,True,1.0,,,0.2055729468028789,0.46116354021891626,0.6413043478260869,324.4130434782609,,
85,CA-KL,kl_adaptive,,3.0,"MidMichigan Health plans to restructure and re-align its work force in the coming months, and the changes could mean laying off as many as 1 percent of the company's nearly 5,000 workers. MidMichigan Health is the parent company of"," the Detroit Public Health Department, which provides more than a hundred health care providers across the state. The company said Tuesday it has created a culture that ""does not fit what is needed to make Michigan a safer place for people to live."" The company said it has made those changes ""in order to make sure that our staff is well-positioned for the rest of the work year,"" with some changes ""likely to occur in the first half of this year."" The company said Tuesday it has taken """,99,73,0.7373737373737373,11.198995866483228,2.061905353433795e-29,Watermarked,1.0,89,0.6629213483146067,0.8977272727272727,0.3370786516853933,,,,,,,,,0.45969071160661157,2.398088836669922,0.2696307973557346,0.2670152884973504,1.0,50265.0,,0.5
85,CA-KL + Weighted Detector,kl_adaptive,,3.0,"MidMichigan Health plans to restructure and re-align its work force in the coming months, and the changes could mean laying off as many as 1 percent of the company's nearly 5,000 workers. MidMichigan Health is the parent company of"," the Detroit Public Health Department, which provides more than a hundred health care providers across the state. The company said Tuesday it has created a culture that ""does not fit what is needed to make Michigan a safer place for people to live."" The company said it has made those changes ""in order to make sure that our staff is well-positioned for the rest of the work year,"" with some changes ""likely to occur in the first half of this year."" The company said Tuesday it has taken """,99,73,0.7373737373737373,11.198995866483228,2.061905353433795e-29,Watermarked,1.0,89,0.6629213483146067,0.8977272727272727,0.3370786516853933,,,,11.866303326685829,11.866303326685829,8.856127182644245e-33,True,1.0,0.45969071160661157,2.398088836669922,0.2696307784558059,0.26701527091285243,1.0,50265.0,,0.5
85,CA-KL + Candidate Greenlist,kl_adaptive,,3.0,"MidMichigan Health plans to restructure and re-align its work force in the coming months, and the changes could mean laying off as many as 1 percent of the company's nearly 5,000 workers. MidMichigan Health is the parent company of"," the Detroit Public Health Department, which provides more than 23,000 public health care jobs in Michigan. (The company also has two and a half dozen affiliated hospitals in Michigan.) The reorganization, which is expected to occur by summer, will include a reduction in its workforce by about 10,000, replacing staff with more qualified staff with more experience in infectious diseases, health care systems, and trauma and trauma. The plan, which the company has said was written by a team of mid-Michigan health",99,67,0.6767676767676768,9.806374618837644,5.2848962805356706e-23,Watermarked,1.0,85,0.6470588235294118,0.9047619047619048,0.3529411764705882,,,,11.216239199929499,11.216239199929499,1.6969946539380994e-29,True,1.0,0.46271790611436414,2.325925140380859,0.2949074424590363,0.2771175967901945,0.87,436.83,0.95,0.5
85,CA-KL + Candidate Greenlist + Weighted/WinMax,kl_adaptive,,3.0,"MidMichigan Health plans to restructure and re-align its work force in the coming months, and the changes could mean laying off as many as 1 percent of the company's nearly 5,000 workers. MidMichigan Health is the parent company of"," the Detroit Public Health Department, which provides more than 23,000 public health care jobs in Michigan. (The company also has two and a half dozen affiliated hospitals in Michigan.) The reorganization, which is expected to occur by summer, will include a reduction of the current share buyback program and a reduction in its share and commission payments on average, which have grown in recent years. The company said in its prepared remarks for the meeting that the current share buybacks are not sufficient to meet the current",99,65,0.6565656565656566,9.342167536289118,4.719090681074502e-21,Watermarked,1.0,88,0.6818181818181818,0.8850574712643678,0.31818181818181823,,,,11.833661897253547,11.833661897253547,1.3074013787937913e-32,True,1.0,0.41525603847250486,1.930638427734375,0.28180055458399617,0.2781305962242186,0.84,406.95,0.95,0.5
86,No Watermark,,,,"When Katherine Gotovsky sees a problem, her response is immediate. The gears in her 17-year-old mind start working away, determined to come up with a solution whether it’s at school, retirement residences or in the tech industry."," But she gets caught in the act and has to roll with it.

“I got caught, but I don’t know how to fix it,” says Katherine, a 17-year-old at Central College in suburban New York. “I’m trying to be a good example to others. I’m going to work hard for this, and I’m going to accept what’s out there, and we’ll get",99,21,0.21212121212121213,-0.8703882797784892,0.807955875263074,Human/Unwatermarked,0.0,70,0.7285714285714285,0.9420289855072463,0.27142857142857146,,,,-0.9459500496752814,0.8983757634256795,0.8279129680400075,False,0.0,,,0.22094230380310648,0.33747469909954814,0.73,294.42,,
86,Fixed Delta 1.0,1.0,,,"When Katherine Gotovsky sees a problem, her response is immediate. The gears in her 17-year-old mind start working away, determined to come up with a solution whether it’s at school, retirement residences or in the tech industry."," But she gets jacked up when she finds herself on the other side of the world.

Her job is to make sense of a problem, to unearth what is happening in the real world. She is in an office with a giant computer screen, staring at scores of pages, trying to figure out what is happening with her. She is also trying to get her head around what she thinks is happening in the real world.

Katherine gets tangled up in a web of lies and",99,44,0.4444444444444444,4.467993169529578,3.947841320552369e-06,Watermarked,0.9999960521586795,86,0.5813953488372093,0.8941176470588236,0.41860465116279066,1.0,1.0,1.0,5.303804506768925,5.575173963441524,5.670688424832924e-08,True,0.9999999432931157,,,0.29933719195792374,0.3143902778625488,0.86,603.01,,
86,Fixed Delta 2.0,2.0,,,"When Katherine Gotovsky sees a problem, her response is immediate. The gears in her 17-year-old mind start working away, determined to come up with a solution whether it’s at school, retirement residences or in the tech industry."," She’s got a business plan. She has no problem getting her head around a roomy apartment with all her other kids and a good-paying job in Silicon Valley (it’s not exactly true that her life is a lot better after the Divorce Act kicked in, though she has become a bit of a fan of the show). She’s got a great job and a good-paying salary, plus a lot of bills to keep up with. She has no problem",99,72,0.7272727272727273,10.966892325208963,2.756746498559108e-28,Watermarked,1.0,84,0.6309523809523809,0.8674698795180723,0.36904761904761907,2.0,2.0,2.0,11.22539246217745,11.22539246217745,1.5301235716196037e-29,True,1.0,,,0.3243302728976148,0.3292665302939713,0.86,878.9,,
86,Fixed Delta 3.0,3.0,,,"When Katherine Gotovsky sees a problem, her response is immediate. The gears in her 17-year-old mind start working away, determined to come up with a solution whether it’s at school, retirement residences or in the tech industry."," She’s got a business plan. She has no problem getting her head around a roomy apartment with all her other kids and a good-paying job in Silicon Valley (it’s not exactly true that her life is rammed with kids who are right at home.) It seems she has no problem finding and getting her head around a roomy, comfortable place where she’ll be well-connected and connected, which means she’ll be more likely to make it out",99,79,0.797979797979798,12.59161711412881,1.17406494602355e-36,Watermarked,1.0,82,0.6707317073170732,0.8765432098765432,0.3292682926829268,3.0,3.0,3.0,11.778236268957865,11.778236268957865,2.526975900159711e-32,True,1.0,,,0.31680143358052554,0.33899769507348537,0.87,675.03,,
86,Current Adaptive Delta,adaptive,0.5,3.0,"When Katherine Gotovsky sees a problem, her response is immediate. The gears in her 17-year-old mind start working away, determined to come up with a solution whether it’s at school, retirement residences or in the tech industry."," She’s got a business plan. She has no problem getting her head around a roomy apartment, complete with walls. She has no problem finding something to talk about. She has no problem finding what is most important. She has no problem imagining the next step. She has no problem trying. She’s got no problem wall-to-wall finding. She has no problem finding where she wants to go. She has no problem finding where she has no problem. She has no",99,78,0.7878787878787878,12.359513572854546,2.1638374768437998e-35,Watermarked,1.0,83,0.43373493975903615,0.6219512195121951,0.5662650602409638,1.8540329790115357,1.6180340051651,2.3978586196899414,10.346199211106692,10.346199211106692,2.1771513138796246e-25,True,1.0,,,0.26547131544315866,0.4123981836787425,0.79,491.71,,
86,CA-KL,kl_adaptive,,3.0,"When Katherine Gotovsky sees a problem, her response is immediate. The gears in her 17-year-old mind start working away, determined to come up with a solution whether it’s at school, retirement residences or in the tech industry."," She’s got a business plan. She has no problem getting her head around a roomy apartment with all her other kids and a good-paying job in Silicon Valley (it’s not exactly true that her life is a lot better after the Divorce Act kicked in, though she has become a bit of a fan of the show). She’s got a great job and a good-paying salary, plus a lot of bills to keep up with. She has no problem",99,72,0.7272727272727273,10.966892325208963,2.756746498559108e-28,Watermarked,1.0,84,0.6309523809523809,0.8674698795180723,0.36904761904761907,,,,,,,,,0.456682726822332,2.374261779785156,0.3243302717876699,0.25236327674727366,1.0,50265.0,,0.5
86,CA-KL + Weighted Detector,kl_adaptive,,3.0,"When Katherine Gotovsky sees a problem, her response is immediate. The gears in her 17-year-old mind start working away, determined to come up with a solution whether it’s at school, retirement residences or in the tech industry."," She’s got a business plan. She has no problem getting her head around a roomy apartment with all her other kids and a good-paying job in Silicon Valley (it’s not exactly true that her life is a lot better after the Divorce Act kicked in, though she has become a bit of a fan of the show). She’s got a great job and a good-paying salary, plus a lot of bills to keep up with. She has no problem",99,72,0.7272727272727273,10.966892325208963,2.756746498559108e-28,Watermarked,1.0,84,0.6309523809523809,0.8674698795180723,0.36904761904761907,,,,11.580029865356662,11.580029865356662,2.6013963078747396e-31,True,1.0,0.456682726822332,2.374261779785156,0.3243302728976148,0.2523634034736824,1.0,50265.0,,0.5
86,CA-KL + Candidate Greenlist,kl_adaptive,,3.0,"When Katherine Gotovsky sees a problem, her response is immediate. The gears in her 17-year-old mind start working away, determined to come up with a solution whether it’s at school, retirement residences or in the tech industry."," But when she hears that the young woman isn’t getting her way, she has no choice.

So while students and faculty are discussing how to fix things, Katherine sits there in her quiet corner, watching for any clues. But the first thing she notices is a light, soft light that bends into a bright glow when she presses the power button. The light is on.

“I’ve been hearing things that don’t necessarily match,” she",99,64,0.6464646464646465,9.110063995014853,4.116669580158606e-20,Watermarked,1.0,77,0.7662337662337663,0.9868421052631579,0.23376623376623373,,,,10.293526280972925,10.293526280972925,3.768236427012075e-25,True,1.0,0.4240342999026709,2.354791717529297,0.3109291642412701,0.3315664655342698,0.87,730.9,0.95,0.5
86,CA-KL + Candidate Greenlist + Weighted/WinMax,kl_adaptive,,3.0,"When Katherine Gotovsky sees a problem, her response is immediate. The gears in her 17-year-old mind start working away, determined to come up with a solution whether it’s at school, retirement residences or in the tech industry."," But when she hears that the young woman isn’t getting her way, she has no choice but to make sure she has a solution too.

April is one of the youngest people to make it to high school on any number of occasions. She’s a graduate of the University of Maryland’s School of Engineering. She’s always been a fan of the show but she’s always wanted to attend a day of the week. She has her doubts,",99,61,0.6161616161616161,8.413753371192062,1.9854759384111046e-17,Watermarked,1.0,82,0.5975609756097561,0.8888888888888888,0.4024390243902439,,,,11.379502852133959,11.379502852133959,2.6450215607311932e-30,True,1.0,0.383279256628147,1.8144309997558594,0.2906980317916202,0.36664324067067355,0.79,832.77,0.95,0.5
87,No Watermark,,,,"Tennessee farmers are cashing in on the local food movement. The federal government never measured just how much Tennessee farmers sold directly to customers at, say, a farmers market, but when it did (for the first time this year), it found"," some of the most efficient ways to sell more than just food, and they sold those more than any other state.

Wise man, the Federal Trade Commission (FTC) collected real data about the sales of food at a farmer market in Tennessee, and found that the average price of a package of food for a Tennessee farmer was $1.18, up from $1.15 in 2011.

The average price of a package of food for a Tennessee farmer was $1.",99,29,0.29292929292929293,0.9864400504156211,0.1619586099219501,Human/Unwatermarked,0.0,80,0.6125,0.810126582278481,0.38749999999999996,,,,1.043154377291381,2.290326939638169,0.1484383997496061,False,0.0,,,0.29411837988593165,0.3002286877948791,0.83,666.46,,
87,Fixed Delta 1.0,1.0,,,"Tennessee farmers are cashing in on the local food movement. The federal government never measured just how much Tennessee farmers sold directly to customers at, say, a farmers market, but when it did (for the first time this year), it found"," some of the most efficient ways to sell more than a quarter of their crop.

The University of Tennessee Agricultural Research Center at the Knox County Research Complex in Knox County, Tennessee, collected just about all of the state’s total crop-buying volumes. The reported total, which included sales of agricultural products and a small number of wheat and soybeans, amounted to nearly $15 billion in food sales, the largest amount any farm country has sold in a single year. The results may",99,43,0.43434343434343436,4.235889628255314,1.138242922895398e-05,Watermarked,0.9999886175707711,84,0.7023809523809523,0.9759036144578314,0.29761904761904767,1.0,1.0,1.0,4.774202584539345,4.80859464649075,9.021034836579155e-07,True,0.9999990978965163,,,0.31101292147135684,0.27656884165480733,0.88,623.65,,
87,Fixed Delta 2.0,2.0,,,"Tennessee farmers are cashing in on the local food movement. The federal government never measured just how much Tennessee farmers sold directly to customers at, say, a farmers market, but when it did (for the first time this year), it found"," the median price to be more than $3.25 for four tonnes of rice and black rice. (The USDA also said that the two types of rice sold in Tennessee were worth between $8.5 million and $10.5 million.)

But the high prices are not all that surprising. A 2014 study of 1.2 million households by the Center for Agricultural Research and Evaluation at Vanderbilt University found that the price of 1.2 million pounds of rice has jumped from $3.25",99,59,0.5959595959595959,7.949546288643535,9.359791413521555e-16,Watermarked,0.9999999999999991,84,0.6904761904761905,0.9036144578313253,0.30952380952380953,2.0,2.0,2.0,8.399619608302476,8.399619608302476,2.2396363192227114e-17,True,1.0,,,0.2804557689004026,0.30770533633884045,0.84,454.73,,
87,Fixed Delta 3.0,3.0,,,"Tennessee farmers are cashing in on the local food movement. The federal government never measured just how much Tennessee farmers sold directly to customers at, say, a farmers market, but when it did (for the first time this year), it found"," the median price to sell a crop had dropped.

""It kind of became an interesting question,"" said CEO Paul Franklin at a conference Tuesday to help advance a dairy farming movement aimed at expanding the supply of ingredients in produce from the state.

""It's a bit of a mystery,"" Franklin said. He noted that the state still does not have a dairy program or industry standard, and farmers who sign an agreement don't get a refund. The shortage has amplified since the beginning of this",99,73,0.7373737373737373,11.198995866483228,2.061905353433795e-29,Watermarked,1.0,85,0.7529411764705882,0.9761904761904762,0.24705882352941178,3.0,3.0,3.0,12.602978561811154,12.602978561811154,1.0165938011917565e-36,True,1.0,,,0.33426964927168196,0.2674527156166732,0.92,664.01,,
87,Current Adaptive Delta,adaptive,0.5,3.0,"Tennessee farmers are cashing in on the local food movement. The federal government never measured just how much Tennessee farmers sold directly to customers at, say, a farmers market, but when it did (for the first time this year), it found"," the median price to be more than $3.25 for four tonnes of rice and black rice. (The USDA also said that the two types of rice sold in Tennessee were worth about half as much as the equivalent in other markets.) The farmers are selling the grain to consumers who are not farmers themselves.
“The USDA is just one more example of how we can move forward with agriculture,” said Mark Grimes, executive director of the Tennessee Farmers’ Federation, which represents more than",99,56,0.5656565656565656,7.2532356648207434,2.0346556800431047e-13,Watermarked,0.9999999999997965,84,0.7142857142857143,0.963855421686747,0.2857142857142857,1.9304721987247466,1.6180340051651,2.556324005126953,9.124408883993556,9.124408883993556,3.6064399324430094e-20,True,1.0,,,0.31067364190968444,0.2966524294670671,0.87,566.03,,
87,CA-KL,kl_adaptive,,3.0,"Tennessee farmers are cashing in on the local food movement. The federal government never measured just how much Tennessee farmers sold directly to customers at, say, a farmers market, but when it did (for the first time this year), it found"," the median price to be more than $3.25 for four tonnes of rice and black rice. (The USDA also said that the two types of rice sold in Tennessee were worth between $8.5 million and $10.5 million.)

But the high prices are not all that surprising. A 2014 study of 1.2 million households by the Center for Agricultural Research and Evaluation at Vanderbilt University found that the price of 1.2 million pounds of rice has jumped to more than $15",99,59,0.5959595959595959,7.949546288643535,9.359791413521555e-16,Watermarked,0.9999999999999991,85,0.6823529411764706,0.9047619047619048,0.3176470588235294,,,,,,,,,0.4246154153502644,2.435164489746094,0.2784895644548892,0.2912342079426162,1.0,50265.0,,0.5
87,CA-KL + Weighted Detector,kl_adaptive,,3.0,"Tennessee farmers are cashing in on the local food movement. The federal government never measured just how much Tennessee farmers sold directly to customers at, say, a farmers market, but when it did (for the first time this year), it found"," the median price to be more than $3.25 for four tonnes of rice and black rice. (The USDA also said that the two types of rice sold in Tennessee were worth between $8.5 million and $10.5 million.)

But the high prices are not all that surprising. A 2014 study of 1.2 million households by the Center for Agricultural Research and Evaluation at Vanderbilt University found that the price of 1.2 million pounds of rice has jumped to more than $15",99,59,0.5959595959595959,7.949546288643535,9.359791413521555e-16,Watermarked,0.9999999999999991,85,0.6823529411764706,0.9047619047619048,0.3176470588235294,,,,7.996112550490832,7.996112550490832,6.420450513055515e-16,True,0.9999999999999993,0.4246154153502644,2.435164489746094,0.27848953643880775,0.29123424874327614,1.0,50265.0,,0.5
87,CA-KL + Candidate Greenlist,kl_adaptive,,3.0,"Tennessee farmers are cashing in on the local food movement. The federal government never measured just how much Tennessee farmers sold directly to customers at, say, a farmers market, but when it did (for the first time this year), it found"," the median price to sell a crop had dropped by 23.2 percent. The price of wheat in Tennessee, which had been at $7,500 per tonne for more than a decade now, fell by more than 30.2 percent.

""It's a bit of a win-win,"" says Ed Kull, president of the national farming association. He says Tennessee's farmers are ""having a really good season. But they're buying more things for themselves.""

""Everybody",99,68,0.6868686868686869,10.038478160111909,5.162741433689114e-24,Watermarked,1.0,74,0.7432432432432432,0.9726027397260274,0.2567567567567568,,,,11.074658500800124,11.074658500800124,8.325688135610379e-29,True,1.0,0.4488025081084535,2.3794509887695314,0.3064844634818592,0.30739207653328776,0.9,488.94,0.95,0.5
87,CA-KL + Candidate Greenlist + Weighted/WinMax,kl_adaptive,,3.0,"Tennessee farmers are cashing in on the local food movement. The federal government never measured just how much Tennessee farmers sold directly to customers at, say, a farmers market, but when it did (for the first time this year), it found"," the median price to sell a crop had dropped by 23.2 percent. The price of wheat in Tennessee, which had been at $7,500 per tonne for more than a decade, fell by 2.6 percent.

The USDA estimated the drop to be caused by a ""virtuous seasonal” crop cycle in the Midwest, which included winter storms, heavy rains and poor drought conditions. But farmers are increasingly concerned they’ll be shortfalls for their crop and the lack",99,69,0.696969696969697,10.270581701386172,4.781315307935896e-25,Watermarked,1.0,79,0.7341772151898734,0.9871794871794872,0.26582278481012656,,,,10.554376617472315,10.554376617472315,2.4242358865246615e-26,True,1.0,0.4299843824884963,2.055735626220703,0.3149753864833136,0.2996969590801746,0.89,514.68,0.95,0.5
88,No Watermark,,,,"A rocket attack by ISIS militants in northern Syria caused symptoms of “chemical gas” in 22 Syrian rebels, state media cited the Turkish armed forces as saying on Sunday. The attack targeted Turkey-backed rebels who have been besieging the ISIS"," stronghold of Raqqa in northern Syria since last year.

At least eight Syrian rebels were wounded by the blast but the Syrian army and rebels did not say whether they were wounded by chemical gas.

The Syrian army said on Sunday it had hit a rebel convoy with scores of light-bulb-sized rockets fired from a small area near the city of Raqqa. It said it had recovered four rockets.

The Syrian army said it was targeting a Turkish-backed rebel convoy with the same",99,17,0.1717171717171717,-1.7988024448755444,0.9639750317669002,Human/Unwatermarked,0.0,86,0.6627906976744186,0.8588235294117647,0.33720930232558144,,,,-1.5381831682207128,0.08005336271250718,0.9379980823655012,False,0.0,,,0.2833554697995839,0.25929371832869946,0.89,406.3,,
88,Fixed Delta 1.0,1.0,,,"A rocket attack by ISIS militants in northern Syria caused symptoms of “chemical gas” in 22 Syrian rebels, state media cited the Turkish armed forces as saying on Sunday. The attack targeted Turkey-backed rebels who have been besieging the ISIS"," stronghold of Raqqa in northern Syria since last year.

At least one Syrian soldier was wounded by a firefight with ISIS militants and a third was stabbed in the head, said Emergency Services Minister Walid al-Zawahiri.

State media cited the Turkish armed forces as saying that the two-year-old rebel’s wounded soldier, a soldier who had been injured in an attack in an ISIS-controlled area, was “hurt”. The Turkish armed",99,45,0.45454545454545453,4.700096710803842,1.3001915629892368e-06,Watermarked,0.999998699808437,74,0.7567567567567568,0.958904109589041,0.2432432432432432,1.0,1.0,1.0,4.377876943659197,4.658725749999719,5.9920489141660665e-06,True,0.9999940079510858,,,0.25593136591936927,0.33831714794971046,0.84,318.0,,
88,Fixed Delta 2.0,2.0,,,"A rocket attack by ISIS militants in northern Syria caused symptoms of “chemical gas” in 22 Syrian rebels, state media cited the Turkish armed forces as saying on Sunday. The attack targeted Turkey-backed rebels who have been besieging the ISIS"," stronghold of Kobani in the region since June 25 on Turkey’s southern border. The rebels were said to have launched a barrage of rockets and mortars on Saturday, which were returned to their homeland. The rebels were at the center of the largest battle since the Islamic State of Iraq and the Levant (‘ISIL-K’) seized the capital, Kobani in late May. The rebels are now fighting to establish a foothold there, which has not been significantly affected by this",99,66,0.6666666666666666,9.574271077563381,5.1289159954110675e-22,Watermarked,1.0,81,0.7037037037037037,0.95,0.2962962962962963,2.0,2.0,2.0,9.769386013248916,9.89917764097098,7.618633320411277e-23,True,1.0,,,0.2625128701653949,0.35989482880569995,0.79,417.48,,
88,Fixed Delta 3.0,3.0,,,"A rocket attack by ISIS militants in northern Syria caused symptoms of “chemical gas” in 22 Syrian rebels, state media cited the Turkish armed forces as saying on Sunday. The attack targeted Turkey-backed rebels who have been besieging the ISIS"," stronghold of Kobani in Syria since the start of the conflict, Turkey said. The rebels are now planning a failed attack in the area of Kobani in eastern Syria. Turkey said it had launched a airstrike in retaliation for an ISIS-allied airstrike in the area. A Syrian Army officer fired at an ISIS-allied group and captured eight fighters, state TV showed. The rebel-held city of Kobani is on the border between northern and eastern Syria, where Turkey has said IS militants may",99,75,0.7575757575757576,11.663202949031755,9.825423209116168e-32,Watermarked,1.0,85,0.6352941176470588,0.8809523809523809,0.3647058823529412,3.0,3.0,3.0,13.010109555304373,13.010109555304373,5.359415449434039e-39,True,1.0,,,0.26979505274773136,0.2640881964284927,0.87,320.78,,
88,Current Adaptive Delta,adaptive,0.5,3.0,"A rocket attack by ISIS militants in northern Syria caused symptoms of “chemical gas” in 22 Syrian rebels, state media cited the Turkish armed forces as saying on Sunday. The attack targeted Turkey-backed rebels who have been besieging the ISIS", stronghold of Kobani in the region since June 25 on Turkey’s southern border. The rebels were said to have launched a barrage of rocket-topped shells and artillery at the frontline. The rebels were held by ISIS militants and their Syrian allies after the attacks. A reported wave of attacks has claimed the lives of hundreds of rebels. The Syrian government blamed the ISIS militants who stormed the border and opened fire after Kurdish fighters tried to quell the revolt. Turkish armed forces said early Sunday evening that,99,66,0.6666666666666666,9.574271077563381,5.1289159954110675e-22,Watermarked,1.0,89,0.6966292134831461,0.9659090909090909,0.3033707865168539,1.8915393579006194,1.6180340051651,2.3517017364501953,10.809543870468985,10.809543870468985,1.5510432359405453e-27,True,1.0,,,0.2871356821667734,0.31360376903787257,0.86,456.39,,
88,CA-KL,kl_adaptive,,3.0,"A rocket attack by ISIS militants in northern Syria caused symptoms of “chemical gas” in 22 Syrian rebels, state media cited the Turkish armed forces as saying on Sunday. The attack targeted Turkey-backed rebels who have been besieging the ISIS", stronghold of Kobani in the region since June 25 on Turkey’s southern border. The rebels were said to have launched a barrage of rocket-topped shells and artillery at the frontline. The rebels were held by ISIS militants and their Syrian allies after the attacks. A reported wave of attacks has claimed 16 lives this month and infected up to 20 wounded. The recent attacks have left 16 people dead in Syria since the Turkish-Syria coalition began its attack last year on the Islamic State group’,99,71,0.7171717171717171,10.7347887839347,3.49392904769601e-27,Watermarked,1.0,88,0.7386363636363636,0.9770114942528736,0.26136363636363635,,,,,,,,,0.4341867832945575,2.382512512207031,0.28583808293836693,0.24248153393074973,1.0,50265.0,,0.5
88,CA-KL + Weighted Detector,kl_adaptive,,3.0,"A rocket attack by ISIS militants in northern Syria caused symptoms of “chemical gas” in 22 Syrian rebels, state media cited the Turkish armed forces as saying on Sunday. The attack targeted Turkey-backed rebels who have been besieging the ISIS", stronghold of Kobani in the region since June 25 on Turkey’s southern border. The rebels were said to have launched a barrage of rocket-topped shells and artillery at the frontline. The rebels were held by ISIS militants and their Syrian allies after the attacks. A reported wave of attacks has claimed 16 lives this month and infected up to 20 wounded. The recent attacks have left 16 people dead in Syria since the Turkish-Syria coalition began its attack last year on the Islamic State group’,99,71,0.7171717171717171,10.7347887839347,3.49392904769601e-27,Watermarked,1.0,88,0.7386363636363636,0.9770114942528736,0.26136363636363635,,,,11.3985965428596,11.3985965428596,2.1245683125422514e-30,True,1.0,0.4341867832945575,2.382512512207031,0.28583802776482237,0.24248140243009403,1.0,50265.0,,0.5
88,CA-KL + Candidate Greenlist,kl_adaptive,,3.0,"A rocket attack by ISIS militants in northern Syria caused symptoms of “chemical gas” in 22 Syrian rebels, state media cited the Turkish armed forces as saying on Sunday. The attack targeted Turkey-backed rebels who have been besieging the ISIS"," stronghold of Kobani in the region, state television reported.

A Turkish Air Force helicopter shot down a fighter jet that was carrying a Russian-made “Doklam-7” rocket that was allegedly fired at Kobani from the Turkish side, state television reported. It said that the Russian-made “Doklam-7” rocket was used to target a Turkish-backed rebel forces near the border with northern Syria. The Turkish armed forces said that the Russian-",99,59,0.5959595959595959,7.949546288643535,9.359791413521555e-16,Watermarked,0.9999999999999991,73,0.6164383561643836,0.8333333333333334,0.3835616438356164,,,,9.650127093448742,9.650127093448742,2.454742284812832e-22,True,1.0,0.40750389450608054,2.4477658081054687,0.2579192661258411,0.3416041287686676,0.82,498.19,0.95,0.5
88,CA-KL + Candidate Greenlist + Weighted/WinMax,kl_adaptive,,3.0,"A rocket attack by ISIS militants in northern Syria caused symptoms of “chemical gas” in 22 Syrian rebels, state media cited the Turkish armed forces as saying on Sunday. The attack targeted Turkey-backed rebels who have been besieging the ISIS"," stronghold of Kobani in the region, state television reported.

A Turkish Air Force helicopter shot down a fighter jet that was carrying a Russian-made “Doklam-7” rocket that was allegedly fired at Kobani from the Turkish side, state television reported. It said that the Russian-made “Doklam-7” rocket was used to target a Turkish-backed rebel forces near the border with northern Syria. The Turkish armed forces said that the Russian-",99,59,0.5959595959595959,7.949546288643535,9.359791413521555e-16,Watermarked,0.9999999999999991,73,0.6164383561643836,0.8333333333333334,0.3835616438356164,,,,9.650127093448742,9.650127093448742,2.454742284812832e-22,True,1.0,0.3904402791252668,1.9106263732910156,0.2579192661258411,0.3416041287686676,0.82,498.19,0.95,0.5
89,No Watermark,,,,Ozier Muhammad/The New York TimesReynaldo Rodriguez of the Care Coordination program counseled a patient with H.I.V. on how to adhere to a drug regimen. Doctors are very good at telling us what to do,", but only if we do the right thing.

At the University of Southern California, a physician said he had to prescribe a prescribed medication to someone who was having H.I.V. while his wife was sleeping.

He gave it to the woman, who said, ""I'm afraid to go there right now,"" according to the Times.

The woman replied, ""Thank you,"" and the doctor said, ""I'll get you right back.""

A doctor",99,30,0.30303030303030304,1.2185435916898848,0.11150873497330749,Human/Unwatermarked,0.0,72,0.7083333333333334,0.971830985915493,0.29166666666666663,,,,0.5771911766750402,2.1984707851389484,0.28190515841314223,False,0.0,,,0.26987445460714876,0.32158176295924934,0.79,431.99,,
89,Fixed Delta 1.0,1.0,,,Ozier Muhammad/The New York TimesReynaldo Rodriguez of the Care Coordination program counseled a patient with H.I.V. on how to adhere to a drug regimen. Doctors are very good at telling us what to do," and what to not do. If we have H.I.V. we are not going to get the treatment we need. So, I'm very pleased with what I saw. The real bigger problem is that we are not trying to get the treatment we need. We are not trying to get the treatment we need and we are not trying to get it. Clearly, there is no clear and simple way around this. We have to have people who are trained well, we have to have people",99,38,0.3838383838383838,3.075371921883995,0.0010512010198350896,Human/Unwatermarked,0.0,87,0.4827586206896552,0.6976744186046512,0.5172413793103448,1.0,1.0,1.0,3.0513317970453007,3.619414445505005,0.0011391432935740162,False,0.0,,,0.25601339643082105,0.32443355256691575,0.86,265.46,,
89,Fixed Delta 2.0,2.0,,,Ozier Muhammad/The New York TimesReynaldo Rodriguez of the Care Coordination program counseled a patient with H.I.V. on how to adhere to a drug regimen. Doctors are very good at telling us what to do," and what to avoid. Patients can easily have H.I.V. symptoms as they are taking (not smoking) stimulants and a lot of these stimulants are simply not ingested, which means they are not metabolized at all.

Objectives: The study was prompted by the phrase “‘My mind is on the drug’,” which means “‘my mind is on the drug.’” For H.I.V. patients",99,52,0.5252525252525253,6.324821499723688,1.2676273926722297e-10,Watermarked,0.9999999998732373,64,0.671875,0.8571428571428571,0.328125,2.0,2.0,2.0,8.873113931767897,9.25691730714346,3.5564249652085e-19,True,1.0,,,0.27009475007336375,0.3759007680369541,0.74,650.16,,
89,Fixed Delta 3.0,3.0,,,Ozier Muhammad/The New York TimesReynaldo Rodriguez of the Care Coordination program counseled a patient with H.I.V. on how to adhere to a drug regimen. Doctors are very good at telling us what to do," and what to avoid in order to keep ourselves off drugs. The way to keep ourselves off drugs is to avoid them and to avoid them as well. The idea of having to avoid them and the idea of having to avoid them as a result is something that the whole family should discuss at our meeting because it’s really a lot more manageable than drug withdrawal. The point of drug withdrawal is no longer knowing what you are doing. You have to recognize and keep well-equipped, well-trained",99,83,0.8383838383838383,13.520031279225865,5.956256913599852e-42,Watermarked,1.0,91,0.5604395604395604,0.8,0.43956043956043955,3.0,3.0,3.0,13.41534066479656,13.41534066479656,2.4583429741474743e-41,True,1.0,,,0.29131763789926485,0.3077412337623537,0.9,445.46,,
89,Current Adaptive Delta,adaptive,0.5,3.0,Ozier Muhammad/The New York TimesReynaldo Rodriguez of the Care Coordination program counseled a patient with H.I.V. on how to adhere to a drug regimen. Doctors are very good at telling us what to do," and what to avoid. Patients can easily have H.I.V. symptoms as they’re getting better, while doctors and nurses are not. Patients who are simply not getting well enough to make it to their usual doctor’s appointment need to be more specific about their medication use, especially if they’re infected with H.I.V. (hospitals are already in dire straits). Dr. James J. Brown of the H.I.V. Center",99,56,0.5656565656565656,7.2532356648207434,2.0346556800431047e-13,Watermarked,0.9999999999997965,74,0.7567567567567568,0.9315068493150684,0.2432432432432432,1.88524271607399,1.6180340051651,2.5753321647644043,9.04293612976545,9.04293612976545,7.625949530326044e-20,True,1.0,,,0.2723314573371346,0.38126986384391787,0.77,483.97,,
89,CA-KL,kl_adaptive,,3.0,Ozier Muhammad/The New York TimesReynaldo Rodriguez of the Care Coordination program counseled a patient with H.I.V. on how to adhere to a drug regimen. Doctors are very good at telling us what to do," and what to avoid. Patients can easily have H.I.V. symptoms as they are taking (not smoking). There are a lot of benefits to it.

Second, there is no standard of care in dealing with H.I.V. Patients. A good doctor will not prescribe them medication to treat their symptoms but treat each patient individually. A good doctor will not prescribe them medication but treat each patient individually. A good doctor will not prescribe them medication but treat each patient individually.",99,57,0.5757575757575758,7.4853392060950075,3.5681289972117485e-14,Watermarked,0.9999999999999644,83,0.5301204819277109,0.6829268292682927,0.4698795180722891,,,,,,,,,0.3783974581358873,2.5092718505859377,0.23917124724456004,0.29711857018410226,1.0,50265.0,,0.5
89,CA-KL + Weighted Detector,kl_adaptive,,3.0,Ozier Muhammad/The New York TimesReynaldo Rodriguez of the Care Coordination program counseled a patient with H.I.V. on how to adhere to a drug regimen. Doctors are very good at telling us what to do," and what to avoid. Patients can easily have H.I.V. symptoms as they are taking (not smoking). There are a lot of benefits to it.

Second, there is no standard of care in dealing with H.I.V. Patients. A good doctor will not prescribe them medication to treat their symptoms but treat each patient individually. A good doctor will not prescribe them medication but treat each patient individually. A good doctor will not prescribe them medication but treat each patient individually.",99,57,0.5757575757575758,7.4853392060950075,3.5681289972117485e-14,Watermarked,0.9999999999999644,83,0.5301204819277109,0.6829268292682927,0.4698795180722891,,,,8.619711490291918,8.619711490291918,3.3561509347986663e-18,True,1.0,0.3783974581358873,2.5092718505859377,0.23917122460559775,0.2971185388728918,1.0,50265.0,,0.5
89,CA-KL + Candidate Greenlist,kl_adaptive,,3.0,Ozier Muhammad/The New York TimesReynaldo Rodriguez of the Care Coordination program counseled a patient with H.I.V. on how to adhere to a drug regimen. Doctors are very good at telling us what to do," and what to avoid. Patients can easily have H.I.V. symptoms as a result of injecting a drug with X-rays or other medical devices. But most of our medicine and real-life medical professionals don’t know how to treat the H.I.V. symptoms that they’ve been experiencing with X-rays or other medical devices.

9-1/2-5-6-7-8-9-10

9-1/",99,59,0.5959595959595959,7.949546288643535,9.359791413521555e-16,Watermarked,0.9999999999999991,70,0.7285714285714285,0.855072463768116,0.27142857142857146,,,,9.073673157691053,9.073673157691053,5.753545719240923e-20,True,1.0,0.3679081117912917,2.492717742919922,0.23013646661494294,0.40327243121806533,0.65,435.62,0.95,0.5
89,CA-KL + Candidate Greenlist + Weighted/WinMax,kl_adaptive,,3.0,Ozier Muhammad/The New York TimesReynaldo Rodriguez of the Care Coordination program counseled a patient with H.I.V. on how to adhere to a drug regimen. Doctors are very good at telling us what to do," and what to avoid. Patients can easily have H.I.V. symptoms as a result of injecting a drug with X-rays or other medical devices. But most of our medicine and real-life medical professionals don't care if a patient is allergic to any medicine. If there is a serious medical issue such as a tear in the wall, or a blood clot, or a laceration in the back of the neck, or a rash or infection in the buttocks, we don't care",99,58,0.5858585858585859,7.717442747369271,5.934340569241363e-15,Watermarked,0.9999999999999941,84,0.6666666666666666,0.927710843373494,0.33333333333333337,,,,10.681044869774167,10.681044869774167,6.242916128103955e-27,True,1.0,0.38661263430294257,1.8530690002441406,0.274946556154704,0.305994260427542,0.81,396.99,0.95,0.5
90,No Watermark,,,,And yet the Cardinals are in position to complete a three-game sweep of the Cubs on Sunday night after erasing deficits of 4-0 and 6-4 on Saturday before Kolten Wong's two-run walk-off homer in the 10th," added a 3-1 victory.

The Cardinals were outscored 11-2 in the sixth inning but had to settle for a game-high seven hits and one run. The Cubs won for the fourth time since Dec. 20, 2012.

""My confidence has been building up and I’m really happy with that,” Cardinals manager Bruce Bochy said. ""We’ve got a lot of things to work out and we’re just learning this",99,21,0.21212121212121213,-0.8703882797784892,0.807955875263074,Human/Unwatermarked,0.0,73,0.8493150684931506,1.0,0.15068493150684936,,,,-0.6856215697758439,1.3800723624335525,0.7535241119564506,False,0.0,,,0.23388085062968192,0.33563451000489297,0.77,187.67,,
90,Fixed Delta 1.0,1.0,,,And yet the Cardinals are in position to complete a three-game sweep of the Cubs on Sunday night after erasing deficits of 4-0 and 6-4 on Saturday before Kolten Wong's two-run walk-off homer in the 10th," added a 3-1 lead.

""I felt like he was showing us his spirit,"" Cardinals manager Don Mattingly said. ""We didn't have enough time to get him in a rhythm. He's a great pitcher. He's a great hitter. He's a great hitter.""

“It’s a tough game,” Washington manager Mike Matheny said. “The game’s a tough game for us, so we have to be ready",99,40,0.40404040404040403,3.5395790044325226,0.00020038289685673868,Human/Unwatermarked,0.0,66,0.6818181818181818,0.8769230769230769,0.31818181818181823,1.0,1.0,1.0,4.681391387304737,4.717757251909293,1.424671741438466e-06,True,0.9999985753282585,,,0.2477262645132749,0.3717384152999148,0.78,235.09,,
90,Fixed Delta 2.0,2.0,,,And yet the Cardinals are in position to complete a three-game sweep of the Cubs on Sunday night after erasing deficits of 4-0 and 6-4 on Saturday before Kolten Wong's two-run walk-off homer in the 10th," added a 3-1 lead.

""In this situation, you just don't want to let the score get away from you,"" Cardinals manager Mike Zimmer said.

""But it happened. It happened in the right direction. You know how many people are telling you these things happen? We did.""

Arlington's wall-to-wall defense, which had been lacking against lefties since the start of the season, was again out for well over two hours. The Cardinals",99,60,0.6060606060606061,8.181649829917799,1.3999184135288104e-16,Watermarked,0.9999999999999999,74,0.8243243243243243,0.9863013698630136,0.17567567567567566,2.0,2.0,2.0,9.456818980129276,9.456818980129276,1.5872684431911168e-21,True,1.0,,,0.27979507707539664,0.3177221345715225,0.85,383.86,,
90,Fixed Delta 3.0,3.0,,,And yet the Cardinals are in position to complete a three-game sweep of the Cubs on Sunday night after erasing deficits of 4-0 and 6-4 on Saturday before Kolten Wong's two-run walk-off homer in the 10th," was their only save. The win moved the Cards on track to their third consecutive road game at interleague foe.

Wong hit two solo home runs to help the Cards get within three as they tied their season low with 54 RBI off of Alec Mills. The series was not finished until 11:04 a.m. ET on Sunday, which included an 8-4 victory with six runs in seven innings pitched, which included seven homers. The win added a third consecutive 9-4 sweep",99,78,0.7878787878787878,12.359513572854546,2.1638374768437998e-35,Watermarked,1.0,85,0.7647058823529411,0.9523809523809523,0.23529411764705888,3.0,3.0,3.0,13.428375373153079,13.428375373153079,2.0617948075703494e-41,True,1.0,,,0.2656387870982102,0.24240032854955643,0.89,312.93,,
90,Current Adaptive Delta,adaptive,0.5,3.0,And yet the Cardinals are in position to complete a three-game sweep of the Cubs on Sunday night after erasing deficits of 4-0 and 6-4 on Saturday before Kolten Wong's two-run walk-off homer in the 10th," added a final run to set up an 8-6 victory, their third consecutive road game at LucasArts Park.
Wong hit his solo homer in the first inning off Kyle Hendricks (7-7), and the Cardinals got a chance to pull within nine with a rally in the top half of the inning when Wong went to second on Jonathan Loaisiga's double off Josh Reddick (5-7), and the ball bounced off his glove and past right-hander Chase Anderson for an",99,64,0.6464646464646465,9.110063995014853,4.116669580158606e-20,Watermarked,1.0,82,0.7682926829268293,0.9629629629629629,0.23170731707317072,1.8138376545906068,1.6180340051651,2.3613293170928955,9.851150152598175,9.851150152598175,3.3882010477209987e-23,True,1.0,,,0.24758878335816187,0.28739594974555077,0.85,367.0,,
90,CA-KL,kl_adaptive,,3.0,And yet the Cardinals are in position to complete a three-game sweep of the Cubs on Sunday night after erasing deficits of 4-0 and 6-4 on Saturday before Kolten Wong's two-run walk-off homer in the 10th," added a 3-1 lead.

""In this situation, you just don't want to let the score get away from you,"" Cardinals manager Mike Zimmer said.

""But it happened. It happened so fast on Saturday. You know how many people are driving on these, these moments that you’re going through, that you just don’t want to let it get away from you, or that it’s going too fast on Saturday.""

Wong",99,62,0.6262626262626263,8.645856912466327,2.6701500224408945e-18,Watermarked,1.0,73,0.6712328767123288,0.8611111111111112,0.3287671232876712,,,,,,,,,0.41501535425995745,2.40683349609375,0.23573093891916835,0.270441043982355,1.0,50265.0,,0.5
90,CA-KL + Weighted Detector,kl_adaptive,,3.0,And yet the Cardinals are in position to complete a three-game sweep of the Cubs on Sunday night after erasing deficits of 4-0 and 6-4 on Saturday before Kolten Wong's two-run walk-off homer in the 10th," added a 3-1 lead.

""In this situation, you just don't want to let the score get away from you,"" Cardinals manager Mike Zimmer said.

""But it happened. It happened so fast on Saturday. You know how many people are driving on these, these moments that you’re going through, that you just don’t want to let it get away from you, or that it’s going too fast on Saturday.""

Wong",99,62,0.6262626262626263,8.645856912466327,2.6701500224408945e-18,Watermarked,1.0,73,0.6712328767123288,0.8611111111111112,0.3287671232876712,,,,9.59465244511609,9.59465244511609,4.2100198064134277e-22,True,1.0,0.41501535425995745,2.40683349609375,0.23573090794470344,0.2704410952684702,1.0,50265.0,,0.5
90,CA-KL + Candidate Greenlist,kl_adaptive,,3.0,And yet the Cardinals are in position to complete a three-game sweep of the Cubs on Sunday night after erasing deficits of 4-0 and 6-4 on Saturday before Kolten Wong's two-run walk-off homer in the 10th," added a 3-1 lead.

""It was kind of the same as last week,"" (Cardinals manager) Alex Cora said. ""I felt like we were hitting the ball as we normally do in these situations.""

Wong hit the ball deep over the right-field wall for his 18th home run of the season and the NL Central lead. He's had four home runs in his past six games, helping the Cardinals win for the first time. The Phillies have",99,54,0.5454545454545454,6.789028582272215,5.6445538431059e-12,Watermarked,0.9999999999943554,78,0.7692307692307693,0.974025974025974,0.23076923076923073,,,,8.87597049929864,9.071283453547778,3.4663109554851556e-19,True,1.0,0.4074467887856681,2.5000881958007812,0.2272020933738192,0.34033679554704577,0.8,238.6,0.95,0.5
90,CA-KL + Candidate Greenlist + Weighted/WinMax,kl_adaptive,,3.0,And yet the Cardinals are in position to complete a three-game sweep of the Cubs on Sunday night after erasing deficits of 4-0 and 6-4 on Saturday before Kolten Wong's two-run walk-off homer in the 10th," added a 3-1 lead.

""It was kind of the same as last week,"" (Cardinals manager) Alex Cora said. ""I felt like we were hitting the ball as we normally do in these situations.""

Wong hit the ball deep over the right-field wall for his 18th home run of the season and the NL Central lead. He's had four home runs in his past six games, helping the Cardinals win for the first time. The Phillies have",99,54,0.5454545454545454,6.789028582272215,5.6445538431059e-12,Watermarked,0.9999999999943554,78,0.7692307692307693,0.974025974025974,0.23076923076923073,,,,8.87597049929864,9.071283453547778,3.4663109554851556e-19,True,1.0,0.379111285864247,1.9069390869140626,0.2272020933738192,0.34033679554704577,0.8,238.6,0.95,0.5
91,No Watermark,,,,"Talking to the press people here at the Heliport on Saturday, the National BJP leader, while stating the Naga issue as complicated, said all the stakeholders would taken on board while trying to find a permanent solution to it. When asked about"," the importance of holding a meeting with the state government on the issue he said, ""I am aware of the issues raised by the Naga community and I have been involved in the discussions with them as well. It is important that we hold talks with the state government to come up with a solution.""
He further stated that they would call a meeting with the state government at 8 am on Sunday and ""we will collect all the documents from the people who gathered at the Heliport to find out",99,19,0.1919191919191919,-1.3345953623270168,0.9089955916386168,Human/Unwatermarked,0.0,91,0.6593406593406593,0.9111111111111111,0.34065934065934067,,,,0.11651866040419114,1.6643356939920375,0.45362074898080407,False,0.0,,,0.25982551467375176,0.25998711547348646,0.91,304.7,,
91,Fixed Delta 1.0,1.0,,,"Talking to the press people here at the Heliport on Saturday, the National BJP leader, while stating the Naga issue as complicated, said all the stakeholders would taken on board while trying to find a permanent solution to it. When asked about"," the importance of holding a meeting with the state government on the issue he said, ""I am aware of the issues, people are working on them and there is no need for us to hold a meeting with the state government. I have no problem with it. The Naga people are not the reason for this”. He added the state government should not be in favour of taking a decision on the issue.

He said the Naga people would not hesitate to come out for the dialogue",99,41,0.41414141414141414,3.7716825457067866,8.107523404471492e-05,Human/Unwatermarked,0.0,87,0.5632183908045977,0.8372093023255814,0.4367816091954023,1.0,1.0,1.0,4.497395718704511,5.435728675522428,3.439544104892569e-06,True,0.9999965604558951,,,0.28568614863039216,0.24879990325774998,0.88,423.41,,
91,Fixed Delta 2.0,2.0,,,"Talking to the press people here at the Heliport on Saturday, the National BJP leader, while stating the Naga issue as complicated, said all the stakeholders would taken on board while trying to find a permanent solution to it. When asked about"," the situation, he said there was no deal on the issue, he would reach out to all the stakeholders, but also said the Naga issue was not an important factor in the election result.
""I am not going to talk to the media. I would reach out to all the stakeholders, especially the local level and ask for their input, so that the name of the name of the candidate could be mentioned,"" the senior BJP leader told PTI. He said not all the leaders in the",99,49,0.494949494949495,5.628510875900897,9.088602153646789e-09,Watermarked,0.9999999909113978,87,0.6091954022988506,0.8604651162790697,0.3908045977011494,2.0,2.0,2.0,8.18688328879586,8.18688328879586,1.3403895611643877e-16,True,0.9999999999999999,,,0.25354869165371546,0.23856655057985335,0.88,298.15,,
91,Fixed Delta 3.0,3.0,,,"Talking to the press people here at the Heliport on Saturday, the National BJP leader, while stating the Naga issue as complicated, said all the stakeholders would taken on board while trying to find a permanent solution to it. When asked about"," his statement on issues such as Naxals and the Kashmir, he replied, ""I am a Naga. I don't mind them being there. I don't mind them being there."" He is also scheduled to meet Union Minister Manohar Parrikar to discuss the Kashmir situation, among others. He is also scheduled to attend the Ghatkopar (Ghatkopar) Summit scheduled to meet leaders in Punjab, Chhattisgarh, Manipur, Assam",99,75,0.7575757575757576,11.663202949031755,9.825423209116168e-32,Watermarked,1.0,64,0.671875,0.8095238095238095,0.328125,3.0,3.0,3.0,10.69048186297916,10.69048186297916,5.639174106494055e-27,True,1.0,,,0.24006742440903336,0.39787557083647695,0.72,518.54,,
91,Current Adaptive Delta,adaptive,0.5,3.0,"Talking to the press people here at the Heliport on Saturday, the National BJP leader, while stating the Naga issue as complicated, said all the stakeholders would taken on board while trying to find a permanent solution to it. When asked about"," the situation, he said there was no deal on the issue, he would reach out to all the stakeholders, but also said the Naga issue was not an issue of the party or any party leader.",41,19,0.4634146341463415,3.1558437213360127,0.0008001729076726753,Human/Unwatermarked,0.0,36,0.7222222222222222,1.0,0.2777777777777778,1.8704365293184917,1.6180340051651,2.4167087078094482,5.243294831969121,5.324452288775412,7.886709325826856e-08,True,0.9999999211329067,,,0.29374392976788355,0.21533831461731875,0.9761904761904762,468.1904761904762,,
91,CA-KL,kl_adaptive,,3.0,"Talking to the press people here at the Heliport on Saturday, the National BJP leader, while stating the Naga issue as complicated, said all the stakeholders would taken on board while trying to find a permanent solution to it. When asked about"," the situation, he said there was no deal on the Kashmir, he said there was not an agreement on the situation, which had to be negotiated on some issue.
""We were talking with all stakeholders in these issues. The Central government had to make the whole process smooth and there was not an agreement on any issue,"" he said.
""It will take some time. The Central government can decide its own strategy,"" he said. The BJP's chief spokesperson, Vijay Kumar, said Omar",99,63,0.6363636363636364,8.87796045374059,3.4048719575050004e-19,Watermarked,1.0,82,0.6341463414634146,0.8148148148148148,0.36585365853658536,,,,,,,,,0.470518662151498,2.3534088134765625,0.2786969521628366,0.21061895922757684,1.0,50265.0,,0.5
91,CA-KL + Weighted Detector,kl_adaptive,,3.0,"Talking to the press people here at the Heliport on Saturday, the National BJP leader, while stating the Naga issue as complicated, said all the stakeholders would taken on board while trying to find a permanent solution to it. When asked about"," the situation, he said there was no deal on the Kashmir, he said there was not an agreement on the situation, which had to be negotiated on some issue.
""We were talking with all stakeholders in these issues. The Central government had to make the whole process smooth and there was not an agreement on any issue,"" he said.
""It will take some time. The Central government can decide its own strategy,"" he said. The BJP's chief spokesperson, Vijay Kumar, said Omar",99,63,0.6363636363636364,8.87796045374059,3.4048719575050004e-19,Watermarked,1.0,82,0.6341463414634146,0.8148148148148148,0.36585365853658536,,,,11.182675164213824,11.182675164213824,2.47863688528978e-29,True,1.0,0.470518662151498,2.3534088134765625,0.27869703123143846,0.21061899217311292,1.0,50265.0,,0.5
91,CA-KL + Candidate Greenlist,kl_adaptive,,3.0,"Talking to the press people here at the Heliport on Saturday, the National BJP leader, while stating the Naga issue as complicated, said all the stakeholders would taken on board while trying to find a permanent solution to it. When asked about"," the situation, he said there was an agreement made on the issue. He said when PM Modi got elected, people had to come and talk to him. Meanwhile, Chief Minister Naveen Patnaik and Minister of State for Home Pranab Mukherjee were among the dignitaries at the meeting to discuss the situation with the leaders in the state. The CM said that all leaders would come to meet him on the sidelines of the meeting. The CM said not all issues would be discussed",99,56,0.5656565656565656,7.2532356648207434,2.0346556800431047e-13,Watermarked,0.9999999999997965,83,0.6385542168674698,0.926829268292683,0.3614457831325302,,,,9.217630920230482,9.217630920230482,1.518683013941191e-20,True,1.0,0.41683387648777154,2.4468035888671875,0.2552117525817796,0.3011939991870895,0.83,362.87,0.95,0.5
91,CA-KL + Candidate Greenlist + Weighted/WinMax,kl_adaptive,,3.0,"Talking to the press people here at the Heliport on Saturday, the National BJP leader, while stating the Naga issue as complicated, said all the stakeholders would taken on board while trying to find a permanent solution to it. When asked about"," the situation, he said there was an agreement made on the issue. He said when PM Modi got elected, people had to come and talk to him. Meanwhile, Chief Minister Naveen Patnaik and Minister of State for Home Pranab Mukherjee were among the dignitaries at the meeting to discuss the situation with the leaders in the state. The CM said that all leaders would come to meet him on the sidelines of the meeting. The CM said not all issues would be discussed",99,56,0.5656565656565656,7.2532356648207434,2.0346556800431047e-13,Watermarked,0.9999999999997965,83,0.6385542168674698,0.926829268292683,0.3614457831325302,,,,9.217630920230482,9.217630920230482,1.518683013941191e-20,True,1.0,0.39712299093731224,1.9406547546386719,0.2552117525817796,0.3011939991870895,0.83,362.87,0.95,0.5
92,No Watermark,,,,"LUCERNE VALLEY — A motorist on Thursday morning found the body of a bicyclist who had been struck by a hit-and-run driver the night before. Angelo “Andy” Douglas Azzato, 47,"," was found in the community of Caroline Valley, near Highway 109, just outside of downtown Lander.
Douglas Azzato and a bicyclist were struck by a hit-and-run driver while riding their bikes at approximately 8 a.m. on Thursday, Sept. 21, according to a CHP report.
Douglas Azzato was pronounced dead at the scene. He was identified as Azzato’s girlfriend.
In a police report, Lander Police Lt",99,17,0.1717171717171717,-1.7988024448755444,0.9639750317669002,Human/Unwatermarked,0.0,69,0.7536231884057971,0.9852941176470589,0.24637681159420288,,,,-1.1557930552972986,1.9572325083149191,0.8761170928340832,False,0.0,,,0.20793485729410432,0.3857174867670983,0.69,342.07,,
92,Fixed Delta 1.0,1.0,,,"LUCERNE VALLEY — A motorist on Thursday morning found the body of a bicyclist who had been struck by a hit-and-run driver the night before. Angelo “Andy” Douglas Azzato, 47,"," was found in the area of the intersection of Hwy. 36 and Highway 401 around 9:35 a.m. while riding his bike, according to Lt. Greg Backlund. The crash happened about 2 miles west of the intersection.

Backlund said that Douglas was not wearing a helmet and had not been wearing a helmet at the time of the crash. According to Backlund, Douglas “was not wearing a helmet when he was hit and struck,” and he said that",99,45,0.45454545454545453,4.700096710803842,1.3001915629892368e-06,Watermarked,0.999998699808437,79,0.5822784810126582,0.8333333333333334,0.4177215189873418,1.0,1.0,1.0,4.531039531183392,4.685228717541676,2.9347076576847776e-06,True,0.9999970652923423,,,0.23933239602207654,0.34954767127521336,0.77,423.27,,
92,Fixed Delta 2.0,2.0,,,"LUCERNE VALLEY — A motorist on Thursday morning found the body of a bicyclist who had been struck by a hit-and-run driver the night before. Angelo “Andy” Douglas Azzato, 47,"," was taken to St. John’s Regional Medical Center, where he died around 9:35 a.m. Thursday.

Police said Douglas Azzato, of Los Vegas, was driving his 2006 Lexus S-Trailer at a high speed while driving on U.S. Highway 101’s eastbound lane. Azzato, who was wearing a helmet and a red hooded sweatshirt, hit the bicycle’s front right side, according to court documents",99,50,0.5050505050505051,5.86061441717516,2.305788288019096e-09,Watermarked,0.9999999976942117,68,0.8235294117647058,1.0,0.17647058823529416,2.0,2.0,2.0,7.070083404663231,7.070083404663231,7.742030192007106e-13,True,0.9999999999992258,,,0.22594112458412785,0.37122000294504687,0.68,476.88,,
92,Fixed Delta 3.0,3.0,,,"LUCERNE VALLEY — A motorist on Thursday morning found the body of a bicyclist who had been struck by a hit-and-run driver the night before. Angelo “Andy” Douglas Azzato, 47,"," of Cedar Hill, was taken to Saint Mary’s University Hospital for his condition. He was ruled a death sentence while his wife remained inside the car.

According to court documents, Lawrence County District Attorney Craig Mears called a deputy deputy who responded to a report reported that a bicyclist had been struck and struck by a driver on Highway 101 at 1 p.m. Thursday. Because no one in the car was wearing a helmet and the driver was not, the driver struck Douglas A",99,69,0.696969696969697,10.270581701386172,4.781315307935896e-25,Watermarked,1.0,86,0.7441860465116279,0.9764705882352941,0.2558139534883721,3.0,3.0,3.0,11.363810551025693,11.363810551025693,3.1660541511522905e-30,True,1.0,,,0.2405764416490946,0.2996724032610655,0.82,364.28,,
92,Current Adaptive Delta,adaptive,0.5,3.0,"LUCERNE VALLEY — A motorist on Thursday morning found the body of a bicyclist who had been struck by a hit-and-run driver the night before. Angelo “Andy” Douglas Azzato, 47,"," was taken to St. John’s Regional Medical Center, where he died around 9:35 a.m. Thursday.

Police said Douglas Azzato, of Los Vegas, was driving his 2006 Lexus S530 when he hit the 68-year old driver. It was not immediately clear how Douglas Azzato died. Azzato, of Anderson, Texas was wearing a blue shirt with an Oregon-bound Oregon border sign and a black baseball cap.

Azz",99,50,0.5050505050505051,5.86061441717516,2.305788288019096e-09,Watermarked,0.9999999976942117,70,0.8285714285714286,0.9710144927536232,0.17142857142857137,1.8065446889400483,1.6180340051651,2.5347743034362793,7.712504238575651,7.712504238575651,6.168628950074667e-15,True,0.9999999999999938,,,0.22302943650002327,0.376024131893646,0.68,514.51,,
92,CA-KL,kl_adaptive,,3.0,"LUCERNE VALLEY — A motorist on Thursday morning found the body of a bicyclist who had been struck by a hit-and-run driver the night before. Angelo “Andy” Douglas Azzato, 47,"," of Cedar Hill, was killed in his tracks when he went to a neighbor's home on Lucerne Valley Road around 5:40 a.m. Thursday.

""He was riding with some friends when he went to the house,"" County Sheriff Scott Brown Jr. said. ""He said 'Oh my god, what is happening?'""

The sheriff's office said that the crash happened in the woods, where the driver suffered a head injury and was taken to a local hospital.
",99,53,0.5353535353535354,6.556925040997952,2.7464302917418046e-11,Watermarked,0.9999999999725357,77,0.7532467532467533,0.9473684210526315,0.24675324675324672,,,,,,,,,0.4359940451464416,2.4425559997558595,0.2499943556942142,0.22292730119446333,1.0,50265.0,,0.5
92,CA-KL + Weighted Detector,kl_adaptive,,3.0,"LUCERNE VALLEY — A motorist on Thursday morning found the body of a bicyclist who had been struck by a hit-and-run driver the night before. Angelo “Andy” Douglas Azzato, 47,"," of Cedar Hill, was killed in his tracks when he went to a neighbor's home on Lucerne Valley Road around 5:40 a.m. Thursday.

""He was riding with some friends when he went to the house,"" County Sheriff Scott Brown Jr. said. ""He said 'Oh my god, what is happening?'""

The sheriff's office said that the crash happened in the woods, where the driver suffered a head injury and was taken to a local hospital.
",99,53,0.5353535353535354,6.556925040997952,2.7464302917418046e-11,Watermarked,0.9999999999725357,77,0.7532467532467533,0.9473684210526315,0.24675324675324672,,,,8.726041088010563,8.726041088010563,1.3187144728743065e-18,True,1.0,0.4359940451464416,2.4425559997558595,0.24999435481688342,0.22292738076488605,1.0,50265.0,,0.5
92,CA-KL + Candidate Greenlist,kl_adaptive,,3.0,"LUCERNE VALLEY — A motorist on Thursday morning found the body of a bicyclist who had been struck by a hit-and-run driver the night before. Angelo “Andy” Douglas Azzato, 47,"," of Cedar Point Township was killed in an apparent hit and run, according to authorities.

Deputies said when they responded, a man who looked like Andy Azzato was hitting people on Highway 101 in Grand Forks, Iowa. But the man who identified himself as a bicyclist was not found on Highway 101 and went to K-9 Rescue, located in his home on Cedar Point Township Road 18.

Deputies were able to retrieve Andy, 38, from the residence where he",99,61,0.6161616161616161,8.413753371192062,1.9854759384111046e-17,Watermarked,1.0,80,0.75,0.9367088607594937,0.25,,,,10.804168297808417,10.804168297808417,1.6446211396777697e-27,True,1.0,0.41092574114009783,2.4394061279296877,0.25644181263624005,0.32581990321166815,0.8,406.39,0.95,0.5
92,CA-KL + Candidate Greenlist + Weighted/WinMax,kl_adaptive,,3.0,"LUCERNE VALLEY — A motorist on Thursday morning found the body of a bicyclist who had been struck by a hit-and-run driver the night before. Angelo “Andy” Douglas Azzato, 47,"," of Cedar Point Township was killed in an apparent hit-and-run accident in Lawrenceville, northwest of Columbus, according to authorities and police.

The tractor-trailer was driven by a woman, 39, of Cedar Point Township. The driver of the vehicle also was not injured, said Columbus Dispatch’s Sgt. Mike White.

Officers say Anderson and a 16-year-old boy were driving their tractor when a driver struck Douglas Azzato, according to court records",99,54,0.5454545454545454,6.789028582272215,5.6445538431059e-12,Watermarked,0.9999999999943554,75,0.7333333333333333,0.9459459459459459,0.2666666666666667,,,,9.72433287742086,9.72433287742086,1.1872839067475266e-22,True,1.0,0.3607081826450192,1.6941961669921874,0.23544110143546196,0.37803825551178305,0.74,352.36,0.95,0.5
93,No Watermark,,,,"Famously tight-lipped about her Scientology faith, The Handmaid’s Tale star Elisabeth Moss has opened up in a candid new interview. Elisabeth Moss won’t delve into the specifics of her beliefs in"," her new book, but she seems to have made a point to say she is not a Christian. (The Handmaid’s Tale, which is set in the medieval fantasy world of Ireland, is available for pre-order now!)

During the interview, Moss was asked, “Do you’re a Christian? I’m not a Christian.”

“I am,” Moss responded. “I’m a Christian.�",99,20,0.20202020202020202,-1.102491821052753,0.8648760438384763,Human/Unwatermarked,0.0,62,0.7096774193548387,0.9016393442622951,0.29032258064516125,,,,0.029549645860689325,1.7514232930086204,0.48821311226909636,False,0.0,,,0.22199972523240905,0.32993060306180266,0.76,329.98,,
93,Fixed Delta 1.0,1.0,,,"Famously tight-lipped about her Scientology faith, The Handmaid’s Tale star Elisabeth Moss has opened up in a candid new interview. Elisabeth Moss won’t delve into the specifics of her beliefs in"," her new book The Handmaid’s Tale, but she does admit that her faith does influence her life.

Wearing a black t-shirt with a black belt and black gloves, Moss called out her faith in what she calls the “ultimate power.” Moss explained that her faith’s influence is not only in the choice of books, but also in her overall life.

“The power to choose books,” Moss said. “The",99,39,0.3939393939393939,3.307475463158259,0.00047070479296677613,Human/Unwatermarked,0.0,71,0.6197183098591549,0.9428571428571428,0.3802816901408451,1.0,1.0,1.0,4.660672694612703,4.660672694612703,1.57588792724717e-06,True,0.9999984241120727,,,0.24845433478733817,0.352418725695461,0.77,500.64,,
93,Fixed Delta 2.0,2.0,,,"Famously tight-lipped about her Scientology faith, The Handmaid’s Tale star Elisabeth Moss has opened up in a candid new interview. Elisabeth Moss won’t delve into the specifics of her beliefs in"," her forthcoming book The Handmaid’s Tale, but she does admit that her faith does influence her life.

Wise words, Elisabeth Moss. Back in 2013 Moss stepped into the role of the handmaid – a woman who had been imprisoned by a regime of the Nazi government – on a life-changing journey. She said that her faith has shaped her life with all her life.

“The handmaid’s tale has influenced my life with all my",99,59,0.5959595959595959,7.949546288643535,9.359791413521555e-16,Watermarked,0.9999999999999991,75,0.6133333333333333,0.8513513513513513,0.3866666666666667,2.0,2.0,2.0,9.041851462986962,9.041851462986962,7.702015221514797e-20,True,1.0,,,0.2661531291007739,0.3424506950285286,0.81,634.29,,
93,Fixed Delta 3.0,3.0,,,"Famously tight-lipped about her Scientology faith, The Handmaid’s Tale star Elisabeth Moss has opened up in a candid new interview. Elisabeth Moss won’t delve into the specifics of her beliefs in"," her forthcoming book The Handmaid’s Tale… but she does offer them as thoughtfully as possible, which explains why she hasn’t admitted anything about them recently. The 39-year-old actress revealed to PEOPLE exclusively last year that The Handmaid’s Tale‘s Elisabeth Moss and husband Craig Kross, also 43, are committed to their faith in order not to hurt any civilians during the war.

In an exclusive interview with PEOPLE, Moss revealed",99,64,0.6464646464646465,9.110063995014853,4.116669580158606e-20,Watermarked,1.0,75,0.7733333333333333,0.9594594594594594,0.22666666666666668,3.0,3.0,3.0,10.675943454885678,10.708527364071328,6.595532493325355e-27,True,1.0,,,0.22215841519930904,0.4074828248657286,0.68,442.81,,
93,Current Adaptive Delta,adaptive,0.5,3.0,"Famously tight-lipped about her Scientology faith, The Handmaid’s Tale star Elisabeth Moss has opened up in a candid new interview. Elisabeth Moss won’t delve into the specifics of her beliefs in"," her forthcoming book The Handmaid’s Tale, but she does admit that her faith does influence her life.

Wise words, Elisabeth Moss. Back in 2013 Moss stepped into the role of the handmaid – a woman who had been imprisoned by a regime of the Nazi Party – on a life-changing journey. She said that her faith has shaped her life with all her life.

“The handmaid’s tale has influenced my life with all my",99,58,0.5858585858585859,7.717442747369271,5.934340569241363e-15,Watermarked,0.9999999999999941,75,0.6133333333333333,0.8513513513513513,0.3866666666666667,1.859174349308014,1.6180340051651,2.494370460510254,8.806340121294385,8.806340121294385,6.464915375848683e-19,True,1.0,,,0.26654181636040275,0.3426567000057548,0.81,636.03,,
93,CA-KL,kl_adaptive,,3.0,"Famously tight-lipped about her Scientology faith, The Handmaid’s Tale star Elisabeth Moss has opened up in a candid new interview. Elisabeth Moss won’t delve into the specifics of her beliefs in"," her forthcoming book The Handmaid’s Tale, but she does admit that her faith does influence her life.

Wise words, Elisabeth Moss. Back in 2013 Moss stepped into the role and published her novel based on the story of the first woman to enter a convent, The Handmaid’s Tale. This is the first book Moss has written about her faith, and it’s the first time a woman has revealed her faith in an honest and honest manner.",99,53,0.5353535353535354,6.556925040997952,2.7464302917418046e-11,Watermarked,0.9999999999725357,79,0.620253164556962,0.9102564102564102,0.379746835443038,,,,,,,,,0.4123054293037577,2.475857849121094,0.23850236244715206,0.22255111652917547,1.0,50265.0,,0.5
93,CA-KL + Weighted Detector,kl_adaptive,,3.0,"Famously tight-lipped about her Scientology faith, The Handmaid’s Tale star Elisabeth Moss has opened up in a candid new interview. Elisabeth Moss won’t delve into the specifics of her beliefs in"," her forthcoming book The Handmaid’s Tale, but she does admit that her faith does influence her life.

Wise words, Elisabeth Moss. Back in 2013 Moss stepped into the role and published her novel based on the story of the first woman to enter a convent, The Handmaid’s Tale. This is the first book Moss has written about her faith, and it’s the first time a woman has revealed her faith in an honest and honest manner.",99,53,0.5353535353535354,6.556925040997952,2.7464302917418046e-11,Watermarked,0.9999999999725357,79,0.620253164556962,0.9102564102564102,0.379746835443038,,,,8.08485129141291,8.08485129141291,3.1120047097408867e-16,True,0.9999999999999997,0.4123054293037577,2.475857849121094,0.23850233240723043,0.22255112667247887,1.0,50265.0,,0.5
93,CA-KL + Candidate Greenlist,kl_adaptive,,3.0,"Famously tight-lipped about her Scientology faith, The Handmaid’s Tale star Elisabeth Moss has opened up in a candid new interview. Elisabeth Moss won’t delve into the specifics of her beliefs in"," her forthcoming book The Handmaid’s Tale, but she does tell the story of the once-bustling cult. The TV star explains that her “personal life is nothing but a joke,” since she learned her religion as a student at Harvard.

“The thing that’s really funny to me is that religion is something that was used as a joke in school,” Elisabeth explains. “So I started teaching. I started teaching",99,59,0.5959595959595959,7.949546288643535,9.359791413521555e-16,Watermarked,0.9999999999999991,71,0.676056338028169,0.9428571428571428,0.323943661971831,,,,10.072405143357331,10.072405143357331,3.658329370225895e-24,True,1.0,0.39589969871530856,2.4729872131347657,0.2631355432994208,0.38813820367213336,0.83,517.31,0.95,0.5
93,CA-KL + Candidate Greenlist + Weighted/WinMax,kl_adaptive,,3.0,"Famously tight-lipped about her Scientology faith, The Handmaid’s Tale star Elisabeth Moss has opened up in a candid new interview. Elisabeth Moss won’t delve into the specifics of her beliefs in"," her forthcoming book The Handmaid’s Tale, but she does tell the story of the once-bustling cult. The TV star explains that her “personal life is nothing but a joke,” since she learned her religion as a student at Harvard.

“The thing that’s really funny to me is that religion is something that was used as a joke in school,” Elisabeth explains. “So I started teaching. I started teaching",99,59,0.5959595959595959,7.949546288643535,9.359791413521555e-16,Watermarked,0.9999999999999991,71,0.676056338028169,0.9428571428571428,0.323943661971831,,,,10.072405143357331,10.072405143357331,3.658329370225895e-24,True,1.0,0.3934636448839082,1.9629872131347657,0.2631355432994208,0.38813820367213336,0.83,517.31,0.95,0.5
94,No Watermark,,,,"TOPEKA, Kan. (WIBW) -- With a snowstorm (and possible blizzard) moving, many of us will spend Sunday indoors. And, while our four-legged friends may come with their own fur coats, they are"," here to stay.The city of TOPEKA has issued a snow storm warning for the entire northwest (Interstate 80), including the city of Shawnee.The snowstorm will cause large snow showers while temperatures will be in the low 20s. The city's snowstorm warning will be in effect from 5 a.m. to 6 a.m. Monday.The city says it will stay in its normal mode, but it may have to change to a situation where we will see snow showers",99,21,0.21212121212121213,-0.8703882797784892,0.807955875263074,Human/Unwatermarked,0.0,81,0.6296296296296297,0.9125,0.37037037037037035,,,,-0.1426513354241812,2.418348821395314,0.5567172238846767,False,0.0,,,0.3008872459617002,0.31034334493800997,0.88,605.61,,
94,Fixed Delta 1.0,1.0,,,"TOPEKA, Kan. (WIBW) -- With a snowstorm (and possible blizzard) moving, many of us will spend Sunday indoors. And, while our four-legged friends may come with their own fur coats, they are"," here to stay!The city of Topeka will roll out blanket and coverings around the homeless encampments, but residents say they'll be there to keep them warm and safe.The city's homeless shelter is scheduled to open at 8 a.m. Monday, with a reported 100,000 residents. Hot-spots will be set up in the parking lot to keep the homeless safe.""We're really glad to be opening the shelter,"" said Nick Neale, the shelter's interim director of",99,37,0.37373737373737376,2.8432683806097314,0.0022326725999624137,Human/Unwatermarked,0.0,79,0.7215189873417721,0.9743589743589743,0.2784810126582279,1.0,1.0,1.0,3.313593407963605,3.8835560033074263,0.00046052668253900725,False,0.0,,,0.30390727385238847,0.2802833124762401,0.87,597.06,,
94,Fixed Delta 2.0,2.0,,,"TOPEKA, Kan. (WIBW) -- With a snowstorm (and possible blizzard) moving, many of us will spend Sunday indoors. And, while our four-legged friends may come with their own fur coats, they are"," here to stay!The city's parks department has teamed up with micro-fashion manufacturer, Zoya (not pictured), to create a cute pair of fur coats for babies, toddlers and tweens with furry ears and ears for the toddler. The coats will be made with polyester, which provides protection against bumps, bumps and scratches. This is the first pair of boots made by a micro-fashion brand. The wool, which is grown in-house, is available from the local organic retailer and",99,58,0.5858585858585859,7.717442747369271,5.934340569241363e-15,Watermarked,0.9999999999999941,81,0.7037037037037037,0.975,0.2962962962962963,2.0,2.0,2.0,9.206876319902998,9.206876319902998,1.6787660537321993e-20,True,1.0,,,0.3394900860888463,0.2480496173701249,0.9,1169.81,,
94,Fixed Delta 3.0,3.0,,,"TOPEKA, Kan. (WIBW) -- With a snowstorm (and possible blizzard) moving, many of us will spend Sunday indoors. And, while our four-legged friends may come with their own fur coats, they are"," here to make sure you are not without your furry buddies.And there are a lot more options. You can check out some of the cute options below. If you are in Kansas or have them somewhere else in Kansas, make sure you book your stay here now!",53,41,0.7735849056603774,8.8028726014714,6.667895805754433e-19,Watermarked,1.0,48,0.75,0.9148936170212766,0.25,3.0,3.0,3.0,9.435368248357355,9.435368248357355,1.9481160856481752e-21,True,1.0,,,0.2842211092561605,0.231146318613793,0.9074074074074074,445.75925925925924,,
94,Current Adaptive Delta,adaptive,0.5,3.0,"TOPEKA, Kan. (WIBW) -- With a snowstorm (and possible blizzard) moving, many of us will spend Sunday indoors. And, while our four-legged friends may come with their own fur coats, they are"," here to stay!The city's parks department has teamed up with micro-chipping company, Microchip, to provide a fur coat to any pet. The eco-friendly micro-chipping dog is available to shop for on-site pets at The Pet Shop. The coat will be provided at $30 for four months with micro-chipping fees waived. The micro-chipping dog also can be used to help with the canine health and hygiene program and for animal control. The micro-",99,73,0.7373737373737373,11.198995866483228,2.061905353433795e-29,Watermarked,1.0,79,0.6455696202531646,0.9230769230769231,0.35443037974683544,1.9619695782661437,1.6180340051651,2.5559380054473877,10.430510824846728,10.430510824846728,8.995921161170541e-26,True,1.0,,,0.3328430244723981,0.2797420698450878,0.87,973.47,,
94,CA-KL,kl_adaptive,,3.0,"TOPEKA, Kan. (WIBW) -- With a snowstorm (and possible blizzard) moving, many of us will spend Sunday indoors. And, while our four-legged friends may come with their own fur coats, they are"," here to stay!The city's parks department has teamed up with micro-fashion manufacturer, Zoya (not pictured), to create a cute pair of fur coats for babies, toddlers and tweens with furry ears and ears for the toddler. The coats will be made with polyester, which provides protection against bumps, bumps and scratches. This is the first pair of boots made for toddlers with fur coats in its line since the company started in 1993. The skates fit perfectly, and the shoes are",99,56,0.5656565656565656,7.2532356648207434,2.0346556800431047e-13,Watermarked,0.9999999999997965,83,0.6987951807228916,0.975609756097561,0.3012048192771084,,,,,,,,,0.465647405472853,2.285621795654297,0.3398426233340662,0.21436860110028647,1.0,50265.0,,0.5
94,CA-KL + Weighted Detector,kl_adaptive,,3.0,"TOPEKA, Kan. (WIBW) -- With a snowstorm (and possible blizzard) moving, many of us will spend Sunday indoors. And, while our four-legged friends may come with their own fur coats, they are"," here to stay!The city's parks department has teamed up with micro-fashion manufacturer, Zoya (not pictured), to create a cute pair of fur coats for babies, toddlers and tweens with furry ears and ears for the toddler. The coats will be made with polyester, which provides protection against bumps, bumps and scratches. This is the first pair of boots made for toddlers with fur coats in its line since the company started in 1993. The skates fit perfectly, and the shoes are",99,56,0.5656565656565656,7.2532356648207434,2.0346556800431047e-13,Watermarked,0.9999999999997965,83,0.6987951807228916,0.975609756097561,0.3012048192771084,,,,8.495670530335227,8.495670530335227,9.83967441595968e-18,True,1.0,0.465647405472853,2.285621795654297,0.33984258316655563,0.2143684996641241,1.0,50265.0,,0.5
94,CA-KL + Candidate Greenlist,kl_adaptive,,3.0,"TOPEKA, Kan. (WIBW) -- With a snowstorm (and possible blizzard) moving, many of us will spend Sunday indoors. And, while our four-legged friends may come with their own fur coats, they are"," here to stay!The city's parks department made a video, and you can find a full description and a photo of the snow and ice, here. If you're craving some snow, here it is.""This is going to be a pretty rough season,"" said Parks Department's Liz, ""especially if you’re going to K-9s.""And we hope you enjoy it.""",79,45,0.569620253164557,6.560655004862472,2.678596728173142e-11,Watermarked,0.999999999973214,61,0.6885245901639344,0.9833333333333333,0.3114754098360656,,,,8.705580798814104,8.705580798814104,1.5797629326917394e-18,True,1.0,0.4775348553728023,2.289562225341797,0.32504978542293067,0.2296431064722128,0.9,730.85,0.95,0.5
94,CA-KL + Candidate Greenlist + Weighted/WinMax,kl_adaptive,,3.0,"TOPEKA, Kan. (WIBW) -- With a snowstorm (and possible blizzard) moving, many of us will spend Sunday indoors. And, while our four-legged friends may come with their own fur coats, they are"," here to stay!The city's parks department made a video, and you can find a full description and a photo of the snow and ice, here. If you're craving some snow, here it is.""This is going to be a pretty rough season,"" said Parks Department's Liz, ""especially if you’re going to K-9s.""And we hope you enjoy it.""",79,45,0.569620253164557,6.560655004862472,2.678596728173142e-11,Watermarked,0.999999999973214,61,0.6885245901639344,0.9833333333333333,0.3114754098360656,,,,8.705580798814104,8.705580798814104,1.5797629326917394e-18,True,1.0,0.447685939940892,2.0065744400024412,0.32504978542293067,0.2296431064722128,0.9,730.85,0.95,0.5
95,No Watermark,,,,"Madore received the package along with three crosses she had ordered in memory of her son Christopher Medina who died July 15, 2009, in a traffic accident along the Carson River. She purchased the crosses from Harriet Carter, a Pennsylvania mail order company."," She added the crosses to her collection and kept them on her porch.

Madore started selling the crosses to her friends and family at a later date. She made more than 100 crosses in her garage in 2006, according to her website.

""I'd be lying if I said I wasn't a fan of her,"" Madore said. ""She always had a big heart.""",79,19,0.24050632911392406,-0.19487094073848926,0.5772530080110497,Human/Unwatermarked,0.0,62,0.6935483870967742,0.9344262295081968,0.30645161290322576,,,,0.49594336907803316,2.5226932376416724,0.309967183292932,False,0.0,,,0.27293930168350644,0.27705239539500326,0.8375,504.625,,
95,Fixed Delta 1.0,1.0,,,"Madore received the package along with three crosses she had ordered in memory of her son Christopher Medina who died July 15, 2009, in a traffic accident along the Carson River. She purchased the crosses from Harriet Carter, a Pennsylvania mail order company."," She added the crosses to her collection and kept them on her porch.

Madore started selling the crosses to her friends and family at a later date. She made more than 100 crosses in her garage and is currently selling the crosses for $40.

Madore reported her interest to various churches and’s around the state. She also saw several other crosses and noticed a doorbell in her back yard. She said she has kept the crosses for her family and friends to share and",99,41,0.41414141414141414,3.7716825457067866,8.107523404471492e-05,Human/Unwatermarked,0.0,85,0.5764705882352941,0.9047619047619048,0.42352941176470593,1.0,1.0,1.0,4.443360871055887,4.636520097803383,4.428221709360033e-06,True,0.9999955717782907,,,0.31055134709312077,0.2467778383474797,0.93,558.4,,
95,Fixed Delta 2.0,2.0,,,"Madore received the package along with three crosses she had ordered in memory of her son Christopher Medina who died July 15, 2009, in a traffic accident along the Carson River. She purchased the crosses from Harriet Carter, a Pennsylvania mail order company."," She added the crosses to her collection and kept them on her porch. She said her mother, a nurse, had also received the crosses and kept them on her porch.

Madore’s mother is still grieving. She said her daughter had many years to spend with her, and she wanted her to end the cycle with the crosses. She said her mother was a loving person and would not stop caring for the deceased. She said her daughter would enjoy spending time with her grandchildren and would",99,57,0.5757575757575758,7.4853392060950075,3.5681289972117485e-14,Watermarked,0.9999999999999644,87,0.5172413793103449,0.8023255813953488,0.48275862068965514,2.0,2.0,2.0,8.324550220734055,8.324550220734055,4.23247685231612e-17,True,1.0,,,0.2887936008813374,0.2845099433977157,0.92,417.29,,
95,Fixed Delta 3.0,3.0,,,"Madore received the package along with three crosses she had ordered in memory of her son Christopher Medina who died July 15, 2009, in a traffic accident along the Carson River. She purchased the crosses from Harriet Carter, a Pennsylvania mail order company."," She said her daughter always purchased a red cross in order to commemorate her mother's ""mommy"". (Hannah Austin/WPIAL)

""She made me so proud... It means so much more to me now than a day-to-day. She was not only my mommy,” said Hannah Austin, Hannah’s older brother, of Christopher's killing. “She made me so proud... It means so much more to me now than a day-",99,69,0.696969696969697,10.270581701386172,4.781315307935896e-25,Watermarked,1.0,69,0.5652173913043478,0.7647058823529411,0.4347826086956522,3.0,3.0,3.0,11.12175894215276,11.12175894215276,4.915716197342881e-29,True,1.0,,,0.23370140328026132,0.40629269476979973,0.74,401.06,,
95,Current Adaptive Delta,adaptive,0.5,3.0,"Madore received the package along with three crosses she had ordered in memory of her son Christopher Medina who died July 15, 2009, in a traffic accident along the Carson River. She purchased the crosses from Harriet Carter, a Pennsylvania mail order company."," She added the crosses to her collection and kept them on her porch.

Madore’s daughter Maya, 10, and daughter Grace, 5, were among the first to receive them as a gift. Maya grabbed the crosses and pulled the first one to her mother’s porch. She said” it’s really nice that they’ve got a great name and a little sign,” said Maya, who was thrilled to receive the first cross.

",99,56,0.5656565656565656,7.2532356648207434,2.0346556800431047e-13,Watermarked,0.9999999999997965,73,0.6301369863013698,0.9305555555555556,0.36986301369863017,1.865574949979782,1.6180340051651,2.4160778522491455,8.893333893648734,8.893333893648734,2.965114093668866e-19,True,1.0,,,0.2761089977002341,0.3380152564868331,0.87,509.97,,
95,CA-KL,kl_adaptive,,3.0,"Madore received the package along with three crosses she had ordered in memory of her son Christopher Medina who died July 15, 2009, in a traffic accident along the Carson River. She purchased the crosses from Harriet Carter, a Pennsylvania mail order company."," She added the crosses to her collection and kept them on her porch. She said her mother, a nurse, had also received the crosses and kept them on her porch. She said her mother had also received the crosses and kept them on her porch. The crosses and the crosses were received, along with photographs, inside her basement and with the wall in the basement, which was used as a storage room where she kept them. The pictures were taken with a small camera, which the family used to take",99,59,0.5959595959595959,7.949546288643535,9.359791413521555e-16,Watermarked,0.9999999999999991,90,0.4444444444444444,0.7303370786516854,0.5555555555555556,,,,,,,,,0.44175966084915325,2.43090087890625,0.2898354493881931,0.2651359511737246,1.0,50265.0,,0.5
95,CA-KL + Weighted Detector,kl_adaptive,,3.0,"Madore received the package along with three crosses she had ordered in memory of her son Christopher Medina who died July 15, 2009, in a traffic accident along the Carson River. She purchased the crosses from Harriet Carter, a Pennsylvania mail order company."," She added the crosses to her collection and kept them on her porch. She said her mother, a nurse, had also received the crosses and kept them on her porch. She said her mother had also received the crosses and kept them on her porch. The crosses and the crosses were received, along with photographs, inside her basement and with the wall in the basement, which was used as a storage room where she kept them. The pictures were taken with a small camera, which the family used to take",99,59,0.5959595959595959,7.949546288643535,9.359791413521555e-16,Watermarked,0.9999999999999991,90,0.4444444444444444,0.7303370786516854,0.5555555555555556,,,,8.63411579045361,8.63411579045361,2.95915139646788e-18,True,1.0,0.44175966084915325,2.43090087890625,0.2898354498957932,0.2651359301211778,1.0,50265.0,,0.5
95,CA-KL + Candidate Greenlist,kl_adaptive,,3.0,"Madore received the package along with three crosses she had ordered in memory of her son Christopher Medina who died July 15, 2009, in a traffic accident along the Carson River. She purchased the crosses from Harriet Carter, a Pennsylvania mail order company."," She added the crosses to an original Saint Mary’s, Christian Cross and another cross, which she said was from Saint Paul and a Roman Catholic cross. She said that the crosses were marked with cross-marks in an MST tribute to the saint of the same name, which was inscribed on the cross’s upper half with the sign of the saint of the saint of the saint of the saint of the saint of the saint of the saint of the saint of the saint of the saint",99,70,0.7070707070707071,10.502685242660437,4.197862382006365e-26,Watermarked,1.0,90,0.4222222222222222,0.651685393258427,0.5777777777777777,,,,9.444940420045674,9.444940420045674,1.7780328423492486e-21,True,1.0,0.37430850812963934,2.473463287353516,0.2822962305957789,0.43257334308698775,0.79,921.9,0.95,0.5
95,CA-KL + Candidate Greenlist + Weighted/WinMax,kl_adaptive,,3.0,"Madore received the package along with three crosses she had ordered in memory of her son Christopher Medina who died July 15, 2009, in a traffic accident along the Carson River. She purchased the crosses from Harriet Carter, a Pennsylvania mail order company."," She added the crosses to an original Saint Mary’s, Christian Cross and another cross, which she said was from Saint Paul and a Roman Catholic cross. She said that the crosses were marked with cross-marks in an MST tribute to the saint of the same name, which was inscribed on the cross’s upper half with the sign of the saint of the saint of the saint of the saint of the saint of the saint of the saint of the saint of the saint of the saint",99,70,0.7070707070707071,10.502685242660437,4.197862382006365e-26,Watermarked,1.0,90,0.4222222222222222,0.651685393258427,0.5777777777777777,,,,9.444940420045674,9.444940420045674,1.7780328423492486e-21,True,1.0,0.36633894331304695,1.8434632873535157,0.2822962305957789,0.43257334308698775,0.79,921.9,0.95,0.5
96,No Watermark,,,,"Rockland — Maine-based nonprofit WindowDressers coordinates community volunteers to build affordable, re-usable, interior insulating window inserts that tighten up existing windows. The cost of the insert depends on the size of the window, but averages $25"," for a 3-foot diameter window and $30 for a 1.5-foot diameter window. (The company also makes repairs and replacements for older windows.)

Open House: The nonprofit window firm WindowDressers is hosting a free open house on Saturday, Sept. 21, from 10 a.m. to 2 p.m. at the window firm’s office, 55 N. Main St., Rockland. The open house is open to the public. The windows will",99,24,0.24242424242424243,-0.17407765595569785,0.5690977834754946,Human/Unwatermarked,0.0,72,0.6388888888888888,0.9154929577464789,0.36111111111111116,,,,-0.28438789574557416,1.0770494261837282,0.6119434329862206,False,0.0,,,0.23954444855599966,0.3500493985135108,0.7,654.74,,
96,Fixed Delta 1.0,1.0,,,"Rockland — Maine-based nonprofit WindowDressers coordinates community volunteers to build affordable, re-usable, interior insulating window inserts that tighten up existing windows. The cost of the insert depends on the size of the window, but averages $25"," to $50 per piece.

WindowDressers, founded in 1999 by Debra Reed and her mother, has created a culture of giving back to the community. The company collected donations for charity in 2006, but only received a small amount. In 2014, WindowDressers was awarded $1,500 in grant money from the Maine Department of Community and Social Development for its doorbell doorbell program.

WindowDressers also works with furniture vendors, artists, and retailers",99,48,0.48484848484848486,5.396407334626633,3.399424987395955e-08,Watermarked,0.9999999660057501,71,0.7887323943661971,1.0,0.21126760563380287,1.0,1.0,1.0,5.602162774212785,5.602162774212785,1.0584680734299907e-08,True,0.9999999894153193,,,0.2824769312370424,0.2975001151394099,0.84,654.27,,
96,Fixed Delta 2.0,2.0,,,"Rockland — Maine-based nonprofit WindowDressers coordinates community volunteers to build affordable, re-usable, interior insulating window inserts that tighten up existing windows. The cost of the insert depends on the size of the window, but averages $25"," to $50 per piece. The company has also partnered with local Christian churches for similar inserts. The company said it also works with multiple churches for the same purpose.

Window Dressers also ships custom inserts for its clients. The company has recently expanded to include a bit of a ""save the world"" program and a ""save the planet"" program, which provides grants for its clients.

Window Dressers also offers a ""bonus"" program for its clients. The company",99,68,0.6868686868686869,10.038478160111909,5.162741433689114e-24,Watermarked,1.0,77,0.5714285714285714,0.8157894736842105,0.4285714285714286,2.0,2.0,2.0,9.3970080534989,9.3970080534989,2.8068317781449026e-21,True,1.0,,,0.3388293116994657,0.29045192039106044,0.87,1115.89,,
96,Fixed Delta 3.0,3.0,,,"Rockland — Maine-based nonprofit WindowDressers coordinates community volunteers to build affordable, re-usable, interior insulating window inserts that tighten up existing windows. The cost of the insert depends on the size of the window, but averages $25"," to $50 per piece and the users need only purchase five, six or twelve different types of windows (not pictured in these images). The product can be used to protect and protect or enhance existing structures.",41,33,0.8048780487804879,8.205193675473634,1.151097279693678e-16,Watermarked,0.9999999999999999,36,0.8611111111111112,1.0,0.13888888888888884,3.0,3.0,3.0,10.129414401128724,10.23620596760011,2.045460210056689e-24,True,1.0,,,0.3078979397339624,0.20823962783573993,0.9523809523809523,585.452380952381,,
96,Current Adaptive Delta,adaptive,0.5,3.0,"Rockland — Maine-based nonprofit WindowDressers coordinates community volunteers to build affordable, re-usable, interior insulating window inserts that tighten up existing windows. The cost of the insert depends on the size of the window, but averages $25"," to $50 per piece. The company has made the inserts, which come in two sizes, lightweight (not pictured) and super-strong (not pictured). WindowDressers says it’s made these inserts for people with furniture allergies, as well as those with allergies to mold and sprays.”

YOU MAY ALSO LIKE:

THE END

9-year-old boy found alive in Bronx

7-year-old boy found dead in Bronx
",99,57,0.5757575757575758,7.4853392060950075,3.5681289972117485e-14,Watermarked,0.9999999999999644,67,0.7313432835820896,0.9242424242424242,0.26865671641791045,1.9080533397197723,1.6180340051651,2.5410373210906982,8.230209559339869,8.230209559339869,9.34431038500667e-17,True,0.9999999999999999,,,0.28619001372111247,0.3721310230717063,0.77,944.43,,
96,CA-KL,kl_adaptive,,3.0,"Rockland — Maine-based nonprofit WindowDressers coordinates community volunteers to build affordable, re-usable, interior insulating window inserts that tighten up existing windows. The cost of the insert depends on the size of the window, but averages $25"," to $50 per piece. The company has also partnered with local Christian churches for similar inserts. The company said it also works with multiple churches for the same purpose.

Window Dressers also ships custom inserts for its clients. The company has recently expanded to include a bit of a ""save the world"" program and a ""save the planet"" program, which provides grants from the state and local governments that support the development of windows and other architectural materials for windows and other windows. The company",99,69,0.696969696969697,10.270581701386172,4.781315307935896e-25,Watermarked,1.0,85,0.611764705882353,0.8928571428571429,0.388235294117647,,,,,,,,,0.4595396987801711,2.3225527954101564,0.347747072752399,0.27136273973737846,1.0,50265.0,,0.5
96,CA-KL + Weighted Detector,kl_adaptive,,3.0,"Rockland — Maine-based nonprofit WindowDressers coordinates community volunteers to build affordable, re-usable, interior insulating window inserts that tighten up existing windows. The cost of the insert depends on the size of the window, but averages $25"," to $50 per piece. The company has also partnered with local Christian churches for similar inserts. The company said it also works with multiple churches for the same purpose.

Window Dressers also ships custom inserts for its clients. The company has recently expanded to include a bit of a ""save the world"" program and a ""save the planet"" program, which provides grants from the state and local governments that support the development of windows and other architectural materials for windows and other windows. The company",99,69,0.696969696969697,10.270581701386172,4.781315307935896e-25,Watermarked,1.0,85,0.611764705882353,0.8928571428571429,0.388235294117647,,,,10.288570792286517,10.288570792286517,3.967265702157749e-25,True,1.0,0.4595396987801711,2.3225527954101564,0.3477470778215168,0.27136274727323323,1.0,50265.0,,0.5
96,CA-KL + Candidate Greenlist,kl_adaptive,,3.0,"Rockland — Maine-based nonprofit WindowDressers coordinates community volunteers to build affordable, re-usable, interior insulating window inserts that tighten up existing windows. The cost of the insert depends on the size of the window, but averages $25"," and the dimensions are about the same as a full-size, micro-window insert. The company offers groups of 20-35 volunteers a chance to learn about window installation, which can range anywhere from $3-$7 an insert. The company offers a chance to learn more about WindowDressers, which’s a small group that gathers and volunteers at other locations in Maine.

WindowDressers, which provides a safe place to shop for furniture from stores and other places for",99,69,0.696969696969697,10.270581701386172,4.781315307935896e-25,Watermarked,1.0,78,0.6666666666666666,0.9090909090909091,0.33333333333333337,,,,12.139018583621267,12.139018583621267,3.2804111346601064e-34,True,1.0,0.44259560607284015,2.323902282714844,0.30215657739502555,0.29834706167690456,0.87,627.53,0.95,0.5
96,CA-KL + Candidate Greenlist + Weighted/WinMax,kl_adaptive,,3.0,"Rockland — Maine-based nonprofit WindowDressers coordinates community volunteers to build affordable, re-usable, interior insulating window inserts that tighten up existing windows. The cost of the insert depends on the size of the window, but averages $25"," and the dimensions are about the same as a full-size, micro-window insert. The company offers groups of 20-35 volunteers a chance to learn about window installation, which can range from about $3-$7 a day. The company offers a chance to learn more about WindowDressers, which’s a small group that gathers and volunteers at other locations in Maine.

WindowDressers, which provides a safe place for people and tools, also offers services to help",99,70,0.7070707070707071,10.502685242660437,4.197862382006365e-26,Watermarked,1.0,77,0.6753246753246753,0.9210526315789473,0.3246753246753247,,,,12.874170614739011,12.874170614739011,3.1455617189034996e-38,True,1.0,0.4283683202650103,1.974898223876953,0.3040311500349681,0.28317358645610513,0.88,631.47,0.95,0.5
97,No Watermark,,,,"France is in a difficult position. It has not had a sufficient spur to reform, despite the platitudes by both Sarkozy and Hollande. The fall of the Berlin Wall was a great spur to Germany, though it took it a few years to realize"," the importance of holding France together.

But on the other hand, Sarkozy and Hollande got a lot of support from the right. The big problem of the right was that they were not as clear-eyed about their priorities as they had been. In the long run, Hollande’s policies on immigration would have been better for France, so it’s not as if he would have been able to get the country back on track.

That’s why the right",99,27,0.2727272727272727,0.5222329678670935,0.30075406722029496,Human/Unwatermarked,0.0,81,0.6790123456790124,0.9375,0.32098765432098764,,,,0.854711560262719,3.1832464287295283,0.19635542455886262,False,0.0,,,0.28339260911616915,0.31385307270102203,0.84,448.76,,
97,Fixed Delta 1.0,1.0,,,"France is in a difficult position. It has not had a sufficient spur to reform, despite the platitudes by both Sarkozy and Hollande. The fall of the Berlin Wall was a great spur to Germany, though it took it a few years to realize"," its full potential. It is also the source of recent economic and social problems, as it has got worse, but also has been a source of big economic growth in the EU (and many others as well).

However, it is not the first time that France has reported a decline in growth in the last quarter of the year. The figure was revised slightly up from the previous quarter, and in fact the economy recorded modest growth in the fourth quarter of the year. However, the economy may",99,44,0.4444444444444444,4.467993169529578,3.947841320552369e-06,Watermarked,0.9999960521586795,88,0.5909090909090909,0.8850574712643678,0.40909090909090906,1.0,1.0,1.0,5.01130839583549,5.01130839583549,2.7030597312992617e-07,True,0.9999997296940268,,,0.30080355499465977,0.28799736270681026,0.87,411.24,,
97,Fixed Delta 2.0,2.0,,,"France is in a difficult position. It has not had a sufficient spur to reform, despite the platitudes by both Sarkozy and Hollande. The fall of the Berlin Wall was a great spur to Germany, though it took it a few years to realize"," its full potential in Europe, which had to make it an even bigger strategic challenge. The moment got so severe that the Kingdom of Calais was compelled to abandon its campaign of fighting to protect French real estate. The French were forced to abandon a war-fighting mission to protect their reserves of oil, gas and gold. The Arab Spring-like protests, which included, among others, Saudi intervention, also left its French allies in an even worse place. The battle for resources and real estate, which had",99,75,0.7575757575757576,11.663202949031755,9.825423209116168e-32,Watermarked,1.0,87,0.7011494252873564,0.9418604651162791,0.29885057471264365,2.0,2.0,2.0,12.08873770848824,12.08873770848824,6.056675853314286e-34,True,1.0,,,0.3522399173506475,0.25472302415408193,0.89,892.48,,
97,Fixed Delta 3.0,3.0,,,"France is in a difficult position. It has not had a sufficient spur to reform, despite the platitudes by both Sarkozy and Hollande. The fall of the Berlin Wall was a great spur to Germany, though it took it a few years to realize"," its full potential in Europe, which had to make it an even bigger strategic challenge. The collapse of the G10 is also another important factor, which can help in understanding where France is headed. If there is one lesson to learn, it is the need of the hour. If there was one lesson to learn, it is that the difficulties of the G10 are not caused by a lack of resources but rather the difficulty of the situation itself. The world was not fit for this. The world was",99,81,0.8181818181818182,13.055824196677339,2.943472539265963e-39,Watermarked,1.0,89,0.6292134831460674,0.8636363636363636,0.3707865168539326,3.0,3.0,3.0,13.321058156034084,13.321058156034084,8.730746515118769e-41,True,1.0,,,0.29761358335447996,0.28531227798666803,0.84,622.05,,
97,Current Adaptive Delta,adaptive,0.5,3.0,"France is in a difficult position. It has not had a sufficient spur to reform, despite the platitudes by both Sarkozy and Hollande. The fall of the Berlin Wall was a great spur to Germany, though it took it a few years to realize"," its full potential. It must also have put France on track to make strategic changes. The way forward (not to mention the French and European governments) requires rebuilding Paris and fighting to protect it. If there is no further breakthrough on the ground, the French will be right to think that they are being too tough-minded and they may not be in the mood to talk. However, with all of this in mind, the French will not be willing to hand over the keys. The phrase “",99,60,0.6060606060606061,8.181649829917799,1.3999184135288104e-16,Watermarked,0.9999999999999999,87,0.7126436781609196,0.9534883720930233,0.28735632183908044,1.936751184463501,1.6180340051651,2.5199668407440186,9.156362152419963,9.156362152419963,2.6838146653043392e-20,True,1.0,,,0.3248250634657407,0.24746632675640284,0.92,642.64,,
97,CA-KL,kl_adaptive,,3.0,"France is in a difficult position. It has not had a sufficient spur to reform, despite the platitudes by both Sarkozy and Hollande. The fall of the Berlin Wall was a great spur to Germany, though it took it a few years to realize"," its full potential in Europe, which had to make it an even bigger strategic challenge. The collapse of the Flemish Kingdom left it vulnerable to big expansionism in Europe, which was not expected to lead to sustained growth in other European countries.

France’s European allies, Germany and Greece, are not looking for such a wall, so they’ve forced themselves into a position where they’re entering the first half of this year and struggle not to believe that the economy",99,71,0.7171717171717171,10.7347887839347,3.49392904769601e-27,Watermarked,1.0,82,0.7682926829268293,0.9753086419753086,0.23170731707317072,,,,,,,,,0.4319354245430596,2.3793296813964844,0.30521545578412457,0.273789779558083,1.0,50265.0,,0.5
97,CA-KL + Weighted Detector,kl_adaptive,,3.0,"France is in a difficult position. It has not had a sufficient spur to reform, despite the platitudes by both Sarkozy and Hollande. The fall of the Berlin Wall was a great spur to Germany, though it took it a few years to realize"," its full potential in Europe, which had to make it an even bigger strategic challenge. The collapse of the Flemish Kingdom left it vulnerable to big expansionism in Europe, which was not expected to lead to sustained growth in other European countries.

France’s European allies, Germany and Greece, are not looking for such a wall, so they’ve forced themselves into a position where they’re entering the first half of this year and struggle not to believe that the economy",99,71,0.7171717171717171,10.7347887839347,3.49392904769601e-27,Watermarked,1.0,82,0.7682926829268293,0.9753086419753086,0.23170731707317072,,,,11.881790480558692,11.881790480558692,7.359028717967389e-33,True,1.0,0.4319354245430596,2.3793296813964844,0.30521544610321294,0.2737897999923007,1.0,50265.0,,0.5
97,CA-KL + Candidate Greenlist,kl_adaptive,,3.0,"France is in a difficult position. It has not had a sufficient spur to reform, despite the platitudes by both Sarkozy and Hollande. The fall of the Berlin Wall was a great spur to Germany, though it took it a few years to realize"," its full potential in Europe, which had to make it an even bigger strategic challenge. The collapse of the Flemish Kingdom left the French, the first in Europe, fighting to protect and defend its interests in Europe, which had to make it a priority for foreign actors. The collapse of the French Kingdom also brought the French invasion into the public eye again: France has lost its economic base, its social consensus. The French have no choice but to respond to it.

France is also being",99,81,0.8181818181818182,13.055824196677339,2.943472539265963e-39,Watermarked,1.0,86,0.627906976744186,0.8470588235294118,0.37209302325581395,,,,13.639321641423964,13.639321641423964,1.168622825077903e-42,True,1.0,0.4732130326534585,2.3170770263671874,0.3386855920405659,0.26906141743063927,0.92,756.66,0.95,0.5
97,CA-KL + Candidate Greenlist + Weighted/WinMax,kl_adaptive,,3.0,"France is in a difficult position. It has not had a sufficient spur to reform, despite the platitudes by both Sarkozy and Hollande. The fall of the Berlin Wall was a great spur to Germany, though it took it a few years to realize"," its full potential. It must also have put its onerous, often polarizing, austerity policies at ease, because it has faced multiple crises, often exacerbated by its own financial vulnerabilities. The real problem is France is in an even less meaningful way than it appears to be. The crisis, which began in April 2015 with a series of outgoing Hollande administrations, turned into a protracted political crisis with far reaching implications. The president’s first two years, he and Hollande negotiated a budget surplus of almost",99,64,0.6464646464646465,9.110063995014853,4.116669580158606e-20,Watermarked,1.0,85,0.8235294117647058,1.0,0.17647058823529416,,,,12.45796656320502,12.45796656320502,6.327824144152367e-36,True,1.0,0.4501465609533783,2.0151539611816407,0.3279391513557836,0.22880638489499688,0.91,726.99,0.95,0.5
98,No Watermark,,,,"The Volstead Act was repealed on this date in 1933, returning control of alcohol to the states, and it was a happy day at the F.X. Matt Brewery. UTICA, N.Y. -- A total of 85 years ago"," today, the Volstead Act was passed by the U.S. House of Representatives. The Volstead Act passed the U.S. Senate on February 20, 1932, and was collected in a bill called the Volstead Act. The Volstead Act was sponsored by Senator James H. Del Rio (D-TX). He was the first man to propose a bill of such a great importance and in his boldest form, it was a bill that would outlaw the sale, possession, importation",99,28,0.2828282828282828,0.7543365091413573,0.22532359255077888,Human/Unwatermarked,0.0,78,0.6282051282051282,0.8571428571428571,0.3717948717948718,,,,0.3713255767010492,1.957276203336946,0.35519752505764046,False,0.0,,,0.25292136418243,0.3734131311113015,0.78,493.7,,
98,Fixed Delta 1.0,1.0,,,"The Volstead Act was repealed on this date in 1933, returning control of alcohol to the states, and it was a happy day at the F.X. Matt Brewery. UTICA, N.Y. -- A total of 85 years ago"," today, the Volstead Act was passed by the U.S. House of Representatives. The Volstead Act passed the Senate in 1933. The Volstead Act was repealed in 1933. The Volstead Act was repealed in 1933. The Volstead Act was repealed in 1933. The Volstead Act was repealed in 1933. The Volstead Act was repealed in 1933. The Volstead Act was repealed in 1933. The Volstead Act was repealed in 1933. The Volstead Act was repealed in 1933.",99,33,0.3333333333333333,1.9148542155126762,0.027755549048935523,Human/Unwatermarked,0.0,77,0.2077922077922078,0.27631578947368424,0.7922077922077921,1.0,1.0,1.0,3.326401673936617,3.8239581672451113,0.0004398752609772278,False,0.0,,,0.10231945251370646,0.6825685331085697,0.39,161.36,,
98,Fixed Delta 2.0,2.0,,,"The Volstead Act was repealed on this date in 1933, returning control of alcohol to the states, and it was a happy day at the F.X. Matt Brewery. UTICA, N.Y. -- A total of 85 years ago"," today, only 19 states had passed legislation requiring the manufacture and sale of alcohol to those under the age of 21. Today, only 19 states have passed legislation requiring the manufacture, sale or consumption of alcohol to those under the age of 21. Today, only 19 states have passed legislation requiring the manufacture, sale or consumption of alcohol to those under the age of 21. Today, only 19 states have passed legislation requiring the manufacture, sale or consumption of alcohol to those under the age of 21. Today,",99,46,0.46464646464646464,4.932200252078106,4.0654247701977057e-07,Watermarked,0.999999593457523,88,0.25,0.3103448275862069,0.75,2.0,2.0,2.0,4.711651011757114,4.711651011757114,1.2285895642663133e-06,True,0.9999987714104357,,,0.11199238656343216,0.6715847764071077,0.36,135.63,,
98,Fixed Delta 3.0,3.0,,,"The Volstead Act was repealed on this date in 1933, returning control of alcohol to the states, and it was a happy day at the F.X. Matt Brewery. UTICA, N.Y. -- A total of 85 years ago"," today the state of New York was passed into law on August 31, 1933. The Volstead Act, which had been in place since the first anniversary of the state's ratification by the Federal Government, was passed in accordance with the provisions of the Uniform State Law of the United States of America, which gives the states of New York the right to govern and regulate their citizens. The Volstead Act also incorporated New York into the Federal Republic of the United States, which had passed into effect on May 25",99,68,0.6868686868686869,10.038478160111909,5.162741433689114e-24,Watermarked,1.0,90,0.5555555555555556,0.8314606741573034,0.4444444444444444,3.0,3.0,3.0,11.5262546725632,11.5262546725632,4.864228542356541e-31,True,1.0,,,0.24437269098798847,0.3830374848935753,0.79,408.99,,
98,Current Adaptive Delta,adaptive,0.5,3.0,"The Volstead Act was repealed on this date in 1933, returning control of alcohol to the states, and it was a happy day at the F.X. Matt Brewery. UTICA, N.Y. -- A total of 85 years ago"," today, only 19 states had passed legislation requiring breweries on beer, microbrewery and restaurant land to grant alcohol to residents. Today, only six states -- Illinois, Kentucky, New Jersey, Michigan and Tennessee -- have statutes requiring breweries to provide alcohol to residents. The Volstead Act prompted a revolution in how alcohol was sold in those states.

""The Volstead Act was achieved with clear and simple legislation,"" said F.X. Matt Brewing Co. President, Bill Johnson. ""A state",99,62,0.6262626262626263,8.645856912466327,2.6701500224408945e-18,Watermarked,1.0,75,0.72,0.918918918918919,0.28,1.8721315157413483,1.6180340051651,2.493288993835449,9.866280829221438,9.866280829221438,2.9142875970433016e-23,True,1.0,,,0.2726276390640634,0.35450666312128304,0.81,461.46,,
98,CA-KL,kl_adaptive,,3.0,"The Volstead Act was repealed on this date in 1933, returning control of alcohol to the states, and it was a happy day at the F.X. Matt Brewery. UTICA, N.Y. -- A total of 85 years ago"," today, only 19 states had passed legislation requiring breweries on beer, microbrewery and restaurant land to grant alcohol to residents. Today, only six states -- Illinois, Kentucky, New Jersey, Michigan and Tennessee -- have statutes requiring breweries to provide liquor licenses. Eleven others -- Oregon, Kentucky, New York, New Jersey, Oklahoma, Montana and South Carolina -- have statutes requiring breweries to provide liquor licenses.

""The Environmental Protection Agency should have mandated that all breweries, microbreweries, micro-",99,70,0.7070707070707071,10.502685242660437,4.197862382006365e-26,Watermarked,1.0,72,0.6805555555555556,0.8450704225352113,0.3194444444444444,,,,,,,,,0.4083880385990561,2.5043014526367187,0.250937114644562,0.3038944830562105,1.0,50265.0,,0.5
98,CA-KL + Weighted Detector,kl_adaptive,,3.0,"The Volstead Act was repealed on this date in 1933, returning control of alcohol to the states, and it was a happy day at the F.X. Matt Brewery. UTICA, N.Y. -- A total of 85 years ago"," today, only 19 states had passed legislation requiring breweries on beer, microbrewery and restaurant land to grant alcohol to residents. Today, only six states -- Illinois, Kentucky, New Jersey, Michigan and Tennessee -- have statutes requiring breweries to provide liquor licenses. Eleven others -- Oregon, Kentucky, New York, New Jersey, Oklahoma, Montana and South Carolina -- have statutes requiring breweries to provide liquor licenses.

""The Environmental Protection Agency should have mandated that all breweries, microbreweries, micro-",99,70,0.7070707070707071,10.502685242660437,4.197862382006365e-26,Watermarked,1.0,72,0.6805555555555556,0.8450704225352113,0.3194444444444444,,,,10.888453960628453,10.888453960628453,6.54212802830019e-28,True,1.0,0.4083880385990561,2.5043014526367187,0.250937105903517,0.3038945143177989,1.0,50265.0,,0.5
98,CA-KL + Candidate Greenlist,kl_adaptive,,3.0,"The Volstead Act was repealed on this date in 1933, returning control of alcohol to the states, and it was a happy day at the F.X. Matt Brewery. UTICA, N.Y. -- A total of 85 years ago"," today, the Volstead Act was passed in N.Y. by a fairly evenly split Senate. The Volstead Act, which originally was supposed to be unpledged, was created by a vote of the Senate overwhelmingly by a vote of the full Senate. The Volstead Act prompted a great wave of alcohol-related legislation. A majority vote was expected to overwhelmingly support the bill, with supporters and opponents arguing that the bill would extend the powers of the state legislature to enact legislation. The bill was",99,64,0.6464646464646465,9.110063995014853,4.116669580158606e-20,Watermarked,1.0,84,0.5714285714285714,0.8433734939759037,0.4285714285714286,,,,11.08831817098554,11.08831817098554,7.147501556896446e-29,True,1.0,0.42172646076710524,2.3695166015625,0.29370520358011604,0.33698856140486894,0.85,604.96,0.95,0.5
98,CA-KL + Candidate Greenlist + Weighted/WinMax,kl_adaptive,,3.0,"The Volstead Act was repealed on this date in 1933, returning control of alcohol to the states, and it was a happy day at the F.X. Matt Brewery. UTICA, N.Y. -- A total of 85 years ago"," today, the Volstead Act was passed in N.Y. by a fairly evenly split Senate. The Volstead Act, which originally was supposed to be unpledged, was created by a vote of the Senate overwhelmingly by a vote of the full Senate. The Volstead Act prompted a great wave of alcohol-related legislation. A majority of the Senate voted overwhelmingly to repeal it, with nearly half of the Senate voting in favor. However, only a small minority voted against, and the Senate majority",99,58,0.5858585858585859,7.717442747369271,5.934340569241363e-15,Watermarked,0.9999999999999941,82,0.573170731707317,0.8148148148148148,0.426829268292683,,,,9.864676264544382,9.864676264544382,2.9612594218772785e-23,True,1.0,0.3993477745008358,1.902440643310547,0.27964152469611486,0.33765561641193925,0.83,544.8,0.95,0.5
99,No Watermark,,,,"Ronny Deila blamed a rutted, ploughed Hampden pitch for his side's failure to inflict League Cup embarrassment upon Rangers. Denying they removed their feet from the pedal after the break Deila warned the SPFL the awful"," weather would only get worse.
""It was on the pitch and they were not going to let us play our game,"" said the man who was brought on as a substitute by David Mitrione. ""They were going to have a meltdown at the end of the game.
""We were in the bottom half and they were not going to let us play our game.
""We were in the top half, we weren't going to play our football well.
""I said this",99,30,0.30303030303030304,1.2185435916898848,0.11150873497330749,Human/Unwatermarked,0.0,81,0.5679012345679012,0.775,0.4320987654320988,,,,1.0348117144887228,1.860554418100769,0.1503784255240454,False,0.0,,,0.2771291673837342,0.3118224964104593,0.85,374.89,,
99,Fixed Delta 1.0,1.0,,,"Ronny Deila blamed a rutted, ploughed Hampden pitch for his side's failure to inflict League Cup embarrassment upon Rangers. Denying they removed their feet from the pedal after the break Deila warned the SPFL the awful"," sight of the lads' feet chasing up his players was 'a horrible sight'.
He got a message from the league: 'We're not going to let them do that. It's bigger than this. They are a real good team.' The 68-year-old admitted, though, that he was'shocked' by the reaction to the incident.
'I was surprised and disappointed. I'm not sure it was a good day for us, not just because of the lack",99,44,0.4444444444444444,4.467993169529578,3.947841320552369e-06,Watermarked,0.9999960521586795,75,0.7866666666666666,0.9864864864864865,0.21333333333333337,1.0,1.0,1.0,5.08869730317987,5.08869730317987,1.8026577527136367e-07,True,0.9999998197342247,,,0.3212994300460313,0.2740471591427922,0.89,678.45,,
99,Fixed Delta 2.0,2.0,,,"Ronny Deila blamed a rutted, ploughed Hampden pitch for his side's failure to inflict League Cup embarrassment upon Rangers. Denying they removed their feet from the pedal after the break Deila warned the SPFL the awful"," sight of the lads' feet chasing their rivals on the glider was not good enough for his side.

""I was told they were dirty, that they were dirty, that they were dirty, that they were dirty – it sounds like a joke but it happened so often, that you could see them falling apart and you could see they were very, very, very bad,"" he said.

""It would have been like having a cancerous, rotting tissue in your knee that",99,63,0.6363636363636364,8.87796045374059,3.4048719575050004e-19,Watermarked,1.0,79,0.6708860759493671,0.8205128205128205,0.3291139240506329,2.0,2.0,2.0,9.989763344967889,9.989763344967889,8.449234781918803e-24,True,1.0,,,0.31034310703865303,0.2750518574309535,0.91,603.66,,
99,Fixed Delta 3.0,3.0,,,"Ronny Deila blamed a rutted, ploughed Hampden pitch for his side's failure to inflict League Cup embarrassment upon Rangers. Denying they removed their feet from the pedal after the break Deila warned the SPFL the awful"," sight of the lopsided affair had put Rangers on the ropes and the game on. He got a call from the SPFL informing him Rangers had been unable to salvage an emphatic 4-3 victory at Hampden. He promptly ratted out a lengthy chat with Aberdeen chairman John Dickson before heading up to Old Firm Town for lunch with the Hibs manager. He immediately laid the blame squarely on his side, which have failed to deliver in this campaign and for not improving their defensive side this",99,74,0.7474747474747475,11.431099407757491,1.4619162413214889e-30,Watermarked,1.0,87,0.7816091954022989,1.0,0.2183908045977011,3.0,3.0,3.0,13.964927175172447,13.964927175172447,1.2758307030558658e-44,True,1.0,,,0.33783885132270924,0.25906854690518233,0.91,844.74,,
99,Current Adaptive Delta,adaptive,0.5,3.0,"Ronny Deila blamed a rutted, ploughed Hampden pitch for his side's failure to inflict League Cup embarrassment upon Rangers. Denying they removed their feet from the pedal after the break Deila warned the SPFL the awful"," sight of the lads' feet chasing their rivals on the glider was not good enough for his side.

""I was told they were dirty, that they were dirty, that they were dirty,"" he laughed. ""That is not the first time I've spoken about these, that was in the first game of the season. I'm going to make sure of it. I don't want to make it any worse for us.""

Deila, who won promotion to the top",99,59,0.5959595959595959,7.949546288643535,9.359791413521555e-16,Watermarked,0.9999999999999991,77,0.6623376623376623,0.881578947368421,0.33766233766233766,1.8726050579547882,1.6180340051651,2.383087396621704,9.346173895098852,9.346173895098852,4.5437859528586834e-21,True,1.0,,,0.28659687017958785,0.2657328153774142,0.9,453.29,,
99,CA-KL,kl_adaptive,,3.0,"Ronny Deila blamed a rutted, ploughed Hampden pitch for his side's failure to inflict League Cup embarrassment upon Rangers. Denying they removed their feet from the pedal after the break Deila warned the SPFL the awful"," sight of the lads' feet chasing their rivals on the glider was not good enough for his side.

""I was told they were dirty, that they were dirty, that they were dirty, that they were dirty – it sounds like a joke but it happened so often, that you could see them falling apart and you could see they were very, very, very bad,"" he said.

""It would have been like having a cancerous, rotting tissue in your knee that",99,63,0.6363636363636364,8.87796045374059,3.4048719575050004e-19,Watermarked,1.0,79,0.6708860759493671,0.8205128205128205,0.3291139240506329,,,,,,,,,0.45458599358685264,2.3672969055175783,0.3103431364054669,0.2513302539358847,1.0,50265.0,,0.5
99,CA-KL + Weighted Detector,kl_adaptive,,3.0,"Ronny Deila blamed a rutted, ploughed Hampden pitch for his side's failure to inflict League Cup embarrassment upon Rangers. Denying they removed their feet from the pedal after the break Deila warned the SPFL the awful"," sight of the lads' feet chasing their rivals on the glider was not good enough for his side.

""I was told they were dirty, that they were dirty, that they were dirty, that they were dirty – it sounds like a joke but it happened so often, that you could see them falling apart and you could see they were very, very, very bad,"" he said.

""It would have been like having a cancerous, rotting tissue in your knee that",99,63,0.6363636363636364,8.87796045374059,3.4048719575050004e-19,Watermarked,1.0,79,0.6708860759493671,0.8205128205128205,0.3291139240506329,,,,10.192230263521836,10.192230263521836,1.0738970650162825e-24,True,1.0,0.45458599358685264,2.3672969055175783,0.31034310703865303,0.25133023495960516,1.0,50265.0,,0.5
99,CA-KL + Candidate Greenlist,kl_adaptive,,3.0,"Ronny Deila blamed a rutted, ploughed Hampden pitch for his side's failure to inflict League Cup embarrassment upon Rangers. Denying they removed their feet from the pedal after the break Deila warned the SPFL the awful"," sight of the lurching pitch and the dreary, wet pitch would not be acceptable. He said: ""At the beginning of the campaign we thought there were more opportunities in the Premiership to make it to the final on Saturday. But the first game at Hampden was not, we thought, that’s when our legs broke in the first half. We were a bit off and it’s always the first game like this. I don’t believe we’",99,60,0.6060606060606061,8.181649829917799,1.3999184135288104e-16,Watermarked,0.9999999999999999,78,0.6794871794871795,0.922077922077922,0.3205128205128205,,,,10.649783542551639,10.649783542551639,8.738548446990366e-27,True,1.0,0.4310656399368405,2.3521142578125,0.2975992024933293,0.2995686447620392,0.88,608.78,0.95,0.5
99,CA-KL + Candidate Greenlist + Weighted/WinMax,kl_adaptive,,3.0,"Ronny Deila blamed a rutted, ploughed Hampden pitch for his side's failure to inflict League Cup embarrassment upon Rangers. Denying they removed their feet from the pedal after the break Deila warned the SPFL the awful"," sight of the lurching pitch and the dreary, wet pitch would not be acceptable. He said: ""At the beginning of the campaign we thought there were more opportunities in the Premiership to make it to the final on Saturday. But the first game at Hampden was not, we thought, that’s when our legs broke in the first half. We were a bit off and it’s always the first game like this. I don’t believe we’",99,60,0.6060606060606061,8.181649829917799,1.3999184135288104e-16,Watermarked,0.9999999999999999,78,0.6794871794871795,0.922077922077922,0.3205128205128205,,,,10.649783542551639,10.649783542551639,8.738548446990366e-27,True,1.0,0.42697196037781493,1.9921142578125,0.2975992024933293,0.2995686447620392,0.88,608.78,0.95,0.5
100,No Watermark,,,,"Back in 1982, the Endangered Species Act took the ocelot under its protection. The ocelot is a vulnerable creature, susceptible to habitat changes like roads, agriculture, housing developments and trapping. There may be fewer than 100 left in southern"," California.

The term ocelot was coined by Los Angeles City Councilman Debra Katz (D-Los Angeles) and was first coined by her son and physician, Dr. Steve Katz. It is currently used on the Los Angeles County Board of Supervisors.

“The ocelot is a vulnerable species,” Katz said. “We don’t know if it’s an endangered species or a threat to the landscape. We don’",99,27,0.2727272727272727,0.5222329678670935,0.30075406722029496,Human/Unwatermarked,0.0,66,0.696969696969697,0.9384615384615385,0.303030303030303,,,,0.6058087694951216,1.5320215087195144,0.27232087286294865,False,0.0,,,0.2453044071889874,0.39244575892575084,0.73,614.89,,
100,Fixed Delta 1.0,1.0,,,"Back in 1982, the Endangered Species Act took the ocelot under its protection. The ocelot is a vulnerable creature, susceptible to habitat changes like roads, agriculture, housing developments and trapping. There may be fewer than 100 left in southern"," America but it’s a serious threat to the ocelot population.

The University of California at Berkeley has created a research team to help determine if the ocelot collected in this country is threatened by its habitat change. The researchers need the help to understand what prompted the ocelot to’re aggressive behavior.

Researchers at the Berkeley Center for Biological Diversity have created a new research team to study the impact of habitat change and ocelot habitat. The team will",99,42,0.42424242424242425,4.003786086981051,3.1168367625803447e-05,Watermarked,0.9999688316323742,80,0.6375,0.9240506329113924,0.36250000000000004,1.0,1.0,1.0,3.4702349645541863,3.538276542282632,0.00026000162701721234,False,0.0,,,0.2721896886094586,0.36638745479285717,0.83,518.68,,
100,Fixed Delta 2.0,2.0,,,"Back in 1982, the Endangered Species Act took the ocelot under its protection. The ocelot is a vulnerable creature, susceptible to habitat changes like roads, agriculture, housing developments and trapping. There may be fewer than 100 left in southern"," America but it’s possible that more will roll in, he says.

“If they’re left, that could mean more of these birds,” he says.

This is an interesting perspective. The population has dropped by more than 80 percent, or about 15,000 species. The recent decline is likely to persist, say Anderson and others. He predicts that the species will decline further over the next decade, leaving little for the next decade, where they",99,60,0.6060606060606061,8.181649829917799,1.3999184135288104e-16,Watermarked,0.9999999999999999,75,0.76,0.9594594594594594,0.24,2.0,2.0,2.0,8.624370911601819,8.624370911601819,3.2222964193241774e-18,True,1.0,,,0.2968466365628791,0.29947559541091323,0.86,512.07,,
100,Fixed Delta 3.0,3.0,,,"Back in 1982, the Endangered Species Act took the ocelot under its protection. The ocelot is a vulnerable creature, susceptible to habitat changes like roads, agriculture, housing developments and trapping. There may be fewer than 100 left in southern"," America but it’s possible that more will roll in over time. The owls, which have been extinct for more than a hundred years, are a source of concern because they’re very large and often are confined by a lack of proper food, shelter and a lack of support. A researcher’s recommendation to keep the species alive may not be enough as a species. Because ocelot species live in an arid environment, their habitats are not available. The owls",99,76,0.7676767676767676,11.89530649030602,6.259628712805054e-33,Watermarked,1.0,81,0.7407407407407407,0.9625,0.2592592592592593,3.0,3.0,3.0,12.68091450424631,12.68091450424631,3.772321737037012e-37,True,1.0,,,0.3022765983499447,0.3724754983000457,0.79,689.54,,
100,Current Adaptive Delta,adaptive,0.5,3.0,"Back in 1982, the Endangered Species Act took the ocelot under its protection. The ocelot is a vulnerable creature, susceptible to habitat changes like roads, agriculture, housing developments and trapping. There may be fewer than 100 left in southern"," America but it’s possible that more will roll in, he says.

“If they’re left, that’s it. If they’re right, that’s it. If they’re wrong, that’s it. The next step’s when you’re going to make sure that they’re right in order to protect the ecosystem.”

In this situation, we don’t",99,54,0.5454545454545454,6.789028582272215,5.6445538431059e-12,Watermarked,0.9999999999943554,60,0.5833333333333334,0.8135593220338984,0.41666666666666663,1.794561197757721,1.6180340051651,2.358180046081543,7.185312519236982,7.185312519236982,3.3526814607602677e-13,True,0.9999999999996647,,,0.20559665857367063,0.4678402085322887,0.63,284.87,,
100,CA-KL,kl_adaptive,,3.0,"Back in 1982, the Endangered Species Act took the ocelot under its protection. The ocelot is a vulnerable creature, susceptible to habitat changes like roads, agriculture, housing developments and trapping. There may be fewer than 100 left in southern"," America but it’s possible that more will roll in, he says.

“If they’re left, that could mean more of these birds,” he says with a laugh. “There have to be bigger numbers of these birds.”

So far this fall, there’s been no clear indication that the ocelot population will stay in its current home in Africa. However, people are concerned because ocelot species are not found",99,52,0.5252525252525253,6.324821499723688,1.2676273926722297e-10,Watermarked,0.9999999998732373,69,0.782608695652174,0.9558823529411765,0.21739130434782605,,,,,,,,,0.39847964378671,2.451010894775391,0.25105564773538414,0.22507331662072716,1.0,50265.0,,0.5
100,CA-KL + Weighted Detector,kl_adaptive,,3.0,"Back in 1982, the Endangered Species Act took the ocelot under its protection. The ocelot is a vulnerable creature, susceptible to habitat changes like roads, agriculture, housing developments and trapping. There may be fewer than 100 left in southern"," America but it’s possible that more will roll in, he says.

“If they’re left, that could mean more of these birds,” he says with a laugh. “There have to be bigger numbers of these birds.”

So far this fall, there’s been no clear indication that the ocelot population will stay in its current home in Africa. However, people are concerned because ocelot species are not found",99,52,0.5252525252525253,6.324821499723688,1.2676273926722297e-10,Watermarked,0.9999999998732373,69,0.782608695652174,0.9558823529411765,0.21739130434782605,,,,8.261436139273064,8.261436139273064,7.196507364066207e-17,True,0.9999999999999999,0.39847964378671,2.451010894775391,0.25105565082144726,0.2250733054491343,1.0,50265.0,,0.5
100,CA-KL + Candidate Greenlist,kl_adaptive,,3.0,"Back in 1982, the Endangered Species Act took the ocelot under its protection. The ocelot is a vulnerable creature, susceptible to habitat changes like roads, agriculture, housing developments and trapping. There may be fewer than 100 left in southern"," America but it’s a serious problem for people hunting, trapping, trapping and transporting them. The problem is also why the Senate Conservation Act passed in 2012 was not passed prior to the real legislative session in 2015 because it didn’t allow for the scientific analysis needed to convict, or even act on” conservation” of the species. The problem has been exacerbated since then because it’s taken more than a decade for people and businesses to come to grips with the dramatic lack",99,69,0.696969696969697,10.270581701386172,4.781315307935896e-25,Watermarked,1.0,85,0.7058823529411765,0.9523809523809523,0.2941176470588235,,,,12.602388582406219,12.602388582406219,1.0242280370121452e-36,True,1.0,0.4252391760086525,2.3241343688964844,0.30149972018363336,0.3159919912926853,0.85,609.6,0.95,0.5
100,CA-KL + Candidate Greenlist + Weighted/WinMax,kl_adaptive,,3.0,"Back in 1982, the Endangered Species Act took the ocelot under its protection. The ocelot is a vulnerable creature, susceptible to habitat changes like roads, agriculture, housing developments and trapping. There may be fewer than 100 left in southern"," America but it’s a serious problem for people hunting, trapping and monitoring wildlife. The American Endangered Species Act defines the species as a ""threatened species."" This means that the species must be protected or endangered by other countries. But the largest problem facing hunters today is overpopulation, because too many otters need to mate with humans to provide for their families. The endangered ocelot in its current state is threatened by a lack of resources and the lack of protection. The otters",99,64,0.6464646464646465,9.110063995014853,4.116669580158606e-20,Watermarked,1.0,83,0.7108433734939759,0.975609756097561,0.28915662650602414,,,,12.205213200441088,12.205213200441088,1.4577192136055788e-34,True,1.0,0.41574001458143306,1.861720733642578,0.3009433067164263,0.2897209684550762,0.84,609.22,0.95,0.5
