fold,prompt_id,method,label,score_field,score,threshold_at_1pct,predicted_at_1pct,threshold_at_5pct,predicted_at_5pct
2,1,No Watermark,0,z_score,1.7785945835997752,4.0422604172722165,False,1.940285000290664,False
3,2,No Watermark,0,z_score,0.0,4.0422604172722165,False,1.940285000290664,False
5,3,No Watermark,0,z_score,0.485071250072666,4.0422604172722165,False,1.940285000290664,False
1,4,No Watermark,0,z_score,-0.485071250072666,4.365641250653994,False,1.940285000290664,False
4,5,No Watermark,0,z_score,-0.970142500145332,2.748737083745107,False,1.940285000290664,False
4,6,No Watermark,0,z_score,-0.3233808333817773,2.748737083745107,False,1.940285000290664,False
3,7,No Watermark,0,z_score,0.0,4.0422604172722165,False,1.940285000290664,False
5,8,No Watermark,0,z_score,-0.485071250072666,4.0422604172722165,False,1.940285000290664,False
1,9,No Watermark,0,z_score,0.6467616667635546,4.365641250653994,False,1.940285000290664,False
3,10,No Watermark,0,z_score,-0.485071250072666,4.0422604172722165,False,1.940285000290664,False
2,11,No Watermark,0,z_score,-1.2935233335271092,4.0422604172722165,False,1.940285000290664,False
4,12,No Watermark,0,z_score,0.16169041669088866,2.748737083745107,False,1.940285000290664,False
4,13,No Watermark,0,z_score,-1.6169041669088866,2.748737083745107,False,1.940285000290664,False
2,14,No Watermark,0,z_score,-1.1318329168362207,4.0422604172722165,False,1.940285000290664,False
4,15,No Watermark,0,z_score,-1.2935233335271092,2.748737083745107,False,1.940285000290664,False
5,16,No Watermark,0,z_score,-0.485071250072666,4.0422604172722165,False,1.940285000290664,False
1,17,No Watermark,0,z_score,-0.485071250072666,4.365641250653994,False,1.940285000290664,False
3,18,No Watermark,0,z_score,0.5320545808955378,4.0422604172722165,False,1.940285000290664,False
3,19,No Watermark,0,z_score,-0.6467616667635546,4.0422604172722165,False,1.940285000290664,False
5,20,No Watermark,0,z_score,-0.3233808333817773,4.0422604172722165,False,1.940285000290664,False
4,21,No Watermark,0,z_score,-0.6467616667635546,2.748737083745107,False,1.940285000290664,False
1,22,No Watermark,0,z_score,-0.8084520834544433,4.365641250653994,False,1.940285000290664,False
1,23,No Watermark,0,z_score,0.8084520834544433,4.365641250653994,False,1.940285000290664,False
5,24,No Watermark,0,z_score,0.0,4.0422604172722165,False,1.940285000290664,False
3,25,No Watermark,0,z_score,1.1318329168362207,4.0422604172722165,False,1.940285000290664,False
4,26,No Watermark,0,z_score,-2.748737083745107,2.748737083745107,False,1.940285000290664,False
3,27,No Watermark,0,z_score,2.748737083745107,4.0422604172722165,False,1.940285000290664,True
5,28,No Watermark,0,z_score,1.2935233335271092,4.0422604172722165,False,1.940285000290664,False
4,29,No Watermark,0,z_score,-0.8084520834544433,2.748737083745107,False,1.940285000290664,False
5,30,No Watermark,0,z_score,0.8084520834544433,4.0422604172722165,False,1.940285000290664,False
2,31,No Watermark,0,z_score,2.42535625036333,4.0422604172722165,False,1.940285000290664,True
1,32,No Watermark,0,z_score,-3.5571891671995504,4.365641250653994,False,1.940285000290664,False
4,33,No Watermark,0,z_score,-1.7785945835997752,2.748737083745107,False,1.940285000290664,False
1,34,No Watermark,0,z_score,-1.455213750217998,4.365641250653994,False,1.940285000290664,False
1,35,No Watermark,0,z_score,0.16169041669088866,4.365641250653994,False,1.940285000290664,False
3,36,No Watermark,0,z_score,0.3233808333817773,4.0422604172722165,False,1.940285000290664,False
4,37,No Watermark,0,z_score,0.3233808333817773,2.748737083745107,False,1.940285000290664,False
4,38,No Watermark,0,z_score,-0.6467616667635546,2.748737083745107,False,1.940285000290664,False
4,39,No Watermark,0,z_score,-0.9413273354305668,2.748737083745107,False,1.940285000290664,False
3,40,No Watermark,0,z_score,-0.970142500145332,4.0422604172722165,False,1.940285000290664,False
3,41,No Watermark,0,z_score,-0.485071250072666,4.0422604172722165,False,1.940285000290664,False
1,42,No Watermark,0,z_score,0.0,4.365641250653994,False,1.940285000290664,False
3,43,No Watermark,0,z_score,-1.455213750217998,4.0422604172722165,False,1.940285000290664,False
4,44,No Watermark,0,z_score,1.1318329168362207,2.748737083745107,False,1.940285000290664,False
3,45,No Watermark,0,z_score,1.455213750217998,4.0422604172722165,False,1.940285000290664,False
4,46,No Watermark,0,z_score,-0.16169041669088866,2.748737083745107,False,1.940285000290664,False
1,47,No Watermark,0,z_score,1.6169041669088866,4.365641250653994,False,1.940285000290664,False
2,48,No Watermark,0,z_score,0.485071250072666,4.0422604172722165,False,1.940285000290664,False
3,49,No Watermark,0,z_score,-1.940285000290664,4.0422604172722165,False,1.940285000290664,False
4,50,No Watermark,0,z_score,-3.233808333817773,2.748737083745107,False,1.940285000290664,False
2,51,No Watermark,0,z_score,-0.485071250072666,4.0422604172722165,False,1.940285000290664,False
3,52,No Watermark,0,z_score,-0.6467616667635546,4.0422604172722165,False,1.940285000290664,False
3,53,No Watermark,0,z_score,0.0,4.0422604172722165,False,1.940285000290664,False
3,54,No Watermark,0,z_score,-1.6169041669088866,4.0422604172722165,False,1.940285000290664,False
1,55,No Watermark,0,z_score,0.970142500145332,4.365641250653994,False,1.940285000290664,False
5,56,No Watermark,0,z_score,-0.16169041669088866,4.0422604172722165,False,1.940285000290664,False
4,57,No Watermark,0,z_score,0.485071250072666,2.748737083745107,False,1.940285000290664,False
1,58,No Watermark,0,z_score,-0.6467616667635546,4.365641250653994,False,1.940285000290664,False
5,59,No Watermark,0,z_score,0.0,4.0422604172722165,False,1.940285000290664,False
1,60,No Watermark,0,z_score,2.5870466670542185,4.365641250653994,False,1.940285000290664,True
4,61,No Watermark,0,z_score,4.365641250653994,2.748737083745107,True,1.940285000290664,True
4,62,No Watermark,0,z_score,-1.7785945835997752,2.748737083745107,False,1.940285000290664,False
3,63,No Watermark,0,z_score,-0.6467616667635546,4.0422604172722165,False,1.940285000290664,False
5,64,No Watermark,0,z_score,-0.485071250072666,4.0422604172722165,False,1.940285000290664,False
2,65,No Watermark,0,z_score,1.455213750217998,4.0422604172722165,False,1.940285000290664,False
1,66,No Watermark,0,z_score,-0.3233808333817773,4.365641250653994,False,1.940285000290664,False
5,67,No Watermark,0,z_score,1.1318329168362207,4.0422604172722165,False,1.940285000290664,False
4,68,No Watermark,0,z_score,-1.2935233335271092,2.748737083745107,False,1.940285000290664,False
2,69,No Watermark,0,z_score,0.970142500145332,4.0422604172722165,False,1.940285000290664,False
1,70,No Watermark,0,z_score,-1.455213750217998,4.365641250653994,False,1.940285000290664,False
5,71,No Watermark,0,z_score,-0.970142500145332,4.0422604172722165,False,1.940285000290664,False
5,72,No Watermark,0,z_score,1.455213750217998,4.0422604172722165,False,1.940285000290664,False
3,73,No Watermark,0,z_score,-1.455213750217998,4.0422604172722165,False,1.940285000290664,False
3,74,No Watermark,0,z_score,-1.6169041669088866,4.0422604172722165,False,1.940285000290664,False
2,75,No Watermark,0,z_score,-0.6467616667635546,4.0422604172722165,False,1.940285000290664,False
5,76,No Watermark,0,z_score,-0.8084520834544433,4.0422604172722165,False,1.940285000290664,False
2,77,No Watermark,0,z_score,1.2935233335271092,4.0422604172722165,False,1.940285000290664,False
1,78,No Watermark,0,z_score,-2.5870466670542185,4.365641250653994,False,1.940285000290664,False
2,79,No Watermark,0,z_score,-1.2935233335271092,4.0422604172722165,False,1.940285000290664,False
3,80,No Watermark,0,z_score,-3.880570000581328,4.0422604172722165,False,1.940285000290664,False
2,81,No Watermark,0,z_score,-0.6467616667635546,4.0422604172722165,False,1.940285000290664,False
1,82,No Watermark,0,z_score,-1.455213750217998,4.365641250653994,False,1.940285000290664,False
5,83,No Watermark,0,z_score,0.6467616667635546,4.0422604172722165,False,1.940285000290664,False
2,84,No Watermark,0,z_score,0.16169041669088866,4.0422604172722165,False,1.940285000290664,False
4,85,No Watermark,0,z_score,0.16169041669088866,2.748737083745107,False,1.940285000290664,False
1,86,No Watermark,0,z_score,-0.8084520834544433,4.365641250653994,False,1.940285000290664,False
4,87,No Watermark,0,z_score,-0.12156613477096616,2.748737083745107,False,1.940285000290664,False
1,88,No Watermark,0,z_score,1.455213750217998,4.365641250653994,False,1.940285000290664,False
4,89,No Watermark,0,z_score,1.6169041669088866,2.748737083745107,False,1.940285000290664,False
5,90,No Watermark,0,z_score,-0.3233808333817773,4.0422604172722165,False,1.940285000290664,False
2,91,No Watermark,0,z_score,-0.8084520834544433,4.0422604172722165,False,1.940285000290664,False
2,92,No Watermark,0,z_score,0.8084520834544433,4.0422604172722165,False,1.940285000290664,False
5,93,No Watermark,0,z_score,0.3233808333817773,4.0422604172722165,False,1.940285000290664,False
4,94,No Watermark,0,z_score,-1.4324546408726015,2.748737083745107,False,1.940285000290664,False
4,95,No Watermark,0,z_score,-0.16169041669088866,2.748737083745107,False,1.940285000290664,False
1,96,No Watermark,0,z_score,0.3233808333817773,4.365641250653994,False,1.940285000290664,False
4,97,No Watermark,0,z_score,-0.970142500145332,2.748737083745107,False,1.940285000290664,False
2,98,No Watermark,0,z_score,-0.485071250072666,4.0422604172722165,False,1.940285000290664,False
3,99,No Watermark,0,z_score,0.970142500145332,4.0422604172722165,False,1.940285000290664,False
4,100,No Watermark,0,z_score,-0.8084520834544433,2.748737083745107,False,1.940285000290664,False
5,101,No Watermark,0,z_score,-1.7785945835997752,4.0422604172722165,False,1.940285000290664,False
5,102,No Watermark,0,z_score,0.6467616667635546,4.0422604172722165,False,1.940285000290664,False
3,103,No Watermark,0,z_score,1.6169041669088866,4.0422604172722165,False,1.940285000290664,False
2,104,No Watermark,0,z_score,0.6467616667635546,4.0422604172722165,False,1.940285000290664,False
4,105,No Watermark,0,z_score,-0.485071250072666,2.748737083745107,False,1.940285000290664,False
5,106,No Watermark,0,z_score,-0.485071250072666,4.0422604172722165,False,1.940285000290664,False
2,107,No Watermark,0,z_score,0.6467616667635546,4.0422604172722165,False,1.940285000290664,False
3,108,No Watermark,0,z_score,1.940285000290664,4.0422604172722165,False,1.940285000290664,True
3,109,No Watermark,0,z_score,-0.7776182336165551,4.0422604172722165,False,1.940285000290664,False
2,110,No Watermark,0,z_score,0.485071250072666,4.0422604172722165,False,1.940285000290664,False
3,111,No Watermark,0,z_score,0.6467616667635546,4.0422604172722165,False,1.940285000290664,False
4,112,No Watermark,0,z_score,2.748737083745107,2.748737083745107,True,1.940285000290664,True
3,113,No Watermark,0,z_score,0.0,4.0422604172722165,False,1.940285000290664,False
3,114,No Watermark,0,z_score,-0.3233808333817773,4.0422604172722165,False,1.940285000290664,False
3,115,No Watermark,0,z_score,1.455213750217998,4.0422604172722165,False,1.940285000290664,False
1,116,No Watermark,0,z_score,0.16169041669088866,4.365641250653994,False,1.940285000290664,False
3,117,No Watermark,0,z_score,-0.16169041669088866,4.0422604172722165,False,1.940285000290664,False
2,118,No Watermark,0,z_score,-1.2935233335271092,4.0422604172722165,False,1.940285000290664,False
1,119,No Watermark,0,z_score,-0.16169041669088866,4.365641250653994,False,1.940285000290664,False
3,120,No Watermark,0,z_score,-0.16169041669088866,4.0422604172722165,False,1.940285000290664,False
1,121,No Watermark,0,z_score,-2.2636658336724413,4.365641250653994,False,1.940285000290664,False
1,122,No Watermark,0,z_score,1.2935233335271092,4.365641250653994,False,1.940285000290664,False
1,123,No Watermark,0,z_score,-0.970142500145332,4.365641250653994,False,1.940285000290664,False
1,124,No Watermark,0,z_score,-1.7785945835997752,4.365641250653994,False,1.940285000290664,False
3,125,No Watermark,0,z_score,-0.6467616667635546,4.0422604172722165,False,1.940285000290664,False
4,126,No Watermark,0,z_score,0.485071250072666,2.748737083745107,False,1.940285000290664,False
1,127,No Watermark,0,z_score,-0.16169041669088866,4.365641250653994,False,1.940285000290664,False
5,128,No Watermark,0,z_score,-0.3233808333817773,4.0422604172722165,False,1.940285000290664,False
4,129,No Watermark,0,z_score,0.6467616667635546,2.748737083745107,False,1.940285000290664,False
5,130,No Watermark,0,z_score,-0.485071250072666,4.0422604172722165,False,1.940285000290664,False
5,131,No Watermark,0,z_score,0.3233808333817773,4.0422604172722165,False,1.940285000290664,False
1,132,No Watermark,0,z_score,-0.970142500145332,4.365641250653994,False,1.940285000290664,False
1,133,No Watermark,0,z_score,1.6169041669088866,4.365641250653994,False,1.940285000290664,False
5,134,No Watermark,0,z_score,0.970142500145332,4.0422604172722165,False,1.940285000290664,False
1,135,No Watermark,0,z_score,0.970142500145332,4.365641250653994,False,1.940285000290664,False
5,136,No Watermark,0,z_score,-0.16169041669088866,4.0422604172722165,False,1.940285000290664,False
5,137,No Watermark,0,z_score,-0.970142500145332,4.0422604172722165,False,1.940285000290664,False
4,138,No Watermark,0,z_score,0.0,2.748737083745107,False,1.940285000290664,False
3,139,No Watermark,0,z_score,0.485071250072666,4.0422604172722165,False,1.940285000290664,False
4,140,No Watermark,0,z_score,1.7785945835997752,2.748737083745107,False,1.940285000290664,False
4,141,No Watermark,0,z_score,-0.485071250072666,2.748737083745107,False,1.940285000290664,False
2,142,No Watermark,0,z_score,-1.6169041669088866,4.0422604172722165,False,1.940285000290664,False
2,143,No Watermark,0,z_score,-1.6169041669088866,4.0422604172722165,False,1.940285000290664,False
4,144,No Watermark,0,z_score,0.4948716593053935,2.748737083745107,False,1.940285000290664,False
3,145,No Watermark,0,z_score,-1.7785945835997752,4.0422604172722165,False,1.940285000290664,False
2,146,No Watermark,0,z_score,1.940285000290664,4.0422604172722165,False,1.940285000290664,True
2,147,No Watermark,0,z_score,0.485071250072666,4.0422604172722165,False,1.940285000290664,False
2,148,No Watermark,0,z_score,0.8084520834544433,4.0422604172722165,False,1.940285000290664,False
4,149,No Watermark,0,z_score,1.455213750217998,2.748737083745107,False,1.940285000290664,False
2,150,No Watermark,0,z_score,-2.2636658336724413,4.0422604172722165,False,1.940285000290664,False
1,151,No Watermark,0,z_score,-1.1318329168362207,4.365641250653994,False,1.940285000290664,False
1,152,No Watermark,0,z_score,-1.2935233335271092,4.365641250653994,False,1.940285000290664,False
3,153,No Watermark,0,z_score,0.8084520834544433,4.0422604172722165,False,1.940285000290664,False
4,154,No Watermark,0,z_score,-0.6467616667635546,2.748737083745107,False,1.940285000290664,False
1,155,No Watermark,0,z_score,1.455213750217998,4.365641250653994,False,1.940285000290664,False
3,156,No Watermark,0,z_score,0.16169041669088866,4.0422604172722165,False,1.940285000290664,False
1,157,No Watermark,0,z_score,-1.7785945835997752,4.365641250653994,False,1.940285000290664,False
5,158,No Watermark,0,z_score,-1.6169041669088866,4.0422604172722165,False,1.940285000290664,False
2,159,No Watermark,0,z_score,-0.6467616667635546,4.0422604172722165,False,1.940285000290664,False
3,160,No Watermark,0,z_score,0.0,4.0422604172722165,False,1.940285000290664,False
4,161,No Watermark,0,z_score,-2.42535625036333,2.748737083745107,False,1.940285000290664,False
3,162,No Watermark,0,z_score,-0.970142500145332,4.0422604172722165,False,1.940285000290664,False
1,163,No Watermark,0,z_score,-0.6467616667635546,4.365641250653994,False,1.940285000290664,False
2,164,No Watermark,0,z_score,-1.2935233335271092,4.0422604172722165,False,1.940285000290664,False
2,165,No Watermark,0,z_score,2.1019754169815528,4.0422604172722165,False,1.940285000290664,True
2,166,No Watermark,0,z_score,-0.6467616667635546,4.0422604172722165,False,1.940285000290664,False
4,167,No Watermark,0,z_score,1.7785945835997752,2.748737083745107,False,1.940285000290664,False
5,168,No Watermark,0,z_score,-0.8084520834544433,4.0422604172722165,False,1.940285000290664,False
1,169,No Watermark,0,z_score,1.2935233335271092,4.365641250653994,False,1.940285000290664,False
1,170,No Watermark,0,z_score,-0.16169041669088866,4.365641250653994,False,1.940285000290664,False
3,171,No Watermark,0,z_score,0.0,4.0422604172722165,False,1.940285000290664,False
4,172,No Watermark,0,z_score,-0.8084520834544433,2.748737083745107,False,1.940285000290664,False
5,173,No Watermark,0,z_score,0.3233808333817773,4.0422604172722165,False,1.940285000290664,False
2,174,No Watermark,0,z_score,-0.3233808333817773,4.0422604172722165,False,1.940285000290664,False
3,175,No Watermark,0,z_score,0.16169041669088866,4.0422604172722165,False,1.940285000290664,False
2,176,No Watermark,0,z_score,0.3233808333817773,4.0422604172722165,False,1.940285000290664,False
3,177,No Watermark,0,z_score,-0.6467616667635546,4.0422604172722165,False,1.940285000290664,False
5,178,No Watermark,0,z_score,0.3233808333817773,4.0422604172722165,False,1.940285000290664,False
1,179,No Watermark,0,z_score,0.8084520834544433,4.365641250653994,False,1.940285000290664,False
3,180,No Watermark,0,z_score,0.16169041669088866,4.0422604172722165,False,1.940285000290664,False
1,181,No Watermark,0,z_score,0.8084520834544433,4.365641250653994,False,1.940285000290664,False
3,182,No Watermark,0,z_score,0.0,4.0422604172722165,False,1.940285000290664,False
3,183,No Watermark,0,z_score,4.85071250072666,4.0422604172722165,True,1.940285000290664,True
4,184,No Watermark,0,z_score,0.16169041669088866,2.748737083745107,False,1.940285000290664,False
2,185,No Watermark,0,z_score,-0.6467616667635546,4.0422604172722165,False,1.940285000290664,False
2,186,No Watermark,0,z_score,1.2935233335271092,4.0422604172722165,False,1.940285000290664,False
3,187,No Watermark,0,z_score,-2.748737083745107,4.0422604172722165,False,1.940285000290664,False
1,188,No Watermark,0,z_score,-1.2935233335271092,4.365641250653994,False,1.940285000290664,False
1,189,No Watermark,0,z_score,2.2636658336724413,4.365641250653994,False,1.940285000290664,True
1,190,No Watermark,0,z_score,-1.7785945835997752,4.365641250653994,False,1.940285000290664,False
1,191,No Watermark,0,z_score,-1.7785945835997752,4.365641250653994,False,1.940285000290664,False
4,192,No Watermark,0,z_score,-0.8084520834544433,2.748737083745107,False,1.940285000290664,False
1,193,No Watermark,0,z_score,-0.485071250072666,4.365641250653994,False,1.940285000290664,False
1,194,No Watermark,0,z_score,-1.1318329168362207,4.365641250653994,False,1.940285000290664,False
3,195,No Watermark,0,z_score,-1.940285000290664,4.0422604172722165,False,1.940285000290664,False
2,196,No Watermark,0,z_score,0.0,4.0422604172722165,False,1.940285000290664,False
4,197,No Watermark,0,z_score,-1.940285000290664,2.748737083745107,False,1.940285000290664,False
4,198,No Watermark,0,z_score,-0.3233808333817773,2.748737083745107,False,1.940285000290664,False
4,199,No Watermark,0,z_score,-1.455213750217998,2.748737083745107,False,1.940285000290664,False
5,200,No Watermark,0,z_score,2.1019754169815528,4.0422604172722165,False,1.940285000290664,True
4,201,No Watermark,0,z_score,-0.970142500145332,2.748737083745107,False,1.940285000290664,False
2,202,No Watermark,0,z_score,-0.8084520834544433,4.0422604172722165,False,1.940285000290664,False
4,203,No Watermark,0,z_score,0.485071250072666,2.748737083745107,False,1.940285000290664,False
5,204,No Watermark,0,z_score,-1.7785945835997752,4.0422604172722165,False,1.940285000290664,False
3,205,No Watermark,0,z_score,0.0,4.0422604172722165,False,1.940285000290664,False
3,206,No Watermark,0,z_score,0.16169041669088866,4.0422604172722165,False,1.940285000290664,False
3,207,No Watermark,0,z_score,1.6169041669088866,4.0422604172722165,False,1.940285000290664,False
1,208,No Watermark,0,z_score,0.8084520834544433,4.365641250653994,False,1.940285000290664,False
3,209,No Watermark,0,z_score,-0.8084520834544433,4.0422604172722165,False,1.940285000290664,False
1,210,No Watermark,0,z_score,-0.6467616667635546,4.365641250653994,False,1.940285000290664,False
4,211,No Watermark,0,z_score,0.8084520834544433,2.748737083745107,False,1.940285000290664,False
1,212,No Watermark,0,z_score,-1.6169041669088866,4.365641250653994,False,1.940285000290664,False
5,213,No Watermark,0,z_score,-1.1318329168362207,4.0422604172722165,False,1.940285000290664,False
1,214,No Watermark,0,z_score,0.16169041669088866,4.365641250653994,False,1.940285000290664,False
2,215,No Watermark,0,z_score,-0.485071250072666,4.0422604172722165,False,1.940285000290664,False
3,216,No Watermark,0,z_score,0.3233808333817773,4.0422604172722165,False,1.940285000290664,False
2,217,No Watermark,0,z_score,-0.485071250072666,4.0422604172722165,False,1.940285000290664,False
3,218,No Watermark,0,z_score,-0.6467616667635546,4.0422604172722165,False,1.940285000290664,False
3,219,No Watermark,0,z_score,-0.3233808333817773,4.0422604172722165,False,1.940285000290664,False
4,220,No Watermark,0,z_score,-0.6467616667635546,2.748737083745107,False,1.940285000290664,False
4,221,No Watermark,0,z_score,4.0422604172722165,2.748737083745107,True,1.940285000290664,True
1,222,No Watermark,0,z_score,-0.3233808333817773,4.365641250653994,False,1.940285000290664,False
3,223,No Watermark,0,z_score,0.329914439536929,4.0422604172722165,False,1.940285000290664,False
2,224,No Watermark,0,z_score,-1.7785945835997752,4.0422604172722165,False,1.940285000290664,False
4,225,No Watermark,0,z_score,0.16169041669088866,2.748737083745107,False,1.940285000290664,False
1,226,No Watermark,0,z_score,0.3233808333817773,4.365641250653994,False,1.940285000290664,False
2,227,No Watermark,0,z_score,-0.16169041669088866,4.0422604172722165,False,1.940285000290664,False
1,228,No Watermark,0,z_score,-3.0721179171268846,4.365641250653994,False,1.940285000290664,False
5,229,No Watermark,0,z_score,0.16169041669088866,4.0422604172722165,False,1.940285000290664,False
2,230,No Watermark,0,z_score,-2.1019754169815528,4.0422604172722165,False,1.940285000290664,False
5,231,No Watermark,0,z_score,0.6467616667635546,4.0422604172722165,False,1.940285000290664,False
5,232,No Watermark,0,z_score,1.2935233335271092,4.0422604172722165,False,1.940285000290664,False
2,233,No Watermark,0,z_score,2.5870466670542185,4.0422604172722165,False,1.940285000290664,True
1,234,No Watermark,0,z_score,1.7785945835997752,4.365641250653994,False,1.940285000290664,False
5,235,No Watermark,0,z_score,0.970142500145332,4.0422604172722165,False,1.940285000290664,False
3,236,No Watermark,0,z_score,1.1318329168362207,4.0422604172722165,False,1.940285000290664,False
5,237,No Watermark,0,z_score,0.16169041669088866,4.0422604172722165,False,1.940285000290664,False
3,238,No Watermark,0,z_score,-0.970142500145332,4.0422604172722165,False,1.940285000290664,False
4,239,No Watermark,0,z_score,-2.5870466670542185,2.748737083745107,False,1.940285000290664,False
4,240,No Watermark,0,z_score,0.3233808333817773,2.748737083745107,False,1.940285000290664,False
1,241,No Watermark,0,z_score,1.7785945835997752,4.365641250653994,False,1.940285000290664,False
2,242,No Watermark,0,z_score,0.1649572197684645,4.0422604172722165,False,1.940285000290664,False
4,243,No Watermark,0,z_score,-1.455213750217998,2.748737083745107,False,1.940285000290664,False
5,244,No Watermark,0,z_score,-2.1019754169815528,4.0422604172722165,False,1.940285000290664,False
2,245,No Watermark,0,z_score,-0.8084520834544433,4.0422604172722165,False,1.940285000290664,False
2,246,No Watermark,0,z_score,-0.16169041669088866,4.0422604172722165,False,1.940285000290664,False
3,247,No Watermark,0,z_score,1.7785945835997752,4.0422604172722165,False,1.940285000290664,False
4,248,No Watermark,0,z_score,-1.7785945835997752,2.748737083745107,False,1.940285000290664,False
4,249,No Watermark,0,z_score,0.4948716593053935,2.748737083745107,False,1.940285000290664,False
1,250,No Watermark,0,z_score,1.2935233335271092,4.365641250653994,False,1.940285000290664,False
5,251,No Watermark,0,z_score,1.1318329168362207,4.0422604172722165,False,1.940285000290664,False
3,252,No Watermark,0,z_score,0.485071250072666,4.0422604172722165,False,1.940285000290664,False
3,253,No Watermark,0,z_score,-0.970142500145332,4.0422604172722165,False,1.940285000290664,False
5,254,No Watermark,0,z_score,-2.1019754169815528,4.0422604172722165,False,1.940285000290664,False
1,255,No Watermark,0,z_score,0.3233808333817773,4.365641250653994,False,1.940285000290664,False
2,256,No Watermark,0,z_score,-0.485071250072666,4.0422604172722165,False,1.940285000290664,False
3,257,No Watermark,0,z_score,-0.16169041669088866,4.0422604172722165,False,1.940285000290664,False
5,258,No Watermark,0,z_score,-0.6467616667635546,4.0422604172722165,False,1.940285000290664,False
1,259,No Watermark,0,z_score,0.3233808333817773,4.365641250653994,False,1.940285000290664,False
5,260,No Watermark,0,z_score,-1.1318329168362207,4.0422604172722165,False,1.940285000290664,False
3,261,No Watermark,0,z_score,0.16169041669088866,4.0422604172722165,False,1.940285000290664,False
2,262,No Watermark,0,z_score,0.485071250072666,4.0422604172722165,False,1.940285000290664,False
2,263,No Watermark,0,z_score,-1.940285000290664,4.0422604172722165,False,1.940285000290664,False
2,264,No Watermark,0,z_score,0.970142500145332,4.0422604172722165,False,1.940285000290664,False
2,265,No Watermark,0,z_score,1.6169041669088866,4.0422604172722165,False,1.940285000290664,False
2,266,No Watermark,0,z_score,0.485071250072666,4.0422604172722165,False,1.940285000290664,False
5,267,No Watermark,0,z_score,-1.6169041669088866,4.0422604172722165,False,1.940285000290664,False
5,268,No Watermark,0,z_score,0.0,4.0422604172722165,False,1.940285000290664,False
4,269,No Watermark,0,z_score,-1.6169041669088866,2.748737083745107,False,1.940285000290664,False
1,270,No Watermark,0,z_score,1.2935233335271092,4.365641250653994,False,1.940285000290664,False
5,271,No Watermark,0,z_score,1.2935233335271092,4.0422604172722165,False,1.940285000290664,False
5,272,No Watermark,0,z_score,0.16169041669088866,4.0422604172722165,False,1.940285000290664,False
3,273,No Watermark,0,z_score,1.2935233335271092,4.0422604172722165,False,1.940285000290664,False
5,274,No Watermark,0,z_score,-0.970142500145332,4.0422604172722165,False,1.940285000290664,False
2,275,No Watermark,0,z_score,0.52678658400752,4.0422604172722165,False,1.940285000290664,False
5,276,No Watermark,0,z_score,1.940285000290664,4.0422604172722165,False,1.940285000290664,True
5,277,No Watermark,0,z_score,-1.1318329168362207,4.0422604172722165,False,1.940285000290664,False
5,278,No Watermark,0,z_score,-2.42535625036333,4.0422604172722165,False,1.940285000290664,False
1,279,No Watermark,0,z_score,-0.16169041669088866,4.365641250653994,False,1.940285000290664,False
1,280,No Watermark,0,z_score,-1.455213750217998,4.365641250653994,False,1.940285000290664,False
5,281,No Watermark,0,z_score,-0.970142500145332,4.0422604172722165,False,1.940285000290664,False
2,282,No Watermark,0,z_score,1.2935233335271092,4.0422604172722165,False,1.940285000290664,False
5,283,No Watermark,0,z_score,-0.3233808333817773,4.0422604172722165,False,1.940285000290664,False
4,284,No Watermark,0,z_score,0.0,2.748737083745107,False,1.940285000290664,False
5,285,No Watermark,0,z_score,0.16169041669088866,4.0422604172722165,False,1.940285000290664,False
2,286,No Watermark,0,z_score,2.5870466670542185,4.0422604172722165,False,1.940285000290664,True
1,287,No Watermark,0,z_score,0.485071250072666,4.365641250653994,False,1.940285000290664,False
3,288,No Watermark,0,z_score,0.3233808333817773,4.0422604172722165,False,1.940285000290664,False
1,289,No Watermark,0,z_score,-0.6467616667635546,4.365641250653994,False,1.940285000290664,False
4,290,No Watermark,0,z_score,-0.7699188535494523,2.748737083745107,False,1.940285000290664,False
2,291,No Watermark,0,z_score,-1.455213750217998,4.0422604172722165,False,1.940285000290664,False
2,292,No Watermark,0,z_score,-0.3233808333817773,4.0422604172722165,False,1.940285000290664,False
4,293,No Watermark,0,z_score,0.16169041669088866,2.748737083745107,False,1.940285000290664,False
3,294,No Watermark,0,z_score,0.485071250072666,4.0422604172722165,False,1.940285000290664,False
2,295,No Watermark,0,z_score,-0.970142500145332,4.0422604172722165,False,1.940285000290664,False
5,296,No Watermark,0,z_score,1.6169041669088866,4.0422604172722165,False,1.940285000290664,False
3,297,No Watermark,0,z_score,0.16169041669088866,4.0422604172722165,False,1.940285000290664,False
5,298,No Watermark,0,z_score,0.16169041669088866,4.0422604172722165,False,1.940285000290664,False
1,299,No Watermark,0,z_score,0.16169041669088866,4.365641250653994,False,1.940285000290664,False
1,300,No Watermark,0,z_score,-2.748737083745107,4.365641250653994,False,1.940285000290664,False
2,301,No Watermark,0,z_score,-1.2935233335271092,4.0422604172722165,False,1.940285000290664,False
4,302,No Watermark,0,z_score,0.20463637726751452,2.748737083745107,False,1.940285000290664,False
4,303,No Watermark,0,z_score,-1.2935233335271092,2.748737083745107,False,1.940285000290664,False
3,304,No Watermark,0,z_score,-0.6467616667635546,4.0422604172722165,False,1.940285000290664,False
5,305,No Watermark,0,z_score,0.16169041669088866,4.0422604172722165,False,1.940285000290664,False
1,306,No Watermark,0,z_score,-0.16169041669088866,4.365641250653994,False,1.940285000290664,False
2,307,No Watermark,0,z_score,-1.1318329168362207,4.0422604172722165,False,1.940285000290664,False
5,308,No Watermark,0,z_score,-0.485071250072666,4.0422604172722165,False,1.940285000290664,False
2,309,No Watermark,0,z_score,-4.2039508339631055,4.0422604172722165,False,1.940285000290664,False
5,310,No Watermark,0,z_score,-1.7785945835997752,4.0422604172722165,False,1.940285000290664,False
4,311,No Watermark,0,z_score,0.0,2.748737083745107,False,1.940285000290664,False
1,312,No Watermark,0,z_score,0.485071250072666,4.365641250653994,False,1.940285000290664,False
1,313,No Watermark,0,z_score,0.0,4.365641250653994,False,1.940285000290664,False
5,314,No Watermark,0,z_score,0.970142500145332,4.0422604172722165,False,1.940285000290664,False
1,315,No Watermark,0,z_score,-1.7785945835997752,4.365641250653994,False,1.940285000290664,False
2,316,No Watermark,0,z_score,1.1318329168362207,4.0422604172722165,False,1.940285000290664,False
5,317,No Watermark,0,z_score,-1.6169041669088866,4.0422604172722165,False,1.940285000290664,False
4,318,No Watermark,0,z_score,0.3233808333817773,2.748737083745107,False,1.940285000290664,False
4,319,No Watermark,0,z_score,-1.455213750217998,2.748737083745107,False,1.940285000290664,False
2,320,No Watermark,0,z_score,0.0,4.0422604172722165,False,1.940285000290664,False
3,321,No Watermark,0,z_score,-1.2935233335271092,4.0422604172722165,False,1.940285000290664,False
1,322,No Watermark,0,z_score,0.6467616667635546,4.365641250653994,False,1.940285000290664,False
2,323,No Watermark,0,z_score,-3.395498750508662,4.0422604172722165,False,1.940285000290664,False
4,324,No Watermark,0,z_score,0.3233808333817773,2.748737083745107,False,1.940285000290664,False
2,325,No Watermark,0,z_score,0.3233808333817773,4.0422604172722165,False,1.940285000290664,False
4,326,No Watermark,0,z_score,-0.04113450348948636,2.748737083745107,False,1.940285000290664,False
3,327,No Watermark,0,z_score,-1.1318329168362207,4.0422604172722165,False,1.940285000290664,False
3,328,No Watermark,0,z_score,-0.6467616667635546,4.0422604172722165,False,1.940285000290664,False
5,329,No Watermark,0,z_score,-1.2935233335271092,4.0422604172722165,False,1.940285000290664,False
3,330,No Watermark,0,z_score,0.3233808333817773,4.0422604172722165,False,1.940285000290664,False
4,331,No Watermark,0,z_score,5.659164584181103,2.748737083745107,True,1.940285000290664,True
4,332,No Watermark,0,z_score,1.2935233335271092,2.748737083745107,False,1.940285000290664,False
1,333,No Watermark,0,z_score,0.6467616667635546,4.365641250653994,False,1.940285000290664,False
4,334,No Watermark,0,z_score,0.0,2.748737083745107,False,1.940285000290664,False
1,335,No Watermark,0,z_score,0.3233808333817773,4.365641250653994,False,1.940285000290664,False
1,336,No Watermark,0,z_score,-0.16169041669088866,4.365641250653994,False,1.940285000290664,False
2,337,No Watermark,0,z_score,0.3233808333817773,4.0422604172722165,False,1.940285000290664,False
2,338,No Watermark,0,z_score,0.8084520834544433,4.0422604172722165,False,1.940285000290664,False
5,339,No Watermark,0,z_score,-1.7785945835997752,4.0422604172722165,False,1.940285000290664,False
4,340,No Watermark,0,z_score,-8.084520834544433,2.748737083745107,False,1.940285000290664,False
3,341,No Watermark,0,z_score,-1.7785945835997752,4.0422604172722165,False,1.940285000290664,False
3,342,No Watermark,0,z_score,0.970142500145332,4.0422604172722165,False,1.940285000290664,False
4,343,No Watermark,0,z_score,-0.6467616667635546,2.748737083745107,False,1.940285000290664,False
5,344,No Watermark,0,z_score,0.6467616667635546,4.0422604172722165,False,1.940285000290664,False
2,345,No Watermark,0,z_score,0.16169041669088866,4.0422604172722165,False,1.940285000290664,False
3,346,No Watermark,0,z_score,-1.455213750217998,4.0422604172722165,False,1.940285000290664,False
5,347,No Watermark,0,z_score,2.5870466670542185,4.0422604172722165,False,1.940285000290664,True
1,348,No Watermark,0,z_score,2.5870466670542185,4.365641250653994,False,1.940285000290664,True
2,349,No Watermark,0,z_score,-0.8084520834544433,4.0422604172722165,False,1.940285000290664,False
1,350,No Watermark,0,z_score,-1.2935233335271092,4.365641250653994,False,1.940285000290664,False
3,351,No Watermark,0,z_score,1.1318329168362207,4.0422604172722165,False,1.940285000290664,False
4,352,No Watermark,0,z_score,-0.3233808333817773,2.748737083745107,False,1.940285000290664,False
2,353,No Watermark,0,z_score,-3.0721179171268846,4.0422604172722165,False,1.940285000290664,False
3,354,No Watermark,0,z_score,1.1318329168362207,4.0422604172722165,False,1.940285000290664,False
1,355,No Watermark,0,z_score,-0.970142500145332,4.365641250653994,False,1.940285000290664,False
5,356,No Watermark,0,z_score,0.0,4.0422604172722165,False,1.940285000290664,False
5,357,No Watermark,0,z_score,-1.1318329168362207,4.0422604172722165,False,1.940285000290664,False
1,358,No Watermark,0,z_score,0.970142500145332,4.365641250653994,False,1.940285000290664,False
1,359,No Watermark,0,z_score,1.455213750217998,4.365641250653994,False,1.940285000290664,False
5,360,No Watermark,0,z_score,-0.8084520834544433,4.0422604172722165,False,1.940285000290664,False
3,361,No Watermark,0,z_score,-0.3233808333817773,4.0422604172722165,False,1.940285000290664,False
4,362,No Watermark,0,z_score,-0.970142500145332,2.748737083745107,False,1.940285000290664,False
5,363,No Watermark,0,z_score,-0.3233808333817773,4.0422604172722165,False,1.940285000290664,False
3,364,No Watermark,0,z_score,0.970142500145332,4.0422604172722165,False,1.940285000290664,False
3,365,No Watermark,0,z_score,-0.485071250072666,4.0422604172722165,False,1.940285000290664,False
5,366,No Watermark,0,z_score,-0.8084520834544433,4.0422604172722165,False,1.940285000290664,False
2,367,No Watermark,0,z_score,-1.1318329168362207,4.0422604172722165,False,1.940285000290664,False
4,368,No Watermark,0,z_score,-0.8084520834544433,2.748737083745107,False,1.940285000290664,False
3,369,No Watermark,0,z_score,-0.970142500145332,4.0422604172722165,False,1.940285000290664,False
2,370,No Watermark,0,z_score,-1.7785945835997752,4.0422604172722165,False,1.940285000290664,False
4,371,No Watermark,0,z_score,1.7785945835997752,2.748737083745107,False,1.940285000290664,False
4,372,No Watermark,0,z_score,0.3233808333817773,2.748737083745107,False,1.940285000290664,False
1,373,No Watermark,0,z_score,0.16169041669088866,4.365641250653994,False,1.940285000290664,False
4,374,No Watermark,0,z_score,2.5870466670542185,2.748737083745107,False,1.940285000290664,True
1,375,No Watermark,0,z_score,-1.116312611302876,4.365641250653994,False,1.940285000290664,False
4,376,No Watermark,0,z_score,-0.16169041669088866,2.748737083745107,False,1.940285000290664,False
3,377,No Watermark,0,z_score,-0.8084520834544433,4.0422604172722165,False,1.940285000290664,False
3,378,No Watermark,0,z_score,-0.3233808333817773,4.0422604172722165,False,1.940285000290664,False
4,379,No Watermark,0,z_score,-1.455213750217998,2.748737083745107,False,1.940285000290664,False
1,380,No Watermark,0,z_score,0.6467616667635546,4.365641250653994,False,1.940285000290664,False
2,381,No Watermark,0,z_score,-0.1649572197684645,4.0422604172722165,False,1.940285000290664,False
4,382,No Watermark,0,z_score,-0.8084520834544433,2.748737083745107,False,1.940285000290664,False
2,383,No Watermark,0,z_score,1.940285000290664,4.0422604172722165,False,1.940285000290664,True
2,384,No Watermark,0,z_score,-0.970142500145332,4.0422604172722165,False,1.940285000290664,False
3,385,No Watermark,0,z_score,-0.970142500145332,4.0422604172722165,False,1.940285000290664,False
2,386,No Watermark,0,z_score,1.940285000290664,4.0422604172722165,False,1.940285000290664,True
4,387,No Watermark,0,z_score,-0.6467616667635546,2.748737083745107,False,1.940285000290664,False
4,388,No Watermark,0,z_score,-1.6169041669088866,2.748737083745107,False,1.940285000290664,False
2,389,No Watermark,0,z_score,0.6467616667635546,4.0422604172722165,False,1.940285000290664,False
2,390,No Watermark,0,z_score,1.1318329168362207,4.0422604172722165,False,1.940285000290664,False
4,391,No Watermark,0,z_score,-0.6467616667635546,2.748737083745107,False,1.940285000290664,False
5,392,No Watermark,0,z_score,-0.6467616667635546,4.0422604172722165,False,1.940285000290664,False
3,393,No Watermark,0,z_score,1.6169041669088866,4.0422604172722165,False,1.940285000290664,False
2,394,No Watermark,0,z_score,6.6293070843264355,4.0422604172722165,True,1.940285000290664,True
2,395,No Watermark,0,z_score,0.16169041669088866,4.0422604172722165,False,1.940285000290664,False
5,396,No Watermark,0,z_score,-2.42535625036333,4.0422604172722165,False,1.940285000290664,False
4,397,No Watermark,0,z_score,-0.6467616667635546,2.748737083745107,False,1.940285000290664,False
5,398,No Watermark,0,z_score,0.8084520834544433,4.0422604172722165,False,1.940285000290664,False
1,399,No Watermark,0,z_score,-0.3233808333817773,4.365641250653994,False,1.940285000290664,False
2,400,No Watermark,0,z_score,-0.3233808333817773,4.0422604172722165,False,1.940285000290664,False
4,401,No Watermark,0,z_score,0.6467616667635546,2.748737083745107,False,1.940285000290664,False
2,402,No Watermark,0,z_score,-0.8084520834544433,4.0422604172722165,False,1.940285000290664,False
1,403,No Watermark,0,z_score,1.2935233335271092,4.365641250653994,False,1.940285000290664,False
5,404,No Watermark,0,z_score,-0.3233808333817773,4.0422604172722165,False,1.940285000290664,False
3,405,No Watermark,0,z_score,0.16169041669088866,4.0422604172722165,False,1.940285000290664,False
3,406,No Watermark,0,z_score,1.1318329168362207,4.0422604172722165,False,1.940285000290664,False
5,407,No Watermark,0,z_score,-0.3233808333817773,4.0422604172722165,False,1.940285000290664,False
2,408,No Watermark,0,z_score,-0.6467616667635546,4.0422604172722165,False,1.940285000290664,False
2,409,No Watermark,0,z_score,-3.0721179171268846,4.0422604172722165,False,1.940285000290664,False
4,410,No Watermark,0,z_score,-0.485071250072666,2.748737083745107,False,1.940285000290664,False
4,411,No Watermark,0,z_score,0.0409272754535029,2.748737083745107,False,1.940285000290664,False
4,412,No Watermark,0,z_score,-0.970142500145332,2.748737083745107,False,1.940285000290664,False
5,413,No Watermark,0,z_score,-1.1318329168362207,4.0422604172722165,False,1.940285000290664,False
2,414,No Watermark,0,z_score,-1.1318329168362207,4.0422604172722165,False,1.940285000290664,False
2,415,No Watermark,0,z_score,-0.16169041669088866,4.0422604172722165,False,1.940285000290664,False
1,416,No Watermark,0,z_score,-0.8084520834544433,4.365641250653994,False,1.940285000290664,False
5,417,No Watermark,0,z_score,0.6467616667635546,4.0422604172722165,False,1.940285000290664,False
1,418,No Watermark,0,z_score,-1.6169041669088866,4.365641250653994,False,1.940285000290664,False
5,419,No Watermark,0,z_score,0.16169041669088866,4.0422604172722165,False,1.940285000290664,False
4,420,No Watermark,0,z_score,-1.455213750217998,2.748737083745107,False,1.940285000290664,False
3,421,No Watermark,0,z_score,1.1318329168362207,4.0422604172722165,False,1.940285000290664,False
2,422,No Watermark,0,z_score,0.8084520834544433,4.0422604172722165,False,1.940285000290664,False
3,423,No Watermark,0,z_score,0.16169041669088866,4.0422604172722165,False,1.940285000290664,False
3,424,No Watermark,0,z_score,0.0,4.0422604172722165,False,1.940285000290664,False
1,425,No Watermark,0,z_score,-0.16169041669088866,4.365641250653994,False,1.940285000290664,False
1,426,No Watermark,0,z_score,-0.970142500145332,4.365641250653994,False,1.940285000290664,False
1,427,No Watermark,0,z_score,1.2935233335271092,4.365641250653994,False,1.940285000290664,False
2,428,No Watermark,0,z_score,1.940285000290664,4.0422604172722165,False,1.940285000290664,True
5,429,No Watermark,0,z_score,-0.3233808333817773,4.0422604172722165,False,1.940285000290664,False
1,430,No Watermark,0,z_score,0.16169041669088866,4.365641250653994,False,1.940285000290664,False
1,431,No Watermark,0,z_score,0.16169041669088866,4.365641250653994,False,1.940285000290664,False
5,432,No Watermark,0,z_score,2.910427500435996,4.0422604172722165,False,1.940285000290664,True
1,433,No Watermark,0,z_score,-0.8084520834544433,4.365641250653994,False,1.940285000290664,False
5,434,No Watermark,0,z_score,1.7785945835997752,4.0422604172722165,False,1.940285000290664,False
5,435,No Watermark,0,z_score,-0.6467616667635546,4.0422604172722165,False,1.940285000290664,False
5,436,No Watermark,0,z_score,0.3233808333817773,4.0422604172722165,False,1.940285000290664,False
3,437,No Watermark,0,z_score,-0.16169041669088866,4.0422604172722165,False,1.940285000290664,False
5,438,No Watermark,0,z_score,1.7785945835997752,4.0422604172722165,False,1.940285000290664,False
1,439,No Watermark,0,z_score,0.0,4.365641250653994,False,1.940285000290664,False
3,440,No Watermark,0,z_score,-0.3233808333817773,4.0422604172722165,False,1.940285000290664,False
2,441,No Watermark,0,z_score,0.485071250072666,4.0422604172722165,False,1.940285000290664,False
3,442,No Watermark,0,z_score,2.748737083745107,4.0422604172722165,False,1.940285000290664,True
4,443,No Watermark,0,z_score,-0.8084520834544433,2.748737083745107,False,1.940285000290664,False
1,444,No Watermark,0,z_score,0.970142500145332,4.365641250653994,False,1.940285000290664,False
4,445,No Watermark,0,z_score,-1.6169041669088866,2.748737083745107,False,1.940285000290664,False
4,446,No Watermark,0,z_score,2.748737083745107,2.748737083745107,True,1.940285000290664,True
4,447,No Watermark,0,z_score,-3.233808333817773,2.748737083745107,False,1.940285000290664,False
5,448,No Watermark,0,z_score,1.6169041669088866,4.0422604172722165,False,1.940285000290664,False
5,449,No Watermark,0,z_score,0.6467616667635546,4.0422604172722165,False,1.940285000290664,False
5,450,No Watermark,0,z_score,-0.16169041669088866,4.0422604172722165,False,1.940285000290664,False
2,451,No Watermark,0,z_score,-1.1318329168362207,4.0422604172722165,False,1.940285000290664,False
3,452,No Watermark,0,z_score,0.16169041669088866,4.0422604172722165,False,1.940285000290664,False
5,453,No Watermark,0,z_score,-0.6467616667635546,4.0422604172722165,False,1.940285000290664,False
5,454,No Watermark,0,z_score,-0.6467616667635546,4.0422604172722165,False,1.940285000290664,False
4,455,No Watermark,0,z_score,-0.16169041669088866,2.748737083745107,False,1.940285000290664,False
3,456,No Watermark,0,z_score,2.42535625036333,4.0422604172722165,False,1.940285000290664,True
2,457,No Watermark,0,z_score,-0.485071250072666,4.0422604172722165,False,1.940285000290664,False
3,458,No Watermark,0,z_score,-1.2935233335271092,4.0422604172722165,False,1.940285000290664,False
5,459,No Watermark,0,z_score,-2.1019754169815528,4.0422604172722165,False,1.940285000290664,False
1,460,No Watermark,0,z_score,2.42535625036333,4.365641250653994,False,1.940285000290664,True
4,461,No Watermark,0,z_score,2.1019754169815528,2.748737083745107,False,1.940285000290664,True
3,462,No Watermark,0,z_score,-0.3233808333817773,4.0422604172722165,False,1.940285000290664,False
1,463,No Watermark,0,z_score,-1.1318329168362207,4.365641250653994,False,1.940285000290664,False
2,464,No Watermark,0,z_score,1.1318329168362207,4.0422604172722165,False,1.940285000290664,False
1,465,No Watermark,0,z_score,0.970142500145332,4.365641250653994,False,1.940285000290664,False
3,466,No Watermark,0,z_score,-1.2935233335271092,4.0422604172722165,False,1.940285000290664,False
4,467,No Watermark,0,z_score,0.0,2.748737083745107,False,1.940285000290664,False
2,468,No Watermark,0,z_score,-0.970142500145332,4.0422604172722165,False,1.940285000290664,False
1,469,No Watermark,0,z_score,-0.485071250072666,4.365641250653994,False,1.940285000290664,False
5,470,No Watermark,0,z_score,0.485071250072666,4.0422604172722165,False,1.940285000290664,False
5,471,No Watermark,0,z_score,1.2935233335271092,4.0422604172722165,False,1.940285000290664,False
5,472,No Watermark,0,z_score,-1.6169041669088866,4.0422604172722165,False,1.940285000290664,False
2,473,No Watermark,0,z_score,1.1318329168362207,4.0422604172722165,False,1.940285000290664,False
2,474,No Watermark,0,z_score,-0.8084520834544433,4.0422604172722165,False,1.940285000290664,False
4,475,No Watermark,0,z_score,-0.8084520834544433,2.748737083745107,False,1.940285000290664,False
4,476,No Watermark,0,z_score,1.7785945835997752,2.748737083745107,False,1.940285000290664,False
5,477,No Watermark,0,z_score,-0.3233808333817773,4.0422604172722165,False,1.940285000290664,False
2,478,No Watermark,0,z_score,-0.970142500145332,4.0422604172722165,False,1.940285000290664,False
1,479,No Watermark,0,z_score,-0.6467616667635546,4.365641250653994,False,1.940285000290664,False
4,480,No Watermark,0,z_score,0.0,2.748737083745107,False,1.940285000290664,False
3,481,No Watermark,0,z_score,-0.16169041669088866,4.0422604172722165,False,1.940285000290664,False
5,482,No Watermark,0,z_score,-1.2935233335271092,4.0422604172722165,False,1.940285000290664,False
3,483,No Watermark,0,z_score,-0.970142500145332,4.0422604172722165,False,1.940285000290664,False
2,484,No Watermark,0,z_score,-1.2935233335271092,4.0422604172722165,False,1.940285000290664,False
3,485,No Watermark,0,z_score,-0.16169041669088866,4.0422604172722165,False,1.940285000290664,False
2,486,No Watermark,0,z_score,0.8084520834544433,4.0422604172722165,False,1.940285000290664,False
2,487,No Watermark,0,z_score,1.2935233335271092,4.0422604172722165,False,1.940285000290664,False
5,488,No Watermark,0,z_score,0.0,4.0422604172722165,False,1.940285000290664,False
5,489,No Watermark,0,z_score,-1.6169041669088866,4.0422604172722165,False,1.940285000290664,False
4,490,No Watermark,0,z_score,1.6169041669088866,2.748737083745107,False,1.940285000290664,False
1,491,No Watermark,0,z_score,0.16169041669088866,4.365641250653994,False,1.940285000290664,False
2,492,No Watermark,0,z_score,-0.970142500145332,4.0422604172722165,False,1.940285000290664,False
3,493,No Watermark,0,z_score,-0.16169041669088866,4.0422604172722165,False,1.940285000290664,False
2,494,No Watermark,0,z_score,0.6467616667635546,4.0422604172722165,False,1.940285000290664,False
1,495,No Watermark,0,z_score,-1.1430952132988164,4.365641250653994,False,1.940285000290664,False
5,496,No Watermark,0,z_score,0.485071250072666,4.0422604172722165,False,1.940285000290664,False
1,497,No Watermark,0,z_score,-0.3233808333817773,4.365641250653994,False,1.940285000290664,False
5,498,No Watermark,0,z_score,-0.16169041669088866,4.0422604172722165,False,1.940285000290664,False
3,499,No Watermark,0,z_score,-0.6467616667635546,4.0422604172722165,False,1.940285000290664,False
2,1,CA-KL,1,z_score,14.228756668798201,4.0422604172722165,True,1.940285000290664,True
3,10,CA-KL,1,z_score,11.318329168362206,4.0422604172722165,True,1.940285000290664,True
4,100,CA-KL,1,z_score,10.509877084907762,2.748737083745107,True,1.940285000290664,True
5,101,CA-KL,1,z_score,11.480019585053094,4.0422604172722165,True,1.940285000290664,True
5,102,CA-KL,1,z_score,14.55213750217998,4.0422604172722165,True,1.940285000290664,True
3,103,CA-KL,1,z_score,11.641710001743984,4.0422604172722165,True,1.940285000290664,True
2,104,CA-KL,1,z_score,9.863115418144208,4.0422604172722165,True,1.940285000290664,True
4,105,CA-KL,1,z_score,18.27101708607042,2.748737083745107,True,1.940285000290664,True
5,106,CA-KL,1,z_score,12.611852501889315,4.0422604172722165,True,1.940285000290664,True
2,107,CA-KL,1,z_score,8.246211251235321,4.0422604172722165,True,1.940285000290664,True
3,108,CA-KL,1,z_score,14.228756668798201,4.0422604172722165,True,1.940285000290664,True
3,109,CA-KL,1,z_score,12.126781251816649,4.0422604172722165,True,1.940285000290664,True
2,11,CA-KL,1,z_score,11.803400418434872,4.0422604172722165,True,1.940285000290664,True
2,110,CA-KL,1,z_score,14.228756668798201,4.0422604172722165,True,1.940285000290664,True
3,111,CA-KL,1,z_score,10.186496251525986,4.0422604172722165,True,1.940285000290664,True
4,112,CA-KL,1,z_score,12.773542918580205,2.748737083745107,True,1.940285000290664,True
3,113,CA-KL,1,z_score,13.258614168652871,4.0422604172722165,True,1.940285000290664,True
3,114,CA-KL,1,z_score,11.803400418434872,4.0422604172722165,True,1.940285000290664,True
3,115,CA-KL,1,z_score,12.611852501889315,4.0422604172722165,True,1.940285000290664,True
1,116,CA-KL,1,z_score,11.156638751671318,4.365641250653994,True,1.940285000290664,True
3,117,CA-KL,1,z_score,9.539734584762432,4.0422604172722165,True,1.940285000290664,True
2,118,CA-KL,1,z_score,12.288471668507539,4.0422604172722165,True,1.940285000290664,True
1,119,CA-KL,1,z_score,13.743685418725535,4.365641250653994,True,1.940285000290664,True
4,12,CA-KL,1,z_score,9.216353751380653,2.748737083745107,True,1.940285000290664,True
3,120,CA-KL,1,z_score,13.905375835416425,4.0422604172722165,True,1.940285000290664,True
1,121,CA-KL,1,z_score,13.581995002034647,4.365641250653994,True,1.940285000290664,True
1,122,CA-KL,1,z_score,14.228756668798201,4.365641250653994,True,1.940285000290664,True
1,123,CA-KL,1,z_score,11.96509083512576,4.365641250653994,True,1.940285000290664,True
1,124,CA-KL,1,z_score,13.420304585343759,4.365641250653994,True,1.940285000290664,True
3,125,CA-KL,1,z_score,11.156638751671318,4.0422604172722165,True,1.940285000290664,True
4,126,CA-KL,1,z_score,5.335783750799326,2.748737083745107,True,1.940285000290664,True
1,127,CA-KL,1,z_score,11.480019585053094,4.365641250653994,True,1.940285000290664,True
5,128,CA-KL,1,z_score,13.096923751961981,4.0422604172722165,True,1.940285000290664,True
4,129,CA-KL,1,z_score,10.671567501598652,2.748737083745107,True,1.940285000290664,True
4,13,CA-KL,1,z_score,11.480019585053094,2.748737083745107,True,1.940285000290664,True
5,130,CA-KL,1,z_score,12.288471668507539,4.0422604172722165,True,1.940285000290664,True
5,131,CA-KL,1,z_score,13.743685418725535,4.0422604172722165,True,1.940285000290664,True
1,132,CA-KL,1,z_score,12.611852501889315,4.365641250653994,True,1.940285000290664,True
1,133,CA-KL,1,z_score,17.1391841692342,4.365641250653994,True,1.940285000290664,True
5,134,CA-KL,1,z_score,13.096923751961981,4.0422604172722165,True,1.940285000290664,True
1,135,CA-KL,1,z_score,17.300874585925087,4.365641250653994,True,1.940285000290664,True
5,136,CA-KL,1,z_score,9.216353751380653,4.0422604172722165,True,1.940285000290664,True
5,137,CA-KL,1,z_score,16.65411291916153,4.0422604172722165,True,1.940285000290664,True
4,138,CA-KL,1,z_score,1.7785945835997752,2.748737083745107,False,1.940285000290664,False
3,139,CA-KL,1,z_score,10.024805834835098,4.0422604172722165,True,1.940285000290664,True
2,14,CA-KL,1,z_score,15.522280002325312,4.0422604172722165,True,1.940285000290664,True
4,140,CA-KL,1,z_score,12.611852501889315,2.748737083745107,True,1.940285000290664,True
4,141,CA-KL,1,z_score,15.845660835707088,2.748737083745107,True,1.940285000290664,True
2,142,CA-KL,1,z_score,13.905375835416425,4.0422604172722165,True,1.940285000290664,True
2,143,CA-KL,1,z_score,10.348186668216874,4.0422604172722165,True,1.940285000290664,True
4,144,CA-KL,1,z_score,12.450162085198427,2.748737083745107,True,1.940285000290664,True
3,145,CA-KL,1,z_score,13.096923751961981,4.0422604172722165,True,1.940285000290664,True
2,146,CA-KL,1,z_score,14.55213750217998,4.0422604172722165,True,1.940285000290664,True
2,147,CA-KL,1,z_score,13.096923751961981,4.0422604172722165,True,1.940285000290664,True
2,148,CA-KL,1,z_score,11.96509083512576,4.0422604172722165,True,1.940285000290664,True
4,149,CA-KL,1,z_score,12.126781251816649,2.748737083745107,True,1.940285000290664,True
4,15,CA-KL,1,z_score,12.450162085198427,2.748737083745107,True,1.940285000290664,True
2,150,CA-KL,1,z_score,13.905375835416425,4.0422604172722165,True,1.940285000290664,True
1,151,CA-KL,1,z_score,15.845660835707088,4.365641250653994,True,1.940285000290664,True
1,152,CA-KL,1,z_score,0.8084520834544433,4.365641250653994,False,1.940285000290664,False
3,153,CA-KL,1,z_score,12.773542918580205,4.0422604172722165,True,1.940285000290664,True
4,154,CA-KL,1,z_score,5.820855000871992,2.748737083745107,True,1.940285000290664,True
1,155,CA-KL,1,z_score,10.186496251525986,4.365641250653994,True,1.940285000290664,True
3,156,CA-KL,1,z_score,10.348186668216874,4.0422604172722165,True,1.940285000290664,True
1,157,CA-KL,1,z_score,12.935233335271093,4.365641250653994,True,1.940285000290664,True
5,158,CA-KL,1,z_score,10.509877084907762,4.0422604172722165,True,1.940285000290664,True
2,159,CA-KL,1,z_score,12.450162085198427,4.0422604172722165,True,1.940285000290664,True
5,16,CA-KL,1,z_score,10.509877084907762,4.0422604172722165,True,1.940285000290664,True
3,160,CA-KL,1,z_score,12.773542918580205,4.0422604172722165,True,1.940285000290664,True
4,161,CA-KL,1,z_score,11.803400418434872,2.748737083745107,True,1.940285000290664,True
3,162,CA-KL,1,z_score,13.096923751961981,4.0422604172722165,True,1.940285000290664,True
1,163,CA-KL,1,z_score,11.641710001743984,4.365641250653994,True,1.940285000290664,True
2,164,CA-KL,1,z_score,15.522280002325312,4.0422604172722165,True,1.940285000290664,True
2,165,CA-KL,1,z_score,14.390447085489091,4.0422604172722165,True,1.940285000290664,True
2,166,CA-KL,1,z_score,10.671567501598652,4.0422604172722165,True,1.940285000290664,True
4,167,CA-KL,1,z_score,10.348186668216874,2.748737083745107,True,1.940285000290664,True
5,168,CA-KL,1,z_score,13.420304585343759,4.0422604172722165,True,1.940285000290664,True
1,169,CA-KL,1,z_score,12.450162085198427,4.365641250653994,True,1.940285000290664,True
1,17,CA-KL,1,z_score,12.450162085198427,4.365641250653994,True,1.940285000290664,True
1,170,CA-KL,1,z_score,1.940285000290664,4.365641250653994,False,1.940285000290664,True
3,171,CA-KL,1,z_score,10.671567501598652,4.0422604172722165,True,1.940285000290664,True
4,172,CA-KL,1,z_score,14.713827918870868,2.748737083745107,True,1.940285000290664,True
5,173,CA-KL,1,z_score,13.420304585343759,4.0422604172722165,True,1.940285000290664,True
2,174,CA-KL,1,z_score,14.713827918870868,4.0422604172722165,True,1.940285000290664,True
3,175,CA-KL,1,z_score,13.420304585343759,4.0422604172722165,True,1.940285000290664,True
2,176,CA-KL,1,z_score,14.067066252107313,4.0422604172722165,True,1.940285000290664,True
3,177,CA-KL,1,z_score,8.731282501307987,4.0422604172722165,True,1.940285000290664,True
5,178,CA-KL,1,z_score,13.743685418725535,4.0422604172722165,True,1.940285000290664,True
1,179,CA-KL,1,z_score,11.96509083512576,4.365641250653994,True,1.940285000290664,True
3,18,CA-KL,1,z_score,13.420304585343759,4.0422604172722165,True,1.940285000290664,True
3,180,CA-KL,1,z_score,11.156638751671318,4.0422604172722165,True,1.940285000290664,True
1,181,CA-KL,1,z_score,10.671567501598652,4.365641250653994,True,1.940285000290664,True
3,182,CA-KL,1,z_score,12.450162085198427,4.0422604172722165,True,1.940285000290664,True
3,183,CA-KL,1,z_score,7.27606875108999,4.0422604172722165,True,1.940285000290664,True
4,184,CA-KL,1,z_score,9.732475966339406,2.748737083745107,True,1.940285000290664,True
2,185,CA-KL,1,z_score,10.509877084907762,4.0422604172722165,True,1.940285000290664,True
2,186,CA-KL,1,z_score,10.509877084907762,4.0422604172722165,True,1.940285000290664,True
3,187,CA-KL,1,z_score,12.611852501889315,4.0422604172722165,True,1.940285000290664,True
1,188,CA-KL,1,z_score,11.803400418434872,4.365641250653994,True,1.940285000290664,True
1,189,CA-KL,1,z_score,7.922830417853544,4.365641250653994,True,1.940285000290664,True
3,19,CA-KL,1,z_score,11.156638751671318,4.0422604172722165,True,1.940285000290664,True
1,190,CA-KL,1,z_score,10.671567501598652,4.365641250653994,True,1.940285000290664,True
1,191,CA-KL,1,z_score,10.671567501598652,4.365641250653994,True,1.940285000290664,True
4,192,CA-KL,1,z_score,15.845660835707088,2.748737083745107,True,1.940285000290664,True
1,193,CA-KL,1,z_score,11.803400418434872,4.365641250653994,True,1.940285000290664,True
1,194,CA-KL,1,z_score,13.420304585343759,4.365641250653994,True,1.940285000290664,True
3,195,CA-KL,1,z_score,8.407901667926211,4.0422604172722165,True,1.940285000290664,True
2,196,CA-KL,1,z_score,12.611852501889315,4.0422604172722165,True,1.940285000290664,True
4,197,CA-KL,1,z_score,11.641710001743984,2.748737083745107,True,1.940285000290664,True
4,198,CA-KL,1,z_score,10.024805834835098,2.748737083745107,True,1.940285000290664,True
4,199,CA-KL,1,z_score,13.581995002034647,2.748737083745107,True,1.940285000290664,True
3,2,CA-KL,1,z_score,11.318329168362206,4.0422604172722165,True,1.940285000290664,True
5,20,CA-KL,1,z_score,12.288471668507539,4.0422604172722165,True,1.940285000290664,True
5,200,CA-KL,1,z_score,12.611852501889315,4.0422604172722165,True,1.940285000290664,True
4,201,CA-KL,1,z_score,12.450162085198427,2.748737083745107,True,1.940285000290664,True
2,202,CA-KL,1,z_score,14.228756668798201,4.0422604172722165,True,1.940285000290664,True
4,203,CA-KL,1,z_score,12.773542918580205,2.748737083745107,True,1.940285000290664,True
5,204,CA-KL,1,z_score,10.518309791550246,4.0422604172722165,True,1.940285000290664,True
3,205,CA-KL,1,z_score,13.581995002034647,4.0422604172722165,True,1.940285000290664,True
3,206,CA-KL,1,z_score,12.126781251816649,4.0422604172722165,True,1.940285000290664,True
3,207,CA-KL,1,z_score,10.83325791828954,4.0422604172722165,True,1.940285000290664,True
1,208,CA-KL,1,z_score,12.773542918580205,4.365641250653994,True,1.940285000290664,True
3,209,CA-KL,1,z_score,10.83325791828954,4.0422604172722165,True,1.940285000290664,True
4,21,CA-KL,1,z_score,13.581995002034647,2.748737083745107,True,1.940285000290664,True
1,210,CA-KL,1,z_score,11.480019585053094,4.365641250653994,True,1.940285000290664,True
4,211,CA-KL,1,z_score,11.96509083512576,2.748737083745107,True,1.940285000290664,True
1,212,CA-KL,1,z_score,13.258614168652871,4.365641250653994,True,1.940285000290664,True
5,213,CA-KL,1,z_score,10.024805834835098,4.0422604172722165,True,1.940285000290664,True
1,214,CA-KL,1,z_score,12.611852501889315,4.365641250653994,True,1.940285000290664,True
2,215,CA-KL,1,z_score,11.156638751671318,4.0422604172722165,True,1.940285000290664,True
3,216,CA-KL,1,z_score,12.935233335271093,4.0422604172722165,True,1.940285000290664,True
2,217,CA-KL,1,z_score,11.156638751671318,4.0422604172722165,True,1.940285000290664,True
3,218,CA-KL,1,z_score,13.743685418725535,4.0422604172722165,True,1.940285000290664,True
3,219,CA-KL,1,z_score,11.96509083512576,4.0422604172722165,True,1.940285000290664,True
1,22,CA-KL,1,z_score,13.096923751961981,4.365641250653994,True,1.940285000290664,True
4,220,CA-KL,1,z_score,17.947636252688643,2.748737083745107,True,1.940285000290664,True
4,221,CA-KL,1,z_score,14.713827918870868,2.748737083745107,True,1.940285000290664,True
1,222,CA-KL,1,z_score,7.922830417853544,4.365641250653994,True,1.940285000290664,True
3,223,CA-KL,1,z_score,13.581995002034647,4.0422604172722165,True,1.940285000290664,True
2,224,CA-KL,1,z_score,14.228756668798201,4.0422604172722165,True,1.940285000290664,True
4,225,CA-KL,1,z_score,11.156638751671318,2.748737083745107,True,1.940285000290664,True
1,226,CA-KL,1,z_score,14.875518335561758,4.365641250653994,True,1.940285000290664,True
2,227,CA-KL,1,z_score,12.288471668507539,4.0422604172722165,True,1.940285000290664,True
1,228,CA-KL,1,z_score,10.671567501598652,4.365641250653994,True,1.940285000290664,True
5,229,CA-KL,1,z_score,10.348186668216874,4.0422604172722165,True,1.940285000290664,True
1,23,CA-KL,1,z_score,11.803400418434872,4.365641250653994,True,1.940285000290664,True
2,230,CA-KL,1,z_score,11.480019585053094,4.0422604172722165,True,1.940285000290664,True
5,231,CA-KL,1,z_score,11.156638751671318,4.0422604172722165,True,1.940285000290664,True
5,232,CA-KL,1,z_score,11.480019585053094,4.0422604172722165,True,1.940285000290664,True
2,233,CA-KL,1,z_score,13.628782726016468,4.0422604172722165,True,1.940285000290664,True
1,234,CA-KL,1,z_score,11.318329168362206,4.365641250653994,True,1.940285000290664,True
5,235,CA-KL,1,z_score,12.126781251816649,4.0422604172722165,True,1.940285000290664,True
3,236,CA-KL,1,z_score,13.258614168652871,4.0422604172722165,True,1.940285000290664,True
5,237,CA-KL,1,z_score,10.671567501598652,4.0422604172722165,True,1.940285000290664,True
3,238,CA-KL,1,z_score,15.360589585634422,4.0422604172722165,True,1.940285000290664,True
4,239,CA-KL,1,z_score,13.581995002034647,2.748737083745107,True,1.940285000290664,True
5,24,CA-KL,1,z_score,13.096923751961981,4.0422604172722165,True,1.940285000290664,True
4,240,CA-KL,1,z_score,11.641710001743984,2.748737083745107,True,1.940285000290664,True
1,241,CA-KL,1,z_score,11.26765281680262,4.365641250653994,True,1.940285000290664,True
2,242,CA-KL,1,z_score,11.156638751671318,4.0422604172722165,True,1.940285000290664,True
4,243,CA-KL,1,z_score,13.743685418725535,2.748737083745107,True,1.940285000290664,True
5,244,CA-KL,1,z_score,15.360589585634422,4.0422604172722165,True,1.940285000290664,True
2,245,CA-KL,1,z_score,11.480019585053094,4.0422604172722165,True,1.940285000290664,True
2,246,CA-KL,1,z_score,12.773542918580205,4.0422604172722165,True,1.940285000290664,True
3,247,CA-KL,1,z_score,14.067066252107313,4.0422604172722165,True,1.940285000290664,True
4,248,CA-KL,1,z_score,12.773542918580205,2.748737083745107,True,1.940285000290664,True
4,249,CA-KL,1,z_score,11.480019585053094,2.748737083745107,True,1.940285000290664,True
3,25,CA-KL,1,z_score,11.641710001743984,4.0422604172722165,True,1.940285000290664,True
1,250,CA-KL,1,z_score,13.096923751961981,4.365641250653994,True,1.940285000290664,True
5,251,CA-KL,1,z_score,11.803400418434872,4.0422604172722165,True,1.940285000290664,True
3,252,CA-KL,1,z_score,10.994948334980428,4.0422604172722165,True,1.940285000290664,True
3,253,CA-KL,1,z_score,15.6839704190162,4.0422604172722165,True,1.940285000290664,True
5,254,CA-KL,1,z_score,12.450162085198427,4.0422604172722165,True,1.940285000290664,True
1,255,CA-KL,1,z_score,11.641710001743984,4.365641250653994,True,1.940285000290664,True
2,256,CA-KL,1,z_score,9.378044168071542,4.0422604172722165,True,1.940285000290664,True
3,257,CA-KL,1,z_score,11.803400418434872,4.0422604172722165,True,1.940285000290664,True
5,258,CA-KL,1,z_score,10.994948334980428,4.0422604172722165,True,1.940285000290664,True
1,259,CA-KL,1,z_score,15.360589585634422,4.365641250653994,True,1.940285000290664,True
4,26,CA-KL,1,z_score,12.126781251816649,2.748737083745107,True,1.940285000290664,True
5,260,CA-KL,1,z_score,18.27101708607042,4.0422604172722165,True,1.940285000290664,True
3,261,CA-KL,1,z_score,14.713827918870868,4.0422604172722165,True,1.940285000290664,True
2,262,CA-KL,1,z_score,13.301364522388443,4.0422604172722165,True,1.940285000290664,True
2,263,CA-KL,1,z_score,12.773542918580205,4.0422604172722165,True,1.940285000290664,True
2,264,CA-KL,1,z_score,12.288471668507539,4.0422604172722165,True,1.940285000290664,True
2,265,CA-KL,1,z_score,14.390447085489091,4.0422604172722165,True,1.940285000290664,True
2,266,CA-KL,1,z_score,14.067066252107313,4.0422604172722165,True,1.940285000290664,True
5,267,CA-KL,1,z_score,10.509877084907762,4.0422604172722165,True,1.940285000290664,True
5,268,CA-KL,1,z_score,13.905375835416425,4.0422604172722165,True,1.940285000290664,True
4,269,CA-KL,1,z_score,14.55213750217998,2.748737083745107,True,1.940285000290664,True
3,27,CA-KL,1,z_score,14.875518335561758,4.0422604172722165,True,1.940285000290664,True
1,270,CA-KL,1,z_score,12.288471668507539,4.365641250653994,True,1.940285000290664,True
5,271,CA-KL,1,z_score,12.450162085198427,4.0422604172722165,True,1.940285000290664,True
5,272,CA-KL,1,z_score,13.258614168652871,4.0422604172722165,True,1.940285000290664,True
3,273,CA-KL,1,z_score,12.611852501889315,4.0422604172722165,True,1.940285000290664,True
5,274,CA-KL,1,z_score,14.067066252107313,4.0422604172722165,True,1.940285000290664,True
2,275,CA-KL,1,z_score,14.875518335561758,4.0422604172722165,True,1.940285000290664,True
5,276,CA-KL,1,z_score,12.288471668507539,4.0422604172722165,True,1.940285000290664,True
5,277,CA-KL,1,z_score,10.186496251525986,4.0422604172722165,True,1.940285000290664,True
5,278,CA-KL,1,z_score,13.905375835416425,4.0422604172722165,True,1.940285000290664,True
1,279,CA-KL,1,z_score,16.492422502470642,4.365641250653994,True,1.940285000290664,True
5,28,CA-KL,1,z_score,14.228756668798201,4.0422604172722165,True,1.940285000290664,True
1,280,CA-KL,1,z_score,10.671567501598652,4.365641250653994,True,1.940285000290664,True
5,281,CA-KL,1,z_score,8.731282501307987,4.0422604172722165,True,1.940285000290664,True
2,282,CA-KL,1,z_score,6.305926250944657,4.0422604172722165,True,1.940285000290664,True
5,283,CA-KL,1,z_score,12.773542918580205,4.0422604172722165,True,1.940285000290664,True
4,284,CA-KL,1,z_score,10.509877084907762,2.748737083745107,True,1.940285000290664,True
5,285,CA-KL,1,z_score,12.288471668507539,4.0422604172722165,True,1.940285000290664,True
2,286,CA-KL,1,z_score,14.55213750217998,4.0422604172722165,True,1.940285000290664,True
1,287,CA-KL,1,z_score,14.067066252107313,4.365641250653994,True,1.940285000290664,True
3,288,CA-KL,1,z_score,14.390447085489091,4.0422604172722165,True,1.940285000290664,True
1,289,CA-KL,1,z_score,14.067066252107313,4.365641250653994,True,1.940285000290664,True
4,29,CA-KL,1,z_score,12.773542918580205,2.748737083745107,True,1.940285000290664,True
4,290,CA-KL,1,z_score,11.318329168362206,2.748737083745107,True,1.940285000290664,True
2,291,CA-KL,1,z_score,10.83325791828954,4.0422604172722165,True,1.940285000290664,True
2,292,CA-KL,1,z_score,9.863115418144208,4.0422604172722165,True,1.940285000290664,True
4,293,CA-KL,1,z_score,15.845660835707088,2.748737083745107,True,1.940285000290664,True
3,294,CA-KL,1,z_score,9.054663334689765,4.0422604172722165,True,1.940285000290664,True
2,295,CA-KL,1,z_score,15.845660835707088,4.0422604172722165,True,1.940285000290664,True
5,296,CA-KL,1,z_score,12.371791482634839,4.0422604172722165,True,1.940285000290664,True
3,297,CA-KL,1,z_score,13.743685418725535,4.0422604172722165,True,1.940285000290664,True
5,298,CA-KL,1,z_score,13.743685418725535,4.0422604172722165,True,1.940285000290664,True
1,299,CA-KL,1,z_score,13.905375835416425,4.365641250653994,True,1.940285000290664,True
5,3,CA-KL,1,z_score,14.067066252107313,4.0422604172722165,True,1.940285000290664,True
5,30,CA-KL,1,z_score,12.935233335271093,4.0422604172722165,True,1.940285000290664,True
1,300,CA-KL,1,z_score,13.905375835416425,4.365641250653994,True,1.940285000290664,True
2,301,CA-KL,1,z_score,12.450162085198427,4.0422604172722165,True,1.940285000290664,True
4,302,CA-KL,1,z_score,12.126781251816649,2.748737083745107,True,1.940285000290664,True
4,303,CA-KL,1,z_score,12.935233335271093,2.748737083745107,True,1.940285000290664,True
3,304,CA-KL,1,z_score,13.581995002034647,4.0422604172722165,True,1.940285000290664,True
5,305,CA-KL,1,z_score,13.581995002034647,4.0422604172722165,True,1.940285000290664,True
1,306,CA-KL,1,z_score,10.186496251525986,4.365641250653994,True,1.940285000290664,True
2,307,CA-KL,1,z_score,12.288471668507539,4.0422604172722165,True,1.940285000290664,True
5,308,CA-KL,1,z_score,11.480019585053094,4.0422604172722165,True,1.940285000290664,True
2,309,CA-KL,1,z_score,12.288471668507539,4.0422604172722165,True,1.940285000290664,True
2,31,CA-KL,1,z_score,12.773542918580205,4.0422604172722165,True,1.940285000290664,True
5,310,CA-KL,1,z_score,11.156638751671318,4.0422604172722165,True,1.940285000290664,True
4,311,CA-KL,1,z_score,12.773542918580205,2.748737083745107,True,1.940285000290664,True
1,312,CA-KL,1,z_score,10.83325791828954,4.365641250653994,True,1.940285000290664,True
1,313,CA-KL,1,z_score,18.432707502761307,4.365641250653994,True,1.940285000290664,True
5,314,CA-KL,1,z_score,10.186496251525986,4.0422604172722165,True,1.940285000290664,True
1,315,CA-KL,1,z_score,11.641710001743984,4.365641250653994,True,1.940285000290664,True
2,316,CA-KL,1,z_score,10.994948334980428,4.0422604172722165,True,1.940285000290664,True
5,317,CA-KL,1,z_score,11.480019585053094,4.0422604172722165,True,1.940285000290664,True
4,318,CA-KL,1,z_score,10.186496251525986,2.748737083745107,True,1.940285000290664,True
4,319,CA-KL,1,z_score,10.024805834835098,2.748737083745107,True,1.940285000290664,True
1,32,CA-KL,1,z_score,12.611852501889315,4.365641250653994,True,1.940285000290664,True
2,320,CA-KL,1,z_score,10.509877084907762,4.0422604172722165,True,1.940285000290664,True
3,321,CA-KL,1,z_score,12.990684249887122,4.0422604172722165,True,1.940285000290664,True
1,322,CA-KL,1,z_score,15.037208752252646,4.365641250653994,True,1.940285000290664,True
2,323,CA-KL,1,z_score,9.539734584762432,4.0422604172722165,True,1.940285000290664,True
4,324,CA-KL,1,z_score,14.228756668798201,2.748737083745107,True,1.940285000290664,True
2,325,CA-KL,1,z_score,13.258614168652871,4.0422604172722165,True,1.940285000290664,True
4,326,CA-KL,1,z_score,13.581995002034647,2.748737083745107,True,1.940285000290664,True
3,327,CA-KL,1,z_score,13.096923751961981,4.0422604172722165,True,1.940285000290664,True
3,328,CA-KL,1,z_score,14.067066252107313,4.0422604172722165,True,1.940285000290664,True
5,329,CA-KL,1,z_score,15.360589585634422,4.0422604172722165,True,1.940285000290664,True
4,33,CA-KL,1,z_score,14.875518335561758,2.748737083745107,True,1.940285000290664,True
3,330,CA-KL,1,z_score,9.863115418144208,4.0422604172722165,True,1.940285000290664,True
4,331,CA-KL,1,z_score,13.096923751961981,2.748737083745107,True,1.940285000290664,True
4,332,CA-KL,1,z_score,11.96509083512576,2.748737083745107,True,1.940285000290664,True
1,333,CA-KL,1,z_score,14.067066252107313,4.365641250653994,True,1.940285000290664,True
4,334,CA-KL,1,z_score,13.581995002034647,2.748737083745107,True,1.940285000290664,True
1,335,CA-KL,1,z_score,13.581995002034647,4.365641250653994,True,1.940285000290664,True
1,336,CA-KL,1,z_score,11.336855300620304,4.365641250653994,True,1.940285000290664,True
2,337,CA-KL,1,z_score,7.599449584471767,4.0422604172722165,True,1.940285000290664,True
2,338,CA-KL,1,z_score,9.70142500145332,4.0422604172722165,True,1.940285000290664,True
5,339,CA-KL,1,z_score,13.096923751961981,4.0422604172722165,True,1.940285000290664,True
1,34,CA-KL,1,z_score,8.5695920846171,4.365641250653994,True,1.940285000290664,True
4,340,CA-KL,1,z_score,10.83325791828954,2.748737083745107,True,1.940285000290664,True
3,341,CA-KL,1,z_score,11.641710001743984,4.0422604172722165,True,1.940285000290664,True
3,342,CA-KL,1,z_score,13.743685418725535,4.0422604172722165,True,1.940285000290664,True
4,343,CA-KL,1,z_score,14.390447085489091,2.748737083745107,True,1.940285000290664,True
5,344,CA-KL,1,z_score,11.96509083512576,4.0422604172722165,True,1.940285000290664,True
2,345,CA-KL,1,z_score,10.348186668216874,4.0422604172722165,True,1.940285000290664,True
3,346,CA-KL,1,z_score,10.994948334980428,4.0422604172722165,True,1.940285000290664,True
5,347,CA-KL,1,z_score,12.450162085198427,4.0422604172722165,True,1.940285000290664,True
1,348,CA-KL,1,z_score,15.6839704190162,4.365641250653994,True,1.940285000290664,True
2,349,CA-KL,1,z_score,12.450162085198427,4.0422604172722165,True,1.940285000290664,True
1,35,CA-KL,1,z_score,7.114378334399101,4.365641250653994,True,1.940285000290664,True
1,350,CA-KL,1,z_score,12.611852501889315,4.365641250653994,True,1.940285000290664,True
3,351,CA-KL,1,z_score,16.492422502470642,4.0422604172722165,True,1.940285000290664,True
4,352,CA-KL,1,z_score,11.803400418434872,2.748737083745107,True,1.940285000290664,True
2,353,CA-KL,1,z_score,15.198899168943534,4.0422604172722165,True,1.940285000290664,True
3,354,CA-KL,1,z_score,18.756088336143083,4.0422604172722165,True,1.940285000290664,True
1,355,CA-KL,1,z_score,13.096923751961981,4.365641250653994,True,1.940285000290664,True
5,356,CA-KL,1,z_score,14.228756668798201,4.0422604172722165,True,1.940285000290664,True
5,357,CA-KL,1,z_score,9.054663334689765,4.0422604172722165,True,1.940285000290664,True
1,358,CA-KL,1,z_score,11.96509083512576,4.365641250653994,True,1.940285000290664,True
1,359,CA-KL,1,z_score,12.773542918580205,4.365641250653994,True,1.940285000290664,True
3,36,CA-KL,1,z_score,12.935233335271093,4.0422604172722165,True,1.940285000290664,True
5,360,CA-KL,1,z_score,11.156638751671318,4.0422604172722165,True,1.940285000290664,True
3,361,CA-KL,1,z_score,12.288471668507539,4.0422604172722165,True,1.940285000290664,True
4,362,CA-KL,1,z_score,13.905375835416425,2.748737083745107,True,1.940285000290664,True
5,363,CA-KL,1,z_score,14.713827918870868,4.0422604172722165,True,1.940285000290664,True
3,364,CA-KL,1,z_score,11.96509083512576,4.0422604172722165,True,1.940285000290664,True
3,365,CA-KL,1,z_score,16.492422502470642,4.0422604172722165,True,1.940285000290664,True
5,366,CA-KL,1,z_score,13.258614168652871,4.0422604172722165,True,1.940285000290664,True
2,367,CA-KL,1,z_score,11.96509083512576,4.0422604172722165,True,1.940285000290664,True
4,368,CA-KL,1,z_score,14.55213750217998,2.748737083745107,True,1.940285000290664,True
3,369,CA-KL,1,z_score,12.611852501889315,4.0422604172722165,True,1.940285000290664,True
4,37,CA-KL,1,z_score,11.480019585053094,2.748737083745107,True,1.940285000290664,True
2,370,CA-KL,1,z_score,13.743685418725535,4.0422604172722165,True,1.940285000290664,True
4,371,CA-KL,1,z_score,7.114378334399101,2.748737083745107,True,1.940285000290664,True
4,372,CA-KL,1,z_score,14.228756668798201,2.748737083745107,True,1.940285000290664,True
1,373,CA-KL,1,z_score,8.5695920846171,4.365641250653994,True,1.940285000290664,True
4,374,CA-KL,1,z_score,13.905375835416425,2.748737083745107,True,1.940285000290664,True
1,375,CA-KL,1,z_score,10.83325791828954,4.365641250653994,True,1.940285000290664,True
4,376,CA-KL,1,z_score,12.935233335271093,2.748737083745107,True,1.940285000290664,True
3,377,CA-KL,1,z_score,13.581995002034647,4.0422604172722165,True,1.940285000290664,True
3,378,CA-KL,1,z_score,12.126781251816649,4.0422604172722165,True,1.940285000290664,True
4,379,CA-KL,1,z_score,12.126781251816649,2.748737083745107,True,1.940285000290664,True
4,38,CA-KL,1,z_score,8.731282501307987,2.748737083745107,True,1.940285000290664,True
1,380,CA-KL,1,z_score,13.581995002034647,4.365641250653994,True,1.940285000290664,True
2,381,CA-KL,1,z_score,11.480019585053094,4.0422604172722165,True,1.940285000290664,True
4,382,CA-KL,1,z_score,10.83325791828954,2.748737083745107,True,1.940285000290664,True
2,383,CA-KL,1,z_score,12.773542918580205,4.0422604172722165,True,1.940285000290664,True
2,384,CA-KL,1,z_score,11.480019585053094,4.0422604172722165,True,1.940285000290664,True
3,385,CA-KL,1,z_score,11.803400418434872,4.0422604172722165,True,1.940285000290664,True
2,386,CA-KL,1,z_score,7.423074889580903,4.0422604172722165,True,1.940285000290664,True
4,387,CA-KL,1,z_score,10.83325791828954,2.748737083745107,True,1.940285000290664,True
4,388,CA-KL,1,z_score,11.156638751671318,2.748737083745107,True,1.940285000290664,True
2,389,CA-KL,1,z_score,14.228756668798201,4.0422604172722165,True,1.940285000290664,True
4,39,CA-KL,1,z_score,14.067066252107313,2.748737083745107,True,1.940285000290664,True
2,390,CA-KL,1,z_score,9.70142500145332,4.0422604172722165,True,1.940285000290664,True
4,391,CA-KL,1,z_score,12.126781251816649,2.748737083745107,True,1.940285000290664,True
5,392,CA-KL,1,z_score,10.83325791828954,4.0422604172722165,True,1.940285000290664,True
3,393,CA-KL,1,z_score,9.863115418144208,4.0422604172722165,True,1.940285000290664,True
2,394,CA-KL,1,z_score,14.067066252107313,4.0422604172722165,True,1.940285000290664,True
2,395,CA-KL,1,z_score,13.420304585343759,4.0422604172722165,True,1.940285000290664,True
5,396,CA-KL,1,z_score,-3.233808333817773,4.0422604172722165,False,1.940285000290664,False
4,397,CA-KL,1,z_score,13.743685418725535,2.748737083745107,True,1.940285000290664,True
5,398,CA-KL,1,z_score,11.318329168362206,4.0422604172722165,True,1.940285000290664,True
1,399,CA-KL,1,z_score,11.480019585053094,4.365641250653994,True,1.940285000290664,True
1,4,CA-KL,1,z_score,12.126781251816649,4.365641250653994,True,1.940285000290664,True
3,40,CA-KL,1,z_score,10.671567501598652,4.0422604172722165,True,1.940285000290664,True
2,400,CA-KL,1,z_score,12.288471668507539,4.0422604172722165,True,1.940285000290664,True
4,401,CA-KL,1,z_score,12.611852501889315,2.748737083745107,True,1.940285000290664,True
2,402,CA-KL,1,z_score,12.288471668507539,4.0422604172722165,True,1.940285000290664,True
1,403,CA-KL,1,z_score,14.067066252107313,4.365641250653994,True,1.940285000290664,True
5,404,CA-KL,1,z_score,13.743685418725535,4.0422604172722165,True,1.940285000290664,True
3,405,CA-KL,1,z_score,13.096923751961981,4.0422604172722165,True,1.940285000290664,True
3,406,CA-KL,1,z_score,13.096923751961981,4.0422604172722165,True,1.940285000290664,True
5,407,CA-KL,1,z_score,13.258614168652871,4.0422604172722165,True,1.940285000290664,True
2,408,CA-KL,1,z_score,9.539734584762432,4.0422604172722165,True,1.940285000290664,True
2,409,CA-KL,1,z_score,12.450162085198427,4.0422604172722165,True,1.940285000290664,True
3,41,CA-KL,1,z_score,14.713827918870868,4.0422604172722165,True,1.940285000290664,True
4,410,CA-KL,1,z_score,12.97394631876042,2.748737083745107,True,1.940285000290664,True
4,411,CA-KL,1,z_score,12.611852501889315,2.748737083745107,True,1.940285000290664,True
4,412,CA-KL,1,z_score,12.935233335271093,2.748737083745107,True,1.940285000290664,True
5,413,CA-KL,1,z_score,9.70142500145332,4.0422604172722165,True,1.940285000290664,True
2,414,CA-KL,1,z_score,10.024805834835098,4.0422604172722165,True,1.940285000290664,True
2,415,CA-KL,1,z_score,11.641710001743984,4.0422604172722165,True,1.940285000290664,True
1,416,CA-KL,1,z_score,9.216353751380653,4.365641250653994,True,1.940285000290664,True
5,417,CA-KL,1,z_score,16.007351252397978,4.0422604172722165,True,1.940285000290664,True
1,418,CA-KL,1,z_score,12.935233335271093,4.365641250653994,True,1.940285000290664,True
5,419,CA-KL,1,z_score,10.671567501598652,4.0422604172722165,True,1.940285000290664,True
1,42,CA-KL,1,z_score,10.186496251525986,4.365641250653994,True,1.940285000290664,True
4,420,CA-KL,1,z_score,11.480019585053094,2.748737083745107,True,1.940285000290664,True
3,421,CA-KL,1,z_score,15.198899168943534,4.0422604172722165,True,1.940285000290664,True
2,422,CA-KL,1,z_score,13.905375835416425,4.0422604172722165,True,1.940285000290664,True
3,423,CA-KL,1,z_score,11.318329168362206,4.0422604172722165,True,1.940285000290664,True
3,424,CA-KL,1,z_score,10.671567501598652,4.0422604172722165,True,1.940285000290664,True
1,425,CA-KL,1,z_score,15.360589585634422,4.365641250653994,True,1.940285000290664,True
1,426,CA-KL,1,z_score,12.935233335271093,4.365641250653994,True,1.940285000290664,True
1,427,CA-KL,1,z_score,11.641710001743984,4.365641250653994,True,1.940285000290664,True
2,428,CA-KL,1,z_score,13.743685418725535,4.0422604172722165,True,1.940285000290664,True
5,429,CA-KL,1,z_score,12.611852501889315,4.0422604172722165,True,1.940285000290664,True
3,43,CA-KL,1,z_score,12.773542918580205,4.0422604172722165,True,1.940285000290664,True
1,430,CA-KL,1,z_score,12.773542918580205,4.365641250653994,True,1.940285000290664,True
1,431,CA-KL,1,z_score,12.773542918580205,4.365641250653994,True,1.940285000290664,True
5,432,CA-KL,1,z_score,11.641710001743984,4.0422604172722165,True,1.940285000290664,True
1,433,CA-KL,1,z_score,10.024805834835098,4.365641250653994,True,1.940285000290664,True
5,434,CA-KL,1,z_score,8.246211251235321,4.0422604172722165,True,1.940285000290664,True
5,435,CA-KL,1,z_score,10.994948334980428,4.0422604172722165,True,1.940285000290664,True
5,436,CA-KL,1,z_score,11.480019585053094,4.0422604172722165,True,1.940285000290664,True
3,437,CA-KL,1,z_score,13.096923751961981,4.0422604172722165,True,1.940285000290664,True
5,438,CA-KL,1,z_score,11.641710001743984,4.0422604172722165,True,1.940285000290664,True
1,439,CA-KL,1,z_score,4.85071250072666,4.365641250653994,True,1.940285000290664,True
4,44,CA-KL,1,z_score,11.96509083512576,2.748737083745107,True,1.940285000290664,True
3,440,CA-KL,1,z_score,11.156638751671318,4.0422604172722165,True,1.940285000290664,True
2,441,CA-KL,1,z_score,11.803400418434872,4.0422604172722165,True,1.940285000290664,True
3,442,CA-KL,1,z_score,9.70142500145332,4.0422604172722165,True,1.940285000290664,True
4,443,CA-KL,1,z_score,12.773542918580205,2.748737083745107,True,1.940285000290664,True
1,444,CA-KL,1,z_score,9.539734584762432,4.365641250653994,True,1.940285000290664,True
4,445,CA-KL,1,z_score,10.348186668216874,2.748737083745107,True,1.940285000290664,True
4,446,CA-KL,1,z_score,13.096923751961981,2.748737083745107,True,1.940285000290664,True
4,447,CA-KL,1,z_score,7.922830417853544,2.748737083745107,True,1.940285000290664,True
5,448,CA-KL,1,z_score,10.027182486108211,4.0422604172722165,True,1.940285000290664,True
5,449,CA-KL,1,z_score,16.330732085779754,4.0422604172722165,True,1.940285000290664,True
3,45,CA-KL,1,z_score,14.713827918870868,4.0422604172722165,True,1.940285000290664,True
5,450,CA-KL,1,z_score,14.067066252107313,4.0422604172722165,True,1.940285000290664,True
2,451,CA-KL,1,z_score,7.437759167780879,4.0422604172722165,True,1.940285000290664,True
3,452,CA-KL,1,z_score,10.024805834835098,4.0422604172722165,True,1.940285000290664,True
5,453,CA-KL,1,z_score,15.522280002325312,4.0422604172722165,True,1.940285000290664,True
5,454,CA-KL,1,z_score,11.803400418434872,4.0422604172722165,True,1.940285000290664,True
4,455,CA-KL,1,z_score,10.83325791828954,2.748737083745107,True,1.940285000290664,True
3,456,CA-KL,1,z_score,13.420304585343759,4.0422604172722165,True,1.940285000290664,True
2,457,CA-KL,1,z_score,11.318329168362206,4.0422604172722165,True,1.940285000290664,True
3,458,CA-KL,1,z_score,13.581995002034647,4.0422604172722165,True,1.940285000290664,True
5,459,CA-KL,1,z_score,15.037208752252646,4.0422604172722165,True,1.940285000290664,True
4,46,CA-KL,1,z_score,10.994948334980428,2.748737083745107,True,1.940285000290664,True
1,460,CA-KL,1,z_score,11.318329168362206,4.365641250653994,True,1.940285000290664,True
4,461,CA-KL,1,z_score,9.863115418144208,2.748737083745107,True,1.940285000290664,True
3,462,CA-KL,1,z_score,12.450162085198427,4.0422604172722165,True,1.940285000290664,True
1,463,CA-KL,1,z_score,11.318329168362206,4.365641250653994,True,1.940285000290664,True
2,464,CA-KL,1,z_score,9.863115418144208,4.0422604172722165,True,1.940285000290664,True
1,465,CA-KL,1,z_score,12.126781251816649,4.365641250653994,True,1.940285000290664,True
3,466,CA-KL,1,z_score,13.905375835416425,4.0422604172722165,True,1.940285000290664,True
4,467,CA-KL,1,z_score,14.390447085489091,2.748737083745107,True,1.940285000290664,True
2,468,CA-KL,1,z_score,12.126781251816649,4.0422604172722165,True,1.940285000290664,True
1,469,CA-KL,1,z_score,11.318329168362206,4.365641250653994,True,1.940285000290664,True
1,47,CA-KL,1,z_score,12.773542918580205,4.365641250653994,True,1.940285000290664,True
5,470,CA-KL,1,z_score,13.905375835416425,4.0422604172722165,True,1.940285000290664,True
5,471,CA-KL,1,z_score,10.994948334980428,4.0422604172722165,True,1.940285000290664,True
5,472,CA-KL,1,z_score,11.803400418434872,4.0422604172722165,True,1.940285000290664,True
2,473,CA-KL,1,z_score,13.743685418725535,4.0422604172722165,True,1.940285000290664,True
2,474,CA-KL,1,z_score,-0.485071250072666,4.0422604172722165,False,1.940285000290664,False
4,475,CA-KL,1,z_score,12.935233335271093,2.748737083745107,True,1.940285000290664,True
4,476,CA-KL,1,z_score,11.803400418434872,2.748737083745107,True,1.940285000290664,True
5,477,CA-KL,1,z_score,8.407901667926211,4.0422604172722165,True,1.940285000290664,True
2,478,CA-KL,1,z_score,10.83325791828954,4.0422604172722165,True,1.940285000290664,True
1,479,CA-KL,1,z_score,14.067066252107313,4.365641250653994,True,1.940285000290664,True
2,48,CA-KL,1,z_score,0.485071250072666,4.0422604172722165,False,1.940285000290664,False
4,480,CA-KL,1,z_score,10.83325791828954,2.748737083745107,True,1.940285000290664,True
3,481,CA-KL,1,z_score,12.288471668507539,4.0422604172722165,True,1.940285000290664,True
5,482,CA-KL,1,z_score,5.497474167490214,4.0422604172722165,True,1.940285000290664,True
3,483,CA-KL,1,z_score,15.360589585634422,4.0422604172722165,True,1.940285000290664,True
2,484,CA-KL,1,z_score,13.581995002034647,4.0422604172722165,True,1.940285000290664,True
3,485,CA-KL,1,z_score,11.803400418434872,4.0422604172722165,True,1.940285000290664,True
2,486,CA-KL,1,z_score,14.390447085489091,4.0422604172722165,True,1.940285000290664,True
2,487,CA-KL,1,z_score,12.288471668507539,4.0422604172722165,True,1.940285000290664,True
5,488,CA-KL,1,z_score,12.126781251816649,4.0422604172722165,True,1.940285000290664,True
5,489,CA-KL,1,z_score,12.773542918580205,4.0422604172722165,True,1.940285000290664,True
3,49,CA-KL,1,z_score,9.70142500145332,4.0422604172722165,True,1.940285000290664,True
4,490,CA-KL,1,z_score,11.318329168362206,2.748737083745107,True,1.940285000290664,True
1,491,CA-KL,1,z_score,11.641710001743984,4.365641250653994,True,1.940285000290664,True
2,492,CA-KL,1,z_score,7.8989641625260605,4.0422604172722165,True,1.940285000290664,True
3,493,CA-KL,1,z_score,2.5870466670542185,4.0422604172722165,False,1.940285000290664,True
2,494,CA-KL,1,z_score,13.581995002034647,4.0422604172722165,True,1.940285000290664,True
1,495,CA-KL,1,z_score,10.83325791828954,4.365641250653994,True,1.940285000290664,True
5,496,CA-KL,1,z_score,13.581995002034647,4.0422604172722165,True,1.940285000290664,True
1,497,CA-KL,1,z_score,11.641710001743984,4.365641250653994,True,1.940285000290664,True
5,498,CA-KL,1,z_score,11.318329168362206,4.0422604172722165,True,1.940285000290664,True
3,499,CA-KL,1,z_score,11.480019585053094,4.0422604172722165,True,1.940285000290664,True
4,5,CA-KL,1,z_score,12.97394631876042,2.748737083745107,True,1.940285000290664,True
4,50,CA-KL,1,z_score,10.509877084907762,2.748737083745107,True,1.940285000290664,True
2,51,CA-KL,1,z_score,14.55213750217998,4.0422604172722165,True,1.940285000290664,True
3,52,CA-KL,1,z_score,13.420304585343759,4.0422604172722165,True,1.940285000290664,True
3,53,CA-KL,1,z_score,11.96509083512576,4.0422604172722165,True,1.940285000290664,True
3,54,CA-KL,1,z_score,13.096923751961981,4.0422604172722165,True,1.940285000290664,True
1,55,CA-KL,1,z_score,24.09187208694241,4.365641250653994,True,1.940285000290664,True
5,56,CA-KL,1,z_score,12.611852501889315,4.0422604172722165,True,1.940285000290664,True
4,57,CA-KL,1,z_score,11.318329168362206,2.748737083745107,True,1.940285000290664,True
1,58,CA-KL,1,z_score,10.671567501598652,4.365641250653994,True,1.940285000290664,True
5,59,CA-KL,1,z_score,18.10932666937953,4.0422604172722165,True,1.940285000290664,True
4,6,CA-KL,1,z_score,13.743685418725535,2.748737083745107,True,1.940285000290664,True
1,60,CA-KL,1,z_score,12.935233335271093,4.365641250653994,True,1.940285000290664,True
4,61,CA-KL,1,z_score,10.348186668216874,2.748737083745107,True,1.940285000290664,True
4,62,CA-KL,1,z_score,10.509877084907762,2.748737083745107,True,1.940285000290664,True
3,63,CA-KL,1,z_score,14.067066252107313,4.0422604172722165,True,1.940285000290664,True
5,64,CA-KL,1,z_score,10.024805834835098,4.0422604172722165,True,1.940285000290664,True
2,65,CA-KL,1,z_score,10.024805834835098,4.0422604172722165,True,1.940285000290664,True
1,66,CA-KL,1,z_score,12.935233335271093,4.365641250653994,True,1.940285000290664,True
5,67,CA-KL,1,z_score,10.83325791828954,4.0422604172722165,True,1.940285000290664,True
4,68,CA-KL,1,z_score,13.258614168652871,2.748737083745107,True,1.940285000290664,True
2,69,CA-KL,1,z_score,12.450162085198427,4.0422604172722165,True,1.940285000290664,True
3,7,CA-KL,1,z_score,11.156638751671318,4.0422604172722165,True,1.940285000290664,True
1,70,CA-KL,1,z_score,9.539734584762432,4.365641250653994,True,1.940285000290664,True
5,71,CA-KL,1,z_score,13.258614168652871,4.0422604172722165,True,1.940285000290664,True
5,72,CA-KL,1,z_score,13.258614168652871,4.0422604172722165,True,1.940285000290664,True
3,73,CA-KL,1,z_score,12.288471668507539,4.0422604172722165,True,1.940285000290664,True
3,74,CA-KL,1,z_score,12.611852501889315,4.0422604172722165,True,1.940285000290664,True
2,75,CA-KL,1,z_score,15.198899168943534,4.0422604172722165,True,1.940285000290664,True
5,76,CA-KL,1,z_score,12.450162085198427,4.0422604172722165,True,1.940285000290664,True
2,77,CA-KL,1,z_score,10.83325791828954,4.0422604172722165,True,1.940285000290664,True
1,78,CA-KL,1,z_score,11.803400418434872,4.365641250653994,True,1.940285000290664,True
2,79,CA-KL,1,z_score,9.863115418144208,4.0422604172722165,True,1.940285000290664,True
5,8,CA-KL,1,z_score,13.581995002034647,4.0422604172722165,True,1.940285000290664,True
3,80,CA-KL,1,z_score,11.96509083512576,4.0422604172722165,True,1.940285000290664,True
2,81,CA-KL,1,z_score,11.156638751671318,4.0422604172722165,True,1.940285000290664,True
1,82,CA-KL,1,z_score,11.96509083512576,4.365641250653994,True,1.940285000290664,True
5,83,CA-KL,1,z_score,13.420304585343759,4.0422604172722165,True,1.940285000290664,True
2,84,CA-KL,1,z_score,13.258614168652871,4.0422604172722165,True,1.940285000290664,True
4,85,CA-KL,1,z_score,10.354600689736234,2.748737083745107,True,1.940285000290664,True
1,86,CA-KL,1,z_score,10.348186668216874,4.365641250653994,True,1.940285000290664,True
4,87,CA-KL,1,z_score,13.420304585343759,2.748737083745107,True,1.940285000290664,True
1,88,CA-KL,1,z_score,12.935233335271093,4.365641250653994,True,1.940285000290664,True
4,89,CA-KL,1,z_score,9.539734584762432,2.748737083745107,True,1.940285000290664,True
1,9,CA-KL,1,z_score,13.258614168652871,4.365641250653994,True,1.940285000290664,True
5,90,CA-KL,1,z_score,13.096923751961981,4.0422604172722165,True,1.940285000290664,True
2,91,CA-KL,1,z_score,11.803400418434872,4.0422604172722165,True,1.940285000290664,True
2,92,CA-KL,1,z_score,2.42535625036333,4.0422604172722165,False,1.940285000290664,True
5,93,CA-KL,1,z_score,13.096923751961981,4.0422604172722165,True,1.940285000290664,True
4,94,CA-KL,1,z_score,13.581995002034647,2.748737083745107,True,1.940285000290664,True
4,95,CA-KL,1,z_score,13.420304585343759,2.748737083745107,True,1.940285000290664,True
1,96,CA-KL,1,z_score,10.348186668216874,4.365641250653994,True,1.940285000290664,True
4,97,CA-KL,1,z_score,12.611852501889315,2.748737083745107,True,1.940285000290664,True
2,98,CA-KL,1,z_score,12.611852501889315,4.0422604172722165,True,1.940285000290664,True
3,99,CA-KL,1,z_score,13.096923751961981,4.0422604172722165,True,1.940285000290664,True
2,1,CA-KL + Candidate Greenlist,1,z_score,15.037208752252646,4.0422604172722165,True,1.940285000290664,True
3,10,CA-KL + Candidate Greenlist,1,z_score,14.875518335561758,4.0422604172722165,True,1.940285000290664,True
4,100,CA-KL + Candidate Greenlist,1,z_score,10.994948334980428,2.748737083745107,True,1.940285000290664,True
5,101,CA-KL + Candidate Greenlist,1,z_score,14.713827918870868,4.0422604172722165,True,1.940285000290664,True
5,102,CA-KL + Candidate Greenlist,1,z_score,10.83325791828954,4.0422604172722165,True,1.940285000290664,True
3,103,CA-KL + Candidate Greenlist,1,z_score,11.803400418434872,4.0422604172722165,True,1.940285000290664,True
2,104,CA-KL + Candidate Greenlist,1,z_score,10.024805834835098,4.0422604172722165,True,1.940285000290664,True
4,105,CA-KL + Candidate Greenlist,1,z_score,11.803400418434872,2.748737083745107,True,1.940285000290664,True
5,106,CA-KL + Candidate Greenlist,1,z_score,10.994948334980428,4.0422604172722165,True,1.940285000290664,True
2,107,CA-KL + Candidate Greenlist,1,z_score,11.803400418434872,4.0422604172722165,True,1.940285000290664,True
3,108,CA-KL + Candidate Greenlist,1,z_score,14.390447085489091,4.0422604172722165,True,1.940285000290664,True
3,109,CA-KL + Candidate Greenlist,1,z_score,14.713827918870868,4.0422604172722165,True,1.940285000290664,True
2,11,CA-KL + Candidate Greenlist,1,z_score,2.2636658336724413,4.0422604172722165,False,1.940285000290664,True
2,110,CA-KL + Candidate Greenlist,1,z_score,10.994948334980428,4.0422604172722165,True,1.940285000290664,True
3,111,CA-KL + Candidate Greenlist,1,z_score,11.480019585053094,4.0422604172722165,True,1.940285000290664,True
4,112,CA-KL + Candidate Greenlist,1,z_score,10.348186668216874,2.748737083745107,True,1.940285000290664,True
3,113,CA-KL + Candidate Greenlist,1,z_score,13.905375835416425,4.0422604172722165,True,1.940285000290664,True
3,114,CA-KL + Candidate Greenlist,1,z_score,10.671567501598652,4.0422604172722165,True,1.940285000290664,True
3,115,CA-KL + Candidate Greenlist,1,z_score,12.611852501889315,4.0422604172722165,True,1.940285000290664,True
1,116,CA-KL + Candidate Greenlist,1,z_score,10.83325791828954,4.365641250653994,True,1.940285000290664,True
3,117,CA-KL + Candidate Greenlist,1,z_score,10.671567501598652,4.0422604172722165,True,1.940285000290664,True
2,118,CA-KL + Candidate Greenlist,1,z_score,8.892972917998875,4.0422604172722165,True,1.940285000290664,True
1,119,CA-KL + Candidate Greenlist,1,z_score,15.037208752252646,4.365641250653994,True,1.940285000290664,True
4,12,CA-KL + Candidate Greenlist,1,z_score,12.773542918580205,2.748737083745107,True,1.940285000290664,True
3,120,CA-KL + Candidate Greenlist,1,z_score,10.83325791828954,4.0422604172722165,True,1.940285000290664,True
1,121,CA-KL + Candidate Greenlist,1,z_score,12.773542918580205,4.365641250653994,True,1.940285000290664,True
1,122,CA-KL + Candidate Greenlist,1,z_score,13.581995002034647,4.365641250653994,True,1.940285000290664,True
1,123,CA-KL + Candidate Greenlist,1,z_score,12.611852501889315,4.365641250653994,True,1.940285000290664,True
1,124,CA-KL + Candidate Greenlist,1,z_score,10.83325791828954,4.365641250653994,True,1.940285000290664,True
3,125,CA-KL + Candidate Greenlist,1,z_score,13.581995002034647,4.0422604172722165,True,1.940285000290664,True
4,126,CA-KL + Candidate Greenlist,1,z_score,6.952687917708213,2.748737083745107,True,1.940285000290664,True
1,127,CA-KL + Candidate Greenlist,1,z_score,11.96509083512576,4.365641250653994,True,1.940285000290664,True
5,128,CA-KL + Candidate Greenlist,1,z_score,14.067066252107313,4.0422604172722165,True,1.940285000290664,True
4,129,CA-KL + Candidate Greenlist,1,z_score,10.024805834835098,2.748737083745107,True,1.940285000290664,True
4,13,CA-KL + Candidate Greenlist,1,z_score,8.731282501307987,2.748737083745107,True,1.940285000290664,True
5,130,CA-KL + Candidate Greenlist,1,z_score,13.258614168652871,4.0422604172722165,True,1.940285000290664,True
5,131,CA-KL + Candidate Greenlist,1,z_score,12.935233335271093,4.0422604172722165,True,1.940285000290664,True
1,132,CA-KL + Candidate Greenlist,1,z_score,11.480019585053094,4.365641250653994,True,1.940285000290664,True
1,133,CA-KL + Candidate Greenlist,1,z_score,12.450162085198427,4.365641250653994,True,1.940285000290664,True
5,134,CA-KL + Candidate Greenlist,1,z_score,11.318329168362206,4.0422604172722165,True,1.940285000290664,True
1,135,CA-KL + Candidate Greenlist,1,z_score,12.126781251816649,4.365641250653994,True,1.940285000290664,True
5,136,CA-KL + Candidate Greenlist,1,z_score,10.509877084907762,4.0422604172722165,True,1.940285000290664,True
5,137,CA-KL + Candidate Greenlist,1,z_score,13.301364522388443,4.0422604172722165,True,1.940285000290664,True
4,138,CA-KL + Candidate Greenlist,1,z_score,2.42535625036333,2.748737083745107,False,1.940285000290664,True
3,139,CA-KL + Candidate Greenlist,1,z_score,5.820855000871992,4.0422604172722165,True,1.940285000290664,True
2,14,CA-KL + Candidate Greenlist,1,z_score,12.611852501889315,4.0422604172722165,True,1.940285000290664,True
4,140,CA-KL + Candidate Greenlist,1,z_score,9.216353751380653,2.748737083745107,True,1.940285000290664,True
4,141,CA-KL + Candidate Greenlist,1,z_score,3.5571891671995504,2.748737083745107,True,1.940285000290664,True
2,142,CA-KL + Candidate Greenlist,1,z_score,13.743685418725535,4.0422604172722165,True,1.940285000290664,True
2,143,CA-KL + Candidate Greenlist,1,z_score,9.054663334689765,4.0422604172722165,True,1.940285000290664,True
4,144,CA-KL + Candidate Greenlist,1,z_score,12.935233335271093,2.748737083745107,True,1.940285000290664,True
3,145,CA-KL + Candidate Greenlist,1,z_score,11.641710001743984,4.0422604172722165,True,1.940285000290664,True
2,146,CA-KL + Candidate Greenlist,1,z_score,11.803400418434872,4.0422604172722165,True,1.940285000290664,True
2,147,CA-KL + Candidate Greenlist,1,z_score,15.037208752252646,4.0422604172722165,True,1.940285000290664,True
2,148,CA-KL + Candidate Greenlist,1,z_score,11.318329168362206,4.0422604172722165,True,1.940285000290664,True
4,149,CA-KL + Candidate Greenlist,1,z_score,11.96509083512576,2.748737083745107,True,1.940285000290664,True
4,15,CA-KL + Candidate Greenlist,1,z_score,10.509877084907762,2.748737083745107,True,1.940285000290664,True
2,150,CA-KL + Candidate Greenlist,1,z_score,10.024805834835098,4.0422604172722165,True,1.940285000290664,True
1,151,CA-KL + Candidate Greenlist,1,z_score,6.790997501017324,4.365641250653994,True,1.940285000290664,True
1,152,CA-KL + Candidate Greenlist,1,z_score,0.3233808333817773,4.365641250653994,False,1.940285000290664,False
3,153,CA-KL + Candidate Greenlist,1,z_score,10.509877084907762,4.0422604172722165,True,1.940285000290664,True
4,154,CA-KL + Candidate Greenlist,1,z_score,11.318329168362206,2.748737083745107,True,1.940285000290664,True
1,155,CA-KL + Candidate Greenlist,1,z_score,11.318329168362206,4.365641250653994,True,1.940285000290664,True
3,156,CA-KL + Candidate Greenlist,1,z_score,7.922830417853544,4.0422604172722165,True,1.940285000290664,True
1,157,CA-KL + Candidate Greenlist,1,z_score,13.258614168652871,4.365641250653994,True,1.940285000290664,True
5,158,CA-KL + Candidate Greenlist,1,z_score,7.922830417853544,4.0422604172722165,True,1.940285000290664,True
2,159,CA-KL + Candidate Greenlist,1,z_score,11.803400418434872,4.0422604172722165,True,1.940285000290664,True
5,16,CA-KL + Candidate Greenlist,1,z_score,14.875518335561758,4.0422604172722165,True,1.940285000290664,True
3,160,CA-KL + Candidate Greenlist,1,z_score,10.024805834835098,4.0422604172722165,True,1.940285000290664,True
4,161,CA-KL + Candidate Greenlist,1,z_score,12.288471668507539,2.748737083745107,True,1.940285000290664,True
3,162,CA-KL + Candidate Greenlist,1,z_score,9.863115418144208,4.0422604172722165,True,1.940285000290664,True
1,163,CA-KL + Candidate Greenlist,1,z_score,12.288471668507539,4.365641250653994,True,1.940285000290664,True
2,164,CA-KL + Candidate Greenlist,1,z_score,10.509877084907762,4.0422604172722165,True,1.940285000290664,True
2,165,CA-KL + Candidate Greenlist,1,z_score,12.773542918580205,4.0422604172722165,True,1.940285000290664,True
2,166,CA-KL + Candidate Greenlist,1,z_score,9.863115418144208,4.0422604172722165,True,1.940285000290664,True
4,167,CA-KL + Candidate Greenlist,1,z_score,10.348186668216874,2.748737083745107,True,1.940285000290664,True
5,168,CA-KL + Candidate Greenlist,1,z_score,11.480019585053094,4.0422604172722165,True,1.940285000290664,True
1,169,CA-KL + Candidate Greenlist,1,z_score,12.611852501889315,4.365641250653994,True,1.940285000290664,True
1,17,CA-KL + Candidate Greenlist,1,z_score,12.288471668507539,4.365641250653994,True,1.940285000290664,True
1,170,CA-KL + Candidate Greenlist,1,z_score,12.450162085198427,4.365641250653994,True,1.940285000290664,True
3,171,CA-KL + Candidate Greenlist,1,z_score,9.70142500145332,4.0422604172722165,True,1.940285000290664,True
4,172,CA-KL + Candidate Greenlist,1,z_score,10.994948334980428,2.748737083745107,True,1.940285000290664,True
5,173,CA-KL + Candidate Greenlist,1,z_score,12.935233335271093,4.0422604172722165,True,1.940285000290664,True
2,174,CA-KL + Candidate Greenlist,1,z_score,14.228756668798201,4.0422604172722165,True,1.940285000290664,True
3,175,CA-KL + Candidate Greenlist,1,z_score,14.228756668798201,4.0422604172722165,True,1.940285000290664,True
2,176,CA-KL + Candidate Greenlist,1,z_score,11.318329168362206,4.0422604172722165,True,1.940285000290664,True
3,177,CA-KL + Candidate Greenlist,1,z_score,7.27606875108999,4.0422604172722165,True,1.940285000290664,True
5,178,CA-KL + Candidate Greenlist,1,z_score,10.024805834835098,4.0422604172722165,True,1.940285000290664,True
1,179,CA-KL + Candidate Greenlist,1,z_score,11.96509083512576,4.365641250653994,True,1.940285000290664,True
3,18,CA-KL + Candidate Greenlist,1,z_score,9.70142500145332,4.0422604172722165,True,1.940285000290664,True
3,180,CA-KL + Candidate Greenlist,1,z_score,9.054663334689765,4.0422604172722165,True,1.940285000290664,True
1,181,CA-KL + Candidate Greenlist,1,z_score,9.378044168071542,4.365641250653994,True,1.940285000290664,True
3,182,CA-KL + Candidate Greenlist,1,z_score,11.641710001743984,4.0422604172722165,True,1.940285000290664,True
3,183,CA-KL + Candidate Greenlist,1,z_score,7.27606875108999,4.0422604172722165,True,1.940285000290664,True
4,184,CA-KL + Candidate Greenlist,1,z_score,6.790997501017324,2.748737083745107,True,1.940285000290664,True
2,185,CA-KL + Candidate Greenlist,1,z_score,14.067066252107313,4.0422604172722165,True,1.940285000290664,True
2,186,CA-KL + Candidate Greenlist,1,z_score,11.96509083512576,4.0422604172722165,True,1.940285000290664,True
3,187,CA-KL + Candidate Greenlist,1,z_score,15.198899168943534,4.0422604172722165,True,1.940285000290664,True
1,188,CA-KL + Candidate Greenlist,1,z_score,11.803400418434872,4.365641250653994,True,1.940285000290664,True
1,189,CA-KL + Candidate Greenlist,1,z_score,9.378044168071542,4.365641250653994,True,1.940285000290664,True
3,19,CA-KL + Candidate Greenlist,1,z_score,9.378044168071542,4.0422604172722165,True,1.940285000290664,True
1,190,CA-KL + Candidate Greenlist,1,z_score,8.407901667926211,4.365641250653994,True,1.940285000290664,True
1,191,CA-KL + Candidate Greenlist,1,z_score,7.922830417853544,4.365641250653994,True,1.940285000290664,True
4,192,CA-KL + Candidate Greenlist,1,z_score,12.611852501889315,2.748737083745107,True,1.940285000290664,True
1,193,CA-KL + Candidate Greenlist,1,z_score,11.641710001743984,4.365641250653994,True,1.940285000290664,True
1,194,CA-KL + Candidate Greenlist,1,z_score,10.83325791828954,4.365641250653994,True,1.940285000290664,True
3,195,CA-KL + Candidate Greenlist,1,z_score,4.365641250653994,4.0422604172722165,True,1.940285000290664,True
2,196,CA-KL + Candidate Greenlist,1,z_score,13.258614168652871,4.0422604172722165,True,1.940285000290664,True
4,197,CA-KL + Candidate Greenlist,1,z_score,12.773542918580205,2.748737083745107,True,1.940285000290664,True
4,198,CA-KL + Candidate Greenlist,1,z_score,11.318329168362206,2.748737083745107,True,1.940285000290664,True
4,199,CA-KL + Candidate Greenlist,1,z_score,10.509877084907762,2.748737083745107,True,1.940285000290664,True
3,2,CA-KL + Candidate Greenlist,1,z_score,13.581995002034647,4.0422604172722165,True,1.940285000290664,True
5,20,CA-KL + Candidate Greenlist,1,z_score,13.581995002034647,4.0422604172722165,True,1.940285000290664,True
5,200,CA-KL + Candidate Greenlist,1,z_score,6.144235834253769,4.0422604172722165,True,1.940285000290664,True
4,201,CA-KL + Candidate Greenlist,1,z_score,10.348186668216874,2.748737083745107,True,1.940285000290664,True
2,202,CA-KL + Candidate Greenlist,1,z_score,13.420304585343759,4.0422604172722165,True,1.940285000290664,True
4,203,CA-KL + Candidate Greenlist,1,z_score,10.83325791828954,2.748737083745107,True,1.940285000290664,True
5,204,CA-KL + Candidate Greenlist,1,z_score,9.378044168071542,4.0422604172722165,True,1.940285000290664,True
3,205,CA-KL + Candidate Greenlist,1,z_score,12.450162085198427,4.0422604172722165,True,1.940285000290664,True
3,206,CA-KL + Candidate Greenlist,1,z_score,12.288471668507539,4.0422604172722165,True,1.940285000290664,True
3,207,CA-KL + Candidate Greenlist,1,z_score,12.288471668507539,4.0422604172722165,True,1.940285000290664,True
1,208,CA-KL + Candidate Greenlist,1,z_score,8.5695920846171,4.365641250653994,True,1.940285000290664,True
3,209,CA-KL + Candidate Greenlist,1,z_score,10.83325791828954,4.0422604172722165,True,1.940285000290664,True
4,21,CA-KL + Candidate Greenlist,1,z_score,10.994948334980428,2.748737083745107,True,1.940285000290664,True
1,210,CA-KL + Candidate Greenlist,1,z_score,9.216353751380653,4.365641250653994,True,1.940285000290664,True
4,211,CA-KL + Candidate Greenlist,1,z_score,8.407901667926211,2.748737083745107,True,1.940285000290664,True
1,212,CA-KL + Candidate Greenlist,1,z_score,11.156638751671318,4.365641250653994,True,1.940285000290664,True
5,213,CA-KL + Candidate Greenlist,1,z_score,10.83325791828954,4.0422604172722165,True,1.940285000290664,True
1,214,CA-KL + Candidate Greenlist,1,z_score,13.096923751961981,4.365641250653994,True,1.940285000290664,True
2,215,CA-KL + Candidate Greenlist,1,z_score,9.539734584762432,4.0422604172722165,True,1.940285000290664,True
3,216,CA-KL + Candidate Greenlist,1,z_score,13.258614168652871,4.0422604172722165,True,1.940285000290664,True
2,217,CA-KL + Candidate Greenlist,1,z_score,9.70142500145332,4.0422604172722165,True,1.940285000290664,True
3,218,CA-KL + Candidate Greenlist,1,z_score,10.348186668216874,4.0422604172722165,True,1.940285000290664,True
3,219,CA-KL + Candidate Greenlist,1,z_score,11.318329168362206,4.0422604172722165,True,1.940285000290664,True
1,22,CA-KL + Candidate Greenlist,1,z_score,12.450162085198427,4.365641250653994,True,1.940285000290664,True
4,220,CA-KL + Candidate Greenlist,1,z_score,13.581995002034647,2.748737083745107,True,1.940285000290664,True
4,221,CA-KL + Candidate Greenlist,1,z_score,13.743685418725535,2.748737083745107,True,1.940285000290664,True
1,222,CA-KL + Candidate Greenlist,1,z_score,10.509877084907762,4.365641250653994,True,1.940285000290664,True
3,223,CA-KL + Candidate Greenlist,1,z_score,9.70142500145332,4.0422604172722165,True,1.940285000290664,True
2,224,CA-KL + Candidate Greenlist,1,z_score,11.641710001743984,4.0422604172722165,True,1.940285000290664,True
4,225,CA-KL + Candidate Greenlist,1,z_score,13.905375835416425,2.748737083745107,True,1.940285000290664,True
1,226,CA-KL + Candidate Greenlist,1,z_score,11.318329168362206,4.365641250653994,True,1.940285000290664,True
2,227,CA-KL + Candidate Greenlist,1,z_score,10.994948334980428,4.0422604172722165,True,1.940285000290664,True
1,228,CA-KL + Candidate Greenlist,1,z_score,8.892972917998875,4.365641250653994,True,1.940285000290664,True
5,229,CA-KL + Candidate Greenlist,1,z_score,11.641710001743984,4.0422604172722165,True,1.940285000290664,True
1,23,CA-KL + Candidate Greenlist,1,z_score,9.863115418144208,4.365641250653994,True,1.940285000290664,True
2,230,CA-KL + Candidate Greenlist,1,z_score,7.761140001162656,4.0422604172722165,True,1.940285000290664,True
5,231,CA-KL + Candidate Greenlist,1,z_score,10.671567501598652,4.0422604172722165,True,1.940285000290664,True
5,232,CA-KL + Candidate Greenlist,1,z_score,10.509877084907762,4.0422604172722165,True,1.940285000290664,True
2,233,CA-KL + Candidate Greenlist,1,z_score,10.509877084907762,4.0422604172722165,True,1.940285000290664,True
1,234,CA-KL + Candidate Greenlist,1,z_score,12.126781251816649,4.365641250653994,True,1.940285000290664,True
5,235,CA-KL + Candidate Greenlist,1,z_score,12.288471668507539,4.0422604172722165,True,1.940285000290664,True
3,236,CA-KL + Candidate Greenlist,1,z_score,9.70142500145332,4.0422604172722165,True,1.940285000290664,True
5,237,CA-KL + Candidate Greenlist,1,z_score,11.803400418434872,4.0422604172722165,True,1.940285000290664,True
3,238,CA-KL + Candidate Greenlist,1,z_score,18.432707502761307,4.0422604172722165,True,1.940285000290664,True
4,239,CA-KL + Candidate Greenlist,1,z_score,13.905375835416425,2.748737083745107,True,1.940285000290664,True
5,24,CA-KL + Candidate Greenlist,1,z_score,11.96509083512576,4.0422604172722165,True,1.940285000290664,True
4,240,CA-KL + Candidate Greenlist,1,z_score,9.863115418144208,2.748737083745107,True,1.940285000290664,True
1,241,CA-KL + Candidate Greenlist,1,z_score,11.318329168362206,4.365641250653994,True,1.940285000290664,True
2,242,CA-KL + Candidate Greenlist,1,z_score,13.905375835416425,4.0422604172722165,True,1.940285000290664,True
4,243,CA-KL + Candidate Greenlist,1,z_score,10.994948334980428,2.748737083745107,True,1.940285000290664,True
5,244,CA-KL + Candidate Greenlist,1,z_score,11.318329168362206,4.0422604172722165,True,1.940285000290664,True
2,245,CA-KL + Candidate Greenlist,1,z_score,10.348186668216874,4.0422604172722165,True,1.940285000290664,True
2,246,CA-KL + Candidate Greenlist,1,z_score,9.70142500145332,4.0422604172722165,True,1.940285000290664,True
3,247,CA-KL + Candidate Greenlist,1,z_score,9.863115418144208,4.0422604172722165,True,1.940285000290664,True
4,248,CA-KL + Candidate Greenlist,1,z_score,15.037208752252646,2.748737083745107,True,1.940285000290664,True
4,249,CA-KL + Candidate Greenlist,1,z_score,9.539734584762432,2.748737083745107,True,1.940285000290664,True
3,25,CA-KL + Candidate Greenlist,1,z_score,14.713827918870868,4.0422604172722165,True,1.940285000290664,True
1,250,CA-KL + Candidate Greenlist,1,z_score,13.258614168652871,4.365641250653994,True,1.940285000290664,True
5,251,CA-KL + Candidate Greenlist,1,z_score,12.773542918580205,4.0422604172722165,True,1.940285000290664,True
3,252,CA-KL + Candidate Greenlist,1,z_score,12.935233335271093,4.0422604172722165,True,1.940285000290664,True
3,253,CA-KL + Candidate Greenlist,1,z_score,11.318329168362206,4.0422604172722165,True,1.940285000290664,True
5,254,CA-KL + Candidate Greenlist,1,z_score,10.671567501598652,4.0422604172722165,True,1.940285000290664,True
1,255,CA-KL + Candidate Greenlist,1,z_score,11.96509083512576,4.365641250653994,True,1.940285000290664,True
2,256,CA-KL + Candidate Greenlist,1,z_score,10.024805834835098,4.0422604172722165,True,1.940285000290664,True
3,257,CA-KL + Candidate Greenlist,1,z_score,10.348186668216874,4.0422604172722165,True,1.940285000290664,True
5,258,CA-KL + Candidate Greenlist,1,z_score,10.509877084907762,4.0422604172722165,True,1.940285000290664,True
1,259,CA-KL + Candidate Greenlist,1,z_score,13.420304585343759,4.365641250653994,True,1.940285000290664,True
4,26,CA-KL + Candidate Greenlist,1,z_score,9.539734584762432,2.748737083745107,True,1.940285000290664,True
5,260,CA-KL + Candidate Greenlist,1,z_score,12.450162085198427,4.0422604172722165,True,1.940285000290664,True
3,261,CA-KL + Candidate Greenlist,1,z_score,11.803400418434872,4.0422604172722165,True,1.940285000290664,True
2,262,CA-KL + Candidate Greenlist,1,z_score,10.83325791828954,4.0422604172722165,True,1.940285000290664,True
2,263,CA-KL + Candidate Greenlist,1,z_score,12.450162085198427,4.0422604172722165,True,1.940285000290664,True
2,264,CA-KL + Candidate Greenlist,1,z_score,12.611852501889315,4.0422604172722165,True,1.940285000290664,True
2,265,CA-KL + Candidate Greenlist,1,z_score,15.037208752252646,4.0422604172722165,True,1.940285000290664,True
2,266,CA-KL + Candidate Greenlist,1,z_score,14.067066252107313,4.0422604172722165,True,1.940285000290664,True
5,267,CA-KL + Candidate Greenlist,1,z_score,10.024805834835098,4.0422604172722165,True,1.940285000290664,True
5,268,CA-KL + Candidate Greenlist,1,z_score,11.96509083512576,4.0422604172722165,True,1.940285000290664,True
4,269,CA-KL + Candidate Greenlist,1,z_score,14.067066252107313,2.748737083745107,True,1.940285000290664,True
3,27,CA-KL + Candidate Greenlist,1,z_score,10.509877084907762,4.0422604172722165,True,1.940285000290664,True
1,270,CA-KL + Candidate Greenlist,1,z_score,8.246211251235321,4.365641250653994,True,1.940285000290664,True
5,271,CA-KL + Candidate Greenlist,1,z_score,11.803400418434872,4.0422604172722165,True,1.940285000290664,True
5,272,CA-KL + Candidate Greenlist,1,z_score,12.611852501889315,4.0422604172722165,True,1.940285000290664,True
3,273,CA-KL + Candidate Greenlist,1,z_score,10.994948334980428,4.0422604172722165,True,1.940285000290664,True
5,274,CA-KL + Candidate Greenlist,1,z_score,12.773542918580205,4.0422604172722165,True,1.940285000290664,True
2,275,CA-KL + Candidate Greenlist,1,z_score,10.83325791828954,4.0422604172722165,True,1.940285000290664,True
5,276,CA-KL + Candidate Greenlist,1,z_score,13.258614168652871,4.0422604172722165,True,1.940285000290664,True
5,277,CA-KL + Candidate Greenlist,1,z_score,8.407901667926211,4.0422604172722165,True,1.940285000290664,True
5,278,CA-KL + Candidate Greenlist,1,z_score,13.581995002034647,4.0422604172722165,True,1.940285000290664,True
1,279,CA-KL + Candidate Greenlist,1,z_score,12.935233335271093,4.365641250653994,True,1.940285000290664,True
5,28,CA-KL + Candidate Greenlist,1,z_score,11.156638751671318,4.0422604172722165,True,1.940285000290664,True
1,280,CA-KL + Candidate Greenlist,1,z_score,9.378044168071542,4.365641250653994,True,1.940285000290664,True
5,281,CA-KL + Candidate Greenlist,1,z_score,11.803400418434872,4.0422604172722165,True,1.940285000290664,True
2,282,CA-KL + Candidate Greenlist,1,z_score,7.437759167780879,4.0422604172722165,True,1.940285000290664,True
5,283,CA-KL + Candidate Greenlist,1,z_score,9.70142500145332,4.0422604172722165,True,1.940285000290664,True
4,284,CA-KL + Candidate Greenlist,1,z_score,12.126781251816649,2.748737083745107,True,1.940285000290664,True
5,285,CA-KL + Candidate Greenlist,1,z_score,10.186496251525986,4.0422604172722165,True,1.940285000290664,True
2,286,CA-KL + Candidate Greenlist,1,z_score,7.922830417853544,4.0422604172722165,True,1.940285000290664,True
1,287,CA-KL + Candidate Greenlist,1,z_score,11.641710001743984,4.365641250653994,True,1.940285000290664,True
3,288,CA-KL + Candidate Greenlist,1,z_score,10.83325791828954,4.0422604172722165,True,1.940285000290664,True
1,289,CA-KL + Candidate Greenlist,1,z_score,11.318329168362206,4.365641250653994,True,1.940285000290664,True
4,29,CA-KL + Candidate Greenlist,1,z_score,10.509877084907762,2.748737083745107,True,1.940285000290664,True
4,290,CA-KL + Candidate Greenlist,1,z_score,11.480019585053094,2.748737083745107,True,1.940285000290664,True
2,291,CA-KL + Candidate Greenlist,1,z_score,9.539734584762432,4.0422604172722165,True,1.940285000290664,True
2,292,CA-KL + Candidate Greenlist,1,z_score,11.803400418434872,4.0422604172722165,True,1.940285000290664,True
4,293,CA-KL + Candidate Greenlist,1,z_score,11.641710001743984,2.748737083745107,True,1.940285000290664,True
3,294,CA-KL + Candidate Greenlist,1,z_score,12.773542918580205,4.0422604172722165,True,1.940285000290664,True
2,295,CA-KL + Candidate Greenlist,1,z_score,11.803400418434872,4.0422604172722165,True,1.940285000290664,True
5,296,CA-KL + Candidate Greenlist,1,z_score,10.186496251525986,4.0422604172722165,True,1.940285000290664,True
3,297,CA-KL + Candidate Greenlist,1,z_score,12.611852501889315,4.0422604172722165,True,1.940285000290664,True
5,298,CA-KL + Candidate Greenlist,1,z_score,11.156638751671318,4.0422604172722165,True,1.940285000290664,True
1,299,CA-KL + Candidate Greenlist,1,z_score,10.509877084907762,4.365641250653994,True,1.940285000290664,True
5,3,CA-KL + Candidate Greenlist,1,z_score,11.156638751671318,4.0422604172722165,True,1.940285000290664,True
5,30,CA-KL + Candidate Greenlist,1,z_score,12.450162085198427,4.0422604172722165,True,1.940285000290664,True
1,300,CA-KL + Candidate Greenlist,1,z_score,13.743685418725535,4.365641250653994,True,1.940285000290664,True
2,301,CA-KL + Candidate Greenlist,1,z_score,11.318329168362206,4.0422604172722165,True,1.940285000290664,True
4,302,CA-KL + Candidate Greenlist,1,z_score,10.509877084907762,2.748737083745107,True,1.940285000290664,True
4,303,CA-KL + Candidate Greenlist,1,z_score,11.480019585053094,2.748737083745107,True,1.940285000290664,True
3,304,CA-KL + Candidate Greenlist,1,z_score,11.318329168362206,4.0422604172722165,True,1.940285000290664,True
5,305,CA-KL + Candidate Greenlist,1,z_score,12.126781251816649,4.0422604172722165,True,1.940285000290664,True
1,306,CA-KL + Candidate Greenlist,1,z_score,11.96509083512576,4.365641250653994,True,1.940285000290664,True
2,307,CA-KL + Candidate Greenlist,1,z_score,10.186496251525986,4.0422604172722165,True,1.940285000290664,True
5,308,CA-KL + Candidate Greenlist,1,z_score,11.96509083512576,4.0422604172722165,True,1.940285000290664,True
2,309,CA-KL + Candidate Greenlist,1,z_score,9.208636977038154,4.0422604172722165,True,1.940285000290664,True
2,31,CA-KL + Candidate Greenlist,1,z_score,12.611852501889315,4.0422604172722165,True,1.940285000290664,True
5,310,CA-KL + Candidate Greenlist,1,z_score,15.845660835707088,4.0422604172722165,True,1.940285000290664,True
4,311,CA-KL + Candidate Greenlist,1,z_score,15.522280002325312,2.748737083745107,True,1.940285000290664,True
1,312,CA-KL + Candidate Greenlist,1,z_score,8.731282501307987,4.365641250653994,True,1.940285000290664,True
1,313,CA-KL + Candidate Greenlist,1,z_score,11.96509083512576,4.365641250653994,True,1.940285000290664,True
5,314,CA-KL + Candidate Greenlist,1,z_score,11.318329168362206,4.0422604172722165,True,1.940285000290664,True
1,315,CA-KL + Candidate Greenlist,1,z_score,8.084520834544433,4.365641250653994,True,1.940285000290664,True
2,316,CA-KL + Candidate Greenlist,1,z_score,10.024805834835098,4.0422604172722165,True,1.940285000290664,True
5,317,CA-KL + Candidate Greenlist,1,z_score,9.863115418144208,4.0422604172722165,True,1.940285000290664,True
4,318,CA-KL + Candidate Greenlist,1,z_score,10.509877084907762,2.748737083745107,True,1.940285000290664,True
4,319,CA-KL + Candidate Greenlist,1,z_score,9.863115418144208,2.748737083745107,True,1.940285000290664,True
1,32,CA-KL + Candidate Greenlist,1,z_score,13.420304585343759,4.365641250653994,True,1.940285000290664,True
2,320,CA-KL + Candidate Greenlist,1,z_score,11.480019585053094,4.0422604172722165,True,1.940285000290664,True
3,321,CA-KL + Candidate Greenlist,1,z_score,11.156638751671318,4.0422604172722165,True,1.940285000290664,True
1,322,CA-KL + Candidate Greenlist,1,z_score,11.827982606062339,4.365641250653994,True,1.940285000290664,True
2,323,CA-KL + Candidate Greenlist,1,z_score,8.5695920846171,4.0422604172722165,True,1.940285000290664,True
4,324,CA-KL + Candidate Greenlist,1,z_score,12.288471668507539,2.748737083745107,True,1.940285000290664,True
2,325,CA-KL + Candidate Greenlist,1,z_score,13.420304585343759,4.0422604172722165,True,1.940285000290664,True
4,326,CA-KL + Candidate Greenlist,1,z_score,12.288471668507539,2.748737083745107,True,1.940285000290664,True
3,327,CA-KL + Candidate Greenlist,1,z_score,10.509877084907762,4.0422604172722165,True,1.940285000290664,True
3,328,CA-KL + Candidate Greenlist,1,z_score,13.258614168652871,4.0422604172722165,True,1.940285000290664,True
5,329,CA-KL + Candidate Greenlist,1,z_score,12.126781251816649,4.0422604172722165,True,1.940285000290664,True
4,33,CA-KL + Candidate Greenlist,1,z_score,9.378044168071542,2.748737083745107,True,1.940285000290664,True
3,330,CA-KL + Candidate Greenlist,1,z_score,7.437759167780879,4.0422604172722165,True,1.940285000290664,True
4,331,CA-KL + Candidate Greenlist,1,z_score,10.83325791828954,2.748737083745107,True,1.940285000290664,True
4,332,CA-KL + Candidate Greenlist,1,z_score,11.156638751671318,2.748737083745107,True,1.940285000290664,True
1,333,CA-KL + Candidate Greenlist,1,z_score,12.935233335271093,4.365641250653994,True,1.940285000290664,True
4,334,CA-KL + Candidate Greenlist,1,z_score,12.773542918580205,2.748737083745107,True,1.940285000290664,True
1,335,CA-KL + Candidate Greenlist,1,z_score,11.803400418434872,4.365641250653994,True,1.940285000290664,True
1,336,CA-KL + Candidate Greenlist,1,z_score,10.83325791828954,4.365641250653994,True,1.940285000290664,True
2,337,CA-KL + Candidate Greenlist,1,z_score,9.378044168071542,4.0422604172722165,True,1.940285000290664,True
2,338,CA-KL + Candidate Greenlist,1,z_score,9.70142500145332,4.0422604172722165,True,1.940285000290664,True
5,339,CA-KL + Candidate Greenlist,1,z_score,12.773542918580205,4.0422604172722165,True,1.940285000290664,True
1,34,CA-KL + Candidate Greenlist,1,z_score,8.892972917998875,4.365641250653994,True,1.940285000290664,True
4,340,CA-KL + Candidate Greenlist,1,z_score,11.480019585053094,2.748737083745107,True,1.940285000290664,True
3,341,CA-KL + Candidate Greenlist,1,z_score,11.156638751671318,4.0422604172722165,True,1.940285000290664,True
3,342,CA-KL + Candidate Greenlist,1,z_score,8.5695920846171,4.0422604172722165,True,1.940285000290664,True
4,343,CA-KL + Candidate Greenlist,1,z_score,12.773542918580205,2.748737083745107,True,1.940285000290664,True
5,344,CA-KL + Candidate Greenlist,1,z_score,9.539734584762432,4.0422604172722165,True,1.940285000290664,True
2,345,CA-KL + Candidate Greenlist,1,z_score,9.378044168071542,4.0422604172722165,True,1.940285000290664,True
3,346,CA-KL + Candidate Greenlist,1,z_score,9.539734584762432,4.0422604172722165,True,1.940285000290664,True
5,347,CA-KL + Candidate Greenlist,1,z_score,10.024805834835098,4.0422604172722165,True,1.940285000290664,True
1,348,CA-KL + Candidate Greenlist,1,z_score,13.581995002034647,4.365641250653994,True,1.940285000290664,True
2,349,CA-KL + Candidate Greenlist,1,z_score,14.067066252107313,4.0422604172722165,True,1.940285000290664,True
1,35,CA-KL + Candidate Greenlist,1,z_score,7.114378334399101,4.365641250653994,True,1.940285000290664,True
1,350,CA-KL + Candidate Greenlist,1,z_score,11.480019585053094,4.365641250653994,True,1.940285000290664,True
3,351,CA-KL + Candidate Greenlist,1,z_score,8.731282501307987,4.0422604172722165,True,1.940285000290664,True
4,352,CA-KL + Candidate Greenlist,1,z_score,11.96509083512576,2.748737083745107,True,1.940285000290664,True
2,353,CA-KL + Candidate Greenlist,1,z_score,10.024805834835098,4.0422604172722165,True,1.940285000290664,True
3,354,CA-KL + Candidate Greenlist,1,z_score,18.756088336143083,4.0422604172722165,True,1.940285000290664,True
1,355,CA-KL + Candidate Greenlist,1,z_score,13.581995002034647,4.365641250653994,True,1.940285000290664,True
5,356,CA-KL + Candidate Greenlist,1,z_score,11.803400418434872,4.0422604172722165,True,1.940285000290664,True
5,357,CA-KL + Candidate Greenlist,1,z_score,8.731282501307987,4.0422604172722165,True,1.940285000290664,True
1,358,CA-KL + Candidate Greenlist,1,z_score,8.892972917998875,4.365641250653994,True,1.940285000290664,True
1,359,CA-KL + Candidate Greenlist,1,z_score,10.186496251525986,4.365641250653994,True,1.940285000290664,True
3,36,CA-KL + Candidate Greenlist,1,z_score,11.156638751671318,4.0422604172722165,True,1.940285000290664,True
5,360,CA-KL + Candidate Greenlist,1,z_score,9.378044168071542,4.0422604172722165,True,1.940285000290664,True
3,361,CA-KL + Candidate Greenlist,1,z_score,9.536055180666176,4.0422604172722165,True,1.940285000290664,True
4,362,CA-KL + Candidate Greenlist,1,z_score,12.126781251816649,2.748737083745107,True,1.940285000290664,True
5,363,CA-KL + Candidate Greenlist,1,z_score,11.803400418434872,4.0422604172722165,True,1.940285000290664,True
3,364,CA-KL + Candidate Greenlist,1,z_score,11.803400418434872,4.0422604172722165,True,1.940285000290664,True
3,365,CA-KL + Candidate Greenlist,1,z_score,13.258614168652871,4.0422604172722165,True,1.940285000290664,True
5,366,CA-KL + Candidate Greenlist,1,z_score,12.935233335271093,4.0422604172722165,True,1.940285000290664,True
2,367,CA-KL + Candidate Greenlist,1,z_score,10.348186668216874,4.0422604172722165,True,1.940285000290664,True
4,368,CA-KL + Candidate Greenlist,1,z_score,10.024805834835098,2.748737083745107,True,1.940285000290664,True
3,369,CA-KL + Candidate Greenlist,1,z_score,10.671567501598652,4.0422604172722165,True,1.940285000290664,True
4,37,CA-KL + Candidate Greenlist,1,z_score,9.539734584762432,2.748737083745107,True,1.940285000290664,True
2,370,CA-KL + Candidate Greenlist,1,z_score,12.126781251816649,4.0422604172722165,True,1.940285000290664,True
4,371,CA-KL + Candidate Greenlist,1,z_score,5.497474167490214,2.748737083745107,True,1.940285000290664,True
4,372,CA-KL + Candidate Greenlist,1,z_score,10.671567501598652,2.748737083745107,True,1.940285000290664,True
1,373,CA-KL + Candidate Greenlist,1,z_score,9.378044168071542,4.365641250653994,True,1.940285000290664,True
4,374,CA-KL + Candidate Greenlist,1,z_score,13.096923751961981,2.748737083745107,True,1.940285000290664,True
1,375,CA-KL + Candidate Greenlist,1,z_score,8.731282501307987,4.365641250653994,True,1.940285000290664,True
4,376,CA-KL + Candidate Greenlist,1,z_score,10.671567501598652,2.748737083745107,True,1.940285000290664,True
3,377,CA-KL + Candidate Greenlist,1,z_score,14.067066252107313,4.0422604172722165,True,1.940285000290664,True
3,378,CA-KL + Candidate Greenlist,1,z_score,10.509877084907762,4.0422604172722165,True,1.940285000290664,True
4,379,CA-KL + Candidate Greenlist,1,z_score,11.318329168362206,2.748737083745107,True,1.940285000290664,True
4,38,CA-KL + Candidate Greenlist,1,z_score,12.935233335271093,2.748737083745107,True,1.940285000290664,True
1,380,CA-KL + Candidate Greenlist,1,z_score,11.803400418434872,4.365641250653994,True,1.940285000290664,True
2,381,CA-KL + Candidate Greenlist,1,z_score,12.773542918580205,4.0422604172722165,True,1.940285000290664,True
4,382,CA-KL + Candidate Greenlist,1,z_score,10.348186668216874,2.748737083745107,True,1.940285000290664,True
2,383,CA-KL + Candidate Greenlist,1,z_score,8.731282501307987,4.0422604172722165,True,1.940285000290664,True
2,384,CA-KL + Candidate Greenlist,1,z_score,10.682018893364258,4.0422604172722165,True,1.940285000290664,True
3,385,CA-KL + Candidate Greenlist,1,z_score,13.096923751961981,4.0422604172722165,True,1.940285000290664,True
2,386,CA-KL + Candidate Greenlist,1,z_score,5.497474167490214,4.0422604172722165,True,1.940285000290664,True
4,387,CA-KL + Candidate Greenlist,1,z_score,6.790997501017324,2.748737083745107,True,1.940285000290664,True
4,388,CA-KL + Candidate Greenlist,1,z_score,9.216353751380653,2.748737083745107,True,1.940285000290664,True
2,389,CA-KL + Candidate Greenlist,1,z_score,13.258614168652871,4.0422604172722165,True,1.940285000290664,True
4,39,CA-KL + Candidate Greenlist,1,z_score,11.318329168362206,2.748737083745107,True,1.940285000290664,True
2,390,CA-KL + Candidate Greenlist,1,z_score,13.420304585343759,4.0422604172722165,True,1.940285000290664,True
4,391,CA-KL + Candidate Greenlist,1,z_score,11.480019585053094,2.748737083745107,True,1.940285000290664,True
5,392,CA-KL + Candidate Greenlist,1,z_score,10.994948334980428,4.0422604172722165,True,1.940285000290664,True
3,393,CA-KL + Candidate Greenlist,1,z_score,11.641710001743984,4.0422604172722165,True,1.940285000290664,True
2,394,CA-KL + Candidate Greenlist,1,z_score,13.258614168652871,4.0422604172722165,True,1.940285000290664,True
2,395,CA-KL + Candidate Greenlist,1,z_score,10.83325791828954,4.0422604172722165,True,1.940285000290664,True
5,396,CA-KL + Candidate Greenlist,1,z_score,11.480019585053094,4.0422604172722165,True,1.940285000290664,True
4,397,CA-KL + Candidate Greenlist,1,z_score,14.067066252107313,2.748737083745107,True,1.940285000290664,True
5,398,CA-KL + Candidate Greenlist,1,z_score,9.863115418144208,4.0422604172722165,True,1.940285000290664,True
1,399,CA-KL + Candidate Greenlist,1,z_score,4.527331667344883,4.365641250653994,True,1.940285000290664,True
1,4,CA-KL + Candidate Greenlist,1,z_score,11.641710001743984,4.365641250653994,True,1.940285000290664,True
3,40,CA-KL + Candidate Greenlist,1,z_score,9.539734584762432,4.0422604172722165,True,1.940285000290664,True
2,400,CA-KL + Candidate Greenlist,1,z_score,10.994948334980428,4.0422604172722165,True,1.940285000290664,True
4,401,CA-KL + Candidate Greenlist,1,z_score,9.216353751380653,2.748737083745107,True,1.940285000290664,True
2,402,CA-KL + Candidate Greenlist,1,z_score,11.803400418434872,4.0422604172722165,True,1.940285000290664,True
1,403,CA-KL + Candidate Greenlist,1,z_score,11.803400418434872,4.365641250653994,True,1.940285000290664,True
5,404,CA-KL + Candidate Greenlist,1,z_score,9.863115418144208,4.0422604172722165,True,1.940285000290664,True
3,405,CA-KL + Candidate Greenlist,1,z_score,7.761140001162656,4.0422604172722165,True,1.940285000290664,True
3,406,CA-KL + Candidate Greenlist,1,z_score,13.258614168652871,4.0422604172722165,True,1.940285000290664,True
5,407,CA-KL + Candidate Greenlist,1,z_score,12.935233335271093,4.0422604172722165,True,1.940285000290664,True
2,408,CA-KL + Candidate Greenlist,1,z_score,8.731282501307987,4.0422604172722165,True,1.940285000290664,True
2,409,CA-KL + Candidate Greenlist,1,z_score,12.126781251816649,4.0422604172722165,True,1.940285000290664,True
3,41,CA-KL + Candidate Greenlist,1,z_score,10.671567501598652,4.0422604172722165,True,1.940285000290664,True
4,410,CA-KL + Candidate Greenlist,1,z_score,8.892972917998875,2.748737083745107,True,1.940285000290664,True
4,411,CA-KL + Candidate Greenlist,1,z_score,11.96509083512576,2.748737083745107,True,1.940285000290664,True
4,412,CA-KL + Candidate Greenlist,1,z_score,10.348186668216874,2.748737083745107,True,1.940285000290664,True
5,413,CA-KL + Candidate Greenlist,1,z_score,8.407901667926211,4.0422604172722165,True,1.940285000290664,True
2,414,CA-KL + Candidate Greenlist,1,z_score,10.994948334980428,4.0422604172722165,True,1.940285000290664,True
2,415,CA-KL + Candidate Greenlist,1,z_score,11.480019585053094,4.0422604172722165,True,1.940285000290664,True
1,416,CA-KL + Candidate Greenlist,1,z_score,7.114378334399101,4.365641250653994,True,1.940285000290664,True
5,417,CA-KL + Candidate Greenlist,1,z_score,10.83325791828954,4.0422604172722165,True,1.940285000290664,True
1,418,CA-KL + Candidate Greenlist,1,z_score,9.863115418144208,4.365641250653994,True,1.940285000290664,True
5,419,CA-KL + Candidate Greenlist,1,z_score,12.288471668507539,4.0422604172722165,True,1.940285000290664,True
1,42,CA-KL + Candidate Greenlist,1,z_score,7.761140001162656,4.365641250653994,True,1.940285000290664,True
4,420,CA-KL + Candidate Greenlist,1,z_score,10.186496251525986,2.748737083745107,True,1.940285000290664,True
3,421,CA-KL + Candidate Greenlist,1,z_score,12.935233335271093,4.0422604172722165,True,1.940285000290664,True
2,422,CA-KL + Candidate Greenlist,1,z_score,15.037208752252646,4.0422604172722165,True,1.940285000290664,True
3,423,CA-KL + Candidate Greenlist,1,z_score,10.186496251525986,4.0422604172722165,True,1.940285000290664,True
3,424,CA-KL + Candidate Greenlist,1,z_score,8.892972917998875,4.0422604172722165,True,1.940285000290664,True
1,425,CA-KL + Candidate Greenlist,1,z_score,10.348186668216874,4.365641250653994,True,1.940285000290664,True
1,426,CA-KL + Candidate Greenlist,1,z_score,10.348186668216874,4.365641250653994,True,1.940285000290664,True
1,427,CA-KL + Candidate Greenlist,1,z_score,10.509877084907762,4.365641250653994,True,1.940285000290664,True
2,428,CA-KL + Candidate Greenlist,1,z_score,12.773542918580205,4.0422604172722165,True,1.940285000290664,True
5,429,CA-KL + Candidate Greenlist,1,z_score,10.509877084907762,4.0422604172722165,True,1.940285000290664,True
3,43,CA-KL + Candidate Greenlist,1,z_score,10.994948334980428,4.0422604172722165,True,1.940285000290664,True
1,430,CA-KL + Candidate Greenlist,1,z_score,11.480019585053094,4.365641250653994,True,1.940285000290664,True
1,431,CA-KL + Candidate Greenlist,1,z_score,13.258614168652871,4.365641250653994,True,1.940285000290664,True
5,432,CA-KL + Candidate Greenlist,1,z_score,9.70142500145332,4.0422604172722165,True,1.940285000290664,True
1,433,CA-KL + Candidate Greenlist,1,z_score,10.671567501598652,4.365641250653994,True,1.940285000290664,True
5,434,CA-KL + Candidate Greenlist,1,z_score,10.186496251525986,4.0422604172722165,True,1.940285000290664,True
5,435,CA-KL + Candidate Greenlist,1,z_score,13.096923751961981,4.0422604172722165,True,1.940285000290664,True
5,436,CA-KL + Candidate Greenlist,1,z_score,9.70142500145332,4.0422604172722165,True,1.940285000290664,True
3,437,CA-KL + Candidate Greenlist,1,z_score,10.994948334980428,4.0422604172722165,True,1.940285000290664,True
5,438,CA-KL + Candidate Greenlist,1,z_score,9.539734584762432,4.0422604172722165,True,1.940285000290664,True
1,439,CA-KL + Candidate Greenlist,1,z_score,3.395498750508662,4.365641250653994,False,1.940285000290664,True
4,44,CA-KL + Candidate Greenlist,1,z_score,9.70142500145332,2.748737083745107,True,1.940285000290664,True
3,440,CA-KL + Candidate Greenlist,1,z_score,12.450162085198427,4.0422604172722165,True,1.940285000290664,True
2,441,CA-KL + Candidate Greenlist,1,z_score,7.761140001162656,4.0422604172722165,True,1.940285000290664,True
3,442,CA-KL + Candidate Greenlist,1,z_score,10.186496251525986,4.0422604172722165,True,1.940285000290664,True
4,443,CA-KL + Candidate Greenlist,1,z_score,11.318329168362206,2.748737083745107,True,1.940285000290664,True
1,444,CA-KL + Candidate Greenlist,1,z_score,11.641710001743984,4.365641250653994,True,1.940285000290664,True
4,445,CA-KL + Candidate Greenlist,1,z_score,15.198899168943534,2.748737083745107,True,1.940285000290664,True
4,446,CA-KL + Candidate Greenlist,1,z_score,10.671567501598652,2.748737083745107,True,1.940285000290664,True
4,447,CA-KL + Candidate Greenlist,1,z_score,8.5695920846171,2.748737083745107,True,1.940285000290664,True
5,448,CA-KL + Candidate Greenlist,1,z_score,9.863115418144208,4.0422604172722165,True,1.940285000290664,True
5,449,CA-KL + Candidate Greenlist,1,z_score,13.743685418725535,4.0422604172722165,True,1.940285000290664,True
3,45,CA-KL + Candidate Greenlist,1,z_score,7.922830417853544,4.0422604172722165,True,1.940285000290664,True
5,450,CA-KL + Candidate Greenlist,1,z_score,10.024805834835098,4.0422604172722165,True,1.940285000290664,True
2,451,CA-KL + Candidate Greenlist,1,z_score,9.70142500145332,4.0422604172722165,True,1.940285000290664,True
3,452,CA-KL + Candidate Greenlist,1,z_score,12.450162085198427,4.0422604172722165,True,1.940285000290664,True
5,453,CA-KL + Candidate Greenlist,1,z_score,8.731282501307987,4.0422604172722165,True,1.940285000290664,True
5,454,CA-KL + Candidate Greenlist,1,z_score,10.509877084907762,4.0422604172722165,True,1.940285000290664,True
4,455,CA-KL + Candidate Greenlist,1,z_score,8.731282501307987,2.748737083745107,True,1.940285000290664,True
3,456,CA-KL + Candidate Greenlist,1,z_score,14.875518335561758,4.0422604172722165,True,1.940285000290664,True
2,457,CA-KL + Candidate Greenlist,1,z_score,8.084520834544433,4.0422604172722165,True,1.940285000290664,True
3,458,CA-KL + Candidate Greenlist,1,z_score,12.126781251816649,4.0422604172722165,True,1.940285000290664,True
5,459,CA-KL + Candidate Greenlist,1,z_score,11.641710001743984,4.0422604172722165,True,1.940285000290664,True
4,46,CA-KL + Candidate Greenlist,1,z_score,10.994948334980428,2.748737083745107,True,1.940285000290664,True
1,460,CA-KL + Candidate Greenlist,1,z_score,13.420304585343759,4.365641250653994,True,1.940285000290664,True
4,461,CA-KL + Candidate Greenlist,1,z_score,8.5695920846171,2.748737083745107,True,1.940285000290664,True
3,462,CA-KL + Candidate Greenlist,1,z_score,9.863115418144208,4.0422604172722165,True,1.940285000290664,True
1,463,CA-KL + Candidate Greenlist,1,z_score,7.114378334399101,4.365641250653994,True,1.940285000290664,True
2,464,CA-KL + Candidate Greenlist,1,z_score,9.378044168071542,4.0422604172722165,True,1.940285000290664,True
1,465,CA-KL + Candidate Greenlist,1,z_score,11.96509083512576,4.365641250653994,True,1.940285000290664,True
3,466,CA-KL + Candidate Greenlist,1,z_score,10.994948334980428,4.0422604172722165,True,1.940285000290664,True
4,467,CA-KL + Candidate Greenlist,1,z_score,15.522280002325312,2.748737083745107,True,1.940285000290664,True
2,468,CA-KL + Candidate Greenlist,1,z_score,10.348186668216874,4.0422604172722165,True,1.940285000290664,True
1,469,CA-KL + Candidate Greenlist,1,z_score,11.480019585053094,4.365641250653994,True,1.940285000290664,True
1,47,CA-KL + Candidate Greenlist,1,z_score,12.126781251816649,4.365641250653994,True,1.940285000290664,True
5,470,CA-KL + Candidate Greenlist,1,z_score,9.216353751380653,4.0422604172722165,True,1.940285000290664,True
5,471,CA-KL + Candidate Greenlist,1,z_score,10.392304845413264,4.0422604172722165,True,1.940285000290664,True
5,472,CA-KL + Candidate Greenlist,1,z_score,10.024805834835098,4.0422604172722165,True,1.940285000290664,True
2,473,CA-KL + Candidate Greenlist,1,z_score,13.581995002034647,4.0422604172722165,True,1.940285000290664,True
2,474,CA-KL + Candidate Greenlist,1,z_score,-0.6467616667635546,4.0422604172722165,False,1.940285000290664,False
4,475,CA-KL + Candidate Greenlist,1,z_score,3.233808333817773,2.748737083745107,True,1.940285000290664,True
4,476,CA-KL + Candidate Greenlist,1,z_score,7.922830417853544,2.748737083745107,True,1.940285000290664,True
5,477,CA-KL + Candidate Greenlist,1,z_score,11.641710001743984,4.0422604172722165,True,1.940285000290664,True
2,478,CA-KL + Candidate Greenlist,1,z_score,8.5695920846171,4.0422604172722165,True,1.940285000290664,True
1,479,CA-KL + Candidate Greenlist,1,z_score,12.611852501889315,4.365641250653994,True,1.940285000290664,True
2,48,CA-KL + Candidate Greenlist,1,z_score,0.485071250072666,4.0422604172722165,False,1.940285000290664,False
4,480,CA-KL + Candidate Greenlist,1,z_score,9.70142500145332,2.748737083745107,True,1.940285000290664,True
3,481,CA-KL + Candidate Greenlist,1,z_score,11.318329168362206,4.0422604172722165,True,1.940285000290664,True
5,482,CA-KL + Candidate Greenlist,1,z_score,4.365641250653994,4.0422604172722165,True,1.940285000290664,True
3,483,CA-KL + Candidate Greenlist,1,z_score,13.581995002034647,4.0422604172722165,True,1.940285000290664,True
2,484,CA-KL + Candidate Greenlist,1,z_score,10.671567501598652,4.0422604172722165,True,1.940285000290664,True
3,485,CA-KL + Candidate Greenlist,1,z_score,11.96509083512576,4.0422604172722165,True,1.940285000290664,True
2,486,CA-KL + Candidate Greenlist,1,z_score,11.641710001743984,4.0422604172722165,True,1.940285000290664,True
2,487,CA-KL + Candidate Greenlist,1,z_score,7.599449584471767,4.0422604172722165,True,1.940285000290664,True
5,488,CA-KL + Candidate Greenlist,1,z_score,10.994948334980428,4.0422604172722165,True,1.940285000290664,True
5,489,CA-KL + Candidate Greenlist,1,z_score,9.863115418144208,4.0422604172722165,True,1.940285000290664,True
3,49,CA-KL + Candidate Greenlist,1,z_score,9.216353751380653,4.0422604172722165,True,1.940285000290664,True
4,490,CA-KL + Candidate Greenlist,1,z_score,10.994948334980428,2.748737083745107,True,1.940285000290664,True
1,491,CA-KL + Candidate Greenlist,1,z_score,12.288471668507539,4.365641250653994,True,1.940285000290664,True
2,492,CA-KL + Candidate Greenlist,1,z_score,13.258614168652871,4.0422604172722165,True,1.940285000290664,True
3,493,CA-KL + Candidate Greenlist,1,z_score,10.671567501598652,4.0422604172722165,True,1.940285000290664,True
2,494,CA-KL + Candidate Greenlist,1,z_score,11.96509083512576,4.0422604172722165,True,1.940285000290664,True
1,495,CA-KL + Candidate Greenlist,1,z_score,13.581995002034647,4.365641250653994,True,1.940285000290664,True
5,496,CA-KL + Candidate Greenlist,1,z_score,14.228756668798201,4.0422604172722165,True,1.940285000290664,True
1,497,CA-KL + Candidate Greenlist,1,z_score,11.480019585053094,4.365641250653994,True,1.940285000290664,True
5,498,CA-KL + Candidate Greenlist,1,z_score,10.83325791828954,4.0422604172722165,True,1.940285000290664,True
3,499,CA-KL + Candidate Greenlist,1,z_score,9.054663334689765,4.0422604172722165,True,1.940285000290664,True
4,5,CA-KL + Candidate Greenlist,1,z_score,10.509877084907762,2.748737083745107,True,1.940285000290664,True
4,50,CA-KL + Candidate Greenlist,1,z_score,11.480019585053094,2.748737083745107,True,1.940285000290664,True
2,51,CA-KL + Candidate Greenlist,1,z_score,11.641710001743984,4.0422604172722165,True,1.940285000290664,True
3,52,CA-KL + Candidate Greenlist,1,z_score,10.024805834835098,4.0422604172722165,True,1.940285000290664,True
3,53,CA-KL + Candidate Greenlist,1,z_score,15.037208752252646,4.0422604172722165,True,1.940285000290664,True
3,54,CA-KL + Candidate Greenlist,1,z_score,10.348186668216874,4.0422604172722165,True,1.940285000290664,True
1,55,CA-KL + Candidate Greenlist,1,z_score,14.067066252107313,4.365641250653994,True,1.940285000290664,True
5,56,CA-KL + Candidate Greenlist,1,z_score,10.994948334980428,4.0422604172722165,True,1.940285000290664,True
4,57,CA-KL + Candidate Greenlist,1,z_score,11.96509083512576,2.748737083745107,True,1.940285000290664,True
1,58,CA-KL + Candidate Greenlist,1,z_score,16.815803335852422,4.365641250653994,True,1.940285000290664,True
5,59,CA-KL + Candidate Greenlist,1,z_score,18.756088336143083,4.0422604172722165,True,1.940285000290664,True
4,6,CA-KL + Candidate Greenlist,1,z_score,9.378044168071542,2.748737083745107,True,1.940285000290664,True
1,60,CA-KL + Candidate Greenlist,1,z_score,11.803400418434872,4.365641250653994,True,1.940285000290664,True
4,61,CA-KL + Candidate Greenlist,1,z_score,9.216353751380653,2.748737083745107,True,1.940285000290664,True
4,62,CA-KL + Candidate Greenlist,1,z_score,10.186496251525986,2.748737083745107,True,1.940285000290664,True
3,63,CA-KL + Candidate Greenlist,1,z_score,10.509877084907762,4.0422604172722165,True,1.940285000290664,True
5,64,CA-KL + Candidate Greenlist,1,z_score,11.641710001743984,4.0422604172722165,True,1.940285000290664,True
2,65,CA-KL + Candidate Greenlist,1,z_score,9.539734584762432,4.0422604172722165,True,1.940285000290664,True
1,66,CA-KL + Candidate Greenlist,1,z_score,12.450162085198427,4.365641250653994,True,1.940285000290664,True
5,67,CA-KL + Candidate Greenlist,1,z_score,9.216353751380653,4.0422604172722165,True,1.940285000290664,True
4,68,CA-KL + Candidate Greenlist,1,z_score,12.773542918580205,2.748737083745107,True,1.940285000290664,True
2,69,CA-KL + Candidate Greenlist,1,z_score,8.5695920846171,4.0422604172722165,True,1.940285000290664,True
3,7,CA-KL + Candidate Greenlist,1,z_score,11.156638751671318,4.0422604172722165,True,1.940285000290664,True
1,70,CA-KL + Candidate Greenlist,1,z_score,9.797958971132713,4.365641250653994,True,1.940285000290664,True
5,71,CA-KL + Candidate Greenlist,1,z_score,13.096923751961981,4.0422604172722165,True,1.940285000290664,True
5,72,CA-KL + Candidate Greenlist,1,z_score,10.509877084907762,4.0422604172722165,True,1.940285000290664,True
3,73,CA-KL + Candidate Greenlist,1,z_score,10.024805834835098,4.0422604172722165,True,1.940285000290664,True
3,74,CA-KL + Candidate Greenlist,1,z_score,4.527331667344883,4.0422604172722165,True,1.940285000290664,True
2,75,CA-KL + Candidate Greenlist,1,z_score,11.156638751671318,4.0422604172722165,True,1.940285000290664,True
5,76,CA-KL + Candidate Greenlist,1,z_score,10.509877084907762,4.0422604172722165,True,1.940285000290664,True
2,77,CA-KL + Candidate Greenlist,1,z_score,10.83325791828954,4.0422604172722165,True,1.940285000290664,True
1,78,CA-KL + Candidate Greenlist,1,z_score,14.067066252107313,4.365641250653994,True,1.940285000290664,True
2,79,CA-KL + Candidate Greenlist,1,z_score,-0.485071250072666,4.0422604172722165,False,1.940285000290664,False
5,8,CA-KL + Candidate Greenlist,1,z_score,12.288471668507539,4.0422604172722165,True,1.940285000290664,True
3,80,CA-KL + Candidate Greenlist,1,z_score,12.288471668507539,4.0422604172722165,True,1.940285000290664,True
2,81,CA-KL + Candidate Greenlist,1,z_score,10.994948334980428,4.0422604172722165,True,1.940285000290664,True
1,82,CA-KL + Candidate Greenlist,1,z_score,10.509877084907762,4.365641250653994,True,1.940285000290664,True
5,83,CA-KL + Candidate Greenlist,1,z_score,9.70142500145332,4.0422604172722165,True,1.940285000290664,True
2,84,CA-KL + Candidate Greenlist,1,z_score,8.892972917998875,4.0422604172722165,True,1.940285000290664,True
4,85,CA-KL + Candidate Greenlist,1,z_score,9.70142500145332,2.748737083745107,True,1.940285000290664,True
1,86,CA-KL + Candidate Greenlist,1,z_score,4.689022084035771,4.365641250653994,True,1.940285000290664,True
4,87,CA-KL + Candidate Greenlist,1,z_score,14.228756668798201,2.748737083745107,True,1.940285000290664,True
1,88,CA-KL + Candidate Greenlist,1,z_score,10.83325791828954,4.365641250653994,True,1.940285000290664,True
4,89,CA-KL + Candidate Greenlist,1,z_score,10.509877084907762,2.748737083745107,True,1.940285000290664,True
1,9,CA-KL + Candidate Greenlist,1,z_score,12.935233335271093,4.365641250653994,True,1.940285000290664,True
5,90,CA-KL + Candidate Greenlist,1,z_score,9.863115418144208,4.0422604172722165,True,1.940285000290664,True
2,91,CA-KL + Candidate Greenlist,1,z_score,9.539734584762432,4.0422604172722165,True,1.940285000290664,True
2,92,CA-KL + Candidate Greenlist,1,z_score,2.748737083745107,4.0422604172722165,False,1.940285000290664,True
5,93,CA-KL + Candidate Greenlist,1,z_score,8.084520834544433,4.0422604172722165,True,1.940285000290664,True
4,94,CA-KL + Candidate Greenlist,1,z_score,10.83325791828954,2.748737083745107,True,1.940285000290664,True
4,95,CA-KL + Candidate Greenlist,1,z_score,10.509877084907762,2.748737083745107,True,1.940285000290664,True
1,96,CA-KL + Candidate Greenlist,1,z_score,8.5695920846171,4.365641250653994,True,1.940285000290664,True
4,97,CA-KL + Candidate Greenlist,1,z_score,9.539734584762432,2.748737083745107,True,1.940285000290664,True
2,98,CA-KL + Candidate Greenlist,1,z_score,11.318329168362206,4.0422604172722165,True,1.940285000290664,True
3,99,CA-KL + Candidate Greenlist,1,z_score,11.803400418434872,4.0422604172722165,True,1.940285000290664,True
2,1,CA-KL + Candidate Greenlist + Weighted/WinMax,1,z_score,16.97749375254331,4.0422604172722165,True,1.940285000290664,True
3,10,CA-KL + Candidate Greenlist + Weighted/WinMax,1,z_score,16.169041669088866,4.0422604172722165,True,1.940285000290664,True
4,100,CA-KL + Candidate Greenlist + Weighted/WinMax,1,z_score,5.012402917417549,2.748737083745107,True,1.940285000290664,True
5,101,CA-KL + Candidate Greenlist + Weighted/WinMax,1,z_score,11.96509083512576,4.0422604172722165,True,1.940285000290664,True
5,102,CA-KL + Candidate Greenlist + Weighted/WinMax,1,z_score,8.731282501307987,4.0422604172722165,True,1.940285000290664,True
3,103,CA-KL + Candidate Greenlist + Weighted/WinMax,1,z_score,9.054663334689765,4.0422604172722165,True,1.940285000290664,True
2,104,CA-KL + Candidate Greenlist + Weighted/WinMax,1,z_score,10.348186668216874,4.0422604172722165,True,1.940285000290664,True
4,105,CA-KL + Candidate Greenlist + Weighted/WinMax,1,z_score,12.450162085198427,2.748737083745107,True,1.940285000290664,True
5,106,CA-KL + Candidate Greenlist + Weighted/WinMax,1,z_score,6.790997501017324,4.0422604172722165,True,1.940285000290664,True
2,107,CA-KL + Candidate Greenlist + Weighted/WinMax,1,z_score,10.348186668216874,4.0422604172722165,True,1.940285000290664,True
3,108,CA-KL + Candidate Greenlist + Weighted/WinMax,1,z_score,10.671567501598652,4.0422604172722165,True,1.940285000290664,True
3,109,CA-KL + Candidate Greenlist + Weighted/WinMax,1,z_score,14.067066252107313,4.0422604172722165,True,1.940285000290664,True
2,11,CA-KL + Candidate Greenlist + Weighted/WinMax,1,z_score,-0.970142500145332,4.0422604172722165,False,1.940285000290664,False
2,110,CA-KL + Candidate Greenlist + Weighted/WinMax,1,z_score,9.378044168071542,4.0422604172722165,True,1.940285000290664,True
3,111,CA-KL + Candidate Greenlist + Weighted/WinMax,1,z_score,10.671567501598652,4.0422604172722165,True,1.940285000290664,True
4,112,CA-KL + Candidate Greenlist + Weighted/WinMax,1,z_score,9.70142500145332,2.748737083745107,True,1.940285000290664,True
3,113,CA-KL + Candidate Greenlist + Weighted/WinMax,1,z_score,13.743685418725535,4.0422604172722165,True,1.940285000290664,True
3,114,CA-KL + Candidate Greenlist + Weighted/WinMax,1,z_score,8.892972917998875,4.0422604172722165,True,1.940285000290664,True
3,115,CA-KL + Candidate Greenlist + Weighted/WinMax,1,z_score,12.126781251816649,4.0422604172722165,True,1.940285000290664,True
1,116,CA-KL + Candidate Greenlist + Weighted/WinMax,1,z_score,10.994948334980428,4.365641250653994,True,1.940285000290664,True
3,117,CA-KL + Candidate Greenlist + Weighted/WinMax,1,z_score,9.216353751380653,4.0422604172722165,True,1.940285000290664,True
2,118,CA-KL + Candidate Greenlist + Weighted/WinMax,1,z_score,9.863115418144208,4.0422604172722165,True,1.940285000290664,True
1,119,CA-KL + Candidate Greenlist + Weighted/WinMax,1,z_score,11.318329168362206,4.365641250653994,True,1.940285000290664,True
4,12,CA-KL + Candidate Greenlist + Weighted/WinMax,1,z_score,9.378044168071542,2.748737083745107,True,1.940285000290664,True
3,120,CA-KL + Candidate Greenlist + Weighted/WinMax,1,z_score,12.288471668507539,4.0422604172722165,True,1.940285000290664,True
1,121,CA-KL + Candidate Greenlist + Weighted/WinMax,1,z_score,10.024805834835098,4.365641250653994,True,1.940285000290664,True
1,122,CA-KL + Candidate Greenlist + Weighted/WinMax,1,z_score,11.96509083512576,4.365641250653994,True,1.940285000290664,True
1,123,CA-KL + Candidate Greenlist + Weighted/WinMax,1,z_score,10.186496251525986,4.365641250653994,True,1.940285000290664,True
1,124,CA-KL + Candidate Greenlist + Weighted/WinMax,1,z_score,8.892972917998875,4.365641250653994,True,1.940285000290664,True
3,125,CA-KL + Candidate Greenlist + Weighted/WinMax,1,z_score,12.450162085198427,4.0422604172722165,True,1.940285000290664,True
4,126,CA-KL + Candidate Greenlist + Weighted/WinMax,1,z_score,10.671567501598652,2.748737083745107,True,1.940285000290664,True
1,127,CA-KL + Candidate Greenlist + Weighted/WinMax,1,z_score,11.480019585053094,4.365641250653994,True,1.940285000290664,True
5,128,CA-KL + Candidate Greenlist + Weighted/WinMax,1,z_score,10.994948334980428,4.0422604172722165,True,1.940285000290664,True
4,129,CA-KL + Candidate Greenlist + Weighted/WinMax,1,z_score,10.83325791828954,2.748737083745107,True,1.940285000290664,True
4,13,CA-KL + Candidate Greenlist + Weighted/WinMax,1,z_score,12.773542918580205,2.748737083745107,True,1.940285000290664,True
5,130,CA-KL + Candidate Greenlist + Weighted/WinMax,1,z_score,10.186496251525986,4.0422604172722165,True,1.940285000290664,True
5,131,CA-KL + Candidate Greenlist + Weighted/WinMax,1,z_score,12.773542918580205,4.0422604172722165,True,1.940285000290664,True
1,132,CA-KL + Candidate Greenlist + Weighted/WinMax,1,z_score,10.83325791828954,4.365641250653994,True,1.940285000290664,True
1,133,CA-KL + Candidate Greenlist + Weighted/WinMax,1,z_score,10.671567501598652,4.365641250653994,True,1.940285000290664,True
5,134,CA-KL + Candidate Greenlist + Weighted/WinMax,1,z_score,11.156638751671318,4.0422604172722165,True,1.940285000290664,True
1,135,CA-KL + Candidate Greenlist + Weighted/WinMax,1,z_score,11.318329168362206,4.365641250653994,True,1.940285000290664,True
5,136,CA-KL + Candidate Greenlist + Weighted/WinMax,1,z_score,6.952687917708213,4.0422604172722165,True,1.940285000290664,True
5,137,CA-KL + Candidate Greenlist + Weighted/WinMax,1,z_score,11.803400418434872,4.0422604172722165,True,1.940285000290664,True
4,138,CA-KL + Candidate Greenlist + Weighted/WinMax,1,z_score,2.42535625036333,2.748737083745107,False,1.940285000290664,True
3,139,CA-KL + Candidate Greenlist + Weighted/WinMax,1,z_score,9.70142500145332,4.0422604172722165,True,1.940285000290664,True
2,14,CA-KL + Candidate Greenlist + Weighted/WinMax,1,z_score,12.611852501889315,4.0422604172722165,True,1.940285000290664,True
4,140,CA-KL + Candidate Greenlist + Weighted/WinMax,1,z_score,8.246211251235321,2.748737083745107,True,1.940285000290664,True
4,141,CA-KL + Candidate Greenlist + Weighted/WinMax,1,z_score,7.922830417853544,2.748737083745107,True,1.940285000290664,True
2,142,CA-KL + Candidate Greenlist + Weighted/WinMax,1,z_score,10.994948334980428,4.0422604172722165,True,1.940285000290664,True
2,143,CA-KL + Candidate Greenlist + Weighted/WinMax,1,z_score,7.922830417853544,4.0422604172722165,True,1.940285000290664,True
4,144,CA-KL + Candidate Greenlist + Weighted/WinMax,1,z_score,9.378044168071542,2.748737083745107,True,1.940285000290664,True
3,145,CA-KL + Candidate Greenlist + Weighted/WinMax,1,z_score,11.156638751671318,4.0422604172722165,True,1.940285000290664,True
2,146,CA-KL + Candidate Greenlist + Weighted/WinMax,1,z_score,9.054663334689765,4.0422604172722165,True,1.940285000290664,True
2,147,CA-KL + Candidate Greenlist + Weighted/WinMax,1,z_score,11.803400418434872,4.0422604172722165,True,1.940285000290664,True
2,148,CA-KL + Candidate Greenlist + Weighted/WinMax,1,z_score,10.994948334980428,4.0422604172722165,True,1.940285000290664,True
4,149,CA-KL + Candidate Greenlist + Weighted/WinMax,1,z_score,8.084520834544433,2.748737083745107,True,1.940285000290664,True
4,15,CA-KL + Candidate Greenlist + Weighted/WinMax,1,z_score,10.994948334980428,2.748737083745107,True,1.940285000290664,True
2,150,CA-KL + Candidate Greenlist + Weighted/WinMax,1,z_score,9.054663334689765,4.0422604172722165,True,1.940285000290664,True
1,151,CA-KL + Candidate Greenlist + Weighted/WinMax,1,z_score,11.96509083512576,4.365641250653994,True,1.940285000290664,True
1,152,CA-KL + Candidate Greenlist + Weighted/WinMax,1,z_score,0.3233808333817773,4.365641250653994,False,1.940285000290664,False
3,153,CA-KL + Candidate Greenlist + Weighted/WinMax,1,z_score,12.288471668507539,4.0422604172722165,True,1.940285000290664,True
4,154,CA-KL + Candidate Greenlist + Weighted/WinMax,1,z_score,11.318329168362206,2.748737083745107,True,1.940285000290664,True
1,155,CA-KL + Candidate Greenlist + Weighted/WinMax,1,z_score,9.863115418144208,4.365641250653994,True,1.940285000290664,True
3,156,CA-KL + Candidate Greenlist + Weighted/WinMax,1,z_score,9.539734584762432,4.0422604172722165,True,1.940285000290664,True
1,157,CA-KL + Candidate Greenlist + Weighted/WinMax,1,z_score,12.288471668507539,4.365641250653994,True,1.940285000290664,True
5,158,CA-KL + Candidate Greenlist + Weighted/WinMax,1,z_score,8.5695920846171,4.0422604172722165,True,1.940285000290664,True
2,159,CA-KL + Candidate Greenlist + Weighted/WinMax,1,z_score,11.641710001743984,4.0422604172722165,True,1.940285000290664,True
5,16,CA-KL + Candidate Greenlist + Weighted/WinMax,1,z_score,10.509877084907762,4.0422604172722165,True,1.940285000290664,True
3,160,CA-KL + Candidate Greenlist + Weighted/WinMax,1,z_score,9.054663334689765,4.0422604172722165,True,1.940285000290664,True
4,161,CA-KL + Candidate Greenlist + Weighted/WinMax,1,z_score,11.803400418434872,2.748737083745107,True,1.940285000290664,True
3,162,CA-KL + Candidate Greenlist + Weighted/WinMax,1,z_score,9.539734584762432,4.0422604172722165,True,1.940285000290664,True
1,163,CA-KL + Candidate Greenlist + Weighted/WinMax,1,z_score,9.216353751380653,4.365641250653994,True,1.940285000290664,True
2,164,CA-KL + Candidate Greenlist + Weighted/WinMax,1,z_score,5.012402917417549,4.0422604172722165,True,1.940285000290664,True
2,165,CA-KL + Candidate Greenlist + Weighted/WinMax,1,z_score,12.450162085198427,4.0422604172722165,True,1.940285000290664,True
2,166,CA-KL + Candidate Greenlist + Weighted/WinMax,1,z_score,5.012402917417549,4.0422604172722165,True,1.940285000290664,True
4,167,CA-KL + Candidate Greenlist + Weighted/WinMax,1,z_score,10.024805834835098,2.748737083745107,True,1.940285000290664,True
5,168,CA-KL + Candidate Greenlist + Weighted/WinMax,1,z_score,8.084520834544433,4.0422604172722165,True,1.940285000290664,True
1,169,CA-KL + Candidate Greenlist + Weighted/WinMax,1,z_score,9.666608320029294,4.365641250653994,True,1.940285000290664,True
1,17,CA-KL + Candidate Greenlist + Weighted/WinMax,1,z_score,13.420304585343759,4.365641250653994,True,1.940285000290664,True
1,170,CA-KL + Candidate Greenlist + Weighted/WinMax,1,z_score,7.922830417853544,4.365641250653994,True,1.940285000290664,True
3,171,CA-KL + Candidate Greenlist + Weighted/WinMax,1,z_score,10.186496251525986,4.0422604172722165,True,1.940285000290664,True
4,172,CA-KL + Candidate Greenlist + Weighted/WinMax,1,z_score,11.641710001743984,2.748737083745107,True,1.940285000290664,True
5,173,CA-KL + Candidate Greenlist + Weighted/WinMax,1,z_score,12.773542918580205,4.0422604172722165,True,1.940285000290664,True
2,174,CA-KL + Candidate Greenlist + Weighted/WinMax,1,z_score,14.228756668798201,4.0422604172722165,True,1.940285000290664,True
3,175,CA-KL + Candidate Greenlist + Weighted/WinMax,1,z_score,12.450162085198427,4.0422604172722165,True,1.940285000290664,True
2,176,CA-KL + Candidate Greenlist + Weighted/WinMax,1,z_score,10.83325791828954,4.0422604172722165,True,1.940285000290664,True
3,177,CA-KL + Candidate Greenlist + Weighted/WinMax,1,z_score,5.174093334108437,4.0422604172722165,True,1.940285000290664,True
5,178,CA-KL + Candidate Greenlist + Weighted/WinMax,1,z_score,10.024805834835098,4.0422604172722165,True,1.940285000290664,True
1,179,CA-KL + Candidate Greenlist + Weighted/WinMax,1,z_score,10.024805834835098,4.365641250653994,True,1.940285000290664,True
3,18,CA-KL + Candidate Greenlist + Weighted/WinMax,1,z_score,9.372346078852166,4.0422604172722165,True,1.940285000290664,True
3,180,CA-KL + Candidate Greenlist + Weighted/WinMax,1,z_score,1.6169041669088866,4.0422604172722165,False,1.940285000290664,False
1,181,CA-KL + Candidate Greenlist + Weighted/WinMax,1,z_score,11.480019585053094,4.365641250653994,True,1.940285000290664,True
3,182,CA-KL + Candidate Greenlist + Weighted/WinMax,1,z_score,13.420304585343759,4.0422604172722165,True,1.940285000290664,True
3,183,CA-KL + Candidate Greenlist + Weighted/WinMax,1,z_score,7.27606875108999,4.0422604172722165,True,1.940285000290664,True
4,184,CA-KL + Candidate Greenlist + Weighted/WinMax,1,z_score,9.70142500145332,2.748737083745107,True,1.940285000290664,True
2,185,CA-KL + Candidate Greenlist + Weighted/WinMax,1,z_score,10.509877084907762,4.0422604172722165,True,1.940285000290664,True
2,186,CA-KL + Candidate Greenlist + Weighted/WinMax,1,z_score,12.611852501889315,4.0422604172722165,True,1.940285000290664,True
3,187,CA-KL + Candidate Greenlist + Weighted/WinMax,1,z_score,12.935233335271093,4.0422604172722165,True,1.940285000290664,True
1,188,CA-KL + Candidate Greenlist + Weighted/WinMax,1,z_score,6.790997501017324,4.365641250653994,True,1.940285000290664,True
1,189,CA-KL + Candidate Greenlist + Weighted/WinMax,1,z_score,8.892972917998875,4.365641250653994,True,1.940285000290664,True
3,19,CA-KL + Candidate Greenlist + Weighted/WinMax,1,z_score,10.509877084907762,4.0422604172722165,True,1.940285000290664,True
1,190,CA-KL + Candidate Greenlist + Weighted/WinMax,1,z_score,8.892972917998875,4.365641250653994,True,1.940285000290664,True
1,191,CA-KL + Candidate Greenlist + Weighted/WinMax,1,z_score,8.407901667926211,4.365641250653994,True,1.940285000290664,True
4,192,CA-KL + Candidate Greenlist + Weighted/WinMax,1,z_score,16.492422502470642,2.748737083745107,True,1.940285000290664,True
1,193,CA-KL + Candidate Greenlist + Weighted/WinMax,1,z_score,10.024805834835098,4.365641250653994,True,1.940285000290664,True
1,194,CA-KL + Candidate Greenlist + Weighted/WinMax,1,z_score,11.480019585053094,4.365641250653994,True,1.940285000290664,True
3,195,CA-KL + Candidate Greenlist + Weighted/WinMax,1,z_score,5.98254541756288,4.0422604172722165,True,1.940285000290664,True
2,196,CA-KL + Candidate Greenlist + Weighted/WinMax,1,z_score,14.067066252107313,4.0422604172722165,True,1.940285000290664,True
4,197,CA-KL + Candidate Greenlist + Weighted/WinMax,1,z_score,12.288471668507539,2.748737083745107,True,1.940285000290664,True
4,198,CA-KL + Candidate Greenlist + Weighted/WinMax,1,z_score,9.054663334689765,2.748737083745107,True,1.940285000290664,True
4,199,CA-KL + Candidate Greenlist + Weighted/WinMax,1,z_score,10.186496251525986,2.748737083745107,True,1.940285000290664,True
3,2,CA-KL + Candidate Greenlist + Weighted/WinMax,1,z_score,10.671567501598652,4.0422604172722165,True,1.940285000290664,True
5,20,CA-KL + Candidate Greenlist + Weighted/WinMax,1,z_score,10.509877084907762,4.0422604172722165,True,1.940285000290664,True
5,200,CA-KL + Candidate Greenlist + Weighted/WinMax,1,z_score,8.407901667926211,4.0422604172722165,True,1.940285000290664,True
4,201,CA-KL + Candidate Greenlist + Weighted/WinMax,1,z_score,10.994948334980428,2.748737083745107,True,1.940285000290664,True
2,202,CA-KL + Candidate Greenlist + Weighted/WinMax,1,z_score,10.83325791828954,4.0422604172722165,True,1.940285000290664,True
4,203,CA-KL + Candidate Greenlist + Weighted/WinMax,1,z_score,10.83325791828954,2.748737083745107,True,1.940285000290664,True
5,204,CA-KL + Candidate Greenlist + Weighted/WinMax,1,z_score,10.024805834835098,4.0422604172722165,True,1.940285000290664,True
3,205,CA-KL + Candidate Greenlist + Weighted/WinMax,1,z_score,8.731282501307987,4.0422604172722165,True,1.940285000290664,True
3,206,CA-KL + Candidate Greenlist + Weighted/WinMax,1,z_score,6.6293070843264355,4.0422604172722165,True,1.940285000290664,True
3,207,CA-KL + Candidate Greenlist + Weighted/WinMax,1,z_score,11.96509083512576,4.0422604172722165,True,1.940285000290664,True
1,208,CA-KL + Candidate Greenlist + Weighted/WinMax,1,z_score,10.348186668216874,4.365641250653994,True,1.940285000290664,True
3,209,CA-KL + Candidate Greenlist + Weighted/WinMax,1,z_score,10.509877084907762,4.0422604172722165,True,1.940285000290664,True
4,21,CA-KL + Candidate Greenlist + Weighted/WinMax,1,z_score,8.407901667926211,2.748737083745107,True,1.940285000290664,True
1,210,CA-KL + Candidate Greenlist + Weighted/WinMax,1,z_score,14.067066252107313,4.365641250653994,True,1.940285000290664,True
4,211,CA-KL + Candidate Greenlist + Weighted/WinMax,1,z_score,9.378044168071542,2.748737083745107,True,1.940285000290664,True
1,212,CA-KL + Candidate Greenlist + Weighted/WinMax,1,z_score,10.83325791828954,4.365641250653994,True,1.940285000290664,True
5,213,CA-KL + Candidate Greenlist + Weighted/WinMax,1,z_score,10.83325791828954,4.0422604172722165,True,1.940285000290664,True
1,214,CA-KL + Candidate Greenlist + Weighted/WinMax,1,z_score,10.994948334980428,4.365641250653994,True,1.940285000290664,True
2,215,CA-KL + Candidate Greenlist + Weighted/WinMax,1,z_score,11.641710001743984,4.0422604172722165,True,1.940285000290664,True
3,216,CA-KL + Candidate Greenlist + Weighted/WinMax,1,z_score,12.773542918580205,4.0422604172722165,True,1.940285000290664,True
2,217,CA-KL + Candidate Greenlist + Weighted/WinMax,1,z_score,9.378044168071542,4.0422604172722165,True,1.940285000290664,True
3,218,CA-KL + Candidate Greenlist + Weighted/WinMax,1,z_score,10.186496251525986,4.0422604172722165,True,1.940285000290664,True
3,219,CA-KL + Candidate Greenlist + Weighted/WinMax,1,z_score,15.6839704190162,4.0422604172722165,True,1.940285000290664,True
1,22,CA-KL + Candidate Greenlist + Weighted/WinMax,1,z_score,15.198899168943534,4.365641250653994,True,1.940285000290664,True
4,220,CA-KL + Candidate Greenlist + Weighted/WinMax,1,z_score,14.228756668798201,2.748737083745107,True,1.940285000290664,True
4,221,CA-KL + Candidate Greenlist + Weighted/WinMax,1,z_score,9.863115418144208,2.748737083745107,True,1.940285000290664,True
1,222,CA-KL + Candidate Greenlist + Weighted/WinMax,1,z_score,9.70142500145332,4.365641250653994,True,1.940285000290664,True
3,223,CA-KL + Candidate Greenlist + Weighted/WinMax,1,z_score,11.96509083512576,4.0422604172722165,True,1.940285000290664,True
2,224,CA-KL + Candidate Greenlist + Weighted/WinMax,1,z_score,10.186496251525986,4.0422604172722165,True,1.940285000290664,True
4,225,CA-KL + Candidate Greenlist + Weighted/WinMax,1,z_score,9.054663334689765,2.748737083745107,True,1.940285000290664,True
1,226,CA-KL + Candidate Greenlist + Weighted/WinMax,1,z_score,9.863115418144208,4.365641250653994,True,1.940285000290664,True
2,227,CA-KL + Candidate Greenlist + Weighted/WinMax,1,z_score,12.773542918580205,4.0422604172722165,True,1.940285000290664,True
1,228,CA-KL + Candidate Greenlist + Weighted/WinMax,1,z_score,7.599449584471767,4.365641250653994,True,1.940285000290664,True
5,229,CA-KL + Candidate Greenlist + Weighted/WinMax,1,z_score,13.420304585343759,4.0422604172722165,True,1.940285000290664,True
1,23,CA-KL + Candidate Greenlist + Weighted/WinMax,1,z_score,8.731282501307987,4.365641250653994,True,1.940285000290664,True
2,230,CA-KL + Candidate Greenlist + Weighted/WinMax,1,z_score,8.731282501307987,4.0422604172722165,True,1.940285000290664,True
5,231,CA-KL + Candidate Greenlist + Weighted/WinMax,1,z_score,11.480019585053094,4.0422604172722165,True,1.940285000290664,True
5,232,CA-KL + Candidate Greenlist + Weighted/WinMax,1,z_score,12.450162085198427,4.0422604172722165,True,1.940285000290664,True
2,233,CA-KL + Candidate Greenlist + Weighted/WinMax,1,z_score,13.258614168652871,4.0422604172722165,True,1.940285000290664,True
1,234,CA-KL + Candidate Greenlist + Weighted/WinMax,1,z_score,12.611852501889315,4.365641250653994,True,1.940285000290664,True
5,235,CA-KL + Candidate Greenlist + Weighted/WinMax,1,z_score,13.420304585343759,4.0422604172722165,True,1.940285000290664,True
3,236,CA-KL + Candidate Greenlist + Weighted/WinMax,1,z_score,10.83325791828954,4.0422604172722165,True,1.940285000290664,True
5,237,CA-KL + Candidate Greenlist + Weighted/WinMax,1,z_score,10.671567501598652,4.0422604172722165,True,1.940285000290664,True
3,238,CA-KL + Candidate Greenlist + Weighted/WinMax,1,z_score,16.492422502470642,4.0422604172722165,True,1.940285000290664,True
4,239,CA-KL + Candidate Greenlist + Weighted/WinMax,1,z_score,17.1391841692342,2.748737083745107,True,1.940285000290664,True
5,24,CA-KL + Candidate Greenlist + Weighted/WinMax,1,z_score,11.827982606062339,4.0422604172722165,True,1.940285000290664,True
4,240,CA-KL + Candidate Greenlist + Weighted/WinMax,1,z_score,9.054663334689765,2.748737083745107,True,1.940285000290664,True
1,241,CA-KL + Candidate Greenlist + Weighted/WinMax,1,z_score,11.156638751671318,4.365641250653994,True,1.940285000290664,True
2,242,CA-KL + Candidate Greenlist + Weighted/WinMax,1,z_score,13.096923751961981,4.0422604172722165,True,1.940285000290664,True
4,243,CA-KL + Candidate Greenlist + Weighted/WinMax,1,z_score,7.27606875108999,2.748737083745107,True,1.940285000290664,True
5,244,CA-KL + Candidate Greenlist + Weighted/WinMax,1,z_score,11.803400418434872,4.0422604172722165,True,1.940285000290664,True
2,245,CA-KL + Candidate Greenlist + Weighted/WinMax,1,z_score,8.892972917998875,4.0422604172722165,True,1.940285000290664,True
2,246,CA-KL + Candidate Greenlist + Weighted/WinMax,1,z_score,11.318329168362206,4.0422604172722165,True,1.940285000290664,True
3,247,CA-KL + Candidate Greenlist + Weighted/WinMax,1,z_score,11.803400418434872,4.0422604172722165,True,1.940285000290664,True
4,248,CA-KL + Candidate Greenlist + Weighted/WinMax,1,z_score,10.509877084907762,2.748737083745107,True,1.940285000290664,True
4,249,CA-KL + Candidate Greenlist + Weighted/WinMax,1,z_score,10.509877084907762,2.748737083745107,True,1.940285000290664,True
3,25,CA-KL + Candidate Greenlist + Weighted/WinMax,1,z_score,15.037208752252646,4.0422604172722165,True,1.940285000290664,True
1,250,CA-KL + Candidate Greenlist + Weighted/WinMax,1,z_score,13.258614168652871,4.365641250653994,True,1.940285000290664,True
5,251,CA-KL + Candidate Greenlist + Weighted/WinMax,1,z_score,12.126781251816649,4.0422604172722165,True,1.940285000290664,True
3,252,CA-KL + Candidate Greenlist + Weighted/WinMax,1,z_score,13.581995002034647,4.0422604172722165,True,1.940285000290664,True
3,253,CA-KL + Candidate Greenlist + Weighted/WinMax,1,z_score,12.126781251816649,4.0422604172722165,True,1.940285000290664,True
5,254,CA-KL + Candidate Greenlist + Weighted/WinMax,1,z_score,10.348186668216874,4.0422604172722165,True,1.940285000290664,True
1,255,CA-KL + Candidate Greenlist + Weighted/WinMax,1,z_score,11.480019585053094,4.365641250653994,True,1.940285000290664,True
2,256,CA-KL + Candidate Greenlist + Weighted/WinMax,1,z_score,9.378044168071542,4.0422604172722165,True,1.940285000290664,True
3,257,CA-KL + Candidate Greenlist + Weighted/WinMax,1,z_score,9.70142500145332,4.0422604172722165,True,1.940285000290664,True
5,258,CA-KL + Candidate Greenlist + Weighted/WinMax,1,z_score,8.407901667926211,4.0422604172722165,True,1.940285000290664,True
1,259,CA-KL + Candidate Greenlist + Weighted/WinMax,1,z_score,11.96509083512576,4.365641250653994,True,1.940285000290664,True
4,26,CA-KL + Candidate Greenlist + Weighted/WinMax,1,z_score,10.186496251525986,2.748737083745107,True,1.940285000290664,True
5,260,CA-KL + Candidate Greenlist + Weighted/WinMax,1,z_score,11.480019585053094,4.0422604172722165,True,1.940285000290664,True
3,261,CA-KL + Candidate Greenlist + Weighted/WinMax,1,z_score,14.55213750217998,4.0422604172722165,True,1.940285000290664,True
2,262,CA-KL + Candidate Greenlist + Weighted/WinMax,1,z_score,10.024805834835098,4.0422604172722165,True,1.940285000290664,True
2,263,CA-KL + Candidate Greenlist + Weighted/WinMax,1,z_score,11.803400418434872,4.0422604172722165,True,1.940285000290664,True
2,264,CA-KL + Candidate Greenlist + Weighted/WinMax,1,z_score,10.186496251525986,4.0422604172722165,True,1.940285000290664,True
2,265,CA-KL + Candidate Greenlist + Weighted/WinMax,1,z_score,13.905375835416425,4.0422604172722165,True,1.940285000290664,True
2,266,CA-KL + Candidate Greenlist + Weighted/WinMax,1,z_score,14.713827918870868,4.0422604172722165,True,1.940285000290664,True
5,267,CA-KL + Candidate Greenlist + Weighted/WinMax,1,z_score,7.922830417853544,4.0422604172722165,True,1.940285000290664,True
5,268,CA-KL + Candidate Greenlist + Weighted/WinMax,1,z_score,12.126781251816649,4.0422604172722165,True,1.940285000290664,True
4,269,CA-KL + Candidate Greenlist + Weighted/WinMax,1,z_score,11.96509083512576,2.748737083745107,True,1.940285000290664,True
3,27,CA-KL + Candidate Greenlist + Weighted/WinMax,1,z_score,10.671567501598652,4.0422604172722165,True,1.940285000290664,True
1,270,CA-KL + Candidate Greenlist + Weighted/WinMax,1,z_score,9.378044168071542,4.365641250653994,True,1.940285000290664,True
5,271,CA-KL + Candidate Greenlist + Weighted/WinMax,1,z_score,12.450162085198427,4.0422604172722165,True,1.940285000290664,True
5,272,CA-KL + Candidate Greenlist + Weighted/WinMax,1,z_score,12.450162085198427,4.0422604172722165,True,1.940285000290664,True
3,273,CA-KL + Candidate Greenlist + Weighted/WinMax,1,z_score,14.228756668798201,4.0422604172722165,True,1.940285000290664,True
5,274,CA-KL + Candidate Greenlist + Weighted/WinMax,1,z_score,10.186496251525986,4.0422604172722165,True,1.940285000290664,True
2,275,CA-KL + Candidate Greenlist + Weighted/WinMax,1,z_score,11.480019585053094,4.0422604172722165,True,1.940285000290664,True
5,276,CA-KL + Candidate Greenlist + Weighted/WinMax,1,z_score,13.258614168652871,4.0422604172722165,True,1.940285000290664,True
5,277,CA-KL + Candidate Greenlist + Weighted/WinMax,1,z_score,9.378044168071542,4.0422604172722165,True,1.940285000290664,True
5,278,CA-KL + Candidate Greenlist + Weighted/WinMax,1,z_score,14.067066252107313,4.0422604172722165,True,1.940285000290664,True
1,279,CA-KL + Candidate Greenlist + Weighted/WinMax,1,z_score,12.288471668507539,4.365641250653994,True,1.940285000290664,True
5,28,CA-KL + Candidate Greenlist + Weighted/WinMax,1,z_score,10.671567501598652,4.0422604172722165,True,1.940285000290664,True
1,280,CA-KL + Candidate Greenlist + Weighted/WinMax,1,z_score,8.246211251235321,4.365641250653994,True,1.940285000290664,True
5,281,CA-KL + Candidate Greenlist + Weighted/WinMax,1,z_score,10.509877084907762,4.0422604172722165,True,1.940285000290664,True
2,282,CA-KL + Candidate Greenlist + Weighted/WinMax,1,z_score,10.348186668216874,4.0422604172722165,True,1.940285000290664,True
5,283,CA-KL + Candidate Greenlist + Weighted/WinMax,1,z_score,10.671567501598652,4.0422604172722165,True,1.940285000290664,True
4,284,CA-KL + Candidate Greenlist + Weighted/WinMax,1,z_score,8.731282501307987,2.748737083745107,True,1.940285000290664,True
5,285,CA-KL + Candidate Greenlist + Weighted/WinMax,1,z_score,7.922830417853544,4.0422604172722165,True,1.940285000290664,True
2,286,CA-KL + Candidate Greenlist + Weighted/WinMax,1,z_score,7.761140001162656,4.0422604172722165,True,1.940285000290664,True
1,287,CA-KL + Candidate Greenlist + Weighted/WinMax,1,z_score,10.671567501598652,4.365641250653994,True,1.940285000290664,True
3,288,CA-KL + Candidate Greenlist + Weighted/WinMax,1,z_score,10.994948334980428,4.0422604172722165,True,1.940285000290664,True
1,289,CA-KL + Candidate Greenlist + Weighted/WinMax,1,z_score,9.539734584762432,4.365641250653994,True,1.940285000290664,True
4,29,CA-KL + Candidate Greenlist + Weighted/WinMax,1,z_score,12.155400809690363,2.748737083745107,True,1.940285000290664,True
4,290,CA-KL + Candidate Greenlist + Weighted/WinMax,1,z_score,10.994948334980428,2.748737083745107,True,1.940285000290664,True
2,291,CA-KL + Candidate Greenlist + Weighted/WinMax,1,z_score,11.480019585053094,4.0422604172722165,True,1.940285000290664,True
2,292,CA-KL + Candidate Greenlist + Weighted/WinMax,1,z_score,12.773542918580205,4.0422604172722165,True,1.940285000290664,True
4,293,CA-KL + Candidate Greenlist + Weighted/WinMax,1,z_score,13.581995002034647,2.748737083745107,True,1.940285000290664,True
3,294,CA-KL + Candidate Greenlist + Weighted/WinMax,1,z_score,11.156638751671318,4.0422604172722165,True,1.940285000290664,True
2,295,CA-KL + Candidate Greenlist + Weighted/WinMax,1,z_score,11.318329168362206,4.0422604172722165,True,1.940285000290664,True
5,296,CA-KL + Candidate Greenlist + Weighted/WinMax,1,z_score,8.5695920846171,4.0422604172722165,True,1.940285000290664,True
3,297,CA-KL + Candidate Greenlist + Weighted/WinMax,1,z_score,9.216353751380653,4.0422604172722165,True,1.940285000290664,True
5,298,CA-KL + Candidate Greenlist + Weighted/WinMax,1,z_score,14.875518335561758,4.0422604172722165,True,1.940285000290664,True
1,299,CA-KL + Candidate Greenlist + Weighted/WinMax,1,z_score,9.863115418144208,4.365641250653994,True,1.940285000290664,True
5,3,CA-KL + Candidate Greenlist + Weighted/WinMax,1,z_score,14.390447085489091,4.0422604172722165,True,1.940285000290664,True
5,30,CA-KL + Candidate Greenlist + Weighted/WinMax,1,z_score,7.437759167780879,4.0422604172722165,True,1.940285000290664,True
1,300,CA-KL + Candidate Greenlist + Weighted/WinMax,1,z_score,12.611852501889315,4.365641250653994,True,1.940285000290664,True
2,301,CA-KL + Candidate Greenlist + Weighted/WinMax,1,z_score,14.228756668798201,4.0422604172722165,True,1.940285000290664,True
4,302,CA-KL + Candidate Greenlist + Weighted/WinMax,1,z_score,9.539734584762432,2.748737083745107,True,1.940285000290664,True
4,303,CA-KL + Candidate Greenlist + Weighted/WinMax,1,z_score,13.258614168652871,2.748737083745107,True,1.940285000290664,True
3,304,CA-KL + Candidate Greenlist + Weighted/WinMax,1,z_score,12.288471668507539,4.0422604172722165,True,1.940285000290664,True
5,305,CA-KL + Candidate Greenlist + Weighted/WinMax,1,z_score,12.288471668507539,4.0422604172722165,True,1.940285000290664,True
1,306,CA-KL + Candidate Greenlist + Weighted/WinMax,1,z_score,10.348186668216874,4.365641250653994,True,1.940285000290664,True
2,307,CA-KL + Candidate Greenlist + Weighted/WinMax,1,z_score,10.509877084907762,4.0422604172722165,True,1.940285000290664,True
5,308,CA-KL + Candidate Greenlist + Weighted/WinMax,1,z_score,11.480019585053094,4.0422604172722165,True,1.940285000290664,True
2,309,CA-KL + Candidate Greenlist + Weighted/WinMax,1,z_score,7.761140001162656,4.0422604172722165,True,1.940285000290664,True
2,31,CA-KL + Candidate Greenlist + Weighted/WinMax,1,z_score,11.803400418434872,4.0422604172722165,True,1.940285000290664,True
5,310,CA-KL + Candidate Greenlist + Weighted/WinMax,1,z_score,15.845660835707088,4.0422604172722165,True,1.940285000290664,True
4,311,CA-KL + Candidate Greenlist + Weighted/WinMax,1,z_score,13.743685418725535,2.748737083745107,True,1.940285000290664,True
1,312,CA-KL + Candidate Greenlist + Weighted/WinMax,1,z_score,8.892972917998875,4.365641250653994,True,1.940285000290664,True
1,313,CA-KL + Candidate Greenlist + Weighted/WinMax,1,z_score,7.922830417853544,4.365641250653994,True,1.940285000290664,True
5,314,CA-KL + Candidate Greenlist + Weighted/WinMax,1,z_score,10.509877084907762,4.0422604172722165,True,1.940285000290664,True
1,315,CA-KL + Candidate Greenlist + Weighted/WinMax,1,z_score,8.892972917998875,4.365641250653994,True,1.940285000290664,True
2,316,CA-KL + Candidate Greenlist + Weighted/WinMax,1,z_score,8.084520834544433,4.0422604172722165,True,1.940285000290664,True
5,317,CA-KL + Candidate Greenlist + Weighted/WinMax,1,z_score,7.922830417853544,4.0422604172722165,True,1.940285000290664,True
4,318,CA-KL + Candidate Greenlist + Weighted/WinMax,1,z_score,10.186496251525986,2.748737083745107,True,1.940285000290664,True
4,319,CA-KL + Candidate Greenlist + Weighted/WinMax,1,z_score,7.599449584471767,2.748737083745107,True,1.940285000290664,True
1,32,CA-KL + Candidate Greenlist + Weighted/WinMax,1,z_score,11.641710001743984,4.365641250653994,True,1.940285000290664,True
2,320,CA-KL + Candidate Greenlist + Weighted/WinMax,1,z_score,6.952687917708213,4.0422604172722165,True,1.940285000290664,True
3,321,CA-KL + Candidate Greenlist + Weighted/WinMax,1,z_score,10.348186668216874,4.0422604172722165,True,1.940285000290664,True
1,322,CA-KL + Candidate Greenlist + Weighted/WinMax,1,z_score,10.671567501598652,4.365641250653994,True,1.940285000290664,True
2,323,CA-KL + Candidate Greenlist + Weighted/WinMax,1,z_score,7.27606875108999,4.0422604172722165,True,1.940285000290664,True
4,324,CA-KL + Candidate Greenlist + Weighted/WinMax,1,z_score,12.611852501889315,2.748737083745107,True,1.940285000290664,True
2,325,CA-KL + Candidate Greenlist + Weighted/WinMax,1,z_score,12.126781251816649,4.0422604172722165,True,1.940285000290664,True
4,326,CA-KL + Candidate Greenlist + Weighted/WinMax,1,z_score,13.258614168652871,2.748737083745107,True,1.940285000290664,True
3,327,CA-KL + Candidate Greenlist + Weighted/WinMax,1,z_score,10.354600689736234,4.0422604172722165,True,1.940285000290664,True
3,328,CA-KL + Candidate Greenlist + Weighted/WinMax,1,z_score,10.671567501598652,4.0422604172722165,True,1.940285000290664,True
5,329,CA-KL + Candidate Greenlist + Weighted/WinMax,1,z_score,8.892972917998875,4.0422604172722165,True,1.940285000290664,True
4,33,CA-KL + Candidate Greenlist + Weighted/WinMax,1,z_score,8.407901667926211,2.748737083745107,True,1.940285000290664,True
3,330,CA-KL + Candidate Greenlist + Weighted/WinMax,1,z_score,9.378044168071542,4.0422604172722165,True,1.940285000290664,True
4,331,CA-KL + Candidate Greenlist + Weighted/WinMax,1,z_score,12.773542918580205,2.748737083745107,True,1.940285000290664,True
4,332,CA-KL + Candidate Greenlist + Weighted/WinMax,1,z_score,11.99169170787635,2.748737083745107,True,1.940285000290664,True
1,333,CA-KL + Candidate Greenlist + Weighted/WinMax,1,z_score,10.509877084907762,4.365641250653994,True,1.940285000290664,True
4,334,CA-KL + Candidate Greenlist + Weighted/WinMax,1,z_score,13.743685418725535,2.748737083745107,True,1.940285000290664,True
1,335,CA-KL + Candidate Greenlist + Weighted/WinMax,1,z_score,12.288471668507539,4.365641250653994,True,1.940285000290664,True
1,336,CA-KL + Candidate Greenlist + Weighted/WinMax,1,z_score,11.480019585053094,4.365641250653994,True,1.940285000290664,True
2,337,CA-KL + Candidate Greenlist + Weighted/WinMax,1,z_score,8.407901667926211,4.0422604172722165,True,1.940285000290664,True
2,338,CA-KL + Candidate Greenlist + Weighted/WinMax,1,z_score,8.892972917998875,4.0422604172722165,True,1.940285000290664,True
5,339,CA-KL + Candidate Greenlist + Weighted/WinMax,1,z_score,11.480019585053094,4.0422604172722165,True,1.940285000290664,True
1,34,CA-KL + Candidate Greenlist + Weighted/WinMax,1,z_score,8.731282501307987,4.365641250653994,True,1.940285000290664,True
4,340,CA-KL + Candidate Greenlist + Weighted/WinMax,1,z_score,10.024805834835098,2.748737083745107,True,1.940285000290664,True
3,341,CA-KL + Candidate Greenlist + Weighted/WinMax,1,z_score,9.216353751380653,4.0422604172722165,True,1.940285000290664,True
3,342,CA-KL + Candidate Greenlist + Weighted/WinMax,1,z_score,12.126781251816649,4.0422604172722165,True,1.940285000290664,True
4,343,CA-KL + Candidate Greenlist + Weighted/WinMax,1,z_score,11.318329168362206,2.748737083745107,True,1.940285000290664,True
5,344,CA-KL + Candidate Greenlist + Weighted/WinMax,1,z_score,8.731282501307987,4.0422604172722165,True,1.940285000290664,True
2,345,CA-KL + Candidate Greenlist + Weighted/WinMax,1,z_score,10.186496251525986,4.0422604172722165,True,1.940285000290664,True
3,346,CA-KL + Candidate Greenlist + Weighted/WinMax,1,z_score,8.246211251235321,4.0422604172722165,True,1.940285000290664,True
5,347,CA-KL + Candidate Greenlist + Weighted/WinMax,1,z_score,11.156638751671318,4.0422604172722165,True,1.940285000290664,True
1,348,CA-KL + Candidate Greenlist + Weighted/WinMax,1,z_score,8.892972917998875,4.365641250653994,True,1.940285000290664,True
2,349,CA-KL + Candidate Greenlist + Weighted/WinMax,1,z_score,14.067066252107313,4.0422604172722165,True,1.940285000290664,True
1,35,CA-KL + Candidate Greenlist + Weighted/WinMax,1,z_score,7.922830417853544,4.365641250653994,True,1.940285000290664,True
1,350,CA-KL + Candidate Greenlist + Weighted/WinMax,1,z_score,11.641710001743984,4.365641250653994,True,1.940285000290664,True
3,351,CA-KL + Candidate Greenlist + Weighted/WinMax,1,z_score,8.731282501307987,4.0422604172722165,True,1.940285000290664,True
4,352,CA-KL + Candidate Greenlist + Weighted/WinMax,1,z_score,13.258614168652871,2.748737083745107,True,1.940285000290664,True
2,353,CA-KL + Candidate Greenlist + Weighted/WinMax,1,z_score,10.671567501598652,4.0422604172722165,True,1.940285000290664,True
3,354,CA-KL + Candidate Greenlist + Weighted/WinMax,1,z_score,18.756088336143083,4.0422604172722165,True,1.940285000290664,True
1,355,CA-KL + Candidate Greenlist + Weighted/WinMax,1,z_score,13.581995002034647,4.365641250653994,True,1.940285000290664,True
5,356,CA-KL + Candidate Greenlist + Weighted/WinMax,1,z_score,9.539734584762432,4.0422604172722165,True,1.940285000290664,True
5,357,CA-KL + Candidate Greenlist + Weighted/WinMax,1,z_score,9.216353751380653,4.0422604172722165,True,1.940285000290664,True
1,358,CA-KL + Candidate Greenlist + Weighted/WinMax,1,z_score,8.246211251235321,4.365641250653994,True,1.940285000290664,True
1,359,CA-KL + Candidate Greenlist + Weighted/WinMax,1,z_score,8.407901667926211,4.365641250653994,True,1.940285000290664,True
3,36,CA-KL + Candidate Greenlist + Weighted/WinMax,1,z_score,11.803400418434872,4.0422604172722165,True,1.940285000290664,True
5,360,CA-KL + Candidate Greenlist + Weighted/WinMax,1,z_score,8.5695920846171,4.0422604172722165,True,1.940285000290664,True
3,361,CA-KL + Candidate Greenlist + Weighted/WinMax,1,z_score,12.935233335271093,4.0422604172722165,True,1.940285000290664,True
4,362,CA-KL + Candidate Greenlist + Weighted/WinMax,1,z_score,12.126781251816649,2.748737083745107,True,1.940285000290664,True
5,363,CA-KL + Candidate Greenlist + Weighted/WinMax,1,z_score,12.450162085198427,4.0422604172722165,True,1.940285000290664,True
3,364,CA-KL + Candidate Greenlist + Weighted/WinMax,1,z_score,10.509877084907762,4.0422604172722165,True,1.940285000290664,True
3,365,CA-KL + Candidate Greenlist + Weighted/WinMax,1,z_score,11.156638751671318,4.0422604172722165,True,1.940285000290664,True
5,366,CA-KL + Candidate Greenlist + Weighted/WinMax,1,z_score,12.126781251816649,4.0422604172722165,True,1.940285000290664,True
2,367,CA-KL + Candidate Greenlist + Weighted/WinMax,1,z_score,9.378044168071542,4.0422604172722165,True,1.940285000290664,True
4,368,CA-KL + Candidate Greenlist + Weighted/WinMax,1,z_score,11.641710001743984,2.748737083745107,True,1.940285000290664,True
3,369,CA-KL + Candidate Greenlist + Weighted/WinMax,1,z_score,11.480019585053094,4.0422604172722165,True,1.940285000290664,True
4,37,CA-KL + Candidate Greenlist + Weighted/WinMax,1,z_score,10.024805834835098,2.748737083745107,True,1.940285000290664,True
2,370,CA-KL + Candidate Greenlist + Weighted/WinMax,1,z_score,10.509877084907762,4.0422604172722165,True,1.940285000290664,True
4,371,CA-KL + Candidate Greenlist + Weighted/WinMax,1,z_score,7.27606875108999,2.748737083745107,True,1.940285000290664,True
4,372,CA-KL + Candidate Greenlist + Weighted/WinMax,1,z_score,10.83325791828954,2.748737083745107,True,1.940285000290664,True
1,373,CA-KL + Candidate Greenlist + Weighted/WinMax,1,z_score,10.83325791828954,4.365641250653994,True,1.940285000290664,True
4,374,CA-KL + Candidate Greenlist + Weighted/WinMax,1,z_score,14.875518335561758,2.748737083745107,True,1.940285000290664,True
1,375,CA-KL + Candidate Greenlist + Weighted/WinMax,1,z_score,8.084520834544433,4.365641250653994,True,1.940285000290664,True
4,376,CA-KL + Candidate Greenlist + Weighted/WinMax,1,z_score,10.83325791828954,2.748737083745107,True,1.940285000290664,True
3,377,CA-KL + Candidate Greenlist + Weighted/WinMax,1,z_score,14.55213750217998,4.0422604172722165,True,1.940285000290664,True
3,378,CA-KL + Candidate Greenlist + Weighted/WinMax,1,z_score,10.348186668216874,4.0422604172722165,True,1.940285000290664,True
4,379,CA-KL + Candidate Greenlist + Weighted/WinMax,1,z_score,7.922830417853544,2.748737083745107,True,1.940285000290664,True
4,38,CA-KL + Candidate Greenlist + Weighted/WinMax,1,z_score,20.049611669670195,2.748737083745107,True,1.940285000290664,True
1,380,CA-KL + Candidate Greenlist + Weighted/WinMax,1,z_score,10.671567501598652,4.365641250653994,True,1.940285000290664,True
2,381,CA-KL + Candidate Greenlist + Weighted/WinMax,1,z_score,8.084520834544433,4.0422604172722165,True,1.940285000290664,True
4,382,CA-KL + Candidate Greenlist + Weighted/WinMax,1,z_score,2.5870466670542185,2.748737083745107,False,1.940285000290664,True
2,383,CA-KL + Candidate Greenlist + Weighted/WinMax,1,z_score,9.863115418144208,4.0422604172722165,True,1.940285000290664,True
2,384,CA-KL + Candidate Greenlist + Weighted/WinMax,1,z_score,10.024805834835098,4.0422604172722165,True,1.940285000290664,True
3,385,CA-KL + Candidate Greenlist + Weighted/WinMax,1,z_score,12.126781251816649,4.0422604172722165,True,1.940285000290664,True
2,386,CA-KL + Candidate Greenlist + Weighted/WinMax,1,z_score,4.365641250653994,4.0422604172722165,True,1.940285000290664,True
4,387,CA-KL + Candidate Greenlist + Weighted/WinMax,1,z_score,9.054663334689765,2.748737083745107,True,1.940285000290664,True
4,388,CA-KL + Candidate Greenlist + Weighted/WinMax,1,z_score,12.773542918580205,2.748737083745107,True,1.940285000290664,True
2,389,CA-KL + Candidate Greenlist + Weighted/WinMax,1,z_score,9.054663334689765,4.0422604172722165,True,1.940285000290664,True
4,39,CA-KL + Candidate Greenlist + Weighted/WinMax,1,z_score,11.480019585053094,2.748737083745107,True,1.940285000290664,True
2,390,CA-KL + Candidate Greenlist + Weighted/WinMax,1,z_score,2.910427500435996,4.0422604172722165,False,1.940285000290664,True
4,391,CA-KL + Candidate Greenlist + Weighted/WinMax,1,z_score,10.024805834835098,2.748737083745107,True,1.940285000290664,True
5,392,CA-KL + Candidate Greenlist + Weighted/WinMax,1,z_score,9.378044168071542,4.0422604172722165,True,1.940285000290664,True
3,393,CA-KL + Candidate Greenlist + Weighted/WinMax,1,z_score,11.156638751671318,4.0422604172722165,True,1.940285000290664,True
2,394,CA-KL + Candidate Greenlist + Weighted/WinMax,1,z_score,14.55213750217998,4.0422604172722165,True,1.940285000290664,True
2,395,CA-KL + Candidate Greenlist + Weighted/WinMax,1,z_score,13.096923751961981,4.0422604172722165,True,1.940285000290664,True
5,396,CA-KL + Candidate Greenlist + Weighted/WinMax,1,z_score,10.994948334980428,4.0422604172722165,True,1.940285000290664,True
4,397,CA-KL + Candidate Greenlist + Weighted/WinMax,1,z_score,9.216353751380653,2.748737083745107,True,1.940285000290664,True
5,398,CA-KL + Candidate Greenlist + Weighted/WinMax,1,z_score,14.55213750217998,4.0422604172722165,True,1.940285000290664,True
1,399,CA-KL + Candidate Greenlist + Weighted/WinMax,1,z_score,3.5571891671995504,4.365641250653994,False,1.940285000290664,True
1,4,CA-KL + Candidate Greenlist + Weighted/WinMax,1,z_score,9.378044168071542,4.365641250653994,True,1.940285000290664,True
3,40,CA-KL + Candidate Greenlist + Weighted/WinMax,1,z_score,9.70142500145332,4.0422604172722165,True,1.940285000290664,True
2,400,CA-KL + Candidate Greenlist + Weighted/WinMax,1,z_score,10.994948334980428,4.0422604172722165,True,1.940285000290664,True
4,401,CA-KL + Candidate Greenlist + Weighted/WinMax,1,z_score,12.450162085198427,2.748737083745107,True,1.940285000290664,True
2,402,CA-KL + Candidate Greenlist + Weighted/WinMax,1,z_score,10.83325791828954,4.0422604172722165,True,1.940285000290664,True
1,403,CA-KL + Candidate Greenlist + Weighted/WinMax,1,z_score,11.318329168362206,4.365641250653994,True,1.940285000290664,True
5,404,CA-KL + Candidate Greenlist + Weighted/WinMax,1,z_score,9.70142500145332,4.0422604172722165,True,1.940285000290664,True
3,405,CA-KL + Candidate Greenlist + Weighted/WinMax,1,z_score,10.186496251525986,4.0422604172722165,True,1.940285000290664,True
3,406,CA-KL + Candidate Greenlist + Weighted/WinMax,1,z_score,11.480019585053094,4.0422604172722165,True,1.940285000290664,True
5,407,CA-KL + Candidate Greenlist + Weighted/WinMax,1,z_score,10.024805834835098,4.0422604172722165,True,1.940285000290664,True
2,408,CA-KL + Candidate Greenlist + Weighted/WinMax,1,z_score,8.5695920846171,4.0422604172722165,True,1.940285000290664,True
2,409,CA-KL + Candidate Greenlist + Weighted/WinMax,1,z_score,10.671567501598652,4.0422604172722165,True,1.940285000290664,True
3,41,CA-KL + Candidate Greenlist + Weighted/WinMax,1,z_score,9.539734584762432,4.0422604172722165,True,1.940285000290664,True
4,410,CA-KL + Candidate Greenlist + Weighted/WinMax,1,z_score,13.301364522388443,2.748737083745107,True,1.940285000290664,True
4,411,CA-KL + Candidate Greenlist + Weighted/WinMax,1,z_score,11.96509083512576,2.748737083745107,True,1.940285000290664,True
4,412,CA-KL + Candidate Greenlist + Weighted/WinMax,1,z_score,8.407901667926211,2.748737083745107,True,1.940285000290664,True
5,413,CA-KL + Candidate Greenlist + Weighted/WinMax,1,z_score,10.994948334980428,4.0422604172722165,True,1.940285000290664,True
2,414,CA-KL + Candidate Greenlist + Weighted/WinMax,1,z_score,11.96509083512576,4.0422604172722165,True,1.940285000290664,True
2,415,CA-KL + Candidate Greenlist + Weighted/WinMax,1,z_score,8.5695920846171,4.0422604172722165,True,1.940285000290664,True
1,416,CA-KL + Candidate Greenlist + Weighted/WinMax,1,z_score,7.922830417853544,4.365641250653994,True,1.940285000290664,True
5,417,CA-KL + Candidate Greenlist + Weighted/WinMax,1,z_score,10.671567501598652,4.0422604172722165,True,1.940285000290664,True
1,418,CA-KL + Candidate Greenlist + Weighted/WinMax,1,z_score,11.96509083512576,4.365641250653994,True,1.940285000290664,True
5,419,CA-KL + Candidate Greenlist + Weighted/WinMax,1,z_score,11.803400418434872,4.0422604172722165,True,1.940285000290664,True
1,42,CA-KL + Candidate Greenlist + Weighted/WinMax,1,z_score,10.348186668216874,4.365641250653994,True,1.940285000290664,True
4,420,CA-KL + Candidate Greenlist + Weighted/WinMax,1,z_score,8.5695920846171,2.748737083745107,True,1.940285000290664,True
3,421,CA-KL + Candidate Greenlist + Weighted/WinMax,1,z_score,11.336855300620304,4.0422604172722165,True,1.940285000290664,True
2,422,CA-KL + Candidate Greenlist + Weighted/WinMax,1,z_score,7.761140001162656,4.0422604172722165,True,1.940285000290664,True
3,423,CA-KL + Candidate Greenlist + Weighted/WinMax,1,z_score,11.318329168362206,4.0422604172722165,True,1.940285000290664,True
3,424,CA-KL + Candidate Greenlist + Weighted/WinMax,1,z_score,10.348186668216874,4.0422604172722165,True,1.940285000290664,True
1,425,CA-KL + Candidate Greenlist + Weighted/WinMax,1,z_score,10.186496251525986,4.365641250653994,True,1.940285000290664,True
1,426,CA-KL + Candidate Greenlist + Weighted/WinMax,1,z_score,11.318329168362206,4.365641250653994,True,1.940285000290664,True
1,427,CA-KL + Candidate Greenlist + Weighted/WinMax,1,z_score,9.054663334689765,4.365641250653994,True,1.940285000290664,True
2,428,CA-KL + Candidate Greenlist + Weighted/WinMax,1,z_score,14.067066252107313,4.0422604172722165,True,1.940285000290664,True
5,429,CA-KL + Candidate Greenlist + Weighted/WinMax,1,z_score,9.70142500145332,4.0422604172722165,True,1.940285000290664,True
3,43,CA-KL + Candidate Greenlist + Weighted/WinMax,1,z_score,9.216353751380653,4.0422604172722165,True,1.940285000290664,True
1,430,CA-KL + Candidate Greenlist + Weighted/WinMax,1,z_score,9.378044168071542,4.365641250653994,True,1.940285000290664,True
1,431,CA-KL + Candidate Greenlist + Weighted/WinMax,1,z_score,13.420304585343759,4.365641250653994,True,1.940285000290664,True
5,432,CA-KL + Candidate Greenlist + Weighted/WinMax,1,z_score,10.509877084907762,4.0422604172722165,True,1.940285000290664,True
1,433,CA-KL + Candidate Greenlist + Weighted/WinMax,1,z_score,13.420304585343759,4.365641250653994,True,1.940285000290664,True
5,434,CA-KL + Candidate Greenlist + Weighted/WinMax,1,z_score,2.2636658336724413,4.0422604172722165,False,1.940285000290664,True
5,435,CA-KL + Candidate Greenlist + Weighted/WinMax,1,z_score,11.156638751671318,4.0422604172722165,True,1.940285000290664,True
5,436,CA-KL + Candidate Greenlist + Weighted/WinMax,1,z_score,7.114378334399101,4.0422604172722165,True,1.940285000290664,True
3,437,CA-KL + Candidate Greenlist + Weighted/WinMax,1,z_score,12.288471668507539,4.0422604172722165,True,1.940285000290664,True
5,438,CA-KL + Candidate Greenlist + Weighted/WinMax,1,z_score,12.288471668507539,4.0422604172722165,True,1.940285000290664,True
1,439,CA-KL + Candidate Greenlist + Weighted/WinMax,1,z_score,3.395498750508662,4.365641250653994,False,1.940285000290664,True
4,44,CA-KL + Candidate Greenlist + Weighted/WinMax,1,z_score,11.156638751671318,2.748737083745107,True,1.940285000290664,True
3,440,CA-KL + Candidate Greenlist + Weighted/WinMax,1,z_score,10.186496251525986,4.0422604172722165,True,1.940285000290664,True
2,441,CA-KL + Candidate Greenlist + Weighted/WinMax,1,z_score,6.467616667635546,4.0422604172722165,True,1.940285000290664,True
3,442,CA-KL + Candidate Greenlist + Weighted/WinMax,1,z_score,8.731282501307987,4.0422604172722165,True,1.940285000290664,True
4,443,CA-KL + Candidate Greenlist + Weighted/WinMax,1,z_score,13.096923751961981,2.748737083745107,True,1.940285000290664,True
1,444,CA-KL + Candidate Greenlist + Weighted/WinMax,1,z_score,12.288471668507539,4.365641250653994,True,1.940285000290664,True
4,445,CA-KL + Candidate Greenlist + Weighted/WinMax,1,z_score,15.198899168943534,2.748737083745107,True,1.940285000290664,True
4,446,CA-KL + Candidate Greenlist + Weighted/WinMax,1,z_score,10.024805834835098,2.748737083745107,True,1.940285000290664,True
4,447,CA-KL + Candidate Greenlist + Weighted/WinMax,1,z_score,7.922830417853544,2.748737083745107,True,1.940285000290664,True
5,448,CA-KL + Candidate Greenlist + Weighted/WinMax,1,z_score,8.246211251235321,4.0422604172722165,True,1.940285000290664,True
5,449,CA-KL + Candidate Greenlist + Weighted/WinMax,1,z_score,14.390447085489091,4.0422604172722165,True,1.940285000290664,True
3,45,CA-KL + Candidate Greenlist + Weighted/WinMax,1,z_score,9.054663334689765,4.0422604172722165,True,1.940285000290664,True
5,450,CA-KL + Candidate Greenlist + Weighted/WinMax,1,z_score,11.641710001743984,4.0422604172722165,True,1.940285000290664,True
2,451,CA-KL + Candidate Greenlist + Weighted/WinMax,1,z_score,9.863115418144208,4.0422604172722165,True,1.940285000290664,True
3,452,CA-KL + Candidate Greenlist + Weighted/WinMax,1,z_score,11.641710001743984,4.0422604172722165,True,1.940285000290664,True
5,453,CA-KL + Candidate Greenlist + Weighted/WinMax,1,z_score,10.83325791828954,4.0422604172722165,True,1.940285000290664,True
5,454,CA-KL + Candidate Greenlist + Weighted/WinMax,1,z_score,13.420304585343759,4.0422604172722165,True,1.940285000290664,True
4,455,CA-KL + Candidate Greenlist + Weighted/WinMax,1,z_score,8.731282501307987,2.748737083745107,True,1.940285000290664,True
3,456,CA-KL + Candidate Greenlist + Weighted/WinMax,1,z_score,12.935233335271093,4.0422604172722165,True,1.940285000290664,True
2,457,CA-KL + Candidate Greenlist + Weighted/WinMax,1,z_score,10.024805834835098,4.0422604172722165,True,1.940285000290664,True
3,458,CA-KL + Candidate Greenlist + Weighted/WinMax,1,z_score,11.480019585053094,4.0422604172722165,True,1.940285000290664,True
5,459,CA-KL + Candidate Greenlist + Weighted/WinMax,1,z_score,8.084520834544433,4.0422604172722165,True,1.940285000290664,True
4,46,CA-KL + Candidate Greenlist + Weighted/WinMax,1,z_score,9.863115418144208,2.748737083745107,True,1.940285000290664,True
1,460,CA-KL + Candidate Greenlist + Weighted/WinMax,1,z_score,13.258614168652871,4.365641250653994,True,1.940285000290664,True
4,461,CA-KL + Candidate Greenlist + Weighted/WinMax,1,z_score,9.216353751380653,2.748737083745107,True,1.940285000290664,True
3,462,CA-KL + Candidate Greenlist + Weighted/WinMax,1,z_score,8.407901667926211,4.0422604172722165,True,1.940285000290664,True
1,463,CA-KL + Candidate Greenlist + Weighted/WinMax,1,z_score,5.497474167490214,4.365641250653994,True,1.940285000290664,True
2,464,CA-KL + Candidate Greenlist + Weighted/WinMax,1,z_score,8.5695920846171,4.0422604172722165,True,1.940285000290664,True
1,465,CA-KL + Candidate Greenlist + Weighted/WinMax,1,z_score,12.126781251816649,4.365641250653994,True,1.940285000290664,True
3,466,CA-KL + Candidate Greenlist + Weighted/WinMax,1,z_score,5.012402917417549,4.0422604172722165,True,1.940285000290664,True
4,467,CA-KL + Candidate Greenlist + Weighted/WinMax,1,z_score,15.198899168943534,2.748737083745107,True,1.940285000290664,True
2,468,CA-KL + Candidate Greenlist + Weighted/WinMax,1,z_score,12.611852501889315,4.0422604172722165,True,1.940285000290664,True
1,469,CA-KL + Candidate Greenlist + Weighted/WinMax,1,z_score,12.450162085198427,4.365641250653994,True,1.940285000290664,True
1,47,CA-KL + Candidate Greenlist + Weighted/WinMax,1,z_score,7.27606875108999,4.365641250653994,True,1.940285000290664,True
5,470,CA-KL + Candidate Greenlist + Weighted/WinMax,1,z_score,11.480019585053094,4.0422604172722165,True,1.940285000290664,True
5,471,CA-KL + Candidate Greenlist + Weighted/WinMax,1,z_score,11.803400418434872,4.0422604172722165,True,1.940285000290664,True
5,472,CA-KL + Candidate Greenlist + Weighted/WinMax,1,z_score,10.83325791828954,4.0422604172722165,True,1.940285000290664,True
2,473,CA-KL + Candidate Greenlist + Weighted/WinMax,1,z_score,11.156638751671318,4.0422604172722165,True,1.940285000290664,True
2,474,CA-KL + Candidate Greenlist + Weighted/WinMax,1,z_score,-0.8084520834544433,4.0422604172722165,False,1.940285000290664,False
4,475,CA-KL + Candidate Greenlist + Weighted/WinMax,1,z_score,10.509877084907762,2.748737083745107,True,1.940285000290664,True
4,476,CA-KL + Candidate Greenlist + Weighted/WinMax,1,z_score,7.27606875108999,2.748737083745107,True,1.940285000290664,True
5,477,CA-KL + Candidate Greenlist + Weighted/WinMax,1,z_score,12.773542918580205,4.0422604172722165,True,1.940285000290664,True
2,478,CA-KL + Candidate Greenlist + Weighted/WinMax,1,z_score,8.246211251235321,4.0422604172722165,True,1.940285000290664,True
1,479,CA-KL + Candidate Greenlist + Weighted/WinMax,1,z_score,11.803400418434872,4.365641250653994,True,1.940285000290664,True
2,48,CA-KL + Candidate Greenlist + Weighted/WinMax,1,z_score,0.485071250072666,4.0422604172722165,False,1.940285000290664,False
4,480,CA-KL + Candidate Greenlist + Weighted/WinMax,1,z_score,8.892972917998875,2.748737083745107,True,1.940285000290664,True
3,481,CA-KL + Candidate Greenlist + Weighted/WinMax,1,z_score,11.318329168362206,4.0422604172722165,True,1.940285000290664,True
5,482,CA-KL + Candidate Greenlist + Weighted/WinMax,1,z_score,4.365641250653994,4.0422604172722165,True,1.940285000290664,True
3,483,CA-KL + Candidate Greenlist + Weighted/WinMax,1,z_score,12.450162085198427,4.0422604172722165,True,1.940285000290664,True
2,484,CA-KL + Candidate Greenlist + Weighted/WinMax,1,z_score,10.83325791828954,4.0422604172722165,True,1.940285000290664,True
3,485,CA-KL + Candidate Greenlist + Weighted/WinMax,1,z_score,10.186496251525986,4.0422604172722165,True,1.940285000290664,True
2,486,CA-KL + Candidate Greenlist + Weighted/WinMax,1,z_score,11.156638751671318,4.0422604172722165,True,1.940285000290664,True
2,487,CA-KL + Candidate Greenlist + Weighted/WinMax,1,z_score,7.27606875108999,4.0422604172722165,True,1.940285000290664,True
5,488,CA-KL + Candidate Greenlist + Weighted/WinMax,1,z_score,10.024805834835098,4.0422604172722165,True,1.940285000290664,True
5,489,CA-KL + Candidate Greenlist + Weighted/WinMax,1,z_score,8.731282501307987,4.0422604172722165,True,1.940285000290664,True
3,49,CA-KL + Candidate Greenlist + Weighted/WinMax,1,z_score,10.83325791828954,4.0422604172722165,True,1.940285000290664,True
4,490,CA-KL + Candidate Greenlist + Weighted/WinMax,1,z_score,11.641710001743984,2.748737083745107,True,1.940285000290664,True
1,491,CA-KL + Candidate Greenlist + Weighted/WinMax,1,z_score,9.539734584762432,4.365641250653994,True,1.940285000290664,True
2,492,CA-KL + Candidate Greenlist + Weighted/WinMax,1,z_score,8.892972917998875,4.0422604172722165,True,1.940285000290664,True
3,493,CA-KL + Candidate Greenlist + Weighted/WinMax,1,z_score,9.378044168071542,4.0422604172722165,True,1.940285000290664,True
2,494,CA-KL + Candidate Greenlist + Weighted/WinMax,1,z_score,10.994948334980428,4.0422604172722165,True,1.940285000290664,True
1,495,CA-KL + Candidate Greenlist + Weighted/WinMax,1,z_score,13.096923751961981,4.365641250653994,True,1.940285000290664,True
5,496,CA-KL + Candidate Greenlist + Weighted/WinMax,1,z_score,12.450162085198427,4.0422604172722165,True,1.940285000290664,True
1,497,CA-KL + Candidate Greenlist + Weighted/WinMax,1,z_score,10.024805834835098,4.365641250653994,True,1.940285000290664,True
5,498,CA-KL + Candidate Greenlist + Weighted/WinMax,1,z_score,12.288471668507539,4.0422604172722165,True,1.940285000290664,True
3,499,CA-KL + Candidate Greenlist + Weighted/WinMax,1,z_score,8.731282501307987,4.0422604172722165,True,1.940285000290664,True
4,5,CA-KL + Candidate Greenlist + Weighted/WinMax,1,z_score,8.731282501307987,2.748737083745107,True,1.940285000290664,True
4,50,CA-KL + Candidate Greenlist + Weighted/WinMax,1,z_score,11.318329168362206,2.748737083745107,True,1.940285000290664,True
2,51,CA-KL + Candidate Greenlist + Weighted/WinMax,1,z_score,14.228756668798201,4.0422604172722165,True,1.940285000290664,True
3,52,CA-KL + Candidate Greenlist + Weighted/WinMax,1,z_score,11.156638751671318,4.0422604172722165,True,1.940285000290664,True
3,53,CA-KL + Candidate Greenlist + Weighted/WinMax,1,z_score,11.318329168362206,4.0422604172722165,True,1.940285000290664,True
3,54,CA-KL + Candidate Greenlist + Weighted/WinMax,1,z_score,10.994948334980428,4.0422604172722165,True,1.940285000290664,True
1,55,CA-KL + Candidate Greenlist + Weighted/WinMax,1,z_score,13.258614168652871,4.365641250653994,True,1.940285000290664,True
5,56,CA-KL + Candidate Greenlist + Weighted/WinMax,1,z_score,10.024805834835098,4.0422604172722165,True,1.940285000290664,True
4,57,CA-KL + Candidate Greenlist + Weighted/WinMax,1,z_score,11.96509083512576,2.748737083745107,True,1.940285000290664,True
1,58,CA-KL + Candidate Greenlist + Weighted/WinMax,1,z_score,13.420304585343759,4.365641250653994,True,1.940285000290664,True
5,59,CA-KL + Candidate Greenlist + Weighted/WinMax,1,z_score,17.947636252688643,4.0422604172722165,True,1.940285000290664,True
4,6,CA-KL + Candidate Greenlist + Weighted/WinMax,1,z_score,11.803400418434872,2.748737083745107,True,1.940285000290664,True
1,60,CA-KL + Candidate Greenlist + Weighted/WinMax,1,z_score,11.480019585053094,4.365641250653994,True,1.940285000290664,True
4,61,CA-KL + Candidate Greenlist + Weighted/WinMax,1,z_score,10.671567501598652,2.748737083745107,True,1.940285000290664,True
4,62,CA-KL + Candidate Greenlist + Weighted/WinMax,1,z_score,8.892972917998875,2.748737083745107,True,1.940285000290664,True
3,63,CA-KL + Candidate Greenlist + Weighted/WinMax,1,z_score,11.96509083512576,4.0422604172722165,True,1.940285000290664,True
5,64,CA-KL + Candidate Greenlist + Weighted/WinMax,1,z_score,4.2039508339631055,4.0422604172722165,True,1.940285000290664,True
2,65,CA-KL + Candidate Greenlist + Weighted/WinMax,1,z_score,7.114378334399101,4.0422604172722165,True,1.940285000290664,True
1,66,CA-KL + Candidate Greenlist + Weighted/WinMax,1,z_score,10.024805834835098,4.365641250653994,True,1.940285000290664,True
5,67,CA-KL + Candidate Greenlist + Weighted/WinMax,1,z_score,8.407901667926211,4.0422604172722165,True,1.940285000290664,True
4,68,CA-KL + Candidate Greenlist + Weighted/WinMax,1,z_score,10.671567501598652,2.748737083745107,True,1.940285000290664,True
2,69,CA-KL + Candidate Greenlist + Weighted/WinMax,1,z_score,9.378044168071542,4.0422604172722165,True,1.940285000290664,True
3,7,CA-KL + Candidate Greenlist + Weighted/WinMax,1,z_score,11.156638751671318,4.0422604172722165,True,1.940285000290664,True
1,70,CA-KL + Candidate Greenlist + Weighted/WinMax,1,z_score,10.024805834835098,4.365641250653994,True,1.940285000290664,True
5,71,CA-KL + Candidate Greenlist + Weighted/WinMax,1,z_score,14.228756668798201,4.0422604172722165,True,1.940285000290664,True
5,72,CA-KL + Candidate Greenlist + Weighted/WinMax,1,z_score,10.348186668216874,4.0422604172722165,True,1.940285000290664,True
3,73,CA-KL + Candidate Greenlist + Weighted/WinMax,1,z_score,7.599449584471767,4.0422604172722165,True,1.940285000290664,True
3,74,CA-KL + Candidate Greenlist + Weighted/WinMax,1,z_score,5.659164584181103,4.0422604172722165,True,1.940285000290664,True
2,75,CA-KL + Candidate Greenlist + Weighted/WinMax,1,z_score,11.803400418434872,4.0422604172722165,True,1.940285000290664,True
5,76,CA-KL + Candidate Greenlist + Weighted/WinMax,1,z_score,12.773542918580205,4.0422604172722165,True,1.940285000290664,True
2,77,CA-KL + Candidate Greenlist + Weighted/WinMax,1,z_score,8.5695920846171,4.0422604172722165,True,1.940285000290664,True
1,78,CA-KL + Candidate Greenlist + Weighted/WinMax,1,z_score,11.156638751671318,4.365641250653994,True,1.940285000290664,True
2,79,CA-KL + Candidate Greenlist + Weighted/WinMax,1,z_score,0.0,4.0422604172722165,False,1.940285000290664,False
5,8,CA-KL + Candidate Greenlist + Weighted/WinMax,1,z_score,9.054663334689765,4.0422604172722165,True,1.940285000290664,True
3,80,CA-KL + Candidate Greenlist + Weighted/WinMax,1,z_score,9.539734584762432,4.0422604172722165,True,1.940285000290664,True
2,81,CA-KL + Candidate Greenlist + Weighted/WinMax,1,z_score,13.096923751961981,4.0422604172722165,True,1.940285000290664,True
1,82,CA-KL + Candidate Greenlist + Weighted/WinMax,1,z_score,8.5695920846171,4.365641250653994,True,1.940285000290664,True
5,83,CA-KL + Candidate Greenlist + Weighted/WinMax,1,z_score,8.731282501307987,4.0422604172722165,True,1.940285000290664,True
2,84,CA-KL + Candidate Greenlist + Weighted/WinMax,1,z_score,10.557262065181728,4.0422604172722165,True,1.940285000290664,True
4,85,CA-KL + Candidate Greenlist + Weighted/WinMax,1,z_score,11.641710001743984,2.748737083745107,True,1.940285000290664,True
1,86,CA-KL + Candidate Greenlist + Weighted/WinMax,1,z_score,-0.970142500145332,4.365641250653994,False,1.940285000290664,False
4,87,CA-KL + Candidate Greenlist + Weighted/WinMax,1,z_score,13.743685418725535,2.748737083745107,True,1.940285000290664,True
1,88,CA-KL + Candidate Greenlist + Weighted/WinMax,1,z_score,10.83325791828954,4.365641250653994,True,1.940285000290664,True
4,89,CA-KL + Candidate Greenlist + Weighted/WinMax,1,z_score,12.611852501889315,2.748737083745107,True,1.940285000290664,True
1,9,CA-KL + Candidate Greenlist + Weighted/WinMax,1,z_score,11.318329168362206,4.365641250653994,True,1.940285000290664,True
5,90,CA-KL + Candidate Greenlist + Weighted/WinMax,1,z_score,10.994948334980428,4.0422604172722165,True,1.940285000290664,True
2,91,CA-KL + Candidate Greenlist + Weighted/WinMax,1,z_score,11.318329168362206,4.0422604172722165,True,1.940285000290664,True
2,92,CA-KL + Candidate Greenlist + Weighted/WinMax,1,z_score,1.2935233335271092,4.0422604172722165,False,1.940285000290664,False
5,93,CA-KL + Candidate Greenlist + Weighted/WinMax,1,z_score,7.114378334399101,4.0422604172722165,True,1.940285000290664,True
4,94,CA-KL + Candidate Greenlist + Weighted/WinMax,1,z_score,13.905375835416425,2.748737083745107,True,1.940285000290664,True
4,95,CA-KL + Candidate Greenlist + Weighted/WinMax,1,z_score,9.539734584762432,2.748737083745107,True,1.940285000290664,True
1,96,CA-KL + Candidate Greenlist + Weighted/WinMax,1,z_score,6.6293070843264355,4.365641250653994,True,1.940285000290664,True
4,97,CA-KL + Candidate Greenlist + Weighted/WinMax,1,z_score,9.539734584762432,2.748737083745107,True,1.940285000290664,True
2,98,CA-KL + Candidate Greenlist + Weighted/WinMax,1,z_score,11.641710001743984,4.0422604172722165,True,1.940285000290664,True
3,99,CA-KL + Candidate Greenlist + Weighted/WinMax,1,z_score,10.186496251525986,4.0422604172722165,True,1.940285000290664,True
2,1,CA-KL + Weighted Detector,1,z_score,14.228756668798201,4.0422604172722165,True,1.940285000290664,True
3,10,CA-KL + Weighted Detector,1,z_score,11.318329168362206,4.0422604172722165,True,1.940285000290664,True
4,100,CA-KL + Weighted Detector,1,z_score,10.509877084907762,2.748737083745107,True,1.940285000290664,True
5,101,CA-KL + Weighted Detector,1,z_score,11.480019585053094,4.0422604172722165,True,1.940285000290664,True
5,102,CA-KL + Weighted Detector,1,z_score,14.55213750217998,4.0422604172722165,True,1.940285000290664,True
3,103,CA-KL + Weighted Detector,1,z_score,11.641710001743984,4.0422604172722165,True,1.940285000290664,True
2,104,CA-KL + Weighted Detector,1,z_score,9.863115418144208,4.0422604172722165,True,1.940285000290664,True
4,105,CA-KL + Weighted Detector,1,z_score,18.27101708607042,2.748737083745107,True,1.940285000290664,True
5,106,CA-KL + Weighted Detector,1,z_score,12.611852501889315,4.0422604172722165,True,1.940285000290664,True
2,107,CA-KL + Weighted Detector,1,z_score,8.246211251235321,4.0422604172722165,True,1.940285000290664,True
3,108,CA-KL + Weighted Detector,1,z_score,14.228756668798201,4.0422604172722165,True,1.940285000290664,True
3,109,CA-KL + Weighted Detector,1,z_score,12.126781251816649,4.0422604172722165,True,1.940285000290664,True
2,11,CA-KL + Weighted Detector,1,z_score,11.803400418434872,4.0422604172722165,True,1.940285000290664,True
2,110,CA-KL + Weighted Detector,1,z_score,14.228756668798201,4.0422604172722165,True,1.940285000290664,True
3,111,CA-KL + Weighted Detector,1,z_score,10.186496251525986,4.0422604172722165,True,1.940285000290664,True
4,112,CA-KL + Weighted Detector,1,z_score,12.773542918580205,2.748737083745107,True,1.940285000290664,True
3,113,CA-KL + Weighted Detector,1,z_score,13.258614168652871,4.0422604172722165,True,1.940285000290664,True
3,114,CA-KL + Weighted Detector,1,z_score,11.803400418434872,4.0422604172722165,True,1.940285000290664,True
3,115,CA-KL + Weighted Detector,1,z_score,12.611852501889315,4.0422604172722165,True,1.940285000290664,True
1,116,CA-KL + Weighted Detector,1,z_score,11.156638751671318,4.365641250653994,True,1.940285000290664,True
3,117,CA-KL + Weighted Detector,1,z_score,9.539734584762432,4.0422604172722165,True,1.940285000290664,True
2,118,CA-KL + Weighted Detector,1,z_score,12.288471668507539,4.0422604172722165,True,1.940285000290664,True
1,119,CA-KL + Weighted Detector,1,z_score,13.743685418725535,4.365641250653994,True,1.940285000290664,True
4,12,CA-KL + Weighted Detector,1,z_score,9.216353751380653,2.748737083745107,True,1.940285000290664,True
3,120,CA-KL + Weighted Detector,1,z_score,13.905375835416425,4.0422604172722165,True,1.940285000290664,True
1,121,CA-KL + Weighted Detector,1,z_score,13.581995002034647,4.365641250653994,True,1.940285000290664,True
1,122,CA-KL + Weighted Detector,1,z_score,14.228756668798201,4.365641250653994,True,1.940285000290664,True
1,123,CA-KL + Weighted Detector,1,z_score,11.96509083512576,4.365641250653994,True,1.940285000290664,True
1,124,CA-KL + Weighted Detector,1,z_score,13.420304585343759,4.365641250653994,True,1.940285000290664,True
3,125,CA-KL + Weighted Detector,1,z_score,11.156638751671318,4.0422604172722165,True,1.940285000290664,True
4,126,CA-KL + Weighted Detector,1,z_score,5.335783750799326,2.748737083745107,True,1.940285000290664,True
1,127,CA-KL + Weighted Detector,1,z_score,11.480019585053094,4.365641250653994,True,1.940285000290664,True
5,128,CA-KL + Weighted Detector,1,z_score,13.096923751961981,4.0422604172722165,True,1.940285000290664,True
4,129,CA-KL + Weighted Detector,1,z_score,10.671567501598652,2.748737083745107,True,1.940285000290664,True
4,13,CA-KL + Weighted Detector,1,z_score,11.480019585053094,2.748737083745107,True,1.940285000290664,True
5,130,CA-KL + Weighted Detector,1,z_score,12.288471668507539,4.0422604172722165,True,1.940285000290664,True
5,131,CA-KL + Weighted Detector,1,z_score,13.743685418725535,4.0422604172722165,True,1.940285000290664,True
1,132,CA-KL + Weighted Detector,1,z_score,12.611852501889315,4.365641250653994,True,1.940285000290664,True
1,133,CA-KL + Weighted Detector,1,z_score,17.1391841692342,4.365641250653994,True,1.940285000290664,True
5,134,CA-KL + Weighted Detector,1,z_score,13.096923751961981,4.0422604172722165,True,1.940285000290664,True
1,135,CA-KL + Weighted Detector,1,z_score,17.300874585925087,4.365641250653994,True,1.940285000290664,True
5,136,CA-KL + Weighted Detector,1,z_score,9.216353751380653,4.0422604172722165,True,1.940285000290664,True
5,137,CA-KL + Weighted Detector,1,z_score,16.65411291916153,4.0422604172722165,True,1.940285000290664,True
4,138,CA-KL + Weighted Detector,1,z_score,1.7785945835997752,2.748737083745107,False,1.940285000290664,False
3,139,CA-KL + Weighted Detector,1,z_score,10.024805834835098,4.0422604172722165,True,1.940285000290664,True
2,14,CA-KL + Weighted Detector,1,z_score,15.522280002325312,4.0422604172722165,True,1.940285000290664,True
4,140,CA-KL + Weighted Detector,1,z_score,12.611852501889315,2.748737083745107,True,1.940285000290664,True
4,141,CA-KL + Weighted Detector,1,z_score,15.845660835707088,2.748737083745107,True,1.940285000290664,True
2,142,CA-KL + Weighted Detector,1,z_score,13.905375835416425,4.0422604172722165,True,1.940285000290664,True
2,143,CA-KL + Weighted Detector,1,z_score,10.348186668216874,4.0422604172722165,True,1.940285000290664,True
4,144,CA-KL + Weighted Detector,1,z_score,12.450162085198427,2.748737083745107,True,1.940285000290664,True
3,145,CA-KL + Weighted Detector,1,z_score,13.096923751961981,4.0422604172722165,True,1.940285000290664,True
2,146,CA-KL + Weighted Detector,1,z_score,14.55213750217998,4.0422604172722165,True,1.940285000290664,True
2,147,CA-KL + Weighted Detector,1,z_score,13.096923751961981,4.0422604172722165,True,1.940285000290664,True
2,148,CA-KL + Weighted Detector,1,z_score,11.96509083512576,4.0422604172722165,True,1.940285000290664,True
4,149,CA-KL + Weighted Detector,1,z_score,12.126781251816649,2.748737083745107,True,1.940285000290664,True
4,15,CA-KL + Weighted Detector,1,z_score,12.450162085198427,2.748737083745107,True,1.940285000290664,True
2,150,CA-KL + Weighted Detector,1,z_score,13.905375835416425,4.0422604172722165,True,1.940285000290664,True
1,151,CA-KL + Weighted Detector,1,z_score,15.845660835707088,4.365641250653994,True,1.940285000290664,True
1,152,CA-KL + Weighted Detector,1,z_score,0.8084520834544433,4.365641250653994,False,1.940285000290664,False
3,153,CA-KL + Weighted Detector,1,z_score,12.773542918580205,4.0422604172722165,True,1.940285000290664,True
4,154,CA-KL + Weighted Detector,1,z_score,5.820855000871992,2.748737083745107,True,1.940285000290664,True
1,155,CA-KL + Weighted Detector,1,z_score,10.186496251525986,4.365641250653994,True,1.940285000290664,True
3,156,CA-KL + Weighted Detector,1,z_score,10.348186668216874,4.0422604172722165,True,1.940285000290664,True
1,157,CA-KL + Weighted Detector,1,z_score,12.935233335271093,4.365641250653994,True,1.940285000290664,True
5,158,CA-KL + Weighted Detector,1,z_score,10.509877084907762,4.0422604172722165,True,1.940285000290664,True
2,159,CA-KL + Weighted Detector,1,z_score,12.450162085198427,4.0422604172722165,True,1.940285000290664,True
5,16,CA-KL + Weighted Detector,1,z_score,10.509877084907762,4.0422604172722165,True,1.940285000290664,True
3,160,CA-KL + Weighted Detector,1,z_score,12.773542918580205,4.0422604172722165,True,1.940285000290664,True
4,161,CA-KL + Weighted Detector,1,z_score,11.803400418434872,2.748737083745107,True,1.940285000290664,True
3,162,CA-KL + Weighted Detector,1,z_score,13.096923751961981,4.0422604172722165,True,1.940285000290664,True
1,163,CA-KL + Weighted Detector,1,z_score,11.641710001743984,4.365641250653994,True,1.940285000290664,True
2,164,CA-KL + Weighted Detector,1,z_score,15.522280002325312,4.0422604172722165,True,1.940285000290664,True
2,165,CA-KL + Weighted Detector,1,z_score,14.390447085489091,4.0422604172722165,True,1.940285000290664,True
2,166,CA-KL + Weighted Detector,1,z_score,10.671567501598652,4.0422604172722165,True,1.940285000290664,True
4,167,CA-KL + Weighted Detector,1,z_score,10.348186668216874,2.748737083745107,True,1.940285000290664,True
5,168,CA-KL + Weighted Detector,1,z_score,13.420304585343759,4.0422604172722165,True,1.940285000290664,True
1,169,CA-KL + Weighted Detector,1,z_score,12.450162085198427,4.365641250653994,True,1.940285000290664,True
1,17,CA-KL + Weighted Detector,1,z_score,12.450162085198427,4.365641250653994,True,1.940285000290664,True
1,170,CA-KL + Weighted Detector,1,z_score,1.940285000290664,4.365641250653994,False,1.940285000290664,True
3,171,CA-KL + Weighted Detector,1,z_score,10.671567501598652,4.0422604172722165,True,1.940285000290664,True
4,172,CA-KL + Weighted Detector,1,z_score,14.713827918870868,2.748737083745107,True,1.940285000290664,True
5,173,CA-KL + Weighted Detector,1,z_score,13.420304585343759,4.0422604172722165,True,1.940285000290664,True
2,174,CA-KL + Weighted Detector,1,z_score,14.713827918870868,4.0422604172722165,True,1.940285000290664,True
3,175,CA-KL + Weighted Detector,1,z_score,13.420304585343759,4.0422604172722165,True,1.940285000290664,True
2,176,CA-KL + Weighted Detector,1,z_score,14.067066252107313,4.0422604172722165,True,1.940285000290664,True
3,177,CA-KL + Weighted Detector,1,z_score,8.731282501307987,4.0422604172722165,True,1.940285000290664,True
5,178,CA-KL + Weighted Detector,1,z_score,13.743685418725535,4.0422604172722165,True,1.940285000290664,True
1,179,CA-KL + Weighted Detector,1,z_score,11.96509083512576,4.365641250653994,True,1.940285000290664,True
3,18,CA-KL + Weighted Detector,1,z_score,13.420304585343759,4.0422604172722165,True,1.940285000290664,True
3,180,CA-KL + Weighted Detector,1,z_score,11.156638751671318,4.0422604172722165,True,1.940285000290664,True
1,181,CA-KL + Weighted Detector,1,z_score,10.671567501598652,4.365641250653994,True,1.940285000290664,True
3,182,CA-KL + Weighted Detector,1,z_score,12.450162085198427,4.0422604172722165,True,1.940285000290664,True
3,183,CA-KL + Weighted Detector,1,z_score,7.27606875108999,4.0422604172722165,True,1.940285000290664,True
4,184,CA-KL + Weighted Detector,1,z_score,9.732475966339406,2.748737083745107,True,1.940285000290664,True
2,185,CA-KL + Weighted Detector,1,z_score,10.509877084907762,4.0422604172722165,True,1.940285000290664,True
2,186,CA-KL + Weighted Detector,1,z_score,10.509877084907762,4.0422604172722165,True,1.940285000290664,True
3,187,CA-KL + Weighted Detector,1,z_score,12.611852501889315,4.0422604172722165,True,1.940285000290664,True
1,188,CA-KL + Weighted Detector,1,z_score,11.803400418434872,4.365641250653994,True,1.940285000290664,True
1,189,CA-KL + Weighted Detector,1,z_score,7.922830417853544,4.365641250653994,True,1.940285000290664,True
3,19,CA-KL + Weighted Detector,1,z_score,11.156638751671318,4.0422604172722165,True,1.940285000290664,True
1,190,CA-KL + Weighted Detector,1,z_score,10.671567501598652,4.365641250653994,True,1.940285000290664,True
1,191,CA-KL + Weighted Detector,1,z_score,10.671567501598652,4.365641250653994,True,1.940285000290664,True
4,192,CA-KL + Weighted Detector,1,z_score,15.845660835707088,2.748737083745107,True,1.940285000290664,True
1,193,CA-KL + Weighted Detector,1,z_score,11.803400418434872,4.365641250653994,True,1.940285000290664,True
1,194,CA-KL + Weighted Detector,1,z_score,13.420304585343759,4.365641250653994,True,1.940285000290664,True
3,195,CA-KL + Weighted Detector,1,z_score,8.407901667926211,4.0422604172722165,True,1.940285000290664,True
2,196,CA-KL + Weighted Detector,1,z_score,12.611852501889315,4.0422604172722165,True,1.940285000290664,True
4,197,CA-KL + Weighted Detector,1,z_score,11.641710001743984,2.748737083745107,True,1.940285000290664,True
4,198,CA-KL + Weighted Detector,1,z_score,10.024805834835098,2.748737083745107,True,1.940285000290664,True
4,199,CA-KL + Weighted Detector,1,z_score,13.581995002034647,2.748737083745107,True,1.940285000290664,True
3,2,CA-KL + Weighted Detector,1,z_score,11.318329168362206,4.0422604172722165,True,1.940285000290664,True
5,20,CA-KL + Weighted Detector,1,z_score,12.288471668507539,4.0422604172722165,True,1.940285000290664,True
5,200,CA-KL + Weighted Detector,1,z_score,12.611852501889315,4.0422604172722165,True,1.940285000290664,True
4,201,CA-KL + Weighted Detector,1,z_score,12.450162085198427,2.748737083745107,True,1.940285000290664,True
2,202,CA-KL + Weighted Detector,1,z_score,14.228756668798201,4.0422604172722165,True,1.940285000290664,True
4,203,CA-KL + Weighted Detector,1,z_score,12.773542918580205,2.748737083745107,True,1.940285000290664,True
5,204,CA-KL + Weighted Detector,1,z_score,10.518309791550246,4.0422604172722165,True,1.940285000290664,True
3,205,CA-KL + Weighted Detector,1,z_score,13.581995002034647,4.0422604172722165,True,1.940285000290664,True
3,206,CA-KL + Weighted Detector,1,z_score,12.126781251816649,4.0422604172722165,True,1.940285000290664,True
3,207,CA-KL + Weighted Detector,1,z_score,10.83325791828954,4.0422604172722165,True,1.940285000290664,True
1,208,CA-KL + Weighted Detector,1,z_score,12.773542918580205,4.365641250653994,True,1.940285000290664,True
3,209,CA-KL + Weighted Detector,1,z_score,10.83325791828954,4.0422604172722165,True,1.940285000290664,True
4,21,CA-KL + Weighted Detector,1,z_score,13.581995002034647,2.748737083745107,True,1.940285000290664,True
1,210,CA-KL + Weighted Detector,1,z_score,11.480019585053094,4.365641250653994,True,1.940285000290664,True
4,211,CA-KL + Weighted Detector,1,z_score,11.96509083512576,2.748737083745107,True,1.940285000290664,True
1,212,CA-KL + Weighted Detector,1,z_score,13.258614168652871,4.365641250653994,True,1.940285000290664,True
5,213,CA-KL + Weighted Detector,1,z_score,10.024805834835098,4.0422604172722165,True,1.940285000290664,True
1,214,CA-KL + Weighted Detector,1,z_score,12.611852501889315,4.365641250653994,True,1.940285000290664,True
2,215,CA-KL + Weighted Detector,1,z_score,11.156638751671318,4.0422604172722165,True,1.940285000290664,True
3,216,CA-KL + Weighted Detector,1,z_score,12.935233335271093,4.0422604172722165,True,1.940285000290664,True
2,217,CA-KL + Weighted Detector,1,z_score,11.156638751671318,4.0422604172722165,True,1.940285000290664,True
3,218,CA-KL + Weighted Detector,1,z_score,13.743685418725535,4.0422604172722165,True,1.940285000290664,True
3,219,CA-KL + Weighted Detector,1,z_score,11.96509083512576,4.0422604172722165,True,1.940285000290664,True
1,22,CA-KL + Weighted Detector,1,z_score,13.096923751961981,4.365641250653994,True,1.940285000290664,True
4,220,CA-KL + Weighted Detector,1,z_score,17.947636252688643,2.748737083745107,True,1.940285000290664,True
4,221,CA-KL + Weighted Detector,1,z_score,14.713827918870868,2.748737083745107,True,1.940285000290664,True
1,222,CA-KL + Weighted Detector,1,z_score,7.922830417853544,4.365641250653994,True,1.940285000290664,True
3,223,CA-KL + Weighted Detector,1,z_score,13.581995002034647,4.0422604172722165,True,1.940285000290664,True
2,224,CA-KL + Weighted Detector,1,z_score,14.228756668798201,4.0422604172722165,True,1.940285000290664,True
4,225,CA-KL + Weighted Detector,1,z_score,11.156638751671318,2.748737083745107,True,1.940285000290664,True
1,226,CA-KL + Weighted Detector,1,z_score,14.875518335561758,4.365641250653994,True,1.940285000290664,True
2,227,CA-KL + Weighted Detector,1,z_score,12.288471668507539,4.0422604172722165,True,1.940285000290664,True
1,228,CA-KL + Weighted Detector,1,z_score,10.671567501598652,4.365641250653994,True,1.940285000290664,True
5,229,CA-KL + Weighted Detector,1,z_score,10.348186668216874,4.0422604172722165,True,1.940285000290664,True
1,23,CA-KL + Weighted Detector,1,z_score,11.803400418434872,4.365641250653994,True,1.940285000290664,True
2,230,CA-KL + Weighted Detector,1,z_score,11.480019585053094,4.0422604172722165,True,1.940285000290664,True
5,231,CA-KL + Weighted Detector,1,z_score,11.156638751671318,4.0422604172722165,True,1.940285000290664,True
5,232,CA-KL + Weighted Detector,1,z_score,11.480019585053094,4.0422604172722165,True,1.940285000290664,True
2,233,CA-KL + Weighted Detector,1,z_score,13.628782726016468,4.0422604172722165,True,1.940285000290664,True
1,234,CA-KL + Weighted Detector,1,z_score,11.318329168362206,4.365641250653994,True,1.940285000290664,True
5,235,CA-KL + Weighted Detector,1,z_score,12.126781251816649,4.0422604172722165,True,1.940285000290664,True
3,236,CA-KL + Weighted Detector,1,z_score,13.258614168652871,4.0422604172722165,True,1.940285000290664,True
5,237,CA-KL + Weighted Detector,1,z_score,10.671567501598652,4.0422604172722165,True,1.940285000290664,True
3,238,CA-KL + Weighted Detector,1,z_score,15.360589585634422,4.0422604172722165,True,1.940285000290664,True
4,239,CA-KL + Weighted Detector,1,z_score,13.581995002034647,2.748737083745107,True,1.940285000290664,True
5,24,CA-KL + Weighted Detector,1,z_score,13.096923751961981,4.0422604172722165,True,1.940285000290664,True
4,240,CA-KL + Weighted Detector,1,z_score,11.641710001743984,2.748737083745107,True,1.940285000290664,True
1,241,CA-KL + Weighted Detector,1,z_score,11.26765281680262,4.365641250653994,True,1.940285000290664,True
2,242,CA-KL + Weighted Detector,1,z_score,11.156638751671318,4.0422604172722165,True,1.940285000290664,True
4,243,CA-KL + Weighted Detector,1,z_score,13.743685418725535,2.748737083745107,True,1.940285000290664,True
5,244,CA-KL + Weighted Detector,1,z_score,15.360589585634422,4.0422604172722165,True,1.940285000290664,True
2,245,CA-KL + Weighted Detector,1,z_score,11.480019585053094,4.0422604172722165,True,1.940285000290664,True
2,246,CA-KL + Weighted Detector,1,z_score,12.773542918580205,4.0422604172722165,True,1.940285000290664,True
3,247,CA-KL + Weighted Detector,1,z_score,14.067066252107313,4.0422604172722165,True,1.940285000290664,True
4,248,CA-KL + Weighted Detector,1,z_score,12.773542918580205,2.748737083745107,True,1.940285000290664,True
4,249,CA-KL + Weighted Detector,1,z_score,11.480019585053094,2.748737083745107,True,1.940285000290664,True
3,25,CA-KL + Weighted Detector,1,z_score,11.641710001743984,4.0422604172722165,True,1.940285000290664,True
1,250,CA-KL + Weighted Detector,1,z_score,13.096923751961981,4.365641250653994,True,1.940285000290664,True
5,251,CA-KL + Weighted Detector,1,z_score,11.803400418434872,4.0422604172722165,True,1.940285000290664,True
3,252,CA-KL + Weighted Detector,1,z_score,10.994948334980428,4.0422604172722165,True,1.940285000290664,True
3,253,CA-KL + Weighted Detector,1,z_score,15.6839704190162,4.0422604172722165,True,1.940285000290664,True
5,254,CA-KL + Weighted Detector,1,z_score,12.450162085198427,4.0422604172722165,True,1.940285000290664,True
1,255,CA-KL + Weighted Detector,1,z_score,11.641710001743984,4.365641250653994,True,1.940285000290664,True
2,256,CA-KL + Weighted Detector,1,z_score,9.378044168071542,4.0422604172722165,True,1.940285000290664,True
3,257,CA-KL + Weighted Detector,1,z_score,11.803400418434872,4.0422604172722165,True,1.940285000290664,True
5,258,CA-KL + Weighted Detector,1,z_score,10.994948334980428,4.0422604172722165,True,1.940285000290664,True
1,259,CA-KL + Weighted Detector,1,z_score,15.360589585634422,4.365641250653994,True,1.940285000290664,True
4,26,CA-KL + Weighted Detector,1,z_score,12.126781251816649,2.748737083745107,True,1.940285000290664,True
5,260,CA-KL + Weighted Detector,1,z_score,18.27101708607042,4.0422604172722165,True,1.940285000290664,True
3,261,CA-KL + Weighted Detector,1,z_score,14.713827918870868,4.0422604172722165,True,1.940285000290664,True
2,262,CA-KL + Weighted Detector,1,z_score,13.301364522388443,4.0422604172722165,True,1.940285000290664,True
2,263,CA-KL + Weighted Detector,1,z_score,12.773542918580205,4.0422604172722165,True,1.940285000290664,True
2,264,CA-KL + Weighted Detector,1,z_score,12.288471668507539,4.0422604172722165,True,1.940285000290664,True
2,265,CA-KL + Weighted Detector,1,z_score,14.390447085489091,4.0422604172722165,True,1.940285000290664,True
2,266,CA-KL + Weighted Detector,1,z_score,14.067066252107313,4.0422604172722165,True,1.940285000290664,True
5,267,CA-KL + Weighted Detector,1,z_score,10.509877084907762,4.0422604172722165,True,1.940285000290664,True
5,268,CA-KL + Weighted Detector,1,z_score,13.905375835416425,4.0422604172722165,True,1.940285000290664,True
4,269,CA-KL + Weighted Detector,1,z_score,14.55213750217998,2.748737083745107,True,1.940285000290664,True
3,27,CA-KL + Weighted Detector,1,z_score,14.875518335561758,4.0422604172722165,True,1.940285000290664,True
1,270,CA-KL + Weighted Detector,1,z_score,12.288471668507539,4.365641250653994,True,1.940285000290664,True
5,271,CA-KL + Weighted Detector,1,z_score,12.450162085198427,4.0422604172722165,True,1.940285000290664,True
5,272,CA-KL + Weighted Detector,1,z_score,13.258614168652871,4.0422604172722165,True,1.940285000290664,True
3,273,CA-KL + Weighted Detector,1,z_score,12.611852501889315,4.0422604172722165,True,1.940285000290664,True
5,274,CA-KL + Weighted Detector,1,z_score,14.067066252107313,4.0422604172722165,True,1.940285000290664,True
2,275,CA-KL + Weighted Detector,1,z_score,14.875518335561758,4.0422604172722165,True,1.940285000290664,True
5,276,CA-KL + Weighted Detector,1,z_score,12.288471668507539,4.0422604172722165,True,1.940285000290664,True
5,277,CA-KL + Weighted Detector,1,z_score,10.186496251525986,4.0422604172722165,True,1.940285000290664,True
5,278,CA-KL + Weighted Detector,1,z_score,13.905375835416425,4.0422604172722165,True,1.940285000290664,True
1,279,CA-KL + Weighted Detector,1,z_score,16.492422502470642,4.365641250653994,True,1.940285000290664,True
5,28,CA-KL + Weighted Detector,1,z_score,14.228756668798201,4.0422604172722165,True,1.940285000290664,True
1,280,CA-KL + Weighted Detector,1,z_score,10.671567501598652,4.365641250653994,True,1.940285000290664,True
5,281,CA-KL + Weighted Detector,1,z_score,8.731282501307987,4.0422604172722165,True,1.940285000290664,True
2,282,CA-KL + Weighted Detector,1,z_score,6.305926250944657,4.0422604172722165,True,1.940285000290664,True
5,283,CA-KL + Weighted Detector,1,z_score,12.773542918580205,4.0422604172722165,True,1.940285000290664,True
4,284,CA-KL + Weighted Detector,1,z_score,10.509877084907762,2.748737083745107,True,1.940285000290664,True
5,285,CA-KL + Weighted Detector,1,z_score,12.288471668507539,4.0422604172722165,True,1.940285000290664,True
2,286,CA-KL + Weighted Detector,1,z_score,14.55213750217998,4.0422604172722165,True,1.940285000290664,True
1,287,CA-KL + Weighted Detector,1,z_score,14.067066252107313,4.365641250653994,True,1.940285000290664,True
3,288,CA-KL + Weighted Detector,1,z_score,14.390447085489091,4.0422604172722165,True,1.940285000290664,True
1,289,CA-KL + Weighted Detector,1,z_score,14.067066252107313,4.365641250653994,True,1.940285000290664,True
4,29,CA-KL + Weighted Detector,1,z_score,12.773542918580205,2.748737083745107,True,1.940285000290664,True
4,290,CA-KL + Weighted Detector,1,z_score,11.318329168362206,2.748737083745107,True,1.940285000290664,True
2,291,CA-KL + Weighted Detector,1,z_score,10.83325791828954,4.0422604172722165,True,1.940285000290664,True
2,292,CA-KL + Weighted Detector,1,z_score,9.863115418144208,4.0422604172722165,True,1.940285000290664,True
4,293,CA-KL + Weighted Detector,1,z_score,15.845660835707088,2.748737083745107,True,1.940285000290664,True
3,294,CA-KL + Weighted Detector,1,z_score,9.054663334689765,4.0422604172722165,True,1.940285000290664,True
2,295,CA-KL + Weighted Detector,1,z_score,15.845660835707088,4.0422604172722165,True,1.940285000290664,True
5,296,CA-KL + Weighted Detector,1,z_score,12.371791482634839,4.0422604172722165,True,1.940285000290664,True
3,297,CA-KL + Weighted Detector,1,z_score,13.743685418725535,4.0422604172722165,True,1.940285000290664,True
5,298,CA-KL + Weighted Detector,1,z_score,13.743685418725535,4.0422604172722165,True,1.940285000290664,True
1,299,CA-KL + Weighted Detector,1,z_score,13.905375835416425,4.365641250653994,True,1.940285000290664,True
5,3,CA-KL + Weighted Detector,1,z_score,14.067066252107313,4.0422604172722165,True,1.940285000290664,True
5,30,CA-KL + Weighted Detector,1,z_score,12.935233335271093,4.0422604172722165,True,1.940285000290664,True
1,300,CA-KL + Weighted Detector,1,z_score,13.905375835416425,4.365641250653994,True,1.940285000290664,True
2,301,CA-KL + Weighted Detector,1,z_score,12.450162085198427,4.0422604172722165,True,1.940285000290664,True
4,302,CA-KL + Weighted Detector,1,z_score,12.126781251816649,2.748737083745107,True,1.940285000290664,True
4,303,CA-KL + Weighted Detector,1,z_score,12.935233335271093,2.748737083745107,True,1.940285000290664,True
3,304,CA-KL + Weighted Detector,1,z_score,13.581995002034647,4.0422604172722165,True,1.940285000290664,True
5,305,CA-KL + Weighted Detector,1,z_score,13.581995002034647,4.0422604172722165,True,1.940285000290664,True
1,306,CA-KL + Weighted Detector,1,z_score,10.186496251525986,4.365641250653994,True,1.940285000290664,True
2,307,CA-KL + Weighted Detector,1,z_score,12.288471668507539,4.0422604172722165,True,1.940285000290664,True
5,308,CA-KL + Weighted Detector,1,z_score,11.480019585053094,4.0422604172722165,True,1.940285000290664,True
2,309,CA-KL + Weighted Detector,1,z_score,12.288471668507539,4.0422604172722165,True,1.940285000290664,True
2,31,CA-KL + Weighted Detector,1,z_score,12.773542918580205,4.0422604172722165,True,1.940285000290664,True
5,310,CA-KL + Weighted Detector,1,z_score,11.156638751671318,4.0422604172722165,True,1.940285000290664,True
4,311,CA-KL + Weighted Detector,1,z_score,12.773542918580205,2.748737083745107,True,1.940285000290664,True
1,312,CA-KL + Weighted Detector,1,z_score,10.83325791828954,4.365641250653994,True,1.940285000290664,True
1,313,CA-KL + Weighted Detector,1,z_score,18.432707502761307,4.365641250653994,True,1.940285000290664,True
5,314,CA-KL + Weighted Detector,1,z_score,10.186496251525986,4.0422604172722165,True,1.940285000290664,True
1,315,CA-KL + Weighted Detector,1,z_score,11.641710001743984,4.365641250653994,True,1.940285000290664,True
2,316,CA-KL + Weighted Detector,1,z_score,10.994948334980428,4.0422604172722165,True,1.940285000290664,True
5,317,CA-KL + Weighted Detector,1,z_score,11.480019585053094,4.0422604172722165,True,1.940285000290664,True
4,318,CA-KL + Weighted Detector,1,z_score,10.186496251525986,2.748737083745107,True,1.940285000290664,True
4,319,CA-KL + Weighted Detector,1,z_score,10.024805834835098,2.748737083745107,True,1.940285000290664,True
1,32,CA-KL + Weighted Detector,1,z_score,12.611852501889315,4.365641250653994,True,1.940285000290664,True
2,320,CA-KL + Weighted Detector,1,z_score,10.509877084907762,4.0422604172722165,True,1.940285000290664,True
3,321,CA-KL + Weighted Detector,1,z_score,12.990684249887122,4.0422604172722165,True,1.940285000290664,True
1,322,CA-KL + Weighted Detector,1,z_score,15.037208752252646,4.365641250653994,True,1.940285000290664,True
2,323,CA-KL + Weighted Detector,1,z_score,9.539734584762432,4.0422604172722165,True,1.940285000290664,True
4,324,CA-KL + Weighted Detector,1,z_score,14.228756668798201,2.748737083745107,True,1.940285000290664,True
2,325,CA-KL + Weighted Detector,1,z_score,13.258614168652871,4.0422604172722165,True,1.940285000290664,True
4,326,CA-KL + Weighted Detector,1,z_score,13.581995002034647,2.748737083745107,True,1.940285000290664,True
3,327,CA-KL + Weighted Detector,1,z_score,13.096923751961981,4.0422604172722165,True,1.940285000290664,True
3,328,CA-KL + Weighted Detector,1,z_score,14.067066252107313,4.0422604172722165,True,1.940285000290664,True
5,329,CA-KL + Weighted Detector,1,z_score,15.360589585634422,4.0422604172722165,True,1.940285000290664,True
4,33,CA-KL + Weighted Detector,1,z_score,14.875518335561758,2.748737083745107,True,1.940285000290664,True
3,330,CA-KL + Weighted Detector,1,z_score,9.863115418144208,4.0422604172722165,True,1.940285000290664,True
4,331,CA-KL + Weighted Detector,1,z_score,13.096923751961981,2.748737083745107,True,1.940285000290664,True
4,332,CA-KL + Weighted Detector,1,z_score,11.96509083512576,2.748737083745107,True,1.940285000290664,True
1,333,CA-KL + Weighted Detector,1,z_score,14.067066252107313,4.365641250653994,True,1.940285000290664,True
4,334,CA-KL + Weighted Detector,1,z_score,13.581995002034647,2.748737083745107,True,1.940285000290664,True
1,335,CA-KL + Weighted Detector,1,z_score,13.581995002034647,4.365641250653994,True,1.940285000290664,True
1,336,CA-KL + Weighted Detector,1,z_score,11.336855300620304,4.365641250653994,True,1.940285000290664,True
2,337,CA-KL + Weighted Detector,1,z_score,7.599449584471767,4.0422604172722165,True,1.940285000290664,True
2,338,CA-KL + Weighted Detector,1,z_score,9.70142500145332,4.0422604172722165,True,1.940285000290664,True
5,339,CA-KL + Weighted Detector,1,z_score,13.096923751961981,4.0422604172722165,True,1.940285000290664,True
1,34,CA-KL + Weighted Detector,1,z_score,8.5695920846171,4.365641250653994,True,1.940285000290664,True
4,340,CA-KL + Weighted Detector,1,z_score,10.83325791828954,2.748737083745107,True,1.940285000290664,True
3,341,CA-KL + Weighted Detector,1,z_score,11.641710001743984,4.0422604172722165,True,1.940285000290664,True
3,342,CA-KL + Weighted Detector,1,z_score,13.743685418725535,4.0422604172722165,True,1.940285000290664,True
4,343,CA-KL + Weighted Detector,1,z_score,14.390447085489091,2.748737083745107,True,1.940285000290664,True
5,344,CA-KL + Weighted Detector,1,z_score,11.96509083512576,4.0422604172722165,True,1.940285000290664,True
2,345,CA-KL + Weighted Detector,1,z_score,10.348186668216874,4.0422604172722165,True,1.940285000290664,True
3,346,CA-KL + Weighted Detector,1,z_score,10.994948334980428,4.0422604172722165,True,1.940285000290664,True
5,347,CA-KL + Weighted Detector,1,z_score,12.450162085198427,4.0422604172722165,True,1.940285000290664,True
1,348,CA-KL + Weighted Detector,1,z_score,15.6839704190162,4.365641250653994,True,1.940285000290664,True
2,349,CA-KL + Weighted Detector,1,z_score,12.450162085198427,4.0422604172722165,True,1.940285000290664,True
1,35,CA-KL + Weighted Detector,1,z_score,7.114378334399101,4.365641250653994,True,1.940285000290664,True
1,350,CA-KL + Weighted Detector,1,z_score,12.611852501889315,4.365641250653994,True,1.940285000290664,True
3,351,CA-KL + Weighted Detector,1,z_score,16.492422502470642,4.0422604172722165,True,1.940285000290664,True
4,352,CA-KL + Weighted Detector,1,z_score,11.803400418434872,2.748737083745107,True,1.940285000290664,True
2,353,CA-KL + Weighted Detector,1,z_score,15.198899168943534,4.0422604172722165,True,1.940285000290664,True
3,354,CA-KL + Weighted Detector,1,z_score,18.756088336143083,4.0422604172722165,True,1.940285000290664,True
1,355,CA-KL + Weighted Detector,1,z_score,13.096923751961981,4.365641250653994,True,1.940285000290664,True
5,356,CA-KL + Weighted Detector,1,z_score,14.228756668798201,4.0422604172722165,True,1.940285000290664,True
5,357,CA-KL + Weighted Detector,1,z_score,9.054663334689765,4.0422604172722165,True,1.940285000290664,True
1,358,CA-KL + Weighted Detector,1,z_score,11.96509083512576,4.365641250653994,True,1.940285000290664,True
1,359,CA-KL + Weighted Detector,1,z_score,12.773542918580205,4.365641250653994,True,1.940285000290664,True
3,36,CA-KL + Weighted Detector,1,z_score,12.935233335271093,4.0422604172722165,True,1.940285000290664,True
5,360,CA-KL + Weighted Detector,1,z_score,11.156638751671318,4.0422604172722165,True,1.940285000290664,True
3,361,CA-KL + Weighted Detector,1,z_score,12.288471668507539,4.0422604172722165,True,1.940285000290664,True
4,362,CA-KL + Weighted Detector,1,z_score,13.905375835416425,2.748737083745107,True,1.940285000290664,True
5,363,CA-KL + Weighted Detector,1,z_score,14.713827918870868,4.0422604172722165,True,1.940285000290664,True
3,364,CA-KL + Weighted Detector,1,z_score,11.96509083512576,4.0422604172722165,True,1.940285000290664,True
3,365,CA-KL + Weighted Detector,1,z_score,16.492422502470642,4.0422604172722165,True,1.940285000290664,True
5,366,CA-KL + Weighted Detector,1,z_score,13.258614168652871,4.0422604172722165,True,1.940285000290664,True
2,367,CA-KL + Weighted Detector,1,z_score,11.96509083512576,4.0422604172722165,True,1.940285000290664,True
4,368,CA-KL + Weighted Detector,1,z_score,14.55213750217998,2.748737083745107,True,1.940285000290664,True
3,369,CA-KL + Weighted Detector,1,z_score,12.611852501889315,4.0422604172722165,True,1.940285000290664,True
4,37,CA-KL + Weighted Detector,1,z_score,11.480019585053094,2.748737083745107,True,1.940285000290664,True
2,370,CA-KL + Weighted Detector,1,z_score,13.743685418725535,4.0422604172722165,True,1.940285000290664,True
4,371,CA-KL + Weighted Detector,1,z_score,7.114378334399101,2.748737083745107,True,1.940285000290664,True
4,372,CA-KL + Weighted Detector,1,z_score,14.228756668798201,2.748737083745107,True,1.940285000290664,True
1,373,CA-KL + Weighted Detector,1,z_score,8.5695920846171,4.365641250653994,True,1.940285000290664,True
4,374,CA-KL + Weighted Detector,1,z_score,13.905375835416425,2.748737083745107,True,1.940285000290664,True
1,375,CA-KL + Weighted Detector,1,z_score,10.83325791828954,4.365641250653994,True,1.940285000290664,True
4,376,CA-KL + Weighted Detector,1,z_score,12.935233335271093,2.748737083745107,True,1.940285000290664,True
3,377,CA-KL + Weighted Detector,1,z_score,13.581995002034647,4.0422604172722165,True,1.940285000290664,True
3,378,CA-KL + Weighted Detector,1,z_score,12.126781251816649,4.0422604172722165,True,1.940285000290664,True
4,379,CA-KL + Weighted Detector,1,z_score,12.126781251816649,2.748737083745107,True,1.940285000290664,True
4,38,CA-KL + Weighted Detector,1,z_score,8.731282501307987,2.748737083745107,True,1.940285000290664,True
1,380,CA-KL + Weighted Detector,1,z_score,13.581995002034647,4.365641250653994,True,1.940285000290664,True
2,381,CA-KL + Weighted Detector,1,z_score,11.480019585053094,4.0422604172722165,True,1.940285000290664,True
4,382,CA-KL + Weighted Detector,1,z_score,10.83325791828954,2.748737083745107,True,1.940285000290664,True
2,383,CA-KL + Weighted Detector,1,z_score,12.773542918580205,4.0422604172722165,True,1.940285000290664,True
2,384,CA-KL + Weighted Detector,1,z_score,11.480019585053094,4.0422604172722165,True,1.940285000290664,True
3,385,CA-KL + Weighted Detector,1,z_score,11.803400418434872,4.0422604172722165,True,1.940285000290664,True
2,386,CA-KL + Weighted Detector,1,z_score,7.423074889580903,4.0422604172722165,True,1.940285000290664,True
4,387,CA-KL + Weighted Detector,1,z_score,10.83325791828954,2.748737083745107,True,1.940285000290664,True
4,388,CA-KL + Weighted Detector,1,z_score,11.156638751671318,2.748737083745107,True,1.940285000290664,True
2,389,CA-KL + Weighted Detector,1,z_score,14.228756668798201,4.0422604172722165,True,1.940285000290664,True
4,39,CA-KL + Weighted Detector,1,z_score,14.067066252107313,2.748737083745107,True,1.940285000290664,True
2,390,CA-KL + Weighted Detector,1,z_score,9.70142500145332,4.0422604172722165,True,1.940285000290664,True
4,391,CA-KL + Weighted Detector,1,z_score,12.126781251816649,2.748737083745107,True,1.940285000290664,True
5,392,CA-KL + Weighted Detector,1,z_score,10.83325791828954,4.0422604172722165,True,1.940285000290664,True
3,393,CA-KL + Weighted Detector,1,z_score,9.863115418144208,4.0422604172722165,True,1.940285000290664,True
2,394,CA-KL + Weighted Detector,1,z_score,14.067066252107313,4.0422604172722165,True,1.940285000290664,True
2,395,CA-KL + Weighted Detector,1,z_score,13.420304585343759,4.0422604172722165,True,1.940285000290664,True
5,396,CA-KL + Weighted Detector,1,z_score,-3.233808333817773,4.0422604172722165,False,1.940285000290664,False
4,397,CA-KL + Weighted Detector,1,z_score,13.743685418725535,2.748737083745107,True,1.940285000290664,True
5,398,CA-KL + Weighted Detector,1,z_score,11.318329168362206,4.0422604172722165,True,1.940285000290664,True
1,399,CA-KL + Weighted Detector,1,z_score,11.480019585053094,4.365641250653994,True,1.940285000290664,True
1,4,CA-KL + Weighted Detector,1,z_score,12.126781251816649,4.365641250653994,True,1.940285000290664,True
3,40,CA-KL + Weighted Detector,1,z_score,10.671567501598652,4.0422604172722165,True,1.940285000290664,True
2,400,CA-KL + Weighted Detector,1,z_score,12.288471668507539,4.0422604172722165,True,1.940285000290664,True
4,401,CA-KL + Weighted Detector,1,z_score,12.611852501889315,2.748737083745107,True,1.940285000290664,True
2,402,CA-KL + Weighted Detector,1,z_score,12.288471668507539,4.0422604172722165,True,1.940285000290664,True
1,403,CA-KL + Weighted Detector,1,z_score,14.067066252107313,4.365641250653994,True,1.940285000290664,True
5,404,CA-KL + Weighted Detector,1,z_score,13.743685418725535,4.0422604172722165,True,1.940285000290664,True
3,405,CA-KL + Weighted Detector,1,z_score,13.096923751961981,4.0422604172722165,True,1.940285000290664,True
3,406,CA-KL + Weighted Detector,1,z_score,13.096923751961981,4.0422604172722165,True,1.940285000290664,True
5,407,CA-KL + Weighted Detector,1,z_score,13.258614168652871,4.0422604172722165,True,1.940285000290664,True
2,408,CA-KL + Weighted Detector,1,z_score,9.539734584762432,4.0422604172722165,True,1.940285000290664,True
2,409,CA-KL + Weighted Detector,1,z_score,12.450162085198427,4.0422604172722165,True,1.940285000290664,True
3,41,CA-KL + Weighted Detector,1,z_score,14.713827918870868,4.0422604172722165,True,1.940285000290664,True
4,410,CA-KL + Weighted Detector,1,z_score,12.97394631876042,2.748737083745107,True,1.940285000290664,True
4,411,CA-KL + Weighted Detector,1,z_score,12.611852501889315,2.748737083745107,True,1.940285000290664,True
4,412,CA-KL + Weighted Detector,1,z_score,12.935233335271093,2.748737083745107,True,1.940285000290664,True
5,413,CA-KL + Weighted Detector,1,z_score,9.70142500145332,4.0422604172722165,True,1.940285000290664,True
2,414,CA-KL + Weighted Detector,1,z_score,10.024805834835098,4.0422604172722165,True,1.940285000290664,True
2,415,CA-KL + Weighted Detector,1,z_score,11.641710001743984,4.0422604172722165,True,1.940285000290664,True
1,416,CA-KL + Weighted Detector,1,z_score,9.216353751380653,4.365641250653994,True,1.940285000290664,True
5,417,CA-KL + Weighted Detector,1,z_score,16.007351252397978,4.0422604172722165,True,1.940285000290664,True
1,418,CA-KL + Weighted Detector,1,z_score,12.935233335271093,4.365641250653994,True,1.940285000290664,True
5,419,CA-KL + Weighted Detector,1,z_score,10.671567501598652,4.0422604172722165,True,1.940285000290664,True
1,42,CA-KL + Weighted Detector,1,z_score,10.186496251525986,4.365641250653994,True,1.940285000290664,True
4,420,CA-KL + Weighted Detector,1,z_score,11.480019585053094,2.748737083745107,True,1.940285000290664,True
3,421,CA-KL + Weighted Detector,1,z_score,15.198899168943534,4.0422604172722165,True,1.940285000290664,True
2,422,CA-KL + Weighted Detector,1,z_score,13.905375835416425,4.0422604172722165,True,1.940285000290664,True
3,423,CA-KL + Weighted Detector,1,z_score,11.318329168362206,4.0422604172722165,True,1.940285000290664,True
3,424,CA-KL + Weighted Detector,1,z_score,10.671567501598652,4.0422604172722165,True,1.940285000290664,True
1,425,CA-KL + Weighted Detector,1,z_score,15.360589585634422,4.365641250653994,True,1.940285000290664,True
1,426,CA-KL + Weighted Detector,1,z_score,12.935233335271093,4.365641250653994,True,1.940285000290664,True
1,427,CA-KL + Weighted Detector,1,z_score,11.641710001743984,4.365641250653994,True,1.940285000290664,True
2,428,CA-KL + Weighted Detector,1,z_score,13.743685418725535,4.0422604172722165,True,1.940285000290664,True
5,429,CA-KL + Weighted Detector,1,z_score,12.611852501889315,4.0422604172722165,True,1.940285000290664,True
3,43,CA-KL + Weighted Detector,1,z_score,12.773542918580205,4.0422604172722165,True,1.940285000290664,True
1,430,CA-KL + Weighted Detector,1,z_score,12.773542918580205,4.365641250653994,True,1.940285000290664,True
1,431,CA-KL + Weighted Detector,1,z_score,12.773542918580205,4.365641250653994,True,1.940285000290664,True
5,432,CA-KL + Weighted Detector,1,z_score,11.641710001743984,4.0422604172722165,True,1.940285000290664,True
1,433,CA-KL + Weighted Detector,1,z_score,10.024805834835098,4.365641250653994,True,1.940285000290664,True
5,434,CA-KL + Weighted Detector,1,z_score,8.246211251235321,4.0422604172722165,True,1.940285000290664,True
5,435,CA-KL + Weighted Detector,1,z_score,10.994948334980428,4.0422604172722165,True,1.940285000290664,True
5,436,CA-KL + Weighted Detector,1,z_score,11.480019585053094,4.0422604172722165,True,1.940285000290664,True
3,437,CA-KL + Weighted Detector,1,z_score,13.096923751961981,4.0422604172722165,True,1.940285000290664,True
5,438,CA-KL + Weighted Detector,1,z_score,11.641710001743984,4.0422604172722165,True,1.940285000290664,True
1,439,CA-KL + Weighted Detector,1,z_score,4.85071250072666,4.365641250653994,True,1.940285000290664,True
4,44,CA-KL + Weighted Detector,1,z_score,11.96509083512576,2.748737083745107,True,1.940285000290664,True
3,440,CA-KL + Weighted Detector,1,z_score,11.156638751671318,4.0422604172722165,True,1.940285000290664,True
2,441,CA-KL + Weighted Detector,1,z_score,11.803400418434872,4.0422604172722165,True,1.940285000290664,True
3,442,CA-KL + Weighted Detector,1,z_score,9.70142500145332,4.0422604172722165,True,1.940285000290664,True
4,443,CA-KL + Weighted Detector,1,z_score,12.773542918580205,2.748737083745107,True,1.940285000290664,True
1,444,CA-KL + Weighted Detector,1,z_score,9.539734584762432,4.365641250653994,True,1.940285000290664,True
4,445,CA-KL + Weighted Detector,1,z_score,10.348186668216874,2.748737083745107,True,1.940285000290664,True
4,446,CA-KL + Weighted Detector,1,z_score,13.096923751961981,2.748737083745107,True,1.940285000290664,True
4,447,CA-KL + Weighted Detector,1,z_score,7.922830417853544,2.748737083745107,True,1.940285000290664,True
5,448,CA-KL + Weighted Detector,1,z_score,10.027182486108211,4.0422604172722165,True,1.940285000290664,True
5,449,CA-KL + Weighted Detector,1,z_score,16.330732085779754,4.0422604172722165,True,1.940285000290664,True
3,45,CA-KL + Weighted Detector,1,z_score,14.713827918870868,4.0422604172722165,True,1.940285000290664,True
5,450,CA-KL + Weighted Detector,1,z_score,14.067066252107313,4.0422604172722165,True,1.940285000290664,True
2,451,CA-KL + Weighted Detector,1,z_score,7.437759167780879,4.0422604172722165,True,1.940285000290664,True
3,452,CA-KL + Weighted Detector,1,z_score,10.024805834835098,4.0422604172722165,True,1.940285000290664,True
5,453,CA-KL + Weighted Detector,1,z_score,15.522280002325312,4.0422604172722165,True,1.940285000290664,True
5,454,CA-KL + Weighted Detector,1,z_score,11.803400418434872,4.0422604172722165,True,1.940285000290664,True
4,455,CA-KL + Weighted Detector,1,z_score,10.83325791828954,2.748737083745107,True,1.940285000290664,True
3,456,CA-KL + Weighted Detector,1,z_score,13.420304585343759,4.0422604172722165,True,1.940285000290664,True
2,457,CA-KL + Weighted Detector,1,z_score,11.318329168362206,4.0422604172722165,True,1.940285000290664,True
3,458,CA-KL + Weighted Detector,1,z_score,13.581995002034647,4.0422604172722165,True,1.940285000290664,True
5,459,CA-KL + Weighted Detector,1,z_score,15.037208752252646,4.0422604172722165,True,1.940285000290664,True
4,46,CA-KL + Weighted Detector,1,z_score,10.994948334980428,2.748737083745107,True,1.940285000290664,True
1,460,CA-KL + Weighted Detector,1,z_score,11.318329168362206,4.365641250653994,True,1.940285000290664,True
4,461,CA-KL + Weighted Detector,1,z_score,9.863115418144208,2.748737083745107,True,1.940285000290664,True
3,462,CA-KL + Weighted Detector,1,z_score,12.450162085198427,4.0422604172722165,True,1.940285000290664,True
1,463,CA-KL + Weighted Detector,1,z_score,11.318329168362206,4.365641250653994,True,1.940285000290664,True
2,464,CA-KL + Weighted Detector,1,z_score,9.863115418144208,4.0422604172722165,True,1.940285000290664,True
1,465,CA-KL + Weighted Detector,1,z_score,12.126781251816649,4.365641250653994,True,1.940285000290664,True
3,466,CA-KL + Weighted Detector,1,z_score,13.905375835416425,4.0422604172722165,True,1.940285000290664,True
4,467,CA-KL + Weighted Detector,1,z_score,14.390447085489091,2.748737083745107,True,1.940285000290664,True
2,468,CA-KL + Weighted Detector,1,z_score,12.126781251816649,4.0422604172722165,True,1.940285000290664,True
1,469,CA-KL + Weighted Detector,1,z_score,11.318329168362206,4.365641250653994,True,1.940285000290664,True
1,47,CA-KL + Weighted Detector,1,z_score,12.773542918580205,4.365641250653994,True,1.940285000290664,True
5,470,CA-KL + Weighted Detector,1,z_score,13.905375835416425,4.0422604172722165,True,1.940285000290664,True
5,471,CA-KL + Weighted Detector,1,z_score,10.994948334980428,4.0422604172722165,True,1.940285000290664,True
5,472,CA-KL + Weighted Detector,1,z_score,11.803400418434872,4.0422604172722165,True,1.940285000290664,True
2,473,CA-KL + Weighted Detector,1,z_score,13.743685418725535,4.0422604172722165,True,1.940285000290664,True
2,474,CA-KL + Weighted Detector,1,z_score,-0.485071250072666,4.0422604172722165,False,1.940285000290664,False
4,475,CA-KL + Weighted Detector,1,z_score,12.935233335271093,2.748737083745107,True,1.940285000290664,True
4,476,CA-KL + Weighted Detector,1,z_score,11.803400418434872,2.748737083745107,True,1.940285000290664,True
5,477,CA-KL + Weighted Detector,1,z_score,8.407901667926211,4.0422604172722165,True,1.940285000290664,True
2,478,CA-KL + Weighted Detector,1,z_score,10.83325791828954,4.0422604172722165,True,1.940285000290664,True
1,479,CA-KL + Weighted Detector,1,z_score,14.067066252107313,4.365641250653994,True,1.940285000290664,True
2,48,CA-KL + Weighted Detector,1,z_score,0.485071250072666,4.0422604172722165,False,1.940285000290664,False
4,480,CA-KL + Weighted Detector,1,z_score,10.83325791828954,2.748737083745107,True,1.940285000290664,True
3,481,CA-KL + Weighted Detector,1,z_score,12.288471668507539,4.0422604172722165,True,1.940285000290664,True
5,482,CA-KL + Weighted Detector,1,z_score,5.497474167490214,4.0422604172722165,True,1.940285000290664,True
3,483,CA-KL + Weighted Detector,1,z_score,15.360589585634422,4.0422604172722165,True,1.940285000290664,True
2,484,CA-KL + Weighted Detector,1,z_score,13.581995002034647,4.0422604172722165,True,1.940285000290664,True
3,485,CA-KL + Weighted Detector,1,z_score,11.803400418434872,4.0422604172722165,True,1.940285000290664,True
2,486,CA-KL + Weighted Detector,1,z_score,14.390447085489091,4.0422604172722165,True,1.940285000290664,True
2,487,CA-KL + Weighted Detector,1,z_score,12.288471668507539,4.0422604172722165,True,1.940285000290664,True
5,488,CA-KL + Weighted Detector,1,z_score,12.126781251816649,4.0422604172722165,True,1.940285000290664,True
5,489,CA-KL + Weighted Detector,1,z_score,12.773542918580205,4.0422604172722165,True,1.940285000290664,True
3,49,CA-KL + Weighted Detector,1,z_score,9.70142500145332,4.0422604172722165,True,1.940285000290664,True
4,490,CA-KL + Weighted Detector,1,z_score,11.318329168362206,2.748737083745107,True,1.940285000290664,True
1,491,CA-KL + Weighted Detector,1,z_score,11.641710001743984,4.365641250653994,True,1.940285000290664,True
2,492,CA-KL + Weighted Detector,1,z_score,7.8989641625260605,4.0422604172722165,True,1.940285000290664,True
3,493,CA-KL + Weighted Detector,1,z_score,2.5870466670542185,4.0422604172722165,False,1.940285000290664,True
2,494,CA-KL + Weighted Detector,1,z_score,13.581995002034647,4.0422604172722165,True,1.940285000290664,True
1,495,CA-KL + Weighted Detector,1,z_score,10.83325791828954,4.365641250653994,True,1.940285000290664,True
5,496,CA-KL + Weighted Detector,1,z_score,13.581995002034647,4.0422604172722165,True,1.940285000290664,True
1,497,CA-KL + Weighted Detector,1,z_score,11.641710001743984,4.365641250653994,True,1.940285000290664,True
5,498,CA-KL + Weighted Detector,1,z_score,11.318329168362206,4.0422604172722165,True,1.940285000290664,True
3,499,CA-KL + Weighted Detector,1,z_score,11.480019585053094,4.0422604172722165,True,1.940285000290664,True
4,5,CA-KL + Weighted Detector,1,z_score,12.97394631876042,2.748737083745107,True,1.940285000290664,True
4,50,CA-KL + Weighted Detector,1,z_score,10.509877084907762,2.748737083745107,True,1.940285000290664,True
2,51,CA-KL + Weighted Detector,1,z_score,14.55213750217998,4.0422604172722165,True,1.940285000290664,True
3,52,CA-KL + Weighted Detector,1,z_score,13.420304585343759,4.0422604172722165,True,1.940285000290664,True
3,53,CA-KL + Weighted Detector,1,z_score,11.96509083512576,4.0422604172722165,True,1.940285000290664,True
3,54,CA-KL + Weighted Detector,1,z_score,13.096923751961981,4.0422604172722165,True,1.940285000290664,True
1,55,CA-KL + Weighted Detector,1,z_score,24.09187208694241,4.365641250653994,True,1.940285000290664,True
5,56,CA-KL + Weighted Detector,1,z_score,12.611852501889315,4.0422604172722165,True,1.940285000290664,True
4,57,CA-KL + Weighted Detector,1,z_score,11.318329168362206,2.748737083745107,True,1.940285000290664,True
1,58,CA-KL + Weighted Detector,1,z_score,10.671567501598652,4.365641250653994,True,1.940285000290664,True
5,59,CA-KL + Weighted Detector,1,z_score,18.10932666937953,4.0422604172722165,True,1.940285000290664,True
4,6,CA-KL + Weighted Detector,1,z_score,13.743685418725535,2.748737083745107,True,1.940285000290664,True
1,60,CA-KL + Weighted Detector,1,z_score,12.935233335271093,4.365641250653994,True,1.940285000290664,True
4,61,CA-KL + Weighted Detector,1,z_score,10.348186668216874,2.748737083745107,True,1.940285000290664,True
4,62,CA-KL + Weighted Detector,1,z_score,10.509877084907762,2.748737083745107,True,1.940285000290664,True
3,63,CA-KL + Weighted Detector,1,z_score,14.067066252107313,4.0422604172722165,True,1.940285000290664,True
5,64,CA-KL + Weighted Detector,1,z_score,10.024805834835098,4.0422604172722165,True,1.940285000290664,True
2,65,CA-KL + Weighted Detector,1,z_score,10.024805834835098,4.0422604172722165,True,1.940285000290664,True
1,66,CA-KL + Weighted Detector,1,z_score,12.935233335271093,4.365641250653994,True,1.940285000290664,True
5,67,CA-KL + Weighted Detector,1,z_score,10.83325791828954,4.0422604172722165,True,1.940285000290664,True
4,68,CA-KL + Weighted Detector,1,z_score,13.258614168652871,2.748737083745107,True,1.940285000290664,True
2,69,CA-KL + Weighted Detector,1,z_score,12.450162085198427,4.0422604172722165,True,1.940285000290664,True
3,7,CA-KL + Weighted Detector,1,z_score,11.156638751671318,4.0422604172722165,True,1.940285000290664,True
1,70,CA-KL + Weighted Detector,1,z_score,9.539734584762432,4.365641250653994,True,1.940285000290664,True
5,71,CA-KL + Weighted Detector,1,z_score,13.258614168652871,4.0422604172722165,True,1.940285000290664,True
5,72,CA-KL + Weighted Detector,1,z_score,13.258614168652871,4.0422604172722165,True,1.940285000290664,True
3,73,CA-KL + Weighted Detector,1,z_score,12.288471668507539,4.0422604172722165,True,1.940285000290664,True
3,74,CA-KL + Weighted Detector,1,z_score,12.611852501889315,4.0422604172722165,True,1.940285000290664,True
2,75,CA-KL + Weighted Detector,1,z_score,15.198899168943534,4.0422604172722165,True,1.940285000290664,True
5,76,CA-KL + Weighted Detector,1,z_score,12.450162085198427,4.0422604172722165,True,1.940285000290664,True
2,77,CA-KL + Weighted Detector,1,z_score,10.83325791828954,4.0422604172722165,True,1.940285000290664,True
1,78,CA-KL + Weighted Detector,1,z_score,11.803400418434872,4.365641250653994,True,1.940285000290664,True
2,79,CA-KL + Weighted Detector,1,z_score,9.863115418144208,4.0422604172722165,True,1.940285000290664,True
5,8,CA-KL + Weighted Detector,1,z_score,13.581995002034647,4.0422604172722165,True,1.940285000290664,True
3,80,CA-KL + Weighted Detector,1,z_score,11.96509083512576,4.0422604172722165,True,1.940285000290664,True
2,81,CA-KL + Weighted Detector,1,z_score,11.156638751671318,4.0422604172722165,True,1.940285000290664,True
1,82,CA-KL + Weighted Detector,1,z_score,11.96509083512576,4.365641250653994,True,1.940285000290664,True
5,83,CA-KL + Weighted Detector,1,z_score,13.420304585343759,4.0422604172722165,True,1.940285000290664,True
2,84,CA-KL + Weighted Detector,1,z_score,13.258614168652871,4.0422604172722165,True,1.940285000290664,True
4,85,CA-KL + Weighted Detector,1,z_score,10.354600689736234,2.748737083745107,True,1.940285000290664,True
1,86,CA-KL + Weighted Detector,1,z_score,10.348186668216874,4.365641250653994,True,1.940285000290664,True
4,87,CA-KL + Weighted Detector,1,z_score,13.420304585343759,2.748737083745107,True,1.940285000290664,True
1,88,CA-KL + Weighted Detector,1,z_score,12.935233335271093,4.365641250653994,True,1.940285000290664,True
4,89,CA-KL + Weighted Detector,1,z_score,9.539734584762432,2.748737083745107,True,1.940285000290664,True
1,9,CA-KL + Weighted Detector,1,z_score,13.258614168652871,4.365641250653994,True,1.940285000290664,True
5,90,CA-KL + Weighted Detector,1,z_score,13.096923751961981,4.0422604172722165,True,1.940285000290664,True
2,91,CA-KL + Weighted Detector,1,z_score,11.803400418434872,4.0422604172722165,True,1.940285000290664,True
2,92,CA-KL + Weighted Detector,1,z_score,2.42535625036333,4.0422604172722165,False,1.940285000290664,True
5,93,CA-KL + Weighted Detector,1,z_score,13.096923751961981,4.0422604172722165,True,1.940285000290664,True
4,94,CA-KL + Weighted Detector,1,z_score,13.581995002034647,2.748737083745107,True,1.940285000290664,True
4,95,CA-KL + Weighted Detector,1,z_score,13.420304585343759,2.748737083745107,True,1.940285000290664,True
1,96,CA-KL + Weighted Detector,1,z_score,10.348186668216874,4.365641250653994,True,1.940285000290664,True
4,97,CA-KL + Weighted Detector,1,z_score,12.611852501889315,2.748737083745107,True,1.940285000290664,True
2,98,CA-KL + Weighted Detector,1,z_score,12.611852501889315,4.0422604172722165,True,1.940285000290664,True
3,99,CA-KL + Weighted Detector,1,z_score,13.096923751961981,4.0422604172722165,True,1.940285000290664,True
2,1,Current Adaptive Delta,1,z_score,15.522280002325312,4.0422604172722165,True,1.940285000290664,True
3,10,Current Adaptive Delta,1,z_score,11.641710001743984,4.0422604172722165,True,1.940285000290664,True
4,100,Current Adaptive Delta,1,z_score,7.922830417853544,2.748737083745107,True,1.940285000290664,True
5,101,Current Adaptive Delta,1,z_score,11.480019585053094,4.0422604172722165,True,1.940285000290664,True
5,102,Current Adaptive Delta,1,z_score,7.114378334399101,4.0422604172722165,True,1.940285000290664,True
3,103,Current Adaptive Delta,1,z_score,10.83325791828954,4.0422604172722165,True,1.940285000290664,True
2,104,Current Adaptive Delta,1,z_score,8.892972917998875,4.0422604172722165,True,1.940285000290664,True
4,105,Current Adaptive Delta,1,z_score,11.480019585053094,2.748737083745107,True,1.940285000290664,True
5,106,Current Adaptive Delta,1,z_score,7.599449584471767,4.0422604172722165,True,1.940285000290664,True
2,107,Current Adaptive Delta,1,z_score,8.407901667926211,4.0422604172722165,True,1.940285000290664,True
3,108,Current Adaptive Delta,1,z_score,9.216353751380653,4.0422604172722165,True,1.940285000290664,True
3,109,Current Adaptive Delta,1,z_score,7.922830417853544,4.0422604172722165,True,1.940285000290664,True
2,11,Current Adaptive Delta,1,z_score,0.6467616667635546,4.0422604172722165,False,1.940285000290664,False
2,110,Current Adaptive Delta,1,z_score,9.216353751380653,4.0422604172722165,True,1.940285000290664,True
3,111,Current Adaptive Delta,1,z_score,12.288471668507539,4.0422604172722165,True,1.940285000290664,True
4,112,Current Adaptive Delta,1,z_score,7.922830417853544,2.748737083745107,True,1.940285000290664,True
3,113,Current Adaptive Delta,1,z_score,11.641710001743984,4.0422604172722165,True,1.940285000290664,True
3,114,Current Adaptive Delta,1,z_score,6.305926250944657,4.0422604172722165,True,1.940285000290664,True
3,115,Current Adaptive Delta,1,z_score,10.83325791828954,4.0422604172722165,True,1.940285000290664,True
1,116,Current Adaptive Delta,1,z_score,9.70142500145332,4.365641250653994,True,1.940285000290664,True
3,117,Current Adaptive Delta,1,z_score,7.599449584471767,4.0422604172722165,True,1.940285000290664,True
2,118,Current Adaptive Delta,1,z_score,12.773542918580205,4.0422604172722165,True,1.940285000290664,True
1,119,Current Adaptive Delta,1,z_score,10.83325791828954,4.365641250653994,True,1.940285000290664,True
4,12,Current Adaptive Delta,1,z_score,9.70142500145332,2.748737083745107,True,1.940285000290664,True
3,120,Current Adaptive Delta,1,z_score,12.611852501889315,4.0422604172722165,True,1.940285000290664,True
1,121,Current Adaptive Delta,1,z_score,10.024805834835098,4.365641250653994,True,1.940285000290664,True
1,122,Current Adaptive Delta,1,z_score,12.450162085198427,4.365641250653994,True,1.940285000290664,True
1,123,Current Adaptive Delta,1,z_score,8.892972917998875,4.365641250653994,True,1.940285000290664,True
1,124,Current Adaptive Delta,1,z_score,6.952687917708213,4.365641250653994,True,1.940285000290664,True
3,125,Current Adaptive Delta,1,z_score,11.156638751671318,4.0422604172722165,True,1.940285000290664,True
4,126,Current Adaptive Delta,1,z_score,8.731282501307987,2.748737083745107,True,1.940285000290664,True
1,127,Current Adaptive Delta,1,z_score,10.671567501598652,4.365641250653994,True,1.940285000290664,True
5,128,Current Adaptive Delta,1,z_score,8.084520834544433,4.0422604172722165,True,1.940285000290664,True
4,129,Current Adaptive Delta,1,z_score,10.994948334980428,2.748737083745107,True,1.940285000290664,True
4,13,Current Adaptive Delta,1,z_score,11.803400418434872,2.748737083745107,True,1.940285000290664,True
5,130,Current Adaptive Delta,1,z_score,10.83325791828954,4.0422604172722165,True,1.940285000290664,True
5,131,Current Adaptive Delta,1,z_score,9.054663334689765,4.0422604172722165,True,1.940285000290664,True
1,132,Current Adaptive Delta,1,z_score,8.5695920846171,4.365641250653994,True,1.940285000290664,True
1,133,Current Adaptive Delta,1,z_score,11.480019585053094,4.365641250653994,True,1.940285000290664,True
5,134,Current Adaptive Delta,1,z_score,11.156638751671318,4.0422604172722165,True,1.940285000290664,True
1,135,Current Adaptive Delta,1,z_score,12.935233335271093,4.365641250653994,True,1.940285000290664,True
5,136,Current Adaptive Delta,1,z_score,7.114378334399101,4.0422604172722165,True,1.940285000290664,True
5,137,Current Adaptive Delta,1,z_score,15.6839704190162,4.0422604172722165,True,1.940285000290664,True
4,138,Current Adaptive Delta,1,z_score,9.054663334689765,2.748737083745107,True,1.940285000290664,True
3,139,Current Adaptive Delta,1,z_score,10.024805834835098,4.0422604172722165,True,1.940285000290664,True
2,14,Current Adaptive Delta,1,z_score,10.83325791828954,4.0422604172722165,True,1.940285000290664,True
4,140,Current Adaptive Delta,1,z_score,10.348186668216874,2.748737083745107,True,1.940285000290664,True
4,141,Current Adaptive Delta,1,z_score,5.012402917417549,2.748737083745107,True,1.940285000290664,True
2,142,Current Adaptive Delta,1,z_score,12.450162085198427,4.0422604172722165,True,1.940285000290664,True
2,143,Current Adaptive Delta,1,z_score,12.773542918580205,4.0422604172722165,True,1.940285000290664,True
4,144,Current Adaptive Delta,1,z_score,8.892972917998875,2.748737083745107,True,1.940285000290664,True
3,145,Current Adaptive Delta,1,z_score,10.994948334980428,4.0422604172722165,True,1.940285000290664,True
2,146,Current Adaptive Delta,1,z_score,11.480019585053094,4.0422604172722165,True,1.940285000290664,True
2,147,Current Adaptive Delta,1,z_score,13.743685418725535,4.0422604172722165,True,1.940285000290664,True
2,148,Current Adaptive Delta,1,z_score,12.611852501889315,4.0422604172722165,True,1.940285000290664,True
4,149,Current Adaptive Delta,1,z_score,8.892972917998875,2.748737083745107,True,1.940285000290664,True
4,15,Current Adaptive Delta,1,z_score,11.803400418434872,2.748737083745107,True,1.940285000290664,True
2,150,Current Adaptive Delta,1,z_score,9.216353751380653,4.0422604172722165,True,1.940285000290664,True
1,151,Current Adaptive Delta,1,z_score,12.773542918580205,4.365641250653994,True,1.940285000290664,True
1,152,Current Adaptive Delta,1,z_score,-0.16169041669088866,4.365641250653994,False,1.940285000290664,False
3,153,Current Adaptive Delta,1,z_score,10.994948334980428,4.0422604172722165,True,1.940285000290664,True
4,154,Current Adaptive Delta,1,z_score,12.450162085198427,2.748737083745107,True,1.940285000290664,True
1,155,Current Adaptive Delta,1,z_score,8.5695920846171,4.365641250653994,True,1.940285000290664,True
3,156,Current Adaptive Delta,1,z_score,9.863115418144208,4.0422604172722165,True,1.940285000290664,True
1,157,Current Adaptive Delta,1,z_score,10.994948334980428,4.365641250653994,True,1.940285000290664,True
5,158,Current Adaptive Delta,1,z_score,7.599449584471767,4.0422604172722165,True,1.940285000290664,True
2,159,Current Adaptive Delta,1,z_score,13.258614168652871,4.0422604172722165,True,1.940285000290664,True
5,16,Current Adaptive Delta,1,z_score,9.539734584762432,4.0422604172722165,True,1.940285000290664,True
3,160,Current Adaptive Delta,1,z_score,13.743685418725535,4.0422604172722165,True,1.940285000290664,True
4,161,Current Adaptive Delta,1,z_score,11.480019585053094,2.748737083745107,True,1.940285000290664,True
3,162,Current Adaptive Delta,1,z_score,11.803400418434872,4.0422604172722165,True,1.940285000290664,True
1,163,Current Adaptive Delta,1,z_score,8.892972917998875,4.365641250653994,True,1.940285000290664,True
2,164,Current Adaptive Delta,1,z_score,14.55213750217998,4.0422604172722165,True,1.940285000290664,True
2,165,Current Adaptive Delta,1,z_score,12.450162085198427,4.0422604172722165,True,1.940285000290664,True
2,166,Current Adaptive Delta,1,z_score,10.671567501598652,4.0422604172722165,True,1.940285000290664,True
4,167,Current Adaptive Delta,1,z_score,8.731282501307987,2.748737083745107,True,1.940285000290664,True
5,168,Current Adaptive Delta,1,z_score,10.186496251525986,4.0422604172722165,True,1.940285000290664,True
1,169,Current Adaptive Delta,1,z_score,10.348186668216874,4.365641250653994,True,1.940285000290664,True
1,17,Current Adaptive Delta,1,z_score,12.935233335271093,4.365641250653994,True,1.940285000290664,True
1,170,Current Adaptive Delta,1,z_score,11.480019585053094,4.365641250653994,True,1.940285000290664,True
3,171,Current Adaptive Delta,1,z_score,7.27606875108999,4.0422604172722165,True,1.940285000290664,True
4,172,Current Adaptive Delta,1,z_score,11.156638751671318,2.748737083745107,True,1.940285000290664,True
5,173,Current Adaptive Delta,1,z_score,10.509877084907762,4.0422604172722165,True,1.940285000290664,True
2,174,Current Adaptive Delta,1,z_score,13.258614168652871,4.0422604172722165,True,1.940285000290664,True
3,175,Current Adaptive Delta,1,z_score,12.450162085198427,4.0422604172722165,True,1.940285000290664,True
2,176,Current Adaptive Delta,1,z_score,8.407901667926211,4.0422604172722165,True,1.940285000290664,True
3,177,Current Adaptive Delta,1,z_score,7.437759167780879,4.0422604172722165,True,1.940285000290664,True
5,178,Current Adaptive Delta,1,z_score,8.892972917998875,4.0422604172722165,True,1.940285000290664,True
1,179,Current Adaptive Delta,1,z_score,10.348186668216874,4.365641250653994,True,1.940285000290664,True
3,18,Current Adaptive Delta,1,z_score,11.318329168362206,4.0422604172722165,True,1.940285000290664,True
3,180,Current Adaptive Delta,1,z_score,3.395498750508662,4.0422604172722165,False,1.940285000290664,True
1,181,Current Adaptive Delta,1,z_score,11.480019585053094,4.365641250653994,True,1.940285000290664,True
3,182,Current Adaptive Delta,1,z_score,13.258614168652871,4.0422604172722165,True,1.940285000290664,True
3,183,Current Adaptive Delta,1,z_score,6.6293070843264355,4.0422604172722165,True,1.940285000290664,True
4,184,Current Adaptive Delta,1,z_score,8.5695920846171,2.748737083745107,True,1.940285000290664,True
2,185,Current Adaptive Delta,1,z_score,7.437759167780879,4.0422604172722165,True,1.940285000290664,True
2,186,Current Adaptive Delta,1,z_score,7.437759167780879,4.0422604172722165,True,1.940285000290664,True
3,187,Current Adaptive Delta,1,z_score,12.773542918580205,4.0422604172722165,True,1.940285000290664,True
1,188,Current Adaptive Delta,1,z_score,6.790997501017324,4.365641250653994,True,1.940285000290664,True
1,189,Current Adaptive Delta,1,z_score,7.922830417853544,4.365641250653994,True,1.940285000290664,True
3,19,Current Adaptive Delta,1,z_score,9.216353751380653,4.0422604172722165,True,1.940285000290664,True
1,190,Current Adaptive Delta,1,z_score,10.024805834835098,4.365641250653994,True,1.940285000290664,True
1,191,Current Adaptive Delta,1,z_score,7.27606875108999,4.365641250653994,True,1.940285000290664,True
4,192,Current Adaptive Delta,1,z_score,6.144235834253769,2.748737083745107,True,1.940285000290664,True
1,193,Current Adaptive Delta,1,z_score,10.509877084907762,4.365641250653994,True,1.940285000290664,True
1,194,Current Adaptive Delta,1,z_score,16.815803335852422,4.365641250653994,True,1.940285000290664,True
3,195,Current Adaptive Delta,1,z_score,11.96509083512576,4.0422604172722165,True,1.940285000290664,True
2,196,Current Adaptive Delta,1,z_score,11.641710001743984,4.0422604172722165,True,1.940285000290664,True
4,197,Current Adaptive Delta,1,z_score,11.318329168362206,2.748737083745107,True,1.940285000290664,True
4,198,Current Adaptive Delta,1,z_score,10.024805834835098,2.748737083745107,True,1.940285000290664,True
4,199,Current Adaptive Delta,1,z_score,10.186496251525986,2.748737083745107,True,1.940285000290664,True
3,2,Current Adaptive Delta,1,z_score,10.83325791828954,4.0422604172722165,True,1.940285000290664,True
5,20,Current Adaptive Delta,1,z_score,9.216353751380653,4.0422604172722165,True,1.940285000290664,True
5,200,Current Adaptive Delta,1,z_score,11.641710001743984,4.0422604172722165,True,1.940285000290664,True
4,201,Current Adaptive Delta,1,z_score,11.96509083512576,2.748737083745107,True,1.940285000290664,True
2,202,Current Adaptive Delta,1,z_score,12.126781251816649,4.0422604172722165,True,1.940285000290664,True
4,203,Current Adaptive Delta,1,z_score,7.922830417853544,2.748737083745107,True,1.940285000290664,True
5,204,Current Adaptive Delta,1,z_score,8.246211251235321,4.0422604172722165,True,1.940285000290664,True
3,205,Current Adaptive Delta,1,z_score,10.671567501598652,4.0422604172722165,True,1.940285000290664,True
3,206,Current Adaptive Delta,1,z_score,9.216353751380653,4.0422604172722165,True,1.940285000290664,True
3,207,Current Adaptive Delta,1,z_score,7.599449584471767,4.0422604172722165,True,1.940285000290664,True
1,208,Current Adaptive Delta,1,z_score,18.91777875283397,4.365641250653994,True,1.940285000290664,True
3,209,Current Adaptive Delta,1,z_score,11.96509083512576,4.0422604172722165,True,1.940285000290664,True
4,21,Current Adaptive Delta,1,z_score,9.216353751380653,2.748737083745107,True,1.940285000290664,True
1,210,Current Adaptive Delta,1,z_score,10.509877084907762,4.365641250653994,True,1.940285000290664,True
4,211,Current Adaptive Delta,1,z_score,10.83325791828954,2.748737083745107,True,1.940285000290664,True
1,212,Current Adaptive Delta,1,z_score,12.126781251816649,4.365641250653994,True,1.940285000290664,True
5,213,Current Adaptive Delta,1,z_score,8.892972917998875,4.0422604172722165,True,1.940285000290664,True
1,214,Current Adaptive Delta,1,z_score,9.863115418144208,4.365641250653994,True,1.940285000290664,True
2,215,Current Adaptive Delta,1,z_score,9.539734584762432,4.0422604172722165,True,1.940285000290664,True
3,216,Current Adaptive Delta,1,z_score,11.96509083512576,4.0422604172722165,True,1.940285000290664,True
2,217,Current Adaptive Delta,1,z_score,10.348186668216874,4.0422604172722165,True,1.940285000290664,True
3,218,Current Adaptive Delta,1,z_score,8.892972917998875,4.0422604172722165,True,1.940285000290664,True
3,219,Current Adaptive Delta,1,z_score,11.641710001743984,4.0422604172722165,True,1.940285000290664,True
1,22,Current Adaptive Delta,1,z_score,12.288471668507539,4.365641250653994,True,1.940285000290664,True
4,220,Current Adaptive Delta,1,z_score,12.773542918580205,2.748737083745107,True,1.940285000290664,True
4,221,Current Adaptive Delta,1,z_score,13.420304585343759,2.748737083745107,True,1.940285000290664,True
1,222,Current Adaptive Delta,1,z_score,12.288471668507539,4.365641250653994,True,1.940285000290664,True
3,223,Current Adaptive Delta,1,z_score,9.378044168071542,4.0422604172722165,True,1.940285000290664,True
2,224,Current Adaptive Delta,1,z_score,10.348186668216874,4.0422604172722165,True,1.940285000290664,True
4,225,Current Adaptive Delta,1,z_score,10.024805834835098,2.748737083745107,True,1.940285000290664,True
1,226,Current Adaptive Delta,1,z_score,10.509877084907762,4.365641250653994,True,1.940285000290664,True
2,227,Current Adaptive Delta,1,z_score,10.83325791828954,4.0422604172722165,True,1.940285000290664,True
1,228,Current Adaptive Delta,1,z_score,9.054663334689765,4.365641250653994,True,1.940285000290664,True
5,229,Current Adaptive Delta,1,z_score,10.348186668216874,4.0422604172722165,True,1.940285000290664,True
1,23,Current Adaptive Delta,1,z_score,9.378044168071542,4.365641250653994,True,1.940285000290664,True
2,230,Current Adaptive Delta,1,z_score,10.348186668216874,4.0422604172722165,True,1.940285000290664,True
5,231,Current Adaptive Delta,1,z_score,7.27606875108999,4.0422604172722165,True,1.940285000290664,True
5,232,Current Adaptive Delta,1,z_score,9.539734584762432,4.0422604172722165,True,1.940285000290664,True
2,233,Current Adaptive Delta,1,z_score,11.803400418434872,4.0422604172722165,True,1.940285000290664,True
1,234,Current Adaptive Delta,1,z_score,10.83325791828954,4.365641250653994,True,1.940285000290664,True
5,235,Current Adaptive Delta,1,z_score,11.480019585053094,4.0422604172722165,True,1.940285000290664,True
3,236,Current Adaptive Delta,1,z_score,9.054663334689765,4.0422604172722165,True,1.940285000290664,True
5,237,Current Adaptive Delta,1,z_score,10.348186668216874,4.0422604172722165,True,1.940285000290664,True
3,238,Current Adaptive Delta,1,z_score,11.318329168362206,4.0422604172722165,True,1.940285000290664,True
4,239,Current Adaptive Delta,1,z_score,9.863115418144208,2.748737083745107,True,1.940285000290664,True
5,24,Current Adaptive Delta,1,z_score,11.641710001743984,4.0422604172722165,True,1.940285000290664,True
4,240,Current Adaptive Delta,1,z_score,10.994948334980428,2.748737083745107,True,1.940285000290664,True
1,241,Current Adaptive Delta,1,z_score,10.024805834835098,4.365641250653994,True,1.940285000290664,True
2,242,Current Adaptive Delta,1,z_score,11.803400418434872,4.0422604172722165,True,1.940285000290664,True
4,243,Current Adaptive Delta,1,z_score,11.318329168362206,2.748737083745107,True,1.940285000290664,True
5,244,Current Adaptive Delta,1,z_score,11.641710001743984,4.0422604172722165,True,1.940285000290664,True
2,245,Current Adaptive Delta,1,z_score,9.216353751380653,4.0422604172722165,True,1.940285000290664,True
2,246,Current Adaptive Delta,1,z_score,9.539734584762432,4.0422604172722165,True,1.940285000290664,True
3,247,Current Adaptive Delta,1,z_score,7.599449584471767,4.0422604172722165,True,1.940285000290664,True
4,248,Current Adaptive Delta,1,z_score,8.246211251235321,2.748737083745107,True,1.940285000290664,True
4,249,Current Adaptive Delta,1,z_score,7.761140001162656,2.748737083745107,True,1.940285000290664,True
3,25,Current Adaptive Delta,1,z_score,9.216353751380653,4.0422604172722165,True,1.940285000290664,True
1,250,Current Adaptive Delta,1,z_score,9.70142500145332,4.365641250653994,True,1.940285000290664,True
5,251,Current Adaptive Delta,1,z_score,8.084520834544433,4.0422604172722165,True,1.940285000290664,True
3,252,Current Adaptive Delta,1,z_score,11.318329168362206,4.0422604172722165,True,1.940285000290664,True
3,253,Current Adaptive Delta,1,z_score,10.186496251525986,4.0422604172722165,True,1.940285000290664,True
5,254,Current Adaptive Delta,1,z_score,10.024805834835098,4.0422604172722165,True,1.940285000290664,True
1,255,Current Adaptive Delta,1,z_score,9.054663334689765,4.365641250653994,True,1.940285000290664,True
2,256,Current Adaptive Delta,1,z_score,7.761140001162656,4.0422604172722165,True,1.940285000290664,True
3,257,Current Adaptive Delta,1,z_score,9.539734584762432,4.0422604172722165,True,1.940285000290664,True
5,258,Current Adaptive Delta,1,z_score,9.216353751380653,4.0422604172722165,True,1.940285000290664,True
1,259,Current Adaptive Delta,1,z_score,12.126781251816649,4.365641250653994,True,1.940285000290664,True
4,26,Current Adaptive Delta,1,z_score,8.084520834544433,2.748737083745107,True,1.940285000290664,True
5,260,Current Adaptive Delta,1,z_score,11.96509083512576,4.0422604172722165,True,1.940285000290664,True
3,261,Current Adaptive Delta,1,z_score,12.611852501889315,4.0422604172722165,True,1.940285000290664,True
2,262,Current Adaptive Delta,1,z_score,10.024805834835098,4.0422604172722165,True,1.940285000290664,True
2,263,Current Adaptive Delta,1,z_score,11.641710001743984,4.0422604172722165,True,1.940285000290664,True
2,264,Current Adaptive Delta,1,z_score,11.803400418434872,4.0422604172722165,True,1.940285000290664,True
2,265,Current Adaptive Delta,1,z_score,14.55213750217998,4.0422604172722165,True,1.940285000290664,True
2,266,Current Adaptive Delta,1,z_score,10.451156235874894,4.0422604172722165,True,1.940285000290664,True
5,267,Current Adaptive Delta,1,z_score,9.216353751380653,4.0422604172722165,True,1.940285000290664,True
5,268,Current Adaptive Delta,1,z_score,12.574047346286982,4.0422604172722165,True,1.940285000290664,True
4,269,Current Adaptive Delta,1,z_score,12.935233335271093,2.748737083745107,True,1.940285000290664,True
3,27,Current Adaptive Delta,1,z_score,15.845660835707088,4.0422604172722165,True,1.940285000290664,True
1,270,Current Adaptive Delta,1,z_score,9.539734584762432,4.365641250653994,True,1.940285000290664,True
5,271,Current Adaptive Delta,1,z_score,9.70142500145332,4.0422604172722165,True,1.940285000290664,True
5,272,Current Adaptive Delta,1,z_score,11.318329168362206,4.0422604172722165,True,1.940285000290664,True
3,273,Current Adaptive Delta,1,z_score,11.480019585053094,4.0422604172722165,True,1.940285000290664,True
5,274,Current Adaptive Delta,1,z_score,4.527331667344883,4.0422604172722165,True,1.940285000290664,True
2,275,Current Adaptive Delta,1,z_score,10.83325791828954,4.0422604172722165,True,1.940285000290664,True
5,276,Current Adaptive Delta,1,z_score,10.994948334980428,4.0422604172722165,True,1.940285000290664,True
5,277,Current Adaptive Delta,1,z_score,8.5695920846171,4.0422604172722165,True,1.940285000290664,True
5,278,Current Adaptive Delta,1,z_score,10.509877084907762,4.0422604172722165,True,1.940285000290664,True
1,279,Current Adaptive Delta,1,z_score,11.96509083512576,4.365641250653994,True,1.940285000290664,True
5,28,Current Adaptive Delta,1,z_score,12.288471668507539,4.0422604172722165,True,1.940285000290664,True
1,280,Current Adaptive Delta,1,z_score,10.509877084907762,4.365641250653994,True,1.940285000290664,True
5,281,Current Adaptive Delta,1,z_score,8.246211251235321,4.0422604172722165,True,1.940285000290664,True
2,282,Current Adaptive Delta,1,z_score,-0.7776182336165551,4.0422604172722165,False,1.940285000290664,False
5,283,Current Adaptive Delta,1,z_score,9.70142500145332,4.0422604172722165,True,1.940285000290664,True
4,284,Current Adaptive Delta,1,z_score,10.024805834835098,2.748737083745107,True,1.940285000290664,True
5,285,Current Adaptive Delta,1,z_score,10.024805834835098,4.0422604172722165,True,1.940285000290664,True
2,286,Current Adaptive Delta,1,z_score,10.509877084907762,4.0422604172722165,True,1.940285000290664,True
1,287,Current Adaptive Delta,1,z_score,10.348186668216874,4.365641250653994,True,1.940285000290664,True
3,288,Current Adaptive Delta,1,z_score,10.671567501598652,4.0422604172722165,True,1.940285000290664,True
1,289,Current Adaptive Delta,1,z_score,11.318329168362206,4.365641250653994,True,1.940285000290664,True
4,29,Current Adaptive Delta,1,z_score,11.318329168362206,2.748737083745107,True,1.940285000290664,True
4,290,Current Adaptive Delta,1,z_score,10.186496251525986,2.748737083745107,True,1.940285000290664,True
2,291,Current Adaptive Delta,1,z_score,11.318329168362206,4.0422604172722165,True,1.940285000290664,True
2,292,Current Adaptive Delta,1,z_score,12.866663141940231,4.0422604172722165,True,1.940285000290664,True
4,293,Current Adaptive Delta,1,z_score,10.83325791828954,2.748737083745107,True,1.940285000290664,True
3,294,Current Adaptive Delta,1,z_score,9.863115418144208,4.0422604172722165,True,1.940285000290664,True
2,295,Current Adaptive Delta,1,z_score,11.641710001743984,4.0422604172722165,True,1.940285000290664,True
5,296,Current Adaptive Delta,1,z_score,11.480019585053094,4.0422604172722165,True,1.940285000290664,True
3,297,Current Adaptive Delta,1,z_score,10.83325791828954,4.0422604172722165,True,1.940285000290664,True
5,298,Current Adaptive Delta,1,z_score,10.348186668216874,4.0422604172722165,True,1.940285000290664,True
1,299,Current Adaptive Delta,1,z_score,10.671567501598652,4.365641250653994,True,1.940285000290664,True
5,3,Current Adaptive Delta,1,z_score,18.594397919452195,4.0422604172722165,True,1.940285000290664,True
5,30,Current Adaptive Delta,1,z_score,3.7188795838904394,4.0422604172722165,False,1.940285000290664,True
1,300,Current Adaptive Delta,1,z_score,12.935233335271093,4.365641250653994,True,1.940285000290664,True
2,301,Current Adaptive Delta,1,z_score,10.994948334980428,4.0422604172722165,True,1.940285000290664,True
4,302,Current Adaptive Delta,1,z_score,9.054663334689765,2.748737083745107,True,1.940285000290664,True
4,303,Current Adaptive Delta,1,z_score,10.671567501598652,2.748737083745107,True,1.940285000290664,True
3,304,Current Adaptive Delta,1,z_score,12.288471668507539,4.0422604172722165,True,1.940285000290664,True
5,305,Current Adaptive Delta,1,z_score,8.5695920846171,4.0422604172722165,True,1.940285000290664,True
1,306,Current Adaptive Delta,1,z_score,11.156638751671318,4.365641250653994,True,1.940285000290664,True
2,307,Current Adaptive Delta,1,z_score,10.024805834835098,4.0422604172722165,True,1.940285000290664,True
5,308,Current Adaptive Delta,1,z_score,8.731282501307987,4.0422604172722165,True,1.940285000290664,True
2,309,Current Adaptive Delta,1,z_score,9.216353751380653,4.0422604172722165,True,1.940285000290664,True
2,31,Current Adaptive Delta,1,z_score,10.994948334980428,4.0422604172722165,True,1.940285000290664,True
5,310,Current Adaptive Delta,1,z_score,10.671567501598652,4.0422604172722165,True,1.940285000290664,True
4,311,Current Adaptive Delta,1,z_score,12.935233335271093,2.748737083745107,True,1.940285000290664,True
1,312,Current Adaptive Delta,1,z_score,9.378044168071542,4.365641250653994,True,1.940285000290664,True
1,313,Current Adaptive Delta,1,z_score,9.539734584762432,4.365641250653994,True,1.940285000290664,True
5,314,Current Adaptive Delta,1,z_score,11.96509083512576,4.0422604172722165,True,1.940285000290664,True
1,315,Current Adaptive Delta,1,z_score,9.378044168071542,4.365641250653994,True,1.940285000290664,True
2,316,Current Adaptive Delta,1,z_score,9.863115418144208,4.0422604172722165,True,1.940285000290664,True
5,317,Current Adaptive Delta,1,z_score,5.98254541756288,4.0422604172722165,True,1.940285000290664,True
4,318,Current Adaptive Delta,1,z_score,8.407901667926211,2.748737083745107,True,1.940285000290664,True
4,319,Current Adaptive Delta,1,z_score,5.98254541756288,2.748737083745107,True,1.940285000290664,True
1,32,Current Adaptive Delta,1,z_score,10.83325791828954,4.365641250653994,True,1.940285000290664,True
2,320,Current Adaptive Delta,1,z_score,6.144235834253769,4.0422604172722165,True,1.940285000290664,True
3,321,Current Adaptive Delta,1,z_score,3.3489378339086286,4.0422604172722165,False,1.940285000290664,True
1,322,Current Adaptive Delta,1,z_score,10.186496251525986,4.365641250653994,True,1.940285000290664,True
2,323,Current Adaptive Delta,1,z_score,12.288471668507539,4.0422604172722165,True,1.940285000290664,True
4,324,Current Adaptive Delta,1,z_score,11.96509083512576,2.748737083745107,True,1.940285000290664,True
2,325,Current Adaptive Delta,1,z_score,8.731282501307987,4.0422604172722165,True,1.940285000290664,True
4,326,Current Adaptive Delta,1,z_score,12.288471668507539,2.748737083745107,True,1.940285000290664,True
3,327,Current Adaptive Delta,1,z_score,10.348186668216874,4.0422604172722165,True,1.940285000290664,True
3,328,Current Adaptive Delta,1,z_score,10.994948334980428,4.0422604172722165,True,1.940285000290664,True
5,329,Current Adaptive Delta,1,z_score,12.126781251816649,4.0422604172722165,True,1.940285000290664,True
4,33,Current Adaptive Delta,1,z_score,10.671567501598652,2.748737083745107,True,1.940285000290664,True
3,330,Current Adaptive Delta,1,z_score,9.863115418144208,4.0422604172722165,True,1.940285000290664,True
4,331,Current Adaptive Delta,1,z_score,10.994948334980428,2.748737083745107,True,1.940285000290664,True
4,332,Current Adaptive Delta,1,z_score,10.83325791828954,2.748737083745107,True,1.940285000290664,True
1,333,Current Adaptive Delta,1,z_score,9.216353751380653,4.365641250653994,True,1.940285000290664,True
4,334,Current Adaptive Delta,1,z_score,12.288471668507539,2.748737083745107,True,1.940285000290664,True
1,335,Current Adaptive Delta,1,z_score,13.096923751961981,4.365641250653994,True,1.940285000290664,True
1,336,Current Adaptive Delta,1,z_score,7.437759167780879,4.365641250653994,True,1.940285000290664,True
2,337,Current Adaptive Delta,1,z_score,6.144235834253769,4.0422604172722165,True,1.940285000290664,True
2,338,Current Adaptive Delta,1,z_score,10.509877084907762,4.0422604172722165,True,1.940285000290664,True
5,339,Current Adaptive Delta,1,z_score,10.994948334980428,4.0422604172722165,True,1.940285000290664,True
1,34,Current Adaptive Delta,1,z_score,4.85071250072666,4.365641250653994,True,1.940285000290664,True
4,340,Current Adaptive Delta,1,z_score,9.054663334689765,2.748737083745107,True,1.940285000290664,True
3,341,Current Adaptive Delta,1,z_score,10.348186668216874,4.0422604172722165,True,1.940285000290664,True
3,342,Current Adaptive Delta,1,z_score,11.318329168362206,4.0422604172722165,True,1.940285000290664,True
4,343,Current Adaptive Delta,1,z_score,9.863115418144208,2.748737083745107,True,1.940285000290664,True
5,344,Current Adaptive Delta,1,z_score,13.258614168652871,4.0422604172722165,True,1.940285000290664,True
2,345,Current Adaptive Delta,1,z_score,10.509877084907762,4.0422604172722165,True,1.940285000290664,True
3,346,Current Adaptive Delta,1,z_score,9.70142500145332,4.0422604172722165,True,1.940285000290664,True
5,347,Current Adaptive Delta,1,z_score,9.863115418144208,4.0422604172722165,True,1.940285000290664,True
1,348,Current Adaptive Delta,1,z_score,10.671567501598652,4.365641250653994,True,1.940285000290664,True
2,349,Current Adaptive Delta,1,z_score,8.390091467968096,4.0422604172722165,True,1.940285000290664,True
1,35,Current Adaptive Delta,1,z_score,9.539734584762432,4.365641250653994,True,1.940285000290664,True
1,350,Current Adaptive Delta,1,z_score,15.360589585634422,4.365641250653994,True,1.940285000290664,True
3,351,Current Adaptive Delta,1,z_score,1.6169041669088866,4.0422604172722165,False,1.940285000290664,False
4,352,Current Adaptive Delta,1,z_score,8.892972917998875,2.748737083745107,True,1.940285000290664,True
2,353,Current Adaptive Delta,1,z_score,6.305926250944657,4.0422604172722165,True,1.940285000290664,True
3,354,Current Adaptive Delta,1,z_score,11.96509083512576,4.0422604172722165,True,1.940285000290664,True
1,355,Current Adaptive Delta,1,z_score,8.91836943801028,4.365641250653994,True,1.940285000290664,True
5,356,Current Adaptive Delta,1,z_score,7.922830417853544,4.0422604172722165,True,1.940285000290664,True
5,357,Current Adaptive Delta,1,z_score,7.114378334399101,4.0422604172722165,True,1.940285000290664,True
1,358,Current Adaptive Delta,1,z_score,8.731282501307987,4.365641250653994,True,1.940285000290664,True
1,359,Current Adaptive Delta,1,z_score,9.378044168071542,4.365641250653994,True,1.940285000290664,True
3,36,Current Adaptive Delta,1,z_score,9.70142500145332,4.0422604172722165,True,1.940285000290664,True
5,360,Current Adaptive Delta,1,z_score,10.348186668216874,4.0422604172722165,True,1.940285000290664,True
3,361,Current Adaptive Delta,1,z_score,11.480019585053094,4.0422604172722165,True,1.940285000290664,True
4,362,Current Adaptive Delta,1,z_score,13.743685418725535,2.748737083745107,True,1.940285000290664,True
5,363,Current Adaptive Delta,1,z_score,8.246211251235321,4.0422604172722165,True,1.940285000290664,True
3,364,Current Adaptive Delta,1,z_score,12.126781251816649,4.0422604172722165,True,1.940285000290664,True
3,365,Current Adaptive Delta,1,z_score,11.803400418434872,4.0422604172722165,True,1.940285000290664,True
5,366,Current Adaptive Delta,1,z_score,12.773542918580205,4.0422604172722165,True,1.940285000290664,True
2,367,Current Adaptive Delta,1,z_score,11.96509083512576,4.0422604172722165,True,1.940285000290664,True
4,368,Current Adaptive Delta,1,z_score,10.190891587922223,2.748737083745107,True,1.940285000290664,True
3,369,Current Adaptive Delta,1,z_score,12.126781251816649,4.0422604172722165,True,1.940285000290664,True
4,37,Current Adaptive Delta,1,z_score,6.952687917708213,2.748737083745107,True,1.940285000290664,True
2,370,Current Adaptive Delta,1,z_score,12.611852501889315,4.0422604172722165,True,1.940285000290664,True
4,371,Current Adaptive Delta,1,z_score,8.892972917998875,2.748737083745107,True,1.940285000290664,True
4,372,Current Adaptive Delta,1,z_score,10.671567501598652,2.748737083745107,True,1.940285000290664,True
1,373,Current Adaptive Delta,1,z_score,8.246211251235321,4.365641250653994,True,1.940285000290664,True
4,374,Current Adaptive Delta,1,z_score,10.994948334980428,2.748737083745107,True,1.940285000290664,True
1,375,Current Adaptive Delta,1,z_score,9.216353751380653,4.365641250653994,True,1.940285000290664,True
4,376,Current Adaptive Delta,1,z_score,8.892972917998875,2.748737083745107,True,1.940285000290664,True
3,377,Current Adaptive Delta,1,z_score,13.420304585343759,4.0422604172722165,True,1.940285000290664,True
3,378,Current Adaptive Delta,1,z_score,10.994948334980428,4.0422604172722165,True,1.940285000290664,True
4,379,Current Adaptive Delta,1,z_score,7.761140001162656,2.748737083745107,True,1.940285000290664,True
4,38,Current Adaptive Delta,1,z_score,6.790997501017324,2.748737083745107,True,1.940285000290664,True
1,380,Current Adaptive Delta,1,z_score,14.55213750217998,4.365641250653994,True,1.940285000290664,True
2,381,Current Adaptive Delta,1,z_score,9.216353751380653,4.0422604172722165,True,1.940285000290664,True
4,382,Current Adaptive Delta,1,z_score,9.70142500145332,2.748737083745107,True,1.940285000290664,True
2,383,Current Adaptive Delta,1,z_score,9.863115418144208,4.0422604172722165,True,1.940285000290664,True
2,384,Current Adaptive Delta,1,z_score,11.96509083512576,4.0422604172722165,True,1.940285000290664,True
3,385,Current Adaptive Delta,1,z_score,8.892972917998875,4.0422604172722165,True,1.940285000290664,True
2,386,Current Adaptive Delta,1,z_score,3.7188795838904394,4.0422604172722165,False,1.940285000290664,True
4,387,Current Adaptive Delta,1,z_score,9.216353751380653,2.748737083745107,True,1.940285000290664,True
4,388,Current Adaptive Delta,1,z_score,7.437759167780879,2.748737083745107,True,1.940285000290664,True
2,389,Current Adaptive Delta,1,z_score,12.773542918580205,4.0422604172722165,True,1.940285000290664,True
4,39,Current Adaptive Delta,1,z_score,10.509877084907762,2.748737083745107,True,1.940285000290664,True
2,390,Current Adaptive Delta,1,z_score,8.892972917998875,4.0422604172722165,True,1.940285000290664,True
4,391,Current Adaptive Delta,1,z_score,9.863115418144208,2.748737083745107,True,1.940285000290664,True
5,392,Current Adaptive Delta,1,z_score,8.246211251235321,4.0422604172722165,True,1.940285000290664,True
3,393,Current Adaptive Delta,1,z_score,4.365641250653994,4.0422604172722165,True,1.940285000290664,True
2,394,Current Adaptive Delta,1,z_score,13.096923751961981,4.0422604172722165,True,1.940285000290664,True
2,395,Current Adaptive Delta,1,z_score,11.96509083512576,4.0422604172722165,True,1.940285000290664,True
5,396,Current Adaptive Delta,1,z_score,-3.233808333817773,4.0422604172722165,False,1.940285000290664,False
4,397,Current Adaptive Delta,1,z_score,13.258614168652871,2.748737083745107,True,1.940285000290664,True
5,398,Current Adaptive Delta,1,z_score,12.450162085198427,4.0422604172722165,True,1.940285000290664,True
1,399,Current Adaptive Delta,1,z_score,7.761140001162656,4.365641250653994,True,1.940285000290664,True
1,4,Current Adaptive Delta,1,z_score,8.731282501307987,4.365641250653994,True,1.940285000290664,True
3,40,Current Adaptive Delta,1,z_score,9.378044168071542,4.0422604172722165,True,1.940285000290664,True
2,400,Current Adaptive Delta,1,z_score,9.054663334689765,4.0422604172722165,True,1.940285000290664,True
4,401,Current Adaptive Delta,1,z_score,11.96509083512576,2.748737083745107,True,1.940285000290664,True
2,402,Current Adaptive Delta,1,z_score,11.480019585053094,4.0422604172722165,True,1.940285000290664,True
1,403,Current Adaptive Delta,1,z_score,12.773542918580205,4.365641250653994,True,1.940285000290664,True
5,404,Current Adaptive Delta,1,z_score,8.5695920846171,4.0422604172722165,True,1.940285000290664,True
3,405,Current Adaptive Delta,1,z_score,11.803400418434872,4.0422604172722165,True,1.940285000290664,True
3,406,Current Adaptive Delta,1,z_score,10.83325791828954,4.0422604172722165,True,1.940285000290664,True
5,407,Current Adaptive Delta,1,z_score,11.318329168362206,4.0422604172722165,True,1.940285000290664,True
2,408,Current Adaptive Delta,1,z_score,10.354600689736234,4.0422604172722165,True,1.940285000290664,True
2,409,Current Adaptive Delta,1,z_score,10.348186668216874,4.0422604172722165,True,1.940285000290664,True
3,41,Current Adaptive Delta,1,z_score,10.83325791828954,4.0422604172722165,True,1.940285000290664,True
4,410,Current Adaptive Delta,1,z_score,9.216353751380653,2.748737083745107,True,1.940285000290664,True
4,411,Current Adaptive Delta,1,z_score,10.348186668216874,2.748737083745107,True,1.940285000290664,True
4,412,Current Adaptive Delta,1,z_score,7.599449584471767,2.748737083745107,True,1.940285000290664,True
5,413,Current Adaptive Delta,1,z_score,9.054663334689765,4.0422604172722165,True,1.940285000290664,True
2,414,Current Adaptive Delta,1,z_score,8.717509671596119,4.0422604172722165,True,1.940285000290664,True
2,415,Current Adaptive Delta,1,z_score,11.318329168362206,4.0422604172722165,True,1.940285000290664,True
1,416,Current Adaptive Delta,1,z_score,6.952687917708213,4.365641250653994,True,1.940285000290664,True
5,417,Current Adaptive Delta,1,z_score,8.731282501307987,4.0422604172722165,True,1.940285000290664,True
1,418,Current Adaptive Delta,1,z_score,10.186496251525986,4.365641250653994,True,1.940285000290664,True
5,419,Current Adaptive Delta,1,z_score,11.318329168362206,4.0422604172722165,True,1.940285000290664,True
1,42,Current Adaptive Delta,1,z_score,10.994948334980428,4.365641250653994,True,1.940285000290664,True
4,420,Current Adaptive Delta,1,z_score,4.85071250072666,2.748737083745107,True,1.940285000290664,True
3,421,Current Adaptive Delta,1,z_score,10.186496251525986,4.0422604172722165,True,1.940285000290664,True
2,422,Current Adaptive Delta,1,z_score,11.318329168362206,4.0422604172722165,True,1.940285000290664,True
3,423,Current Adaptive Delta,1,z_score,10.671567501598652,4.0422604172722165,True,1.940285000290664,True
3,424,Current Adaptive Delta,1,z_score,9.054663334689765,4.0422604172722165,True,1.940285000290664,True
1,425,Current Adaptive Delta,1,z_score,8.892972917998875,4.365641250653994,True,1.940285000290664,True
1,426,Current Adaptive Delta,1,z_score,12.126781251816649,4.365641250653994,True,1.940285000290664,True
1,427,Current Adaptive Delta,1,z_score,11.803400418434872,4.365641250653994,True,1.940285000290664,True
2,428,Current Adaptive Delta,1,z_score,10.83325791828954,4.0422604172722165,True,1.940285000290664,True
5,429,Current Adaptive Delta,1,z_score,12.773542918580205,4.0422604172722165,True,1.940285000290664,True
3,43,Current Adaptive Delta,1,z_score,12.126781251816649,4.0422604172722165,True,1.940285000290664,True
1,430,Current Adaptive Delta,1,z_score,10.186496251525986,4.365641250653994,True,1.940285000290664,True
1,431,Current Adaptive Delta,1,z_score,7.114378334399101,4.365641250653994,True,1.940285000290664,True
5,432,Current Adaptive Delta,1,z_score,13.743685418725535,4.0422604172722165,True,1.940285000290664,True
1,433,Current Adaptive Delta,1,z_score,8.892972917998875,4.365641250653994,True,1.940285000290664,True
5,434,Current Adaptive Delta,1,z_score,2.5870466670542185,4.0422604172722165,False,1.940285000290664,True
5,435,Current Adaptive Delta,1,z_score,11.480019585053094,4.0422604172722165,True,1.940285000290664,True
5,436,Current Adaptive Delta,1,z_score,9.70142500145332,4.0422604172722165,True,1.940285000290664,True
3,437,Current Adaptive Delta,1,z_score,13.258614168652871,4.0422604172722165,True,1.940285000290664,True
5,438,Current Adaptive Delta,1,z_score,9.402561526802478,4.0422604172722165,True,1.940285000290664,True
1,439,Current Adaptive Delta,1,z_score,4.689022084035771,4.365641250653994,True,1.940285000290664,True
4,44,Current Adaptive Delta,1,z_score,9.863115418144208,2.748737083745107,True,1.940285000290664,True
3,440,Current Adaptive Delta,1,z_score,7.437759167780879,4.0422604172722165,True,1.940285000290664,True
2,441,Current Adaptive Delta,1,z_score,7.27606875108999,4.0422604172722165,True,1.940285000290664,True
3,442,Current Adaptive Delta,1,z_score,11.318329168362206,4.0422604172722165,True,1.940285000290664,True
4,443,Current Adaptive Delta,1,z_score,11.480019585053094,2.748737083745107,True,1.940285000290664,True
1,444,Current Adaptive Delta,1,z_score,8.407901667926211,4.365641250653994,True,1.940285000290664,True
4,445,Current Adaptive Delta,1,z_score,10.509877084907762,2.748737083745107,True,1.940285000290664,True
4,446,Current Adaptive Delta,1,z_score,9.378044168071542,2.748737083745107,True,1.940285000290664,True
4,447,Current Adaptive Delta,1,z_score,5.497474167490214,2.748737083745107,True,1.940285000290664,True
5,448,Current Adaptive Delta,1,z_score,8.5695920846171,4.0422604172722165,True,1.940285000290664,True
5,449,Current Adaptive Delta,1,z_score,11.480019585053094,4.0422604172722165,True,1.940285000290664,True
3,45,Current Adaptive Delta,1,z_score,9.863115418144208,4.0422604172722165,True,1.940285000290664,True
5,450,Current Adaptive Delta,1,z_score,11.803400418434872,4.0422604172722165,True,1.940285000290664,True
2,451,Current Adaptive Delta,1,z_score,7.922830417853544,4.0422604172722165,True,1.940285000290664,True
3,452,Current Adaptive Delta,1,z_score,8.5695920846171,4.0422604172722165,True,1.940285000290664,True
5,453,Current Adaptive Delta,1,z_score,12.126781251816649,4.0422604172722165,True,1.940285000290664,True
5,454,Current Adaptive Delta,1,z_score,11.96509083512576,4.0422604172722165,True,1.940285000290664,True
4,455,Current Adaptive Delta,1,z_score,6.6293070843264355,2.748737083745107,True,1.940285000290664,True
3,456,Current Adaptive Delta,1,z_score,10.186496251525986,4.0422604172722165,True,1.940285000290664,True
2,457,Current Adaptive Delta,1,z_score,9.378044168071542,4.0422604172722165,True,1.940285000290664,True
3,458,Current Adaptive Delta,1,z_score,10.348186668216874,4.0422604172722165,True,1.940285000290664,True
5,459,Current Adaptive Delta,1,z_score,12.935233335271093,4.0422604172722165,True,1.940285000290664,True
4,46,Current Adaptive Delta,1,z_score,7.922830417853544,2.748737083745107,True,1.940285000290664,True
1,460,Current Adaptive Delta,1,z_score,9.863115418144208,4.365641250653994,True,1.940285000290664,True
4,461,Current Adaptive Delta,1,z_score,10.509877084907762,2.748737083745107,True,1.940285000290664,True
3,462,Current Adaptive Delta,1,z_score,10.671567501598652,4.0422604172722165,True,1.940285000290664,True
1,463,Current Adaptive Delta,1,z_score,11.156638751671318,4.365641250653994,True,1.940285000290664,True
2,464,Current Adaptive Delta,1,z_score,8.892972917998875,4.0422604172722165,True,1.940285000290664,True
1,465,Current Adaptive Delta,1,z_score,11.318329168362206,4.365641250653994,True,1.940285000290664,True
3,466,Current Adaptive Delta,1,z_score,20.049611669670195,4.0422604172722165,True,1.940285000290664,True
4,467,Current Adaptive Delta,1,z_score,7.27606875108999,2.748737083745107,True,1.940285000290664,True
2,468,Current Adaptive Delta,1,z_score,12.450162085198427,4.0422604172722165,True,1.940285000290664,True
1,469,Current Adaptive Delta,1,z_score,10.348186668216874,4.365641250653994,True,1.940285000290664,True
1,47,Current Adaptive Delta,1,z_score,10.348186668216874,4.365641250653994,True,1.940285000290664,True
5,470,Current Adaptive Delta,1,z_score,10.994948334980428,4.0422604172722165,True,1.940285000290664,True
5,471,Current Adaptive Delta,1,z_score,9.863115418144208,4.0422604172722165,True,1.940285000290664,True
5,472,Current Adaptive Delta,1,z_score,7.761140001162656,4.0422604172722165,True,1.940285000290664,True
2,473,Current Adaptive Delta,1,z_score,13.258614168652871,4.0422604172722165,True,1.940285000290664,True
2,474,Current Adaptive Delta,1,z_score,-0.6467616667635546,4.0422604172722165,False,1.940285000290664,False
4,475,Current Adaptive Delta,1,z_score,9.054663334689765,2.748737083745107,True,1.940285000290664,True
4,476,Current Adaptive Delta,1,z_score,8.5695920846171,2.748737083745107,True,1.940285000290664,True
5,477,Current Adaptive Delta,1,z_score,10.671567501598652,4.0422604172722165,True,1.940285000290664,True
2,478,Current Adaptive Delta,1,z_score,7.922830417853544,4.0422604172722165,True,1.940285000290664,True
1,479,Current Adaptive Delta,1,z_score,10.671567501598652,4.365641250653994,True,1.940285000290664,True
2,48,Current Adaptive Delta,1,z_score,0.485071250072666,4.0422604172722165,False,1.940285000290664,False
4,480,Current Adaptive Delta,1,z_score,9.378044168071542,2.748737083745107,True,1.940285000290664,True
3,481,Current Adaptive Delta,1,z_score,11.803400418434872,4.0422604172722165,True,1.940285000290664,True
5,482,Current Adaptive Delta,1,z_score,5.497474167490214,4.0422604172722165,True,1.940285000290664,True
3,483,Current Adaptive Delta,1,z_score,13.905375835416425,4.0422604172722165,True,1.940285000290664,True
2,484,Current Adaptive Delta,1,z_score,11.156638751671318,4.0422604172722165,True,1.940285000290664,True
3,485,Current Adaptive Delta,1,z_score,8.892972917998875,4.0422604172722165,True,1.940285000290664,True
2,486,Current Adaptive Delta,1,z_score,12.450162085198427,4.0422604172722165,True,1.940285000290664,True
2,487,Current Adaptive Delta,1,z_score,7.114378334399101,4.0422604172722165,True,1.940285000290664,True
5,488,Current Adaptive Delta,1,z_score,11.803400418434872,4.0422604172722165,True,1.940285000290664,True
5,489,Current Adaptive Delta,1,z_score,11.641710001743984,4.0422604172722165,True,1.940285000290664,True
3,49,Current Adaptive Delta,1,z_score,11.96509083512576,4.0422604172722165,True,1.940285000290664,True
4,490,Current Adaptive Delta,1,z_score,10.186496251525986,2.748737083745107,True,1.940285000290664,True
1,491,Current Adaptive Delta,1,z_score,11.480019585053094,4.365641250653994,True,1.940285000290664,True
2,492,Current Adaptive Delta,1,z_score,11.803400418434872,4.0422604172722165,True,1.940285000290664,True
3,493,Current Adaptive Delta,1,z_score,7.761140001162656,4.0422604172722165,True,1.940285000290664,True
2,494,Current Adaptive Delta,1,z_score,16.007351252397978,4.0422604172722165,True,1.940285000290664,True
1,495,Current Adaptive Delta,1,z_score,8.892972917998875,4.365641250653994,True,1.940285000290664,True
5,496,Current Adaptive Delta,1,z_score,9.378044168071542,4.0422604172722165,True,1.940285000290664,True
1,497,Current Adaptive Delta,1,z_score,8.892972917998875,4.365641250653994,True,1.940285000290664,True
5,498,Current Adaptive Delta,1,z_score,10.024805834835098,4.0422604172722165,True,1.940285000290664,True
3,499,Current Adaptive Delta,1,z_score,8.5695920846171,4.0422604172722165,True,1.940285000290664,True
4,5,Current Adaptive Delta,1,z_score,8.5695920846171,2.748737083745107,True,1.940285000290664,True
4,50,Current Adaptive Delta,1,z_score,10.671567501598652,2.748737083745107,True,1.940285000290664,True
2,51,Current Adaptive Delta,1,z_score,7.27606875108999,4.0422604172722165,True,1.940285000290664,True
3,52,Current Adaptive Delta,1,z_score,7.114378334399101,4.0422604172722165,True,1.940285000290664,True
3,53,Current Adaptive Delta,1,z_score,9.054663334689765,4.0422604172722165,True,1.940285000290664,True
3,54,Current Adaptive Delta,1,z_score,9.054663334689765,4.0422604172722165,True,1.940285000290664,True
1,55,Current Adaptive Delta,1,z_score,12.935233335271093,4.365641250653994,True,1.940285000290664,True
5,56,Current Adaptive Delta,1,z_score,3.7188795838904394,4.0422604172722165,False,1.940285000290664,True
4,57,Current Adaptive Delta,1,z_score,10.671567501598652,2.748737083745107,True,1.940285000290664,True
1,58,Current Adaptive Delta,1,z_score,14.067066252107313,4.365641250653994,True,1.940285000290664,True
5,59,Current Adaptive Delta,1,z_score,12.611852501889315,4.0422604172722165,True,1.940285000290664,True
4,6,Current Adaptive Delta,1,z_score,6.952687917708213,2.748737083745107,True,1.940285000290664,True
1,60,Current Adaptive Delta,1,z_score,10.509877084907762,4.365641250653994,True,1.940285000290664,True
4,61,Current Adaptive Delta,1,z_score,7.27606875108999,2.748737083745107,True,1.940285000290664,True
4,62,Current Adaptive Delta,1,z_score,8.892972917998875,2.748737083745107,True,1.940285000290664,True
3,63,Current Adaptive Delta,1,z_score,11.318329168362206,4.0422604172722165,True,1.940285000290664,True
5,64,Current Adaptive Delta,1,z_score,8.892972917998875,4.0422604172722165,True,1.940285000290664,True
2,65,Current Adaptive Delta,1,z_score,5.98254541756288,4.0422604172722165,True,1.940285000290664,True
1,66,Current Adaptive Delta,1,z_score,9.863115418144208,4.365641250653994,True,1.940285000290664,True
5,67,Current Adaptive Delta,1,z_score,5.98254541756288,4.0422604172722165,True,1.940285000290664,True
4,68,Current Adaptive Delta,1,z_score,10.348186668216874,2.748737083745107,True,1.940285000290664,True
2,69,Current Adaptive Delta,1,z_score,12.450162085198427,4.0422604172722165,True,1.940285000290664,True
3,7,Current Adaptive Delta,1,z_score,13.096923751961981,4.0422604172722165,True,1.940285000290664,True
1,70,Current Adaptive Delta,1,z_score,8.5695920846171,4.365641250653994,True,1.940285000290664,True
5,71,Current Adaptive Delta,1,z_score,9.539734584762432,4.0422604172722165,True,1.940285000290664,True
5,72,Current Adaptive Delta,1,z_score,8.084520834544433,4.0422604172722165,True,1.940285000290664,True
3,73,Current Adaptive Delta,1,z_score,10.509877084907762,4.0422604172722165,True,1.940285000290664,True
3,74,Current Adaptive Delta,1,z_score,12.288471668507539,4.0422604172722165,True,1.940285000290664,True
2,75,Current Adaptive Delta,1,z_score,9.378044168071542,4.0422604172722165,True,1.940285000290664,True
5,76,Current Adaptive Delta,1,z_score,10.509877084907762,4.0422604172722165,True,1.940285000290664,True
2,77,Current Adaptive Delta,1,z_score,9.378044168071542,4.0422604172722165,True,1.940285000290664,True
1,78,Current Adaptive Delta,1,z_score,12.935233335271093,4.365641250653994,True,1.940285000290664,True
2,79,Current Adaptive Delta,1,z_score,0.16169041669088866,4.0422604172722165,False,1.940285000290664,False
5,8,Current Adaptive Delta,1,z_score,10.024805834835098,4.0422604172722165,True,1.940285000290664,True
3,80,Current Adaptive Delta,1,z_score,9.378044168071542,4.0422604172722165,True,1.940285000290664,True
2,81,Current Adaptive Delta,1,z_score,8.5695920846171,4.0422604172722165,True,1.940285000290664,True
1,82,Current Adaptive Delta,1,z_score,7.27606875108999,4.365641250653994,True,1.940285000290664,True
5,83,Current Adaptive Delta,1,z_score,7.761140001162656,4.0422604172722165,True,1.940285000290664,True
2,84,Current Adaptive Delta,1,z_score,10.348186668216874,4.0422604172722165,True,1.940285000290664,True
4,85,Current Adaptive Delta,1,z_score,9.863115418144208,2.748737083745107,True,1.940285000290664,True
1,86,Current Adaptive Delta,1,z_score,-0.970142500145332,4.365641250653994,False,1.940285000290664,False
4,87,Current Adaptive Delta,1,z_score,11.641710001743984,2.748737083745107,True,1.940285000290664,True
1,88,Current Adaptive Delta,1,z_score,10.024805834835098,4.365641250653994,True,1.940285000290664,True
4,89,Current Adaptive Delta,1,z_score,10.509877084907762,2.748737083745107,True,1.940285000290664,True
1,9,Current Adaptive Delta,1,z_score,10.348186668216874,4.365641250653994,True,1.940285000290664,True
5,90,Current Adaptive Delta,1,z_score,10.83325791828954,4.0422604172722165,True,1.940285000290664,True
2,91,Current Adaptive Delta,1,z_score,9.378044168071542,4.0422604172722165,True,1.940285000290664,True
2,92,Current Adaptive Delta,1,z_score,2.42535625036333,4.0422604172722165,False,1.940285000290664,True
5,93,Current Adaptive Delta,1,z_score,8.892972917998875,4.0422604172722165,True,1.940285000290664,True
4,94,Current Adaptive Delta,1,z_score,10.509877084907762,2.748737083745107,True,1.940285000290664,True
4,95,Current Adaptive Delta,1,z_score,10.671567501598652,2.748737083745107,True,1.940285000290664,True
1,96,Current Adaptive Delta,1,z_score,8.5695920846171,4.365641250653994,True,1.940285000290664,True
4,97,Current Adaptive Delta,1,z_score,11.318329168362206,2.748737083745107,True,1.940285000290664,True
2,98,Current Adaptive Delta,1,z_score,10.186496251525986,4.0422604172722165,True,1.940285000290664,True
3,99,Current Adaptive Delta,1,z_score,11.803400418434872,4.0422604172722165,True,1.940285000290664,True
2,1,Fixed Delta 2.0,1,z_score,10.994948334980428,4.0422604172722165,True,1.940285000290664,True
3,10,Fixed Delta 2.0,1,z_score,11.641710001743984,4.0422604172722165,True,1.940285000290664,True
4,100,Fixed Delta 2.0,1,z_score,11.156638751671318,2.748737083745107,True,1.940285000290664,True
5,101,Fixed Delta 2.0,1,z_score,12.450162085198427,4.0422604172722165,True,1.940285000290664,True
5,102,Fixed Delta 2.0,1,z_score,11.156638751671318,4.0422604172722165,True,1.940285000290664,True
3,103,Fixed Delta 2.0,1,z_score,12.126781251816649,4.0422604172722165,True,1.940285000290664,True
2,104,Fixed Delta 2.0,1,z_score,9.863115418144208,4.0422604172722165,True,1.940285000290664,True
4,105,Fixed Delta 2.0,1,z_score,16.97749375254331,2.748737083745107,True,1.940285000290664,True
5,106,Fixed Delta 2.0,1,z_score,13.581995002034647,4.0422604172722165,True,1.940285000290664,True
2,107,Fixed Delta 2.0,1,z_score,7.27606875108999,4.0422604172722165,True,1.940285000290664,True
3,108,Fixed Delta 2.0,1,z_score,11.318329168362206,4.0422604172722165,True,1.940285000290664,True
3,109,Fixed Delta 2.0,1,z_score,9.378044168071542,4.0422604172722165,True,1.940285000290664,True
2,11,Fixed Delta 2.0,1,z_score,2.1019754169815528,4.0422604172722165,False,1.940285000290664,True
2,110,Fixed Delta 2.0,1,z_score,12.450162085198427,4.0422604172722165,True,1.940285000290664,True
3,111,Fixed Delta 2.0,1,z_score,10.509877084907762,4.0422604172722165,True,1.940285000290664,True
4,112,Fixed Delta 2.0,1,z_score,8.5695920846171,2.748737083745107,True,1.940285000290664,True
3,113,Fixed Delta 2.0,1,z_score,12.773542918580205,4.0422604172722165,True,1.940285000290664,True
3,114,Fixed Delta 2.0,1,z_score,8.5695920846171,4.0422604172722165,True,1.940285000290664,True
3,115,Fixed Delta 2.0,1,z_score,11.156638751671318,4.0422604172722165,True,1.940285000290664,True
1,116,Fixed Delta 2.0,1,z_score,12.935233335271093,4.365641250653994,True,1.940285000290664,True
3,117,Fixed Delta 2.0,1,z_score,6.144235834253769,4.0422604172722165,True,1.940285000290664,True
2,118,Fixed Delta 2.0,1,z_score,10.994948334980428,4.0422604172722165,True,1.940285000290664,True
1,119,Fixed Delta 2.0,1,z_score,12.126781251816649,4.365641250653994,True,1.940285000290664,True
4,12,Fixed Delta 2.0,1,z_score,11.318329168362206,2.748737083745107,True,1.940285000290664,True
3,120,Fixed Delta 2.0,1,z_score,11.318329168362206,4.0422604172722165,True,1.940285000290664,True
1,121,Fixed Delta 2.0,1,z_score,12.450162085198427,4.365641250653994,True,1.940285000290664,True
1,122,Fixed Delta 2.0,1,z_score,12.935233335271093,4.365641250653994,True,1.940285000290664,True
1,123,Fixed Delta 2.0,1,z_score,10.509877084907762,4.365641250653994,True,1.940285000290664,True
1,124,Fixed Delta 2.0,1,z_score,9.378044168071542,4.365641250653994,True,1.940285000290664,True
3,125,Fixed Delta 2.0,1,z_score,12.611852501889315,4.0422604172722165,True,1.940285000290664,True
4,126,Fixed Delta 2.0,1,z_score,9.70142500145332,2.748737083745107,True,1.940285000290664,True
1,127,Fixed Delta 2.0,1,z_score,11.803400418434872,4.365641250653994,True,1.940285000290664,True
5,128,Fixed Delta 2.0,1,z_score,10.994948334980428,4.0422604172722165,True,1.940285000290664,True
4,129,Fixed Delta 2.0,1,z_score,10.509877084907762,2.748737083745107,True,1.940285000290664,True
4,13,Fixed Delta 2.0,1,z_score,12.126781251816649,2.748737083745107,True,1.940285000290664,True
5,130,Fixed Delta 2.0,1,z_score,14.228756668798201,4.0422604172722165,True,1.940285000290664,True
5,131,Fixed Delta 2.0,1,z_score,9.054663334689765,4.0422604172722165,True,1.940285000290664,True
1,132,Fixed Delta 2.0,1,z_score,9.70142500145332,4.365641250653994,True,1.940285000290664,True
1,133,Fixed Delta 2.0,1,z_score,11.156638751671318,4.365641250653994,True,1.940285000290664,True
5,134,Fixed Delta 2.0,1,z_score,12.288471668507539,4.0422604172722165,True,1.940285000290664,True
1,135,Fixed Delta 2.0,1,z_score,12.935233335271093,4.365641250653994,True,1.940285000290664,True
5,136,Fixed Delta 2.0,1,z_score,9.216353751380653,4.0422604172722165,True,1.940285000290664,True
5,137,Fixed Delta 2.0,1,z_score,12.126781251816649,4.0422604172722165,True,1.940285000290664,True
4,138,Fixed Delta 2.0,1,z_score,4.527331667344883,2.748737083745107,True,1.940285000290664,True
3,139,Fixed Delta 2.0,1,z_score,11.318329168362206,4.0422604172722165,True,1.940285000290664,True
2,14,Fixed Delta 2.0,1,z_score,13.420304585343759,4.0422604172722165,True,1.940285000290664,True
4,140,Fixed Delta 2.0,1,z_score,8.5695920846171,2.748737083745107,True,1.940285000290664,True
4,141,Fixed Delta 2.0,1,z_score,7.599449584471767,2.748737083745107,True,1.940285000290664,True
2,142,Fixed Delta 2.0,1,z_score,11.641710001743984,4.0422604172722165,True,1.940285000290664,True
2,143,Fixed Delta 2.0,1,z_score,11.96509083512576,4.0422604172722165,True,1.940285000290664,True
4,144,Fixed Delta 2.0,1,z_score,10.186496251525986,2.748737083745107,True,1.940285000290664,True
3,145,Fixed Delta 2.0,1,z_score,15.6839704190162,4.0422604172722165,True,1.940285000290664,True
2,146,Fixed Delta 2.0,1,z_score,12.935233335271093,4.0422604172722165,True,1.940285000290664,True
2,147,Fixed Delta 2.0,1,z_score,12.935233335271093,4.0422604172722165,True,1.940285000290664,True
2,148,Fixed Delta 2.0,1,z_score,5.497474167490214,4.0422604172722165,True,1.940285000290664,True
4,149,Fixed Delta 2.0,1,z_score,7.922830417853544,2.748737083745107,True,1.940285000290664,True
4,15,Fixed Delta 2.0,1,z_score,12.450162085198427,2.748737083745107,True,1.940285000290664,True
2,150,Fixed Delta 2.0,1,z_score,8.5695920846171,4.0422604172722165,True,1.940285000290664,True
1,151,Fixed Delta 2.0,1,z_score,13.096923751961981,4.365641250653994,True,1.940285000290664,True
1,152,Fixed Delta 2.0,1,z_score,-0.16169041669088866,4.365641250653994,False,1.940285000290664,False
3,153,Fixed Delta 2.0,1,z_score,11.480019585053094,4.0422604172722165,True,1.940285000290664,True
4,154,Fixed Delta 2.0,1,z_score,8.246211251235321,2.748737083745107,True,1.940285000290664,True
1,155,Fixed Delta 2.0,1,z_score,11.318329168362206,4.365641250653994,True,1.940285000290664,True
3,156,Fixed Delta 2.0,1,z_score,7.599449584471767,4.0422604172722165,True,1.940285000290664,True
1,157,Fixed Delta 2.0,1,z_score,12.288471668507539,4.365641250653994,True,1.940285000290664,True
5,158,Fixed Delta 2.0,1,z_score,8.407901667926211,4.0422604172722165,True,1.940285000290664,True
2,159,Fixed Delta 2.0,1,z_score,9.70142500145332,4.0422604172722165,True,1.940285000290664,True
5,16,Fixed Delta 2.0,1,z_score,12.319109911504373,4.0422604172722165,True,1.940285000290664,True
3,160,Fixed Delta 2.0,1,z_score,10.83325791828954,4.0422604172722165,True,1.940285000290664,True
4,161,Fixed Delta 2.0,1,z_score,9.539734584762432,2.748737083745107,True,1.940285000290664,True
3,162,Fixed Delta 2.0,1,z_score,9.539734584762432,4.0422604172722165,True,1.940285000290664,True
1,163,Fixed Delta 2.0,1,z_score,10.509877084907762,4.365641250653994,True,1.940285000290664,True
2,164,Fixed Delta 2.0,1,z_score,15.522280002325312,4.0422604172722165,True,1.940285000290664,True
2,165,Fixed Delta 2.0,1,z_score,11.96509083512576,4.0422604172722165,True,1.940285000290664,True
2,166,Fixed Delta 2.0,1,z_score,11.96509083512576,4.0422604172722165,True,1.940285000290664,True
4,167,Fixed Delta 2.0,1,z_score,9.378044168071542,2.748737083745107,True,1.940285000290664,True
5,168,Fixed Delta 2.0,1,z_score,9.633364386428523,4.0422604172722165,True,1.940285000290664,True
1,169,Fixed Delta 2.0,1,z_score,11.96509083512576,4.365641250653994,True,1.940285000290664,True
1,17,Fixed Delta 2.0,1,z_score,10.83325791828954,4.365641250653994,True,1.940285000290664,True
1,170,Fixed Delta 2.0,1,z_score,14.55213750217998,4.365641250653994,True,1.940285000290664,True
3,171,Fixed Delta 2.0,1,z_score,8.407901667926211,4.0422604172722165,True,1.940285000290664,True
4,172,Fixed Delta 2.0,1,z_score,11.318329168362206,2.748737083745107,True,1.940285000290664,True
5,173,Fixed Delta 2.0,1,z_score,12.288471668507539,4.0422604172722165,True,1.940285000290664,True
2,174,Fixed Delta 2.0,1,z_score,12.773542918580205,4.0422604172722165,True,1.940285000290664,True
3,175,Fixed Delta 2.0,1,z_score,13.581995002034647,4.0422604172722165,True,1.940285000290664,True
2,176,Fixed Delta 2.0,1,z_score,10.024805834835098,4.0422604172722165,True,1.940285000290664,True
3,177,Fixed Delta 2.0,1,z_score,8.731282501307987,4.0422604172722165,True,1.940285000290664,True
5,178,Fixed Delta 2.0,1,z_score,10.671567501598652,4.0422604172722165,True,1.940285000290664,True
1,179,Fixed Delta 2.0,1,z_score,11.96509083512576,4.365641250653994,True,1.940285000290664,True
3,18,Fixed Delta 2.0,1,z_score,11.318329168362206,4.0422604172722165,True,1.940285000290664,True
3,180,Fixed Delta 2.0,1,z_score,4.365641250653994,4.0422604172722165,True,1.940285000290664,True
1,181,Fixed Delta 2.0,1,z_score,8.390091467968096,4.365641250653994,True,1.940285000290664,True
3,182,Fixed Delta 2.0,1,z_score,11.480019585053094,4.0422604172722165,True,1.940285000290664,True
3,183,Fixed Delta 2.0,1,z_score,6.6293070843264355,4.0422604172722165,True,1.940285000290664,True
4,184,Fixed Delta 2.0,1,z_score,8.731282501307987,2.748737083745107,True,1.940285000290664,True
2,185,Fixed Delta 2.0,1,z_score,10.994948334980428,4.0422604172722165,True,1.940285000290664,True
2,186,Fixed Delta 2.0,1,z_score,10.83325791828954,4.0422604172722165,True,1.940285000290664,True
3,187,Fixed Delta 2.0,1,z_score,11.803400418434872,4.0422604172722165,True,1.940285000290664,True
1,188,Fixed Delta 2.0,1,z_score,6.790997501017324,4.365641250653994,True,1.940285000290664,True
1,189,Fixed Delta 2.0,1,z_score,7.922830417853544,4.365641250653994,True,1.940285000290664,True
3,19,Fixed Delta 2.0,1,z_score,10.186496251525986,4.0422604172722165,True,1.940285000290664,True
1,190,Fixed Delta 2.0,1,z_score,9.216353751380653,4.365641250653994,True,1.940285000290664,True
1,191,Fixed Delta 2.0,1,z_score,10.354600689736234,4.365641250653994,True,1.940285000290664,True
4,192,Fixed Delta 2.0,1,z_score,7.599449584471767,2.748737083745107,True,1.940285000290664,True
1,193,Fixed Delta 2.0,1,z_score,11.318329168362206,4.365641250653994,True,1.940285000290664,True
1,194,Fixed Delta 2.0,1,z_score,13.096923751961981,4.365641250653994,True,1.940285000290664,True
3,195,Fixed Delta 2.0,1,z_score,10.83325791828954,4.0422604172722165,True,1.940285000290664,True
2,196,Fixed Delta 2.0,1,z_score,12.126781251816649,4.0422604172722165,True,1.940285000290664,True
4,197,Fixed Delta 2.0,1,z_score,12.450162085198427,2.748737083745107,True,1.940285000290664,True
4,198,Fixed Delta 2.0,1,z_score,10.348186668216874,2.748737083745107,True,1.940285000290664,True
4,199,Fixed Delta 2.0,1,z_score,11.641710001743984,2.748737083745107,True,1.940285000290664,True
3,2,Fixed Delta 2.0,1,z_score,9.378044168071542,4.0422604172722165,True,1.940285000290664,True
5,20,Fixed Delta 2.0,1,z_score,12.450162085198427,4.0422604172722165,True,1.940285000290664,True
5,200,Fixed Delta 2.0,1,z_score,12.450162085198427,4.0422604172722165,True,1.940285000290664,True
4,201,Fixed Delta 2.0,1,z_score,11.803400418434872,2.748737083745107,True,1.940285000290664,True
2,202,Fixed Delta 2.0,1,z_score,13.096923751961981,4.0422604172722165,True,1.940285000290664,True
4,203,Fixed Delta 2.0,1,z_score,9.216353751380653,2.748737083745107,True,1.940285000290664,True
5,204,Fixed Delta 2.0,1,z_score,10.994948334980428,4.0422604172722165,True,1.940285000290664,True
3,205,Fixed Delta 2.0,1,z_score,9.863115418144208,4.0422604172722165,True,1.940285000290664,True
3,206,Fixed Delta 2.0,1,z_score,10.186496251525986,4.0422604172722165,True,1.940285000290664,True
3,207,Fixed Delta 2.0,1,z_score,10.160222361903129,4.0422604172722165,True,1.940285000290664,True
1,208,Fixed Delta 2.0,1,z_score,8.731282501307987,4.365641250653994,True,1.940285000290664,True
3,209,Fixed Delta 2.0,1,z_score,12.126781251816649,4.0422604172722165,True,1.940285000290664,True
4,21,Fixed Delta 2.0,1,z_score,12.288471668507539,2.748737083745107,True,1.940285000290664,True
1,210,Fixed Delta 2.0,1,z_score,10.671567501598652,4.365641250653994,True,1.940285000290664,True
4,211,Fixed Delta 2.0,1,z_score,7.761140001162656,2.748737083745107,True,1.940285000290664,True
1,212,Fixed Delta 2.0,1,z_score,13.096923751961981,4.365641250653994,True,1.940285000290664,True
5,213,Fixed Delta 2.0,1,z_score,8.084520834544433,4.0422604172722165,True,1.940285000290664,True
1,214,Fixed Delta 2.0,1,z_score,11.96509083512576,4.365641250653994,True,1.940285000290664,True
2,215,Fixed Delta 2.0,1,z_score,11.96509083512576,4.0422604172722165,True,1.940285000290664,True
3,216,Fixed Delta 2.0,1,z_score,14.228756668798201,4.0422604172722165,True,1.940285000290664,True
2,217,Fixed Delta 2.0,1,z_score,9.539734584762432,4.0422604172722165,True,1.940285000290664,True
3,218,Fixed Delta 2.0,1,z_score,9.216353751380653,4.0422604172722165,True,1.940285000290664,True
3,219,Fixed Delta 2.0,1,z_score,12.450162085198427,4.0422604172722165,True,1.940285000290664,True
1,22,Fixed Delta 2.0,1,z_score,18.756088336143083,4.365641250653994,True,1.940285000290664,True
4,220,Fixed Delta 2.0,1,z_score,13.95620092964449,2.748737083745107,True,1.940285000290664,True
4,221,Fixed Delta 2.0,1,z_score,11.318329168362206,2.748737083745107,True,1.940285000290664,True
1,222,Fixed Delta 2.0,1,z_score,5.98254541756288,4.365641250653994,True,1.940285000290664,True
3,223,Fixed Delta 2.0,1,z_score,10.509877084907762,4.0422604172722165,True,1.940285000290664,True
2,224,Fixed Delta 2.0,1,z_score,12.288471668507539,4.0422604172722165,True,1.940285000290664,True
4,225,Fixed Delta 2.0,1,z_score,11.480019585053094,2.748737083745107,True,1.940285000290664,True
1,226,Fixed Delta 2.0,1,z_score,10.83325791828954,4.365641250653994,True,1.940285000290664,True
2,227,Fixed Delta 2.0,1,z_score,12.935233335271093,4.0422604172722165,True,1.940285000290664,True
1,228,Fixed Delta 2.0,1,z_score,6.790997501017324,4.365641250653994,True,1.940285000290664,True
5,229,Fixed Delta 2.0,1,z_score,11.156638751671318,4.0422604172722165,True,1.940285000290664,True
1,23,Fixed Delta 2.0,1,z_score,11.96509083512576,4.365641250653994,True,1.940285000290664,True
2,230,Fixed Delta 2.0,1,z_score,9.70142500145332,4.0422604172722165,True,1.940285000290664,True
5,231,Fixed Delta 2.0,1,z_score,6.952687917708213,4.0422604172722165,True,1.940285000290664,True
5,232,Fixed Delta 2.0,1,z_score,10.509877084907762,4.0422604172722165,True,1.940285000290664,True
2,233,Fixed Delta 2.0,1,z_score,10.348186668216874,4.0422604172722165,True,1.940285000290664,True
1,234,Fixed Delta 2.0,1,z_score,12.126781251816649,4.365641250653994,True,1.940285000290664,True
5,235,Fixed Delta 2.0,1,z_score,12.611852501889315,4.0422604172722165,True,1.940285000290664,True
3,236,Fixed Delta 2.0,1,z_score,9.054663334689765,4.0422604172722165,True,1.940285000290664,True
5,237,Fixed Delta 2.0,1,z_score,8.084520834544433,4.0422604172722165,True,1.940285000290664,True
3,238,Fixed Delta 2.0,1,z_score,-0.16169041669088866,4.0422604172722165,False,1.940285000290664,False
4,239,Fixed Delta 2.0,1,z_score,8.892972917998875,2.748737083745107,True,1.940285000290664,True
5,24,Fixed Delta 2.0,1,z_score,13.096923751961981,4.0422604172722165,True,1.940285000290664,True
4,240,Fixed Delta 2.0,1,z_score,10.83325791828954,2.748737083745107,True,1.940285000290664,True
1,241,Fixed Delta 2.0,1,z_score,11.318329168362206,4.365641250653994,True,1.940285000290664,True
2,242,Fixed Delta 2.0,1,z_score,14.228756668798201,4.0422604172722165,True,1.940285000290664,True
4,243,Fixed Delta 2.0,1,z_score,11.803400418434872,2.748737083745107,True,1.940285000290664,True
5,244,Fixed Delta 2.0,1,z_score,12.126781251816649,4.0422604172722165,True,1.940285000290664,True
2,245,Fixed Delta 2.0,1,z_score,9.539734584762432,4.0422604172722165,True,1.940285000290664,True
2,246,Fixed Delta 2.0,1,z_score,9.863115418144208,4.0422604172722165,True,1.940285000290664,True
3,247,Fixed Delta 2.0,1,z_score,12.935233335271093,4.0422604172722165,True,1.940285000290664,True
4,248,Fixed Delta 2.0,1,z_score,12.611852501889315,2.748737083745107,True,1.940285000290664,True
4,249,Fixed Delta 2.0,1,z_score,8.084520834544433,2.748737083745107,True,1.940285000290664,True
3,25,Fixed Delta 2.0,1,z_score,12.450162085198427,4.0422604172722165,True,1.940285000290664,True
1,250,Fixed Delta 2.0,1,z_score,9.378044168071542,4.365641250653994,True,1.940285000290664,True
5,251,Fixed Delta 2.0,1,z_score,10.83325791828954,4.0422604172722165,True,1.940285000290664,True
3,252,Fixed Delta 2.0,1,z_score,11.318329168362206,4.0422604172722165,True,1.940285000290664,True
3,253,Fixed Delta 2.0,1,z_score,11.96509083512576,4.0422604172722165,True,1.940285000290664,True
5,254,Fixed Delta 2.0,1,z_score,12.288471668507539,4.0422604172722165,True,1.940285000290664,True
1,255,Fixed Delta 2.0,1,z_score,9.054663334689765,4.365641250653994,True,1.940285000290664,True
2,256,Fixed Delta 2.0,1,z_score,7.437759167780879,4.0422604172722165,True,1.940285000290664,True
3,257,Fixed Delta 2.0,1,z_score,13.581995002034647,4.0422604172722165,True,1.940285000290664,True
5,258,Fixed Delta 2.0,1,z_score,10.509877084907762,4.0422604172722165,True,1.940285000290664,True
1,259,Fixed Delta 2.0,1,z_score,14.713827918870868,4.365641250653994,True,1.940285000290664,True
4,26,Fixed Delta 2.0,1,z_score,8.407901667926211,2.748737083745107,True,1.940285000290664,True
5,260,Fixed Delta 2.0,1,z_score,9.054663334689765,4.0422604172722165,True,1.940285000290664,True
3,261,Fixed Delta 2.0,1,z_score,11.803400418434872,4.0422604172722165,True,1.940285000290664,True
2,262,Fixed Delta 2.0,1,z_score,9.378044168071542,4.0422604172722165,True,1.940285000290664,True
2,263,Fixed Delta 2.0,1,z_score,12.935233335271093,4.0422604172722165,True,1.940285000290664,True
2,264,Fixed Delta 2.0,1,z_score,8.892972917998875,4.0422604172722165,True,1.940285000290664,True
2,265,Fixed Delta 2.0,1,z_score,13.420304585343759,4.0422604172722165,True,1.940285000290664,True
2,266,Fixed Delta 2.0,1,z_score,13.196577581477161,4.0422604172722165,True,1.940285000290664,True
5,267,Fixed Delta 2.0,1,z_score,10.348186668216874,4.0422604172722165,True,1.940285000290664,True
5,268,Fixed Delta 2.0,1,z_score,12.288471668507539,4.0422604172722165,True,1.940285000290664,True
4,269,Fixed Delta 2.0,1,z_score,10.994948334980428,2.748737083745107,True,1.940285000290664,True
3,27,Fixed Delta 2.0,1,z_score,15.845660835707088,4.0422604172722165,True,1.940285000290664,True
1,270,Fixed Delta 2.0,1,z_score,9.378044168071542,4.365641250653994,True,1.940285000290664,True
5,271,Fixed Delta 2.0,1,z_score,11.641710001743984,4.0422604172722165,True,1.940285000290664,True
5,272,Fixed Delta 2.0,1,z_score,10.83325791828954,4.0422604172722165,True,1.940285000290664,True
3,273,Fixed Delta 2.0,1,z_score,9.70142500145332,4.0422604172722165,True,1.940285000290664,True
5,274,Fixed Delta 2.0,1,z_score,9.378044168071542,4.0422604172722165,True,1.940285000290664,True
2,275,Fixed Delta 2.0,1,z_score,13.420304585343759,4.0422604172722165,True,1.940285000290664,True
5,276,Fixed Delta 2.0,1,z_score,11.318329168362206,4.0422604172722165,True,1.940285000290664,True
5,277,Fixed Delta 2.0,1,z_score,13.096923751961981,4.0422604172722165,True,1.940285000290664,True
5,278,Fixed Delta 2.0,1,z_score,12.288471668507539,4.0422604172722165,True,1.940285000290664,True
1,279,Fixed Delta 2.0,1,z_score,14.713827918870868,4.365641250653994,True,1.940285000290664,True
5,28,Fixed Delta 2.0,1,z_score,12.450162085198427,4.0422604172722165,True,1.940285000290664,True
1,280,Fixed Delta 2.0,1,z_score,10.186496251525986,4.365641250653994,True,1.940285000290664,True
5,281,Fixed Delta 2.0,1,z_score,11.803400418434872,4.0422604172722165,True,1.940285000290664,True
2,282,Fixed Delta 2.0,1,z_score,6.467616667635546,4.0422604172722165,True,1.940285000290664,True
5,283,Fixed Delta 2.0,1,z_score,8.892972917998875,4.0422604172722165,True,1.940285000290664,True
4,284,Fixed Delta 2.0,1,z_score,10.509877084907762,2.748737083745107,True,1.940285000290664,True
5,285,Fixed Delta 2.0,1,z_score,10.83325791828954,4.0422604172722165,True,1.940285000290664,True
2,286,Fixed Delta 2.0,1,z_score,8.731282501307987,4.0422604172722165,True,1.940285000290664,True
1,287,Fixed Delta 2.0,1,z_score,11.641710001743984,4.365641250653994,True,1.940285000290664,True
3,288,Fixed Delta 2.0,1,z_score,8.731282501307987,4.0422604172722165,True,1.940285000290664,True
1,289,Fixed Delta 2.0,1,z_score,11.641710001743984,4.365641250653994,True,1.940285000290664,True
4,29,Fixed Delta 2.0,1,z_score,11.156638751671318,2.748737083745107,True,1.940285000290664,True
4,290,Fixed Delta 2.0,1,z_score,7.571545958898037,2.748737083745107,True,1.940285000290664,True
2,291,Fixed Delta 2.0,1,z_score,10.348186668216874,4.0422604172722165,True,1.940285000290664,True
2,292,Fixed Delta 2.0,1,z_score,9.863115418144208,4.0422604172722165,True,1.940285000290664,True
4,293,Fixed Delta 2.0,1,z_score,11.641710001743984,2.748737083745107,True,1.940285000290664,True
3,294,Fixed Delta 2.0,1,z_score,9.863115418144208,4.0422604172722165,True,1.940285000290664,True
2,295,Fixed Delta 2.0,1,z_score,15.6839704190162,4.0422604172722165,True,1.940285000290664,True
5,296,Fixed Delta 2.0,1,z_score,11.480019585053094,4.0422604172722165,True,1.940285000290664,True
3,297,Fixed Delta 2.0,1,z_score,8.246211251235321,4.0422604172722165,True,1.940285000290664,True
5,298,Fixed Delta 2.0,1,z_score,12.126781251816649,4.0422604172722165,True,1.940285000290664,True
1,299,Fixed Delta 2.0,1,z_score,14.55213750217998,4.365641250653994,True,1.940285000290664,True
5,3,Fixed Delta 2.0,1,z_score,10.348186668216874,4.0422604172722165,True,1.940285000290664,True
5,30,Fixed Delta 2.0,1,z_score,8.407901667926211,4.0422604172722165,True,1.940285000290664,True
1,300,Fixed Delta 2.0,1,z_score,14.228756668798201,4.365641250653994,True,1.940285000290664,True
2,301,Fixed Delta 2.0,1,z_score,12.288471668507539,4.0422604172722165,True,1.940285000290664,True
4,302,Fixed Delta 2.0,1,z_score,10.186496251525986,2.748737083745107,True,1.940285000290664,True
4,303,Fixed Delta 2.0,1,z_score,11.96509083512576,2.748737083745107,True,1.940285000290664,True
3,304,Fixed Delta 2.0,1,z_score,12.126781251816649,4.0422604172722165,True,1.940285000290664,True
5,305,Fixed Delta 2.0,1,z_score,14.55213750217998,4.0422604172722165,True,1.940285000290664,True
1,306,Fixed Delta 2.0,1,z_score,9.70142500145332,4.365641250653994,True,1.940285000290664,True
2,307,Fixed Delta 2.0,1,z_score,11.156638751671318,4.0422604172722165,True,1.940285000290664,True
5,308,Fixed Delta 2.0,1,z_score,11.96509083512576,4.0422604172722165,True,1.940285000290664,True
2,309,Fixed Delta 2.0,1,z_score,10.83325791828954,4.0422604172722165,True,1.940285000290664,True
2,31,Fixed Delta 2.0,1,z_score,11.96509083512576,4.0422604172722165,True,1.940285000290664,True
5,310,Fixed Delta 2.0,1,z_score,9.054663334689765,4.0422604172722165,True,1.940285000290664,True
4,311,Fixed Delta 2.0,1,z_score,11.803400418434872,2.748737083745107,True,1.940285000290664,True
1,312,Fixed Delta 2.0,1,z_score,10.062390405876336,4.365641250653994,True,1.940285000290664,True
1,313,Fixed Delta 2.0,1,z_score,13.096923751961981,4.365641250653994,True,1.940285000290664,True
5,314,Fixed Delta 2.0,1,z_score,11.156638751671318,4.0422604172722165,True,1.940285000290664,True
1,315,Fixed Delta 2.0,1,z_score,9.70142500145332,4.365641250653994,True,1.940285000290664,True
2,316,Fixed Delta 2.0,1,z_score,10.671567501598652,4.0422604172722165,True,1.940285000290664,True
5,317,Fixed Delta 2.0,1,z_score,6.6293070843264355,4.0422604172722165,True,1.940285000290664,True
4,318,Fixed Delta 2.0,1,z_score,10.509877084907762,2.748737083745107,True,1.940285000290664,True
4,319,Fixed Delta 2.0,1,z_score,6.144235834253769,2.748737083745107,True,1.940285000290664,True
1,32,Fixed Delta 2.0,1,z_score,11.641710001743984,4.365641250653994,True,1.940285000290664,True
2,320,Fixed Delta 2.0,1,z_score,5.012402917417549,4.0422604172722165,True,1.940285000290664,True
3,321,Fixed Delta 2.0,1,z_score,9.054663334689765,4.0422604172722165,True,1.940285000290664,True
1,322,Fixed Delta 2.0,1,z_score,11.480019585053094,4.365641250653994,True,1.940285000290664,True
2,323,Fixed Delta 2.0,1,z_score,9.70142500145332,4.0422604172722165,True,1.940285000290664,True
4,324,Fixed Delta 2.0,1,z_score,13.581995002034647,2.748737083745107,True,1.940285000290664,True
2,325,Fixed Delta 2.0,1,z_score,14.390447085489091,4.0422604172722165,True,1.940285000290664,True
4,326,Fixed Delta 2.0,1,z_score,12.773542918580205,2.748737083745107,True,1.940285000290664,True
3,327,Fixed Delta 2.0,1,z_score,10.83325791828954,4.0422604172722165,True,1.940285000290664,True
3,328,Fixed Delta 2.0,1,z_score,12.126781251816649,4.0422604172722165,True,1.940285000290664,True
5,329,Fixed Delta 2.0,1,z_score,9.863115418144208,4.0422604172722165,True,1.940285000290664,True
4,33,Fixed Delta 2.0,1,z_score,10.348186668216874,2.748737083745107,True,1.940285000290664,True
3,330,Fixed Delta 2.0,1,z_score,9.539734584762432,4.0422604172722165,True,1.940285000290664,True
4,331,Fixed Delta 2.0,1,z_score,10.024805834835098,2.748737083745107,True,1.940285000290664,True
4,332,Fixed Delta 2.0,1,z_score,10.83325791828954,2.748737083745107,True,1.940285000290664,True
1,333,Fixed Delta 2.0,1,z_score,12.935233335271093,4.365641250653994,True,1.940285000290664,True
4,334,Fixed Delta 2.0,1,z_score,13.905375835416425,2.748737083745107,True,1.940285000290664,True
1,335,Fixed Delta 2.0,1,z_score,10.509877084907762,4.365641250653994,True,1.940285000290664,True
1,336,Fixed Delta 2.0,1,z_score,11.96509083512576,4.365641250653994,True,1.940285000290664,True
2,337,Fixed Delta 2.0,1,z_score,7.761140001162656,4.0422604172722165,True,1.940285000290664,True
2,338,Fixed Delta 2.0,1,z_score,9.863115418144208,4.0422604172722165,True,1.940285000290664,True
5,339,Fixed Delta 2.0,1,z_score,11.480019585053094,4.0422604172722165,True,1.940285000290664,True
1,34,Fixed Delta 2.0,1,z_score,8.731282501307987,4.365641250653994,True,1.940285000290664,True
4,340,Fixed Delta 2.0,1,z_score,9.054663334689765,2.748737083745107,True,1.940285000290664,True
3,341,Fixed Delta 2.0,1,z_score,9.378044168071542,4.0422604172722165,True,1.940285000290664,True
3,342,Fixed Delta 2.0,1,z_score,6.467616667635546,4.0422604172722165,True,1.940285000290664,True
4,343,Fixed Delta 2.0,1,z_score,12.288471668507539,2.748737083745107,True,1.940285000290664,True
5,344,Fixed Delta 2.0,1,z_score,10.024805834835098,4.0422604172722165,True,1.940285000290664,True
2,345,Fixed Delta 2.0,1,z_score,10.509877084907762,4.0422604172722165,True,1.940285000290664,True
3,346,Fixed Delta 2.0,1,z_score,10.509877084907762,4.0422604172722165,True,1.940285000290664,True
5,347,Fixed Delta 2.0,1,z_score,13.743685418725535,4.0422604172722165,True,1.940285000290664,True
1,348,Fixed Delta 2.0,1,z_score,12.288471668507539,4.365641250653994,True,1.940285000290664,True
2,349,Fixed Delta 2.0,1,z_score,13.581995002034647,4.0422604172722165,True,1.940285000290664,True
1,35,Fixed Delta 2.0,1,z_score,8.892972917998875,4.365641250653994,True,1.940285000290664,True
1,350,Fixed Delta 2.0,1,z_score,11.318329168362206,4.365641250653994,True,1.940285000290664,True
3,351,Fixed Delta 2.0,1,z_score,15.198899168943534,4.0422604172722165,True,1.940285000290664,True
4,352,Fixed Delta 2.0,1,z_score,12.450162085198427,2.748737083745107,True,1.940285000290664,True
2,353,Fixed Delta 2.0,1,z_score,15.198899168943534,4.0422604172722165,True,1.940285000290664,True
3,354,Fixed Delta 2.0,1,z_score,11.96509083512576,4.0422604172722165,True,1.940285000290664,True
1,355,Fixed Delta 2.0,1,z_score,10.994948334980428,4.365641250653994,True,1.940285000290664,True
5,356,Fixed Delta 2.0,1,z_score,9.70142500145332,4.0422604172722165,True,1.940285000290664,True
5,357,Fixed Delta 2.0,1,z_score,9.054663334689765,4.0422604172722165,True,1.940285000290664,True
1,358,Fixed Delta 2.0,1,z_score,9.378044168071542,4.365641250653994,True,1.940285000290664,True
1,359,Fixed Delta 2.0,1,z_score,13.096923751961981,4.365641250653994,True,1.940285000290664,True
3,36,Fixed Delta 2.0,1,z_score,10.348186668216874,4.0422604172722165,True,1.940285000290664,True
5,360,Fixed Delta 2.0,1,z_score,10.671567501598652,4.0422604172722165,True,1.940285000290664,True
3,361,Fixed Delta 2.0,1,z_score,10.994948334980428,4.0422604172722165,True,1.940285000290664,True
4,362,Fixed Delta 2.0,1,z_score,12.611852501889315,2.748737083745107,True,1.940285000290664,True
5,363,Fixed Delta 2.0,1,z_score,10.994948334980428,4.0422604172722165,True,1.940285000290664,True
3,364,Fixed Delta 2.0,1,z_score,11.96509083512576,4.0422604172722165,True,1.940285000290664,True
3,365,Fixed Delta 2.0,1,z_score,16.492422502470642,4.0422604172722165,True,1.940285000290664,True
5,366,Fixed Delta 2.0,1,z_score,13.743685418725535,4.0422604172722165,True,1.940285000290664,True
2,367,Fixed Delta 2.0,1,z_score,12.611852501889315,4.0422604172722165,True,1.940285000290664,True
4,368,Fixed Delta 2.0,1,z_score,10.83325791828954,2.748737083745107,True,1.940285000290664,True
3,369,Fixed Delta 2.0,1,z_score,12.450162085198427,4.0422604172722165,True,1.940285000290664,True
4,37,Fixed Delta 2.0,1,z_score,10.348186668216874,2.748737083745107,True,1.940285000290664,True
2,370,Fixed Delta 2.0,1,z_score,11.96509083512576,4.0422604172722165,True,1.940285000290664,True
4,371,Fixed Delta 2.0,1,z_score,9.216353751380653,2.748737083745107,True,1.940285000290664,True
4,372,Fixed Delta 2.0,1,z_score,10.509877084907762,2.748737083745107,True,1.940285000290664,True
1,373,Fixed Delta 2.0,1,z_score,8.5695920846171,4.365641250653994,True,1.940285000290664,True
4,374,Fixed Delta 2.0,1,z_score,15.198899168943534,2.748737083745107,True,1.940285000290664,True
1,375,Fixed Delta 2.0,1,z_score,7.761140001162656,4.365641250653994,True,1.940285000290664,True
4,376,Fixed Delta 2.0,1,z_score,12.126781251816649,2.748737083745107,True,1.940285000290664,True
3,377,Fixed Delta 2.0,1,z_score,13.743685418725535,4.0422604172722165,True,1.940285000290664,True
3,378,Fixed Delta 2.0,1,z_score,17.462565002615975,4.0422604172722165,True,1.940285000290664,True
4,379,Fixed Delta 2.0,1,z_score,12.126781251816649,2.748737083745107,True,1.940285000290664,True
4,38,Fixed Delta 2.0,1,z_score,9.70142500145332,2.748737083745107,True,1.940285000290664,True
1,380,Fixed Delta 2.0,1,z_score,11.480019585053094,4.365641250653994,True,1.940285000290664,True
2,381,Fixed Delta 2.0,1,z_score,13.743685418725535,4.0422604172722165,True,1.940285000290664,True
4,382,Fixed Delta 2.0,1,z_score,11.156638751671318,2.748737083745107,True,1.940285000290664,True
2,383,Fixed Delta 2.0,1,z_score,11.156638751671318,4.0422604172722165,True,1.940285000290664,True
2,384,Fixed Delta 2.0,1,z_score,10.671567501598652,4.0422604172722165,True,1.940285000290664,True
3,385,Fixed Delta 2.0,1,z_score,5.98254541756288,4.0422604172722165,True,1.940285000290664,True
2,386,Fixed Delta 2.0,1,z_score,3.7188795838904394,4.0422604172722165,False,1.940285000290664,True
4,387,Fixed Delta 2.0,1,z_score,11.156638751671318,2.748737083745107,True,1.940285000290664,True
4,388,Fixed Delta 2.0,1,z_score,13.096923751961981,2.748737083745107,True,1.940285000290664,True
2,389,Fixed Delta 2.0,1,z_score,13.743685418725535,4.0422604172722165,True,1.940285000290664,True
4,39,Fixed Delta 2.0,1,z_score,8.892972917998875,2.748737083745107,True,1.940285000290664,True
2,390,Fixed Delta 2.0,1,z_score,11.480019585053094,4.0422604172722165,True,1.940285000290664,True
4,391,Fixed Delta 2.0,1,z_score,10.83325791828954,2.748737083745107,True,1.940285000290664,True
5,392,Fixed Delta 2.0,1,z_score,10.994948334980428,4.0422604172722165,True,1.940285000290664,True
3,393,Fixed Delta 2.0,1,z_score,7.437759167780879,4.0422604172722165,True,1.940285000290664,True
2,394,Fixed Delta 2.0,1,z_score,12.935233335271093,4.0422604172722165,True,1.940285000290664,True
2,395,Fixed Delta 2.0,1,z_score,10.671567501598652,4.0422604172722165,True,1.940285000290664,True
5,396,Fixed Delta 2.0,1,z_score,-3.233808333817773,4.0422604172722165,False,1.940285000290664,False
4,397,Fixed Delta 2.0,1,z_score,13.258614168652871,2.748737083745107,True,1.940285000290664,True
5,398,Fixed Delta 2.0,1,z_score,12.611852501889315,4.0422604172722165,True,1.940285000290664,True
1,399,Fixed Delta 2.0,1,z_score,3.395498750508662,4.365641250653994,False,1.940285000290664,True
1,4,Fixed Delta 2.0,1,z_score,10.348186668216874,4.365641250653994,True,1.940285000290664,True
3,40,Fixed Delta 2.0,1,z_score,9.539734584762432,4.0422604172722165,True,1.940285000290664,True
2,400,Fixed Delta 2.0,1,z_score,11.318329168362206,4.0422604172722165,True,1.940285000290664,True
4,401,Fixed Delta 2.0,1,z_score,10.994948334980428,2.748737083745107,True,1.940285000290664,True
2,402,Fixed Delta 2.0,1,z_score,10.83325791828954,4.0422604172722165,True,1.940285000290664,True
1,403,Fixed Delta 2.0,1,z_score,12.611852501889315,4.365641250653994,True,1.940285000290664,True
5,404,Fixed Delta 2.0,1,z_score,19.24115958621575,4.0422604172722165,True,1.940285000290664,True
3,405,Fixed Delta 2.0,1,z_score,11.641710001743984,4.0422604172722165,True,1.940285000290664,True
3,406,Fixed Delta 2.0,1,z_score,10.994948334980428,4.0422604172722165,True,1.940285000290664,True
5,407,Fixed Delta 2.0,1,z_score,12.126781251816649,4.0422604172722165,True,1.940285000290664,True
2,408,Fixed Delta 2.0,1,z_score,9.378044168071542,4.0422604172722165,True,1.940285000290664,True
2,409,Fixed Delta 2.0,1,z_score,13.905375835416425,4.0422604172722165,True,1.940285000290664,True
3,41,Fixed Delta 2.0,1,z_score,12.773542918580205,4.0422604172722165,True,1.940285000290664,True
4,410,Fixed Delta 2.0,1,z_score,10.348186668216874,2.748737083745107,True,1.940285000290664,True
4,411,Fixed Delta 2.0,1,z_score,12.450162085198427,2.748737083745107,True,1.940285000290664,True
4,412,Fixed Delta 2.0,1,z_score,11.318329168362206,2.748737083745107,True,1.940285000290664,True
5,413,Fixed Delta 2.0,1,z_score,9.054663334689765,4.0422604172722165,True,1.940285000290664,True
2,414,Fixed Delta 2.0,1,z_score,11.318329168362206,4.0422604172722165,True,1.940285000290664,True
2,415,Fixed Delta 2.0,1,z_score,10.024805834835098,4.0422604172722165,True,1.940285000290664,True
1,416,Fixed Delta 2.0,1,z_score,8.246211251235321,4.365641250653994,True,1.940285000290664,True
5,417,Fixed Delta 2.0,1,z_score,15.360589585634422,4.0422604172722165,True,1.940285000290664,True
1,418,Fixed Delta 2.0,1,z_score,8.892972917998875,4.365641250653994,True,1.940285000290664,True
5,419,Fixed Delta 2.0,1,z_score,9.863115418144208,4.0422604172722165,True,1.940285000290664,True
1,42,Fixed Delta 2.0,1,z_score,13.258614168652871,4.365641250653994,True,1.940285000290664,True
4,420,Fixed Delta 2.0,1,z_score,7.922830417853544,2.748737083745107,True,1.940285000290664,True
3,421,Fixed Delta 2.0,1,z_score,10.348186668216874,4.0422604172722165,True,1.940285000290664,True
2,422,Fixed Delta 2.0,1,z_score,13.258614168652871,4.0422604172722165,True,1.940285000290664,True
3,423,Fixed Delta 2.0,1,z_score,10.509877084907762,4.0422604172722165,True,1.940285000290664,True
3,424,Fixed Delta 2.0,1,z_score,9.378044168071542,4.0422604172722165,True,1.940285000290664,True
1,425,Fixed Delta 2.0,1,z_score,5.497474167490214,4.365641250653994,True,1.940285000290664,True
1,426,Fixed Delta 2.0,1,z_score,11.318329168362206,4.365641250653994,True,1.940285000290664,True
1,427,Fixed Delta 2.0,1,z_score,9.539734584762432,4.365641250653994,True,1.940285000290664,True
2,428,Fixed Delta 2.0,1,z_score,15.522280002325312,4.0422604172722165,True,1.940285000290664,True
5,429,Fixed Delta 2.0,1,z_score,7.8989641625260605,4.0422604172722165,True,1.940285000290664,True
3,43,Fixed Delta 2.0,1,z_score,10.671567501598652,4.0422604172722165,True,1.940285000290664,True
1,430,Fixed Delta 2.0,1,z_score,6.531972647421808,4.365641250653994,True,1.940285000290664,True
1,431,Fixed Delta 2.0,1,z_score,7.114378334399101,4.365641250653994,True,1.940285000290664,True
5,432,Fixed Delta 2.0,1,z_score,12.450162085198427,4.0422604172722165,True,1.940285000290664,True
1,433,Fixed Delta 2.0,1,z_score,8.5695920846171,4.365641250653994,True,1.940285000290664,True
5,434,Fixed Delta 2.0,1,z_score,2.5870466670542185,4.0422604172722165,False,1.940285000290664,True
5,435,Fixed Delta 2.0,1,z_score,9.863115418144208,4.0422604172722165,True,1.940285000290664,True
5,436,Fixed Delta 2.0,1,z_score,7.27606875108999,4.0422604172722165,True,1.940285000290664,True
3,437,Fixed Delta 2.0,1,z_score,11.318329168362206,4.0422604172722165,True,1.940285000290664,True
5,438,Fixed Delta 2.0,1,z_score,10.186496251525986,4.0422604172722165,True,1.940285000290664,True
1,439,Fixed Delta 2.0,1,z_score,4.85071250072666,4.365641250653994,True,1.940285000290664,True
4,44,Fixed Delta 2.0,1,z_score,12.288471668507539,2.748737083745107,True,1.940285000290664,True
3,440,Fixed Delta 2.0,1,z_score,11.641710001743984,4.0422604172722165,True,1.940285000290664,True
2,441,Fixed Delta 2.0,1,z_score,9.216353751380653,4.0422604172722165,True,1.940285000290664,True
3,442,Fixed Delta 2.0,1,z_score,10.186496251525986,4.0422604172722165,True,1.940285000290664,True
4,443,Fixed Delta 2.0,1,z_score,10.509877084907762,2.748737083745107,True,1.940285000290664,True
1,444,Fixed Delta 2.0,1,z_score,11.96509083512576,4.365641250653994,True,1.940285000290664,True
4,445,Fixed Delta 2.0,1,z_score,8.731282501307987,2.748737083745107,True,1.940285000290664,True
4,446,Fixed Delta 2.0,1,z_score,11.641710001743984,2.748737083745107,True,1.940285000290664,True
4,447,Fixed Delta 2.0,1,z_score,9.863115418144208,2.748737083745107,True,1.940285000290664,True
5,448,Fixed Delta 2.0,1,z_score,8.5695920846171,4.0422604172722165,True,1.940285000290664,True
5,449,Fixed Delta 2.0,1,z_score,14.390447085489091,4.0422604172722165,True,1.940285000290664,True
3,45,Fixed Delta 2.0,1,z_score,11.156638751671318,4.0422604172722165,True,1.940285000290664,True
5,450,Fixed Delta 2.0,1,z_score,10.994948334980428,4.0422604172722165,True,1.940285000290664,True
2,451,Fixed Delta 2.0,1,z_score,7.437759167780879,4.0422604172722165,True,1.940285000290664,True
3,452,Fixed Delta 2.0,1,z_score,2.2636658336724413,4.0422604172722165,False,1.940285000290664,True
5,453,Fixed Delta 2.0,1,z_score,12.450162085198427,4.0422604172722165,True,1.940285000290664,True
5,454,Fixed Delta 2.0,1,z_score,10.024805834835098,4.0422604172722165,True,1.940285000290664,True
4,455,Fixed Delta 2.0,1,z_score,9.70142500145332,2.748737083745107,True,1.940285000290664,True
3,456,Fixed Delta 2.0,1,z_score,12.126781251816649,4.0422604172722165,True,1.940285000290664,True
2,457,Fixed Delta 2.0,1,z_score,11.96509083512576,4.0422604172722165,True,1.940285000290664,True
3,458,Fixed Delta 2.0,1,z_score,12.288471668507539,4.0422604172722165,True,1.940285000290664,True
5,459,Fixed Delta 2.0,1,z_score,10.671567501598652,4.0422604172722165,True,1.940285000290664,True
4,46,Fixed Delta 2.0,1,z_score,9.539734584762432,2.748737083745107,True,1.940285000290664,True
1,460,Fixed Delta 2.0,1,z_score,12.288471668507539,4.365641250653994,True,1.940285000290664,True
4,461,Fixed Delta 2.0,1,z_score,9.863115418144208,2.748737083745107,True,1.940285000290664,True
3,462,Fixed Delta 2.0,1,z_score,11.803400418434872,4.0422604172722165,True,1.940285000290664,True
1,463,Fixed Delta 2.0,1,z_score,11.96509083512576,4.365641250653994,True,1.940285000290664,True
2,464,Fixed Delta 2.0,1,z_score,8.5695920846171,4.0422604172722165,True,1.940285000290664,True
1,465,Fixed Delta 2.0,1,z_score,13.420304585343759,4.365641250653994,True,1.940285000290664,True
3,466,Fixed Delta 2.0,1,z_score,12.611852501889315,4.0422604172722165,True,1.940285000290664,True
4,467,Fixed Delta 2.0,1,z_score,11.156638751671318,2.748737083745107,True,1.940285000290664,True
2,468,Fixed Delta 2.0,1,z_score,11.480019585053094,4.0422604172722165,True,1.940285000290664,True
1,469,Fixed Delta 2.0,1,z_score,12.288471668507539,4.365641250653994,True,1.940285000290664,True
1,47,Fixed Delta 2.0,1,z_score,11.96509083512576,4.365641250653994,True,1.940285000290664,True
5,470,Fixed Delta 2.0,1,z_score,12.450162085198427,4.0422604172722165,True,1.940285000290664,True
5,471,Fixed Delta 2.0,1,z_score,9.216353751380653,4.0422604172722165,True,1.940285000290664,True
5,472,Fixed Delta 2.0,1,z_score,11.641710001743984,4.0422604172722165,True,1.940285000290664,True
2,473,Fixed Delta 2.0,1,z_score,10.994948334980428,4.0422604172722165,True,1.940285000290664,True
2,474,Fixed Delta 2.0,1,z_score,-0.6467616667635546,4.0422604172722165,False,1.940285000290664,False
4,475,Fixed Delta 2.0,1,z_score,11.641710001743984,2.748737083745107,True,1.940285000290664,True
4,476,Fixed Delta 2.0,1,z_score,6.952687917708213,2.748737083745107,True,1.940285000290664,True
5,477,Fixed Delta 2.0,1,z_score,7.114378334399101,4.0422604172722165,True,1.940285000290664,True
2,478,Fixed Delta 2.0,1,z_score,8.407901667926211,4.0422604172722165,True,1.940285000290664,True
1,479,Fixed Delta 2.0,1,z_score,6.425582246199956,4.365641250653994,True,1.940285000290664,True
2,48,Fixed Delta 2.0,1,z_score,0.485071250072666,4.0422604172722165,False,1.940285000290664,False
4,480,Fixed Delta 2.0,1,z_score,10.671567501598652,2.748737083745107,True,1.940285000290664,True
3,481,Fixed Delta 2.0,1,z_score,8.892972917998875,4.0422604172722165,True,1.940285000290664,True
5,482,Fixed Delta 2.0,1,z_score,6.144235834253769,4.0422604172722165,True,1.940285000290664,True
3,483,Fixed Delta 2.0,1,z_score,12.773542918580205,4.0422604172722165,True,1.940285000290664,True
2,484,Fixed Delta 2.0,1,z_score,13.258614168652871,4.0422604172722165,True,1.940285000290664,True
3,485,Fixed Delta 2.0,1,z_score,10.024805834835098,4.0422604172722165,True,1.940285000290664,True
2,486,Fixed Delta 2.0,1,z_score,11.156638751671318,4.0422604172722165,True,1.940285000290664,True
2,487,Fixed Delta 2.0,1,z_score,11.96509083512576,4.0422604172722165,True,1.940285000290664,True
5,488,Fixed Delta 2.0,1,z_score,8.892972917998875,4.0422604172722165,True,1.940285000290664,True
5,489,Fixed Delta 2.0,1,z_score,11.641710001743984,4.0422604172722165,True,1.940285000290664,True
3,49,Fixed Delta 2.0,1,z_score,11.641710001743984,4.0422604172722165,True,1.940285000290664,True
4,490,Fixed Delta 2.0,1,z_score,10.994948334980428,2.748737083745107,True,1.940285000290664,True
1,491,Fixed Delta 2.0,1,z_score,10.671567501598652,4.365641250653994,True,1.940285000290664,True
2,492,Fixed Delta 2.0,1,z_score,12.611852501889315,4.0422604172722165,True,1.940285000290664,True
3,493,Fixed Delta 2.0,1,z_score,11.480019585053094,4.0422604172722165,True,1.940285000290664,True
2,494,Fixed Delta 2.0,1,z_score,11.641710001743984,4.0422604172722165,True,1.940285000290664,True
1,495,Fixed Delta 2.0,1,z_score,9.054663334689765,4.365641250653994,True,1.940285000290664,True
5,496,Fixed Delta 2.0,1,z_score,13.096923751961981,4.0422604172722165,True,1.940285000290664,True
1,497,Fixed Delta 2.0,1,z_score,12.935233335271093,4.365641250653994,True,1.940285000290664,True
5,498,Fixed Delta 2.0,1,z_score,10.509877084907762,4.0422604172722165,True,1.940285000290664,True
3,499,Fixed Delta 2.0,1,z_score,9.378044168071542,4.0422604172722165,True,1.940285000290664,True
4,5,Fixed Delta 2.0,1,z_score,10.348186668216874,2.748737083745107,True,1.940285000290664,True
4,50,Fixed Delta 2.0,1,z_score,14.55213750217998,2.748737083745107,True,1.940285000290664,True
2,51,Fixed Delta 2.0,1,z_score,8.084520834544433,4.0422604172722165,True,1.940285000290664,True
3,52,Fixed Delta 2.0,1,z_score,8.731282501307987,4.0422604172722165,True,1.940285000290664,True
3,53,Fixed Delta 2.0,1,z_score,12.450162085198427,4.0422604172722165,True,1.940285000290664,True
3,54,Fixed Delta 2.0,1,z_score,11.96509083512576,4.0422604172722165,True,1.940285000290664,True
1,55,Fixed Delta 2.0,1,z_score,12.126781251816649,4.365641250653994,True,1.940285000290664,True
5,56,Fixed Delta 2.0,1,z_score,11.803400418434872,4.0422604172722165,True,1.940285000290664,True
4,57,Fixed Delta 2.0,1,z_score,11.803400418434872,2.748737083745107,True,1.940285000290664,True
1,58,Fixed Delta 2.0,1,z_score,10.994948334980428,4.365641250653994,True,1.940285000290664,True
5,59,Fixed Delta 2.0,1,z_score,15.198899168943534,4.0422604172722165,True,1.940285000290664,True
4,6,Fixed Delta 2.0,1,z_score,10.83325791828954,2.748737083745107,True,1.940285000290664,True
1,60,Fixed Delta 2.0,1,z_score,12.450162085198427,4.365641250653994,True,1.940285000290664,True
4,61,Fixed Delta 2.0,1,z_score,9.539734584762432,2.748737083745107,True,1.940285000290664,True
4,62,Fixed Delta 2.0,1,z_score,10.671567501598652,2.748737083745107,True,1.940285000290664,True
3,63,Fixed Delta 2.0,1,z_score,11.96509083512576,4.0422604172722165,True,1.940285000290664,True
5,64,Fixed Delta 2.0,1,z_score,9.378044168071542,4.0422604172722165,True,1.940285000290664,True
2,65,Fixed Delta 2.0,1,z_score,9.054663334689765,4.0422604172722165,True,1.940285000290664,True
1,66,Fixed Delta 2.0,1,z_score,10.509877084907762,4.365641250653994,True,1.940285000290664,True
5,67,Fixed Delta 2.0,1,z_score,9.216353751380653,4.0422604172722165,True,1.940285000290664,True
4,68,Fixed Delta 2.0,1,z_score,10.83325791828954,2.748737083745107,True,1.940285000290664,True
2,69,Fixed Delta 2.0,1,z_score,12.611852501889315,4.0422604172722165,True,1.940285000290664,True
3,7,Fixed Delta 2.0,1,z_score,5.335783750799326,4.0422604172722165,True,1.940285000290664,True
1,70,Fixed Delta 2.0,1,z_score,9.216353751380653,4.365641250653994,True,1.940285000290664,True
5,71,Fixed Delta 2.0,1,z_score,14.228756668798201,4.0422604172722165,True,1.940285000290664,True
5,72,Fixed Delta 2.0,1,z_score,9.378044168071542,4.0422604172722165,True,1.940285000290664,True
3,73,Fixed Delta 2.0,1,z_score,8.731282501307987,4.0422604172722165,True,1.940285000290664,True
3,74,Fixed Delta 2.0,1,z_score,11.803400418434872,4.0422604172722165,True,1.940285000290664,True
2,75,Fixed Delta 2.0,1,z_score,12.611852501889315,4.0422604172722165,True,1.940285000290664,True
5,76,Fixed Delta 2.0,1,z_score,10.994948334980428,4.0422604172722165,True,1.940285000290664,True
2,77,Fixed Delta 2.0,1,z_score,9.378044168071542,4.0422604172722165,True,1.940285000290664,True
1,78,Fixed Delta 2.0,1,z_score,10.186496251525986,4.365641250653994,True,1.940285000290664,True
2,79,Fixed Delta 2.0,1,z_score,0.16169041669088866,4.0422604172722165,False,1.940285000290664,False
5,8,Fixed Delta 2.0,1,z_score,11.156638751671318,4.0422604172722165,True,1.940285000290664,True
3,80,Fixed Delta 2.0,1,z_score,10.348186668216874,4.0422604172722165,True,1.940285000290664,True
2,81,Fixed Delta 2.0,1,z_score,11.641710001743984,4.0422604172722165,True,1.940285000290664,True
1,82,Fixed Delta 2.0,1,z_score,7.599449584471767,4.365641250653994,True,1.940285000290664,True
5,83,Fixed Delta 2.0,1,z_score,12.126781251816649,4.0422604172722165,True,1.940285000290664,True
2,84,Fixed Delta 2.0,1,z_score,12.773542918580205,4.0422604172722165,True,1.940285000290664,True
4,85,Fixed Delta 2.0,1,z_score,11.803400418434872,2.748737083745107,True,1.940285000290664,True
1,86,Fixed Delta 2.0,1,z_score,-0.970142500145332,4.365641250653994,False,1.940285000290664,False
4,87,Fixed Delta 2.0,1,z_score,12.450162085198427,2.748737083745107,True,1.940285000290664,True
1,88,Fixed Delta 2.0,1,z_score,12.450162085198427,4.365641250653994,True,1.940285000290664,True
4,89,Fixed Delta 2.0,1,z_score,8.5695920846171,2.748737083745107,True,1.940285000290664,True
1,9,Fixed Delta 2.0,1,z_score,9.863115418144208,4.365641250653994,True,1.940285000290664,True
5,90,Fixed Delta 2.0,1,z_score,10.509877084907762,4.0422604172722165,True,1.940285000290664,True
2,91,Fixed Delta 2.0,1,z_score,8.892972917998875,4.0422604172722165,True,1.940285000290664,True
2,92,Fixed Delta 2.0,1,z_score,2.42535625036333,4.0422604172722165,False,1.940285000290664,True
5,93,Fixed Delta 2.0,1,z_score,11.96509083512576,4.0422604172722165,True,1.940285000290664,True
4,94,Fixed Delta 2.0,1,z_score,14.390447085489091,2.748737083745107,True,1.940285000290664,True
4,95,Fixed Delta 2.0,1,z_score,11.641710001743984,2.748737083745107,True,1.940285000290664,True
1,96,Fixed Delta 2.0,1,z_score,8.731282501307987,4.365641250653994,True,1.940285000290664,True
4,97,Fixed Delta 2.0,1,z_score,10.509877084907762,2.748737083745107,True,1.940285000290664,True
2,98,Fixed Delta 2.0,1,z_score,12.611852501889315,4.0422604172722165,True,1.940285000290664,True
3,99,Fixed Delta 2.0,1,z_score,8.892972917998875,4.0422604172722165,True,1.940285000290664,True
