fold,prompt_id,method,label,score_field,score,threshold_at_1pct,predicted_at_1pct,threshold_at_5pct,predicted_at_5pct
2,1,No Watermark,0,z_score,-0.06757373783994859,2.379061298061204,False,1.4506471329641486,False
3,2,No Watermark,0,z_score,-0.17407765595569785,2.6111648393354674,False,1.4506471329641486,False
5,3,No Watermark,0,z_score,-0.6382847385042254,2.6111648393354674,False,1.4506471329641486,False
1,4,No Watermark,0,z_score,0.29012942659282975,2.379061298061204,False,1.4506471329641486,False
3,5,No Watermark,0,z_score,-0.17407765595569785,2.6111648393354674,False,1.4506471329641486,False
4,6,No Watermark,0,z_score,-0.6382847385042254,2.379061298061204,False,1.4506471329641486,False
1,7,No Watermark,0,z_score,-0.4061811972299616,2.379061298061204,False,1.4506471329641486,False
5,8,No Watermark,0,z_score,-0.4061811972299616,2.6111648393354674,False,1.4506471329641486,False
2,9,No Watermark,0,z_score,0.058025885318565944,2.379061298061204,False,1.4506471329641486,False
3,10,No Watermark,0,z_score,-1.3345953623270168,2.6111648393354674,False,1.4506471329641486,False
2,11,No Watermark,0,z_score,-0.8703882797784892,2.379061298061204,False,1.4506471329641486,False
5,12,No Watermark,0,z_score,0.29012942659282975,2.6111648393354674,False,1.4506471329641486,False
4,13,No Watermark,0,z_score,1.4506471329641486,2.379061298061204,False,1.4506471329641486,True
3,14,No Watermark,0,z_score,0.7543365091413573,2.6111648393354674,False,1.4506471329641486,False
5,15,No Watermark,0,z_score,-0.6382847385042254,2.6111648393354674,False,1.4506471329641486,False
5,16,No Watermark,0,z_score,-0.6382847385042254,2.6111648393354674,False,1.4506471329641486,False
1,17,No Watermark,0,z_score,-0.8703882797784892,2.379061298061204,False,1.4506471329641486,False
3,18,No Watermark,0,z_score,-1.102491821052753,2.6111648393354674,False,1.4506471329641486,False
3,19,No Watermark,0,z_score,-0.8703882797784892,2.6111648393354674,False,1.4506471329641486,False
5,20,No Watermark,0,z_score,-0.8703882797784892,2.6111648393354674,False,1.4506471329641486,False
4,21,No Watermark,0,z_score,-1.102491821052753,2.379061298061204,False,1.4506471329641486,False
1,22,No Watermark,0,z_score,1.4506471329641486,2.379061298061204,False,1.4506471329641486,True
1,23,No Watermark,0,z_score,-1.5666989036012806,2.379061298061204,False,1.4506471329641486,False
1,24,No Watermark,0,z_score,-0.4061811972299616,2.379061298061204,False,1.4506471329641486,False
3,25,No Watermark,0,z_score,1.4506471329641486,2.6111648393354674,False,1.4506471329641486,True
5,26,No Watermark,0,z_score,-0.8703882797784892,2.6111648393354674,False,1.4506471329641486,False
3,27,No Watermark,0,z_score,0.7543365091413573,2.6111648393354674,False,1.4506471329641486,False
5,28,No Watermark,0,z_score,0.7543365091413573,2.6111648393354674,False,1.4506471329641486,False
4,29,No Watermark,0,z_score,-0.8703882797784892,2.379061298061204,False,1.4506471329641486,False
1,30,No Watermark,0,z_score,-0.6382847385042254,2.379061298061204,False,1.4506471329641486,False
2,31,No Watermark,0,z_score,-2.030905986149808,2.379061298061204,False,1.4506471329641486,False
1,32,No Watermark,0,z_score,0.7543365091413573,2.379061298061204,False,1.4506471329641486,False
4,33,No Watermark,0,z_score,-0.17407765595569785,2.379061298061204,False,1.4506471329641486,False
1,34,No Watermark,0,z_score,0.9864400504156211,2.379061298061204,False,1.4506471329641486,False
1,35,No Watermark,0,z_score,-0.4061811972299616,2.379061298061204,False,1.4506471329641486,False
3,36,No Watermark,0,z_score,-1.102491821052753,2.6111648393354674,False,1.4506471329641486,False
5,37,No Watermark,0,z_score,-0.4061811972299616,2.6111648393354674,False,1.4506471329641486,False
4,38,No Watermark,0,z_score,-1.7988024448755444,2.379061298061204,False,1.4506471329641486,False
4,39,No Watermark,0,z_score,0.058025885318565944,2.379061298061204,False,1.4506471329641486,False
3,40,No Watermark,0,z_score,-2.030905986149808,2.6111648393354674,False,1.4506471329641486,False
4,41,No Watermark,0,z_score,0.7543365091413573,2.379061298061204,False,1.4506471329641486,False
1,42,No Watermark,0,z_score,-0.4061811972299616,2.379061298061204,False,1.4506471329641486,False
5,43,No Watermark,0,z_score,0.7543365091413573,2.6111648393354674,False,1.4506471329641486,False
5,44,No Watermark,0,z_score,0.5222329678670935,2.6111648393354674,False,1.4506471329641486,False
5,45,No Watermark,0,z_score,-2.9593201512468634,2.6111648393354674,False,1.4506471329641486,False
5,46,No Watermark,0,z_score,0.9864400504156211,2.6111648393354674,False,1.4506471329641486,False
1,47,No Watermark,0,z_score,-1.3345953623270168,2.379061298061204,False,1.4506471329641486,False
3,48,No Watermark,0,z_score,-1.5666989036012806,2.6111648393354674,False,1.4506471329641486,False
4,49,No Watermark,0,z_score,-1.5666989036012806,2.379061298061204,False,1.4506471329641486,False
4,50,No Watermark,0,z_score,-1.3345953623270168,2.379061298061204,False,1.4506471329641486,False
1,51,No Watermark,0,z_score,-0.6382847385042254,2.379061298061204,False,1.4506471329641486,False
3,52,No Watermark,0,z_score,-1.102491821052753,2.6111648393354674,False,1.4506471329641486,False
4,53,No Watermark,0,z_score,0.7543365091413573,2.379061298061204,False,1.4506471329641486,False
2,54,No Watermark,0,z_score,0.7543365091413573,2.379061298061204,False,1.4506471329641486,False
5,55,No Watermark,0,z_score,-0.6382847385042254,2.6111648393354674,False,1.4506471329641486,False
5,56,No Watermark,0,z_score,-0.629940788348712,2.6111648393354674,False,1.4506471329641486,False
4,57,No Watermark,0,z_score,-2.030905986149808,2.379061298061204,False,1.4506471329641486,False
1,58,No Watermark,0,z_score,0.058025885318565944,2.379061298061204,False,1.4506471329641486,False
5,59,No Watermark,0,z_score,-1.3345953623270168,2.6111648393354674,False,1.4506471329641486,False
1,60,No Watermark,0,z_score,0.058025885318565944,2.379061298061204,False,1.4506471329641486,False
4,61,No Watermark,0,z_score,-1.7988024448755444,2.379061298061204,False,1.4506471329641486,False
4,62,No Watermark,0,z_score,3.307475463158259,2.379061298061204,True,1.4506471329641486,True
4,63,No Watermark,0,z_score,-0.17407765595569785,2.379061298061204,False,1.4506471329641486,False
3,64,No Watermark,0,z_score,0.058025885318565944,2.6111648393354674,False,1.4506471329641486,False
2,65,No Watermark,0,z_score,-0.17407765595569785,2.379061298061204,False,1.4506471329641486,False
1,66,No Watermark,0,z_score,-2.030905986149808,2.379061298061204,False,1.4506471329641486,False
5,67,No Watermark,0,z_score,0.058025885318565944,2.6111648393354674,False,1.4506471329641486,False
5,68,No Watermark,0,z_score,-1.102491821052753,2.6111648393354674,False,1.4506471329641486,False
4,69,No Watermark,0,z_score,-0.6382847385042254,2.379061298061204,False,1.4506471329641486,False
1,70,No Watermark,0,z_score,-1.7988024448755444,2.379061298061204,False,1.4506471329641486,False
5,71,No Watermark,0,z_score,0.058025885318565944,2.6111648393354674,False,1.4506471329641486,False
5,72,No Watermark,0,z_score,-0.4061811972299616,2.6111648393354674,False,1.4506471329641486,False
4,73,No Watermark,0,z_score,-0.6382847385042254,2.379061298061204,False,1.4506471329641486,False
3,74,No Watermark,0,z_score,-0.8926073982886735,2.6111648393354674,False,1.4506471329641486,False
2,75,No Watermark,0,z_score,-0.4061811972299616,2.379061298061204,False,1.4506471329641486,False
5,76,No Watermark,0,z_score,-1.5666989036012806,2.6111648393354674,False,1.4506471329641486,False
2,77,No Watermark,0,z_score,-0.17407765595569785,2.379061298061204,False,1.4506471329641486,False
2,78,No Watermark,0,z_score,-1.5666989036012806,2.379061298061204,False,1.4506471329641486,False
2,79,No Watermark,0,z_score,1.2185435916898848,2.379061298061204,False,1.4506471329641486,False
3,80,No Watermark,0,z_score,-1.102491821052753,2.6111648393354674,False,1.4506471329641486,False
2,81,No Watermark,0,z_score,0.9864400504156211,2.379061298061204,False,1.4506471329641486,False
2,82,No Watermark,0,z_score,2.6111648393354674,2.379061298061204,True,1.4506471329641486,True
3,83,No Watermark,0,z_score,-1.102491821052753,2.6111648393354674,False,1.4506471329641486,False
2,84,No Watermark,0,z_score,0.5222329678670935,2.379061298061204,False,1.4506471329641486,False
4,85,No Watermark,0,z_score,0.29012942659282975,2.379061298061204,False,1.4506471329641486,False
1,86,No Watermark,0,z_score,-0.17407765595569785,2.379061298061204,False,1.4506471329641486,False
4,87,No Watermark,0,z_score,-0.17407765595569785,2.379061298061204,False,1.4506471329641486,False
2,88,No Watermark,0,z_score,0.058025885318565944,2.379061298061204,False,1.4506471329641486,False
4,89,No Watermark,0,z_score,-0.8703882797784892,2.379061298061204,False,1.4506471329641486,False
5,90,No Watermark,0,z_score,-1.102491821052753,2.6111648393354674,False,1.4506471329641486,False
3,91,No Watermark,0,z_score,-2.030905986149808,2.6111648393354674,False,1.4506471329641486,False
1,92,No Watermark,0,z_score,1.7131723058681212,2.379061298061204,False,1.4506471329641486,True
2,93,No Watermark,0,z_score,-1.102491821052753,2.379061298061204,False,1.4506471329641486,False
5,94,No Watermark,0,z_score,0.29012942659282975,2.6111648393354674,False,1.4506471329641486,False
3,95,No Watermark,0,z_score,-1.3345953623270168,2.6111648393354674,False,1.4506471329641486,False
1,96,No Watermark,0,z_score,0.29012942659282975,2.379061298061204,False,1.4506471329641486,False
5,97,No Watermark,0,z_score,0.7543365091413573,2.6111648393354674,False,1.4506471329641486,False
2,98,No Watermark,0,z_score,-2.9593201512468634,2.379061298061204,False,1.4506471329641486,False
5,99,No Watermark,0,z_score,-2.030905986149808,2.6111648393354674,False,1.4506471329641486,False
5,100,No Watermark,0,z_score,-1.7988024448755444,2.6111648393354674,False,1.4506471329641486,False
1,101,No Watermark,0,z_score,-0.6382847385042254,2.379061298061204,False,1.4506471329641486,False
5,102,No Watermark,0,z_score,-2.263009527424072,2.6111648393354674,False,1.4506471329641486,False
3,103,No Watermark,0,z_score,-0.17407765595569785,2.6111648393354674,False,1.4506471329641486,False
2,104,No Watermark,0,z_score,-0.17407765595569785,2.379061298061204,False,1.4506471329641486,False
5,105,No Watermark,0,z_score,-2.263009527424072,2.6111648393354674,False,1.4506471329641486,False
1,106,No Watermark,0,z_score,-0.8728715609439696,2.379061298061204,False,1.4506471329641486,False
3,107,No Watermark,0,z_score,-0.4061811972299616,2.6111648393354674,False,1.4506471329641486,False
3,108,No Watermark,0,z_score,0.058025885318565944,2.6111648393354674,False,1.4506471329641486,False
3,109,No Watermark,0,z_score,-1.6329931618554523,2.6111648393354674,False,1.4506471329641486,False
3,110,No Watermark,0,z_score,0.058025885318565944,2.6111648393354674,False,1.4506471329641486,False
3,111,No Watermark,0,z_score,1.6827506742384124,2.6111648393354674,False,1.4506471329641486,True
5,112,No Watermark,0,z_score,-1.102491821052753,2.6111648393354674,False,1.4506471329641486,False
3,113,No Watermark,0,z_score,-0.7856742013183862,2.6111648393354674,False,1.4506471329641486,False
4,114,No Watermark,0,z_score,-0.6382847385042254,2.379061298061204,False,1.4506471329641486,False
3,115,No Watermark,0,z_score,-0.8703882797784892,2.6111648393354674,False,1.4506471329641486,False
1,116,No Watermark,0,z_score,-0.4061811972299616,2.379061298061204,False,1.4506471329641486,False
4,117,No Watermark,0,z_score,-0.8703882797784892,2.379061298061204,False,1.4506471329641486,False
3,118,No Watermark,0,z_score,-1.3345953623270168,2.6111648393354674,False,1.4506471329641486,False
1,119,No Watermark,0,z_score,-1.5666989036012806,2.379061298061204,False,1.4506471329641486,False
3,120,No Watermark,0,z_score,0.5222329678670935,2.6111648393354674,False,1.4506471329641486,False
1,121,No Watermark,0,z_score,-0.4061811972299616,2.379061298061204,False,1.4506471329641486,False
1,122,No Watermark,0,z_score,0.29012942659282975,2.379061298061204,False,1.4506471329641486,False
2,123,No Watermark,0,z_score,-0.09016696346674323,2.379061298061204,False,1.4506471329641486,False
1,124,No Watermark,0,z_score,-1.7988024448755444,2.379061298061204,False,1.4506471329641486,False
3,125,No Watermark,0,z_score,0.7543365091413573,2.6111648393354674,False,1.4506471329641486,False
4,126,No Watermark,0,z_score,-0.4061811972299616,2.379061298061204,False,1.4506471329641486,False
1,127,No Watermark,0,z_score,2.1469577567869402,2.379061298061204,False,1.4506471329641486,True
1,128,No Watermark,0,z_score,1.2185435916898848,2.379061298061204,False,1.4506471329641486,False
5,129,No Watermark,0,z_score,0.9864400504156211,2.6111648393354674,False,1.4506471329641486,False
1,130,No Watermark,0,z_score,0.058025885318565944,2.379061298061204,False,1.4506471329641486,False
1,131,No Watermark,0,z_score,0.7543365091413573,2.379061298061204,False,1.4506471329641486,False
1,132,No Watermark,0,z_score,-1.102491821052753,2.379061298061204,False,1.4506471329641486,False
2,133,No Watermark,0,z_score,-0.6382847385042254,2.379061298061204,False,1.4506471329641486,False
1,134,No Watermark,0,z_score,-0.6382847385042254,2.379061298061204,False,1.4506471329641486,False
1,135,No Watermark,0,z_score,-1.5666989036012806,2.379061298061204,False,1.4506471329641486,False
5,136,No Watermark,0,z_score,-0.17407765595569785,2.6111648393354674,False,1.4506471329641486,False
1,137,No Watermark,0,z_score,-1.7988024448755444,2.379061298061204,False,1.4506471329641486,False
4,138,No Watermark,0,z_score,0.5222329678670935,2.379061298061204,False,1.4506471329641486,False
3,139,No Watermark,0,z_score,-1.102491821052753,2.6111648393354674,False,1.4506471329641486,False
5,140,No Watermark,0,z_score,-0.4061811972299616,2.6111648393354674,False,1.4506471329641486,False
4,141,No Watermark,0,z_score,0.7543365091413573,2.379061298061204,False,1.4506471329641486,False
2,142,No Watermark,0,z_score,-0.4061811972299616,2.379061298061204,False,1.4506471329641486,False
2,143,No Watermark,0,z_score,-0.811502671200689,2.379061298061204,False,1.4506471329641486,False
5,144,No Watermark,0,z_score,0.29012942659282975,2.6111648393354674,False,1.4506471329641486,False
3,145,No Watermark,0,z_score,-0.4061811972299616,2.6111648393354674,False,1.4506471329641486,False
3,146,No Watermark,0,z_score,0.9864400504156211,2.6111648393354674,False,1.4506471329641486,False
2,147,No Watermark,0,z_score,-0.4061811972299616,2.379061298061204,False,1.4506471329641486,False
2,148,No Watermark,0,z_score,-0.4061811972299616,2.379061298061204,False,1.4506471329641486,False
5,149,No Watermark,0,z_score,0.5222329678670935,2.6111648393354674,False,1.4506471329641486,False
2,150,No Watermark,0,z_score,0.058025885318565944,2.379061298061204,False,1.4506471329641486,False
2,151,No Watermark,0,z_score,-1.3345953623270168,2.379061298061204,False,1.4506471329641486,False
2,152,No Watermark,0,z_score,-1.3345953623270168,2.379061298061204,False,1.4506471329641486,False
3,153,No Watermark,0,z_score,-0.4061811972299616,2.6111648393354674,False,1.4506471329641486,False
5,154,No Watermark,0,z_score,-1.532838378934635,2.6111648393354674,False,1.4506471329641486,False
1,155,No Watermark,0,z_score,-1.102491821052753,2.379061298061204,False,1.4506471329641486,False
4,156,No Watermark,0,z_score,1.4506471329641486,2.379061298061204,False,1.4506471329641486,True
1,157,No Watermark,0,z_score,0.7543365091413573,2.379061298061204,False,1.4506471329641486,False
5,158,No Watermark,0,z_score,0.5222329678670935,2.6111648393354674,False,1.4506471329641486,False
2,159,No Watermark,0,z_score,1.4506471329641486,2.379061298061204,False,1.4506471329641486,True
3,160,No Watermark,0,z_score,0.29012942659282975,2.6111648393354674,False,1.4506471329641486,False
4,161,No Watermark,0,z_score,-0.4061811972299616,2.379061298061204,False,1.4506471329641486,False
3,162,No Watermark,0,z_score,0.29012942659282975,2.6111648393354674,False,1.4506471329641486,False
1,163,No Watermark,0,z_score,-1.102491821052753,2.379061298061204,False,1.4506471329641486,False
3,164,No Watermark,0,z_score,0.9864400504156211,2.6111648393354674,False,1.4506471329641486,False
3,165,No Watermark,0,z_score,-0.6382847385042254,2.6111648393354674,False,1.4506471329641486,False
2,166,No Watermark,0,z_score,-0.6382847385042254,2.379061298061204,False,1.4506471329641486,False
4,167,No Watermark,0,z_score,-1.3345953623270168,2.379061298061204,False,1.4506471329641486,False
1,168,No Watermark,0,z_score,-1.3345953623270168,2.379061298061204,False,1.4506471329641486,False
1,169,No Watermark,0,z_score,-1.102491821052753,2.379061298061204,False,1.4506471329641486,False
2,170,No Watermark,0,z_score,0.058025885318565944,2.379061298061204,False,1.4506471329641486,False
3,171,No Watermark,0,z_score,0.7543365091413573,2.6111648393354674,False,1.4506471329641486,False
4,172,No Watermark,0,z_score,-1.102491821052753,2.379061298061204,False,1.4506471329641486,False
5,173,No Watermark,0,z_score,1.2185435916898848,2.6111648393354674,False,1.4506471329641486,False
3,174,No Watermark,0,z_score,-2.7272166099725994,2.6111648393354674,False,1.4506471329641486,False
3,175,No Watermark,0,z_score,0.5222329678670935,2.6111648393354674,False,1.4506471329641486,False
3,176,No Watermark,0,z_score,-0.6382847385042254,2.6111648393354674,False,1.4506471329641486,False
3,177,No Watermark,0,z_score,-0.8703882797784892,2.6111648393354674,False,1.4506471329641486,False
1,178,No Watermark,0,z_score,1.3525044520011484,2.379061298061204,False,1.4506471329641486,False
1,179,No Watermark,0,z_score,0.5222329678670935,2.379061298061204,False,1.4506471329641486,False
4,180,No Watermark,0,z_score,-1.3345953623270168,2.379061298061204,False,1.4506471329641486,False
1,181,No Watermark,0,z_score,0.9864400504156211,2.379061298061204,False,1.4506471329641486,False
3,182,No Watermark,0,z_score,-1.102491821052753,2.6111648393354674,False,1.4506471329641486,False
4,183,No Watermark,0,z_score,-0.6382847385042254,2.379061298061204,False,1.4506471329641486,False
4,184,No Watermark,0,z_score,1.4506471329641486,2.379061298061204,False,1.4506471329641486,True
3,185,No Watermark,0,z_score,0.29012942659282975,2.6111648393354674,False,1.4506471329641486,False
2,186,No Watermark,0,z_score,-0.6382847385042254,2.379061298061204,False,1.4506471329641486,False
3,187,No Watermark,0,z_score,-1.5666989036012806,2.6111648393354674,False,1.4506471329641486,False
2,188,No Watermark,0,z_score,-0.6375767130633383,2.379061298061204,False,1.4506471329641486,False
1,189,No Watermark,0,z_score,-0.8703882797784892,2.379061298061204,False,1.4506471329641486,False
1,190,No Watermark,0,z_score,0.7543365091413573,2.379061298061204,False,1.4506471329641486,False
2,191,No Watermark,0,z_score,-0.4061811972299616,2.379061298061204,False,1.4506471329641486,False
4,192,No Watermark,0,z_score,1.2185435916898848,2.379061298061204,False,1.4506471329641486,False
1,193,No Watermark,0,z_score,-1.7988024448755444,2.379061298061204,False,1.4506471329641486,False
1,194,No Watermark,0,z_score,-0.8703882797784892,2.379061298061204,False,1.4506471329641486,False
3,195,No Watermark,0,z_score,-1.5666989036012806,2.6111648393354674,False,1.4506471329641486,False
2,196,No Watermark,0,z_score,-2.263009527424072,2.379061298061204,False,1.4506471329641486,False
4,197,No Watermark,0,z_score,-1.5666989036012806,2.379061298061204,False,1.4506471329641486,False
4,198,No Watermark,0,z_score,-0.17407765595569785,2.379061298061204,False,1.4506471329641486,False
5,199,No Watermark,0,z_score,-1.102491821052753,2.6111648393354674,False,1.4506471329641486,False
5,200,No Watermark,0,z_score,-1.102491821052753,2.6111648393354674,False,1.4506471329641486,False
4,201,No Watermark,0,z_score,-0.4061811972299616,2.379061298061204,False,1.4506471329641486,False
2,202,No Watermark,0,z_score,0.7543365091413573,2.379061298061204,False,1.4506471329641486,False
4,203,No Watermark,0,z_score,-1.3345953623270168,2.379061298061204,False,1.4506471329641486,False
5,204,No Watermark,0,z_score,0.29012942659282975,2.6111648393354674,False,1.4506471329641486,False
3,205,No Watermark,0,z_score,-0.4061811972299616,2.6111648393354674,False,1.4506471329641486,False
3,206,No Watermark,0,z_score,-0.6382847385042254,2.6111648393354674,False,1.4506471329641486,False
3,207,No Watermark,0,z_score,0.29012942659282975,2.6111648393354674,False,1.4506471329641486,False
2,208,No Watermark,0,z_score,1.4506471329641486,2.379061298061204,False,1.4506471329641486,True
3,209,No Watermark,0,z_score,1.2185435916898848,2.6111648393354674,False,1.4506471329641486,False
1,210,No Watermark,0,z_score,0.058025885318565944,2.379061298061204,False,1.4506471329641486,False
4,211,No Watermark,0,z_score,-0.811502671200689,2.379061298061204,False,1.4506471329641486,False
1,212,No Watermark,0,z_score,-1.5666989036012806,2.379061298061204,False,1.4506471329641486,False
1,213,No Watermark,0,z_score,0.058025885318565944,2.379061298061204,False,1.4506471329641486,False
1,214,No Watermark,0,z_score,-1.5666989036012806,2.379061298061204,False,1.4506471329641486,False
2,215,No Watermark,0,z_score,0.058025885318565944,2.379061298061204,False,1.4506471329641486,False
4,216,No Watermark,0,z_score,-1.7988024448755444,2.379061298061204,False,1.4506471329641486,False
2,217,No Watermark,0,z_score,2.073840159735094,2.379061298061204,False,1.4506471329641486,True
3,218,No Watermark,0,z_score,0.9864400504156211,2.6111648393354674,False,1.4506471329641486,False
3,219,No Watermark,0,z_score,-1.7988024448755444,2.6111648393354674,False,1.4506471329641486,False
4,220,No Watermark,0,z_score,-0.6382847385042254,2.379061298061204,False,1.4506471329641486,False
5,221,No Watermark,0,z_score,2.379061298061204,2.6111648393354674,False,1.4506471329641486,True
1,222,No Watermark,0,z_score,-0.17407765595569785,2.379061298061204,False,1.4506471329641486,False
4,223,No Watermark,0,z_score,0.5222329678670935,2.379061298061204,False,1.4506471329641486,False
3,224,No Watermark,0,z_score,0.058025885318565944,2.6111648393354674,False,1.4506471329641486,False
5,225,No Watermark,0,z_score,-0.4061811972299616,2.6111648393354674,False,1.4506471329641486,False
2,226,No Watermark,0,z_score,-0.8164965809277261,2.379061298061204,False,1.4506471329641486,False
2,227,No Watermark,0,z_score,-1.3345953623270168,2.379061298061204,False,1.4506471329641486,False
1,228,No Watermark,0,z_score,-0.12751534261266764,2.379061298061204,False,1.4506471329641486,False
5,229,No Watermark,0,z_score,-0.17407765595569785,2.6111648393354674,False,1.4506471329641486,False
2,230,No Watermark,0,z_score,-0.8703882797784892,2.379061298061204,False,1.4506471329641486,False
5,231,No Watermark,0,z_score,-1.102491821052753,2.6111648393354674,False,1.4506471329641486,False
5,232,No Watermark,0,z_score,2.1469577567869402,2.6111648393354674,False,1.4506471329641486,True
2,233,No Watermark,0,z_score,-0.8703882797784892,2.379061298061204,False,1.4506471329641486,False
1,234,No Watermark,0,z_score,-0.6382847385042254,2.379061298061204,False,1.4506471329641486,False
1,235,No Watermark,0,z_score,-0.8703882797784892,2.379061298061204,False,1.4506471329641486,False
3,236,No Watermark,0,z_score,-1.102491821052753,2.6111648393354674,False,1.4506471329641486,False
1,237,No Watermark,0,z_score,3.075371921883995,2.379061298061204,True,1.4506471329641486,True
4,238,No Watermark,0,z_score,-0.6382847385042254,2.379061298061204,False,1.4506471329641486,False
4,239,No Watermark,0,z_score,-0.6382847385042254,2.379061298061204,False,1.4506471329641486,False
4,240,No Watermark,0,z_score,0.12751534261266764,2.379061298061204,False,1.4506471329641486,False
1,241,No Watermark,0,z_score,-0.6382847385042254,2.379061298061204,False,1.4506471329641486,False
2,242,No Watermark,0,z_score,-1.3345953623270168,2.379061298061204,False,1.4506471329641486,False
4,243,No Watermark,0,z_score,0.5222329678670935,2.379061298061204,False,1.4506471329641486,False
5,244,No Watermark,0,z_score,0.058025885318565944,2.6111648393354674,False,1.4506471329641486,False
2,245,No Watermark,0,z_score,0.7543365091413573,2.379061298061204,False,1.4506471329641486,False
2,246,No Watermark,0,z_score,-0.17407765595569785,2.379061298061204,False,1.4506471329641486,False
3,247,No Watermark,0,z_score,0.0,2.6111648393354674,False,1.4506471329641486,False
4,248,No Watermark,0,z_score,0.29012942659282975,2.379061298061204,False,1.4506471329641486,False
4,249,No Watermark,0,z_score,-1.7988024448755444,2.379061298061204,False,1.4506471329641486,False
1,250,No Watermark,0,z_score,-0.8703882797784892,2.379061298061204,False,1.4506471329641486,False
5,251,No Watermark,0,z_score,-0.4061811972299616,2.6111648393354674,False,1.4506471329641486,False
4,252,No Watermark,0,z_score,-1.5666989036012806,2.379061298061204,False,1.4506471329641486,False
3,253,No Watermark,0,z_score,-0.4061811972299616,2.6111648393354674,False,1.4506471329641486,False
5,254,No Watermark,0,z_score,-2.030905986149808,2.6111648393354674,False,1.4506471329641486,False
1,255,No Watermark,0,z_score,0.7543365091413573,2.379061298061204,False,1.4506471329641486,False
3,256,No Watermark,0,z_score,-1.3345953623270168,2.6111648393354674,False,1.4506471329641486,False
3,257,No Watermark,0,z_score,-1.7988024448755444,2.6111648393354674,False,1.4506471329641486,False
1,258,No Watermark,0,z_score,1.4506471329641486,2.379061298061204,False,1.4506471329641486,True
2,259,No Watermark,0,z_score,0.058025885318565944,2.379061298061204,False,1.4506471329641486,False
5,260,No Watermark,0,z_score,-1.102491821052753,2.6111648393354674,False,1.4506471329641486,False
3,261,No Watermark,0,z_score,-1.5666989036012806,2.6111648393354674,False,1.4506471329641486,False
3,262,No Watermark,0,z_score,0.7543365091413573,2.6111648393354674,False,1.4506471329641486,False
2,263,No Watermark,0,z_score,-1.102491821052753,2.379061298061204,False,1.4506471329641486,False
2,264,No Watermark,0,z_score,-1.3345953623270168,2.379061298061204,False,1.4506471329641486,False
2,265,No Watermark,0,z_score,0.058025885318565944,2.379061298061204,False,1.4506471329641486,False
2,266,No Watermark,0,z_score,-1.7988024448755444,2.379061298061204,False,1.4506471329641486,False
5,267,No Watermark,0,z_score,0.29012942659282975,2.6111648393354674,False,1.4506471329641486,False
5,268,No Watermark,0,z_score,-1.3345953623270168,2.6111648393354674,False,1.4506471329641486,False
4,269,No Watermark,0,z_score,-1.7988024448755444,2.379061298061204,False,1.4506471329641486,False
1,270,No Watermark,0,z_score,3.075371921883995,2.379061298061204,True,1.4506471329641486,True
5,271,No Watermark,0,z_score,0.9864400504156211,2.6111648393354674,False,1.4506471329641486,False
1,272,No Watermark,0,z_score,-1.8257418583505538,2.379061298061204,False,1.4506471329641486,False
4,273,No Watermark,0,z_score,-0.8703882797784892,2.379061298061204,False,1.4506471329641486,False
5,274,No Watermark,0,z_score,0.058025885318565944,2.6111648393354674,False,1.4506471329641486,False
2,275,No Watermark,0,z_score,0.7543365091413573,2.379061298061204,False,1.4506471329641486,False
5,276,No Watermark,0,z_score,0.7543365091413573,2.6111648393354674,False,1.4506471329641486,False
1,277,No Watermark,0,z_score,0.29012942659282975,2.379061298061204,False,1.4506471329641486,False
5,278,No Watermark,0,z_score,-0.6382847385042254,2.6111648393354674,False,1.4506471329641486,False
1,279,No Watermark,0,z_score,-1.102491821052753,2.379061298061204,False,1.4506471329641486,False
1,280,No Watermark,0,z_score,-1.7988024448755444,2.379061298061204,False,1.4506471329641486,False
5,281,No Watermark,0,z_score,-0.4061811972299616,2.6111648393354674,False,1.4506471329641486,False
2,282,No Watermark,0,z_score,0.9864400504156211,2.379061298061204,False,1.4506471329641486,False
5,283,No Watermark,0,z_score,-1.5666989036012806,2.6111648393354674,False,1.4506471329641486,False
4,284,No Watermark,0,z_score,0.5222329678670935,2.379061298061204,False,1.4506471329641486,False
5,285,No Watermark,0,z_score,-0.4061811972299616,2.6111648393354674,False,1.4506471329641486,False
2,286,No Watermark,0,z_score,-0.8703882797784892,2.379061298061204,False,1.4506471329641486,False
1,287,No Watermark,0,z_score,-1.3345953623270168,2.379061298061204,False,1.4506471329641486,False
3,288,No Watermark,0,z_score,-0.6382847385042254,2.6111648393354674,False,1.4506471329641486,False
1,289,No Watermark,0,z_score,-2.263009527424072,2.379061298061204,False,1.4506471329641486,False
4,290,No Watermark,0,z_score,1.5843106263111948,2.379061298061204,False,1.4506471329641486,True
3,291,No Watermark,0,z_score,-2.263009527424072,2.6111648393354674,False,1.4506471329641486,False
2,292,No Watermark,0,z_score,-1.7988024448755444,2.379061298061204,False,1.4506471329641486,False
4,293,No Watermark,0,z_score,-0.6382847385042254,2.379061298061204,False,1.4506471329641486,False
3,294,No Watermark,0,z_score,-1.3345953623270168,2.6111648393354674,False,1.4506471329641486,False
2,295,No Watermark,0,z_score,0.29012942659282975,2.379061298061204,False,1.4506471329641486,False
5,296,No Watermark,0,z_score,-0.6382847385042254,2.6111648393354674,False,1.4506471329641486,False
3,297,No Watermark,0,z_score,0.7543365091413573,2.6111648393354674,False,1.4506471329641486,False
5,298,No Watermark,0,z_score,-1.3345953623270168,2.6111648393354674,False,1.4506471329641486,False
1,299,No Watermark,0,z_score,0.29012942659282975,2.379061298061204,False,1.4506471329641486,False
2,300,No Watermark,0,z_score,-1.102491821052753,2.379061298061204,False,1.4506471329641486,False
3,301,No Watermark,0,z_score,-1.7988024448755444,2.6111648393354674,False,1.4506471329641486,False
4,302,No Watermark,0,z_score,-0.4061811972299616,2.379061298061204,False,1.4506471329641486,False
4,303,No Watermark,0,z_score,0.5222329678670935,2.379061298061204,False,1.4506471329641486,False
3,304,No Watermark,0,z_score,-0.4061811972299616,2.6111648393354674,False,1.4506471329641486,False
5,305,No Watermark,0,z_score,0.29012942659282975,2.6111648393354674,False,1.4506471329641486,False
1,306,No Watermark,0,z_score,0.058025885318565944,2.379061298061204,False,1.4506471329641486,False
2,307,No Watermark,0,z_score,-0.8703882797784892,2.379061298061204,False,1.4506471329641486,False
1,308,No Watermark,0,z_score,-2.9593201512468634,2.379061298061204,False,1.4506471329641486,False
2,309,No Watermark,0,z_score,0.7543365091413573,2.379061298061204,False,1.4506471329641486,False
5,310,No Watermark,0,z_score,-0.4061811972299616,2.6111648393354674,False,1.4506471329641486,False
4,311,No Watermark,0,z_score,-0.17407765595569785,2.379061298061204,False,1.4506471329641486,False
2,312,No Watermark,0,z_score,0.058025885318565944,2.379061298061204,False,1.4506471329641486,False
2,313,No Watermark,0,z_score,-1.5666989036012806,2.379061298061204,False,1.4506471329641486,False
1,314,No Watermark,0,z_score,-1.532838378934635,2.379061298061204,False,1.4506471329641486,False
1,315,No Watermark,0,z_score,-1.7988024448755444,2.379061298061204,False,1.4506471329641486,False
3,316,No Watermark,0,z_score,-2.2541740866685807,2.6111648393354674,False,1.4506471329641486,False
1,317,No Watermark,0,z_score,1.6827506742384124,2.379061298061204,False,1.4506471329641486,True
5,318,No Watermark,0,z_score,-1.102491821052753,2.6111648393354674,False,1.4506471329641486,False
4,319,No Watermark,0,z_score,-1.102491821052753,2.379061298061204,False,1.4506471329641486,False
3,320,No Watermark,0,z_score,-1.102491821052753,2.6111648393354674,False,1.4506471329641486,False
4,321,No Watermark,0,z_score,-0.4061811972299616,2.379061298061204,False,1.4506471329641486,False
2,322,No Watermark,0,z_score,-1.172170525067662,2.379061298061204,False,1.4506471329641486,False
3,323,No Watermark,0,z_score,-0.8703882797784892,2.6111648393354674,False,1.4506471329641486,False
4,324,No Watermark,0,z_score,-1.102491821052753,2.379061298061204,False,1.4506471329641486,False
2,325,No Watermark,0,z_score,-0.8703882797784892,2.379061298061204,False,1.4506471329641486,False
4,326,No Watermark,0,z_score,1.2185435916898848,2.379061298061204,False,1.4506471329641486,False
4,327,No Watermark,0,z_score,-2.7272166099725994,2.379061298061204,False,1.4506471329641486,False
4,328,No Watermark,0,z_score,-1.3345953623270168,2.379061298061204,False,1.4506471329641486,False
5,329,No Watermark,0,z_score,0.29012942659282975,2.6111648393354674,False,1.4506471329641486,False
4,330,No Watermark,0,z_score,0.058025885318565944,2.379061298061204,False,1.4506471329641486,False
4,331,No Watermark,0,z_score,-1.7988024448755444,2.379061298061204,False,1.4506471329641486,False
4,332,No Watermark,0,z_score,-0.4061811972299616,2.379061298061204,False,1.4506471329641486,False
2,333,No Watermark,0,z_score,-0.17407765595569785,2.379061298061204,False,1.4506471329641486,False
4,334,No Watermark,0,z_score,0.29012942659282975,2.379061298061204,False,1.4506471329641486,False
1,335,No Watermark,0,z_score,-0.06757373783994859,2.379061298061204,False,1.4506471329641486,False
2,336,No Watermark,0,z_score,-1.102491821052753,2.379061298061204,False,1.4506471329641486,False
2,337,No Watermark,0,z_score,2.1469577567869402,2.379061298061204,False,1.4506471329641486,True
3,338,No Watermark,0,z_score,-1.102491821052753,2.6111648393354674,False,1.4506471329641486,False
5,339,No Watermark,0,z_score,-0.17407765595569785,2.6111648393354674,False,1.4506471329641486,False
4,340,No Watermark,0,z_score,0.058025885318565944,2.379061298061204,False,1.4506471329641486,False
3,341,No Watermark,0,z_score,1.4506471329641486,2.6111648393354674,False,1.4506471329641486,True
3,342,No Watermark,0,z_score,-3.191423692521127,2.6111648393354674,False,1.4506471329641486,False
5,343,No Watermark,0,z_score,0.29012942659282975,2.6111648393354674,False,1.4506471329641486,False
5,344,No Watermark,0,z_score,-0.17407765595569785,2.6111648393354674,False,1.4506471329641486,False
2,345,No Watermark,0,z_score,-0.17407765595569785,2.379061298061204,False,1.4506471329641486,False
3,346,No Watermark,0,z_score,-1.5666989036012806,2.6111648393354674,False,1.4506471329641486,False
5,347,No Watermark,0,z_score,0.058025885318565944,2.6111648393354674,False,1.4506471329641486,False
1,348,No Watermark,0,z_score,0.9864400504156211,2.379061298061204,False,1.4506471329641486,False
3,349,No Watermark,0,z_score,-1.102491821052753,2.6111648393354674,False,1.4506471329641486,False
1,350,No Watermark,0,z_score,-0.4061811972299616,2.379061298061204,False,1.4506471329641486,False
3,351,No Watermark,0,z_score,0.058025885318565944,2.6111648393354674,False,1.4506471329641486,False
4,352,No Watermark,0,z_score,-2.030905986149808,2.379061298061204,False,1.4506471329641486,False
2,353,No Watermark,0,z_score,-0.6382847385042254,2.379061298061204,False,1.4506471329641486,False
3,354,No Watermark,0,z_score,-0.17407765595569785,2.6111648393354674,False,1.4506471329641486,False
2,355,No Watermark,0,z_score,0.9864400504156211,2.379061298061204,False,1.4506471329641486,False
1,356,No Watermark,0,z_score,0.7543365091413573,2.379061298061204,False,1.4506471329641486,False
5,357,No Watermark,0,z_score,-0.6382847385042254,2.6111648393354674,False,1.4506471329641486,False
1,358,No Watermark,0,z_score,0.058025885318565944,2.379061298061204,False,1.4506471329641486,False
2,359,No Watermark,0,z_score,0.5222329678670935,2.379061298061204,False,1.4506471329641486,False
5,360,No Watermark,0,z_score,-1.7988024448755444,2.6111648393354674,False,1.4506471329641486,False
3,361,No Watermark,0,z_score,-0.3611575592573076,2.6111648393354674,False,1.4506471329641486,False
4,362,No Watermark,0,z_score,-0.6382847385042254,2.379061298061204,False,1.4506471329641486,False
5,363,No Watermark,0,z_score,0.5570860145311557,2.6111648393354674,False,1.4506471329641486,False
3,364,No Watermark,0,z_score,-0.6382847385042254,2.6111648393354674,False,1.4506471329641486,False
3,365,No Watermark,0,z_score,0.29012942659282975,2.6111648393354674,False,1.4506471329641486,False
1,366,No Watermark,0,z_score,0.058025885318565944,2.379061298061204,False,1.4506471329641486,False
2,367,No Watermark,0,z_score,0.9864400504156211,2.379061298061204,False,1.4506471329641486,False
5,368,No Watermark,0,z_score,-0.6382847385042254,2.6111648393354674,False,1.4506471329641486,False
3,369,No Watermark,0,z_score,-1.3345953623270168,2.6111648393354674,False,1.4506471329641486,False
2,370,No Watermark,0,z_score,0.7543365091413573,2.379061298061204,False,1.4506471329641486,False
4,371,No Watermark,0,z_score,-0.4061811972299616,2.379061298061204,False,1.4506471329641486,False
4,372,No Watermark,0,z_score,-1.102491821052753,2.379061298061204,False,1.4506471329641486,False
2,373,No Watermark,0,z_score,-2.030905986149808,2.379061298061204,False,1.4506471329641486,False
4,374,No Watermark,0,z_score,0.29012942659282975,2.379061298061204,False,1.4506471329641486,False
1,375,No Watermark,0,z_score,0.058025885318565944,2.379061298061204,False,1.4506471329641486,False
5,376,No Watermark,0,z_score,-0.4061811972299616,2.6111648393354674,False,1.4506471329641486,False
3,377,No Watermark,0,z_score,-0.8703882797784892,2.6111648393354674,False,1.4506471329641486,False
3,378,No Watermark,0,z_score,-0.8703882797784892,2.6111648393354674,False,1.4506471329641486,False
4,379,No Watermark,0,z_score,-0.8703882797784892,2.379061298061204,False,1.4506471329641486,False
1,380,No Watermark,0,z_score,2.379061298061204,2.379061298061204,True,1.4506471329641486,True
2,381,No Watermark,0,z_score,0.29012942659282975,2.379061298061204,False,1.4506471329641486,False
4,382,No Watermark,0,z_score,0.5222329678670935,2.379061298061204,False,1.4506471329641486,False
3,383,No Watermark,0,z_score,-0.17407765595569785,2.6111648393354674,False,1.4506471329641486,False
2,384,No Watermark,0,z_score,-2.9593201512468634,2.379061298061204,False,1.4506471329641486,False
3,385,No Watermark,0,z_score,-2.030905986149808,2.6111648393354674,False,1.4506471329641486,False
2,386,No Watermark,0,z_score,1.4506471329641486,2.379061298061204,False,1.4506471329641486,True
5,387,No Watermark,0,z_score,-0.6382847385042254,2.6111648393354674,False,1.4506471329641486,False
4,388,No Watermark,0,z_score,-0.17407765595569785,2.379061298061204,False,1.4506471329641486,False
2,389,No Watermark,0,z_score,0.5222329678670935,2.379061298061204,False,1.4506471329641486,False
2,390,No Watermark,0,z_score,0.21081851067789195,2.379061298061204,False,1.4506471329641486,False
4,391,No Watermark,0,z_score,-2.030905986149808,2.379061298061204,False,1.4506471329641486,False
5,392,No Watermark,0,z_score,0.0,2.6111648393354674,False,1.4506471329641486,False
3,393,No Watermark,0,z_score,-1.102491821052753,2.6111648393354674,False,1.4506471329641486,False
2,394,No Watermark,0,z_score,-0.17407765595569785,2.379061298061204,False,1.4506471329641486,False
3,395,No Watermark,0,z_score,0.5222329678670935,2.6111648393354674,False,1.4506471329641486,False
5,396,No Watermark,0,z_score,0.9864400504156211,2.6111648393354674,False,1.4506471329641486,False
5,397,No Watermark,0,z_score,0.058025885318565944,2.6111648393354674,False,1.4506471329641486,False
1,398,No Watermark,0,z_score,0.5222329678670935,2.379061298061204,False,1.4506471329641486,False
1,399,No Watermark,0,z_score,0.058025885318565944,2.379061298061204,False,1.4506471329641486,False
3,400,No Watermark,0,z_score,-0.6382847385042254,2.6111648393354674,False,1.4506471329641486,False
5,401,No Watermark,0,z_score,-2.495113068698336,2.6111648393354674,False,1.4506471329641486,False
2,402,No Watermark,0,z_score,-0.17407765595569785,2.379061298061204,False,1.4506471329641486,False
1,403,No Watermark,0,z_score,-0.8703882797784892,2.379061298061204,False,1.4506471329641486,False
1,404,No Watermark,0,z_score,-0.6382847385042254,2.379061298061204,False,1.4506471329641486,False
4,405,No Watermark,0,z_score,-1.7988024448755444,2.379061298061204,False,1.4506471329641486,False
4,406,No Watermark,0,z_score,-0.4061811972299616,2.379061298061204,False,1.4506471329641486,False
5,407,No Watermark,0,z_score,-1.102491821052753,2.6111648393354674,False,1.4506471329641486,False
3,408,No Watermark,0,z_score,2.379061298061204,2.6111648393354674,False,1.4506471329641486,True
2,409,No Watermark,0,z_score,0.29012942659282975,2.379061298061204,False,1.4506471329641486,False
4,410,No Watermark,0,z_score,0.058025885318565944,2.379061298061204,False,1.4506471329641486,False
4,411,No Watermark,0,z_score,-0.8703882797784892,2.379061298061204,False,1.4506471329641486,False
4,412,No Watermark,0,z_score,-1.102491821052753,2.379061298061204,False,1.4506471329641486,False
5,413,No Watermark,0,z_score,0.29012942659282975,2.6111648393354674,False,1.4506471329641486,False
2,414,No Watermark,0,z_score,4.003786086981051,2.379061298061204,True,1.4506471329641486,True
2,415,No Watermark,0,z_score,-1.7988024448755444,2.379061298061204,False,1.4506471329641486,False
1,416,No Watermark,0,z_score,-0.6382847385042254,2.379061298061204,False,1.4506471329641486,False
5,417,No Watermark,0,z_score,0.5222329678670935,2.6111648393354674,False,1.4506471329641486,False
2,418,No Watermark,0,z_score,0.5222329678670935,2.379061298061204,False,1.4506471329641486,False
5,419,No Watermark,0,z_score,-1.5666989036012806,2.6111648393354674,False,1.4506471329641486,False
4,420,No Watermark,0,z_score,2.1469577567869402,2.379061298061204,False,1.4506471329641486,True
4,421,No Watermark,0,z_score,-0.8703882797784892,2.379061298061204,False,1.4506471329641486,False
3,422,No Watermark,0,z_score,0.9864400504156211,2.6111648393354674,False,1.4506471329641486,False
2,423,No Watermark,0,z_score,-0.4061811972299616,2.379061298061204,False,1.4506471329641486,False
3,424,No Watermark,0,z_score,0.7433111162394346,2.6111648393354674,False,1.4506471329641486,False
3,425,No Watermark,0,z_score,1.9148542155126762,2.6111648393354674,False,1.4506471329641486,True
2,426,No Watermark,0,z_score,0.058025885318565944,2.379061298061204,False,1.4506471329641486,False
5,427,No Watermark,0,z_score,0.9864400504156211,2.6111648393354674,False,1.4506471329641486,False
3,428,No Watermark,0,z_score,0.058025885318565944,2.6111648393354674,False,1.4506471329641486,False
5,429,No Watermark,0,z_score,-1.5666989036012806,2.6111648393354674,False,1.4506471329641486,False
3,430,No Watermark,0,z_score,-0.4061811972299616,2.6111648393354674,False,1.4506471329641486,False
1,431,No Watermark,0,z_score,0.29012942659282975,2.379061298061204,False,1.4506471329641486,False
1,432,No Watermark,0,z_score,-1.3345953623270168,2.379061298061204,False,1.4506471329641486,False
5,433,No Watermark,0,z_score,-0.4061811972299616,2.6111648393354674,False,1.4506471329641486,False
1,434,No Watermark,0,z_score,-0.4061811972299616,2.379061298061204,False,1.4506471329641486,False
5,435,No Watermark,0,z_score,1.9148542155126762,2.6111648393354674,False,1.4506471329641486,True
5,436,No Watermark,0,z_score,-0.17407765595569785,2.6111648393354674,False,1.4506471329641486,False
4,437,No Watermark,0,z_score,0.12751534261266764,2.379061298061204,False,1.4506471329641486,False
1,438,No Watermark,0,z_score,-0.17407765595569785,2.379061298061204,False,1.4506471329641486,False
5,439,No Watermark,0,z_score,0.29012942659282975,2.6111648393354674,False,1.4506471329641486,False
4,440,No Watermark,0,z_score,-0.4061811972299616,2.379061298061204,False,1.4506471329641486,False
3,441,No Watermark,0,z_score,-0.8703882797784892,2.6111648393354674,False,1.4506471329641486,False
2,442,No Watermark,0,z_score,0.7543365091413573,2.379061298061204,False,1.4506471329641486,False
3,443,No Watermark,0,z_score,1.9148542155126762,2.6111648393354674,False,1.4506471329641486,True
4,444,No Watermark,0,z_score,-0.17407765595569785,2.379061298061204,False,1.4506471329641486,False
1,445,No Watermark,0,z_score,-1.3345953623270168,2.379061298061204,False,1.4506471329641486,False
4,446,No Watermark,0,z_score,-2.030905986149808,2.379061298061204,False,1.4506471329641486,False
4,447,No Watermark,0,z_score,-1.7988024448755444,2.379061298061204,False,1.4506471329641486,False
4,448,No Watermark,0,z_score,-0.8703882797784892,2.379061298061204,False,1.4506471329641486,False
5,449,No Watermark,0,z_score,0.058025885318565944,2.6111648393354674,False,1.4506471329641486,False
3,450,No Watermark,0,z_score,-0.6382847385042254,2.6111648393354674,False,1.4506471329641486,False
5,451,No Watermark,0,z_score,0.5222329678670935,2.6111648393354674,False,1.4506471329641486,False
4,452,No Watermark,0,z_score,-1.102491821052753,2.379061298061204,False,1.4506471329641486,False
2,453,No Watermark,0,z_score,-0.8703882797784892,2.379061298061204,False,1.4506471329641486,False
1,454,No Watermark,0,z_score,0.058025885318565944,2.379061298061204,False,1.4506471329641486,False
2,455,No Watermark,0,z_score,-2.7272166099725994,2.379061298061204,False,1.4506471329641486,False
5,456,No Watermark,0,z_score,-1.532838378934635,2.6111648393354674,False,1.4506471329641486,False
3,457,No Watermark,0,z_score,-0.6382847385042254,2.6111648393354674,False,1.4506471329641486,False
4,458,No Watermark,0,z_score,-1.5666989036012806,2.379061298061204,False,1.4506471329641486,False
2,459,No Watermark,0,z_score,-2.263009527424072,2.379061298061204,False,1.4506471329641486,False
4,460,No Watermark,0,z_score,0.058025885318565944,2.379061298061204,False,1.4506471329641486,False
2,461,No Watermark,0,z_score,-0.8703882797784892,2.379061298061204,False,1.4506471329641486,False
4,462,No Watermark,0,z_score,-0.6382847385042254,2.379061298061204,False,1.4506471329641486,False
5,463,No Watermark,0,z_score,-1.7988024448755444,2.6111648393354674,False,1.4506471329641486,False
1,464,No Watermark,0,z_score,0.9864400504156211,2.379061298061204,False,1.4506471329641486,False
2,465,No Watermark,0,z_score,-0.6382847385042254,2.379061298061204,False,1.4506471329641486,False
1,466,No Watermark,0,z_score,0.9864400504156211,2.379061298061204,False,1.4506471329641486,False
4,467,No Watermark,0,z_score,-1.102491821052753,2.379061298061204,False,1.4506471329641486,False
4,468,No Watermark,0,z_score,-0.17407765595569785,2.379061298061204,False,1.4506471329641486,False
5,469,No Watermark,0,z_score,-0.17407765595569785,2.6111648393354674,False,1.4506471329641486,False
1,470,No Watermark,0,z_score,-0.8703882797784892,2.379061298061204,False,1.4506471329641486,False
1,471,No Watermark,0,z_score,-0.17407765595569785,2.379061298061204,False,1.4506471329641486,False
5,472,No Watermark,0,z_score,1.2185435916898848,2.6111648393354674,False,1.4506471329641486,False
5,473,No Watermark,0,z_score,-0.6382847385042254,2.6111648393354674,False,1.4506471329641486,False
2,474,No Watermark,0,z_score,-0.8703882797784892,2.379061298061204,False,1.4506471329641486,False
2,475,No Watermark,0,z_score,-0.8703882797784892,2.379061298061204,False,1.4506471329641486,False
4,476,No Watermark,0,z_score,0.29012942659282975,2.379061298061204,False,1.4506471329641486,False
4,477,No Watermark,0,z_score,-0.6382847385042254,2.379061298061204,False,1.4506471329641486,False
5,478,No Watermark,0,z_score,-1.102491821052753,2.6111648393354674,False,1.4506471329641486,False
2,479,No Watermark,0,z_score,-1.3345953623270168,2.379061298061204,False,1.4506471329641486,False
2,480,No Watermark,0,z_score,1.2185435916898848,2.379061298061204,False,1.4506471329641486,False
5,481,No Watermark,0,z_score,-1.3345953623270168,2.6111648393354674,False,1.4506471329641486,False
3,482,No Watermark,0,z_score,-2.263009527424072,2.6111648393354674,False,1.4506471329641486,False
1,483,No Watermark,0,z_score,-1.102491821052753,2.379061298061204,False,1.4506471329641486,False
4,484,No Watermark,0,z_score,-0.6382847385042254,2.379061298061204,False,1.4506471329641486,False
2,485,No Watermark,0,z_score,-1.102491821052753,2.379061298061204,False,1.4506471329641486,False
3,486,No Watermark,0,z_score,0.058025885318565944,2.6111648393354674,False,1.4506471329641486,False
2,487,No Watermark,0,z_score,0.6311687442672026,2.379061298061204,False,1.4506471329641486,False
2,488,No Watermark,0,z_score,-0.17407765595569785,2.379061298061204,False,1.4506471329641486,False
1,489,No Watermark,0,z_score,-0.17407765595569785,2.379061298061204,False,1.4506471329641486,False
4,490,No Watermark,0,z_score,-0.8703882797784892,2.379061298061204,False,1.4506471329641486,False
2,491,No Watermark,0,z_score,0.5222329678670935,2.379061298061204,False,1.4506471329641486,False
5,492,No Watermark,0,z_score,-1.102491821052753,2.6111648393354674,False,1.4506471329641486,False
2,493,No Watermark,0,z_score,-1.5666989036012806,2.379061298061204,False,1.4506471329641486,False
3,494,No Watermark,0,z_score,-0.17407765595569785,2.6111648393354674,False,1.4506471329641486,False
2,495,No Watermark,0,z_score,1.9148542155126762,2.379061298061204,False,1.4506471329641486,True
1,496,No Watermark,0,z_score,0.29012942659282975,2.379061298061204,False,1.4506471329641486,False
5,497,No Watermark,0,z_score,-1.102491821052753,2.6111648393354674,False,1.4506471329641486,False
1,498,No Watermark,0,z_score,-2.030905986149808,2.379061298061204,False,1.4506471329641486,False
5,499,No Watermark,0,z_score,-0.8703882797784892,2.6111648393354674,False,1.4506471329641486,False
4,500,No Watermark,0,z_score,0.29012942659282975,2.379061298061204,False,1.4506471329641486,False
2,1,CA-KL,1,z_score,10.502685242660437,2.379061298061204,True,1.4506471329641486,True
3,10,CA-KL,1,z_score,5.86061441717516,2.6111648393354674,True,1.4506471329641486,True
5,100,CA-KL,1,z_score,6.789028582272215,2.6111648393354674,True,1.4506471329641486,True
1,101,CA-KL,1,z_score,7.2532356648207434,2.379061298061204,True,1.4506471329641486,True
5,102,CA-KL,1,z_score,5.396407334626633,2.6111648393354674,True,1.4506471329641486,True
3,103,CA-KL,1,z_score,9.110063995014853,2.6111648393354674,True,1.4506471329641486,True
2,104,CA-KL,1,z_score,4.932200252078106,2.379061298061204,True,1.4506471329641486,True
5,105,CA-KL,1,z_score,5.628510875900897,2.6111648393354674,True,1.4506471329641486,True
1,106,CA-KL,1,z_score,10.270581701386172,2.379061298061204,True,1.4506471329641486,True
3,107,CA-KL,1,z_score,8.181649829917799,2.6111648393354674,True,1.4506471329641486,True
3,108,CA-KL,1,z_score,6.556925040997952,2.6111648393354674,True,1.4506471329641486,True
3,109,CA-KL,1,z_score,7.2532356648207434,2.6111648393354674,True,1.4506471329641486,True
2,11,CA-KL,1,z_score,9.574271077563381,2.379061298061204,True,1.4506471329641486,True
3,110,CA-KL,1,z_score,7.4853392060950075,2.6111648393354674,True,1.4506471329641486,True
3,111,CA-KL,1,z_score,7.949546288643535,2.6111648393354674,True,1.4506471329641486,True
5,112,CA-KL,1,z_score,5.86061441717516,2.6111648393354674,True,1.4506471329641486,True
3,113,CA-KL,1,z_score,6.265107527173338,2.6111648393354674,True,1.4506471329641486,True
4,114,CA-KL,1,z_score,5.164303793352369,2.379061298061204,True,1.4506471329641486,True
3,115,CA-KL,1,z_score,7.021132123546479,2.6111648393354674,True,1.4506471329641486,True
1,116,CA-KL,1,z_score,8.645856912466327,2.379061298061204,True,1.4506471329641486,True
4,117,CA-KL,1,z_score,9.053589325499404,2.379061298061204,True,1.4506471329641486,True
3,118,CA-KL,1,z_score,8.645856912466327,2.6111648393354674,True,1.4506471329641486,True
1,119,CA-KL,1,z_score,7.717442747369271,2.379061298061204,True,1.4506471329641486,True
5,12,CA-KL,1,z_score,5.396407334626633,2.6111648393354674,True,1.4506471329641486,True
3,120,CA-KL,1,z_score,8.181649829917799,2.6111648393354674,True,1.4506471329641486,True
1,121,CA-KL,1,z_score,6.324821499723688,2.379061298061204,True,1.4506471329641486,True
1,122,CA-KL,1,z_score,4.959182990670877,2.379061298061204,True,1.4506471329641486,True
2,123,CA-KL,1,z_score,5.86061441717516,2.379061298061204,True,1.4506471329641486,True
1,124,CA-KL,1,z_score,7.2532356648207434,2.379061298061204,True,1.4506471329641486,True
3,125,CA-KL,1,z_score,7.4853392060950075,2.6111648393354674,True,1.4506471329641486,True
4,126,CA-KL,1,z_score,8.181649829917799,2.379061298061204,True,1.4506471329641486,True
1,127,CA-KL,1,z_score,2.7791013395195128,2.379061298061204,True,1.4506471329641486,True
1,128,CA-KL,1,z_score,8.87796045374059,2.379061298061204,True,1.4506471329641486,True
5,129,CA-KL,1,z_score,7.949546288643535,2.6111648393354674,True,1.4506471329641486,True
4,13,CA-KL,1,z_score,7.949546288643535,2.379061298061204,True,1.4506471329641486,True
1,130,CA-KL,1,z_score,4.900769721140662,2.379061298061204,True,1.4506471329641486,True
1,131,CA-KL,1,z_score,7.2532356648207434,2.379061298061204,True,1.4506471329641486,True
1,132,CA-KL,1,z_score,6.092717958449424,2.379061298061204,True,1.4506471329641486,True
2,133,CA-KL,1,z_score,10.7347887839347,2.379061298061204,True,1.4506471329641486,True
1,134,CA-KL,1,z_score,8.413753371192062,2.379061298061204,True,1.4506471329641486,True
1,135,CA-KL,1,z_score,7.717442747369271,2.379061298061204,True,1.4506471329641486,True
5,136,CA-KL,1,z_score,7.4853392060950075,2.6111648393354674,True,1.4506471329641486,True
1,137,CA-KL,1,z_score,9.110063995014853,2.379061298061204,True,1.4506471329641486,True
4,138,CA-KL,1,z_score,4.467993169529578,2.379061298061204,True,1.4506471329641486,True
3,139,CA-KL,1,z_score,7.717442747369271,2.6111648393354674,True,1.4506471329641486,True
3,14,CA-KL,1,z_score,9.574271077563381,2.6111648393354674,True,1.4506471329641486,True
5,140,CA-KL,1,z_score,10.038478160111909,2.6111648393354674,True,1.4506471329641486,True
4,141,CA-KL,1,z_score,9.806374618837644,2.379061298061204,True,1.4506471329641486,True
2,142,CA-KL,1,z_score,6.556925040997952,2.379061298061204,True,1.4506471329641486,True
2,143,CA-KL,1,z_score,8.87796045374059,2.379061298061204,True,1.4506471329641486,True
5,144,CA-KL,1,z_score,9.806374618837644,2.6111648393354674,True,1.4506471329641486,True
3,145,CA-KL,1,z_score,7.949546288643535,2.6111648393354674,True,1.4506471329641486,True
3,146,CA-KL,1,z_score,8.181649829917799,2.6111648393354674,True,1.4506471329641486,True
2,147,CA-KL,1,z_score,7.717442747369271,2.379061298061204,True,1.4506471329641486,True
2,148,CA-KL,1,z_score,8.181649829917799,2.379061298061204,True,1.4506471329641486,True
5,149,CA-KL,1,z_score,6.324821499723688,2.6111648393354674,True,1.4506471329641486,True
5,15,CA-KL,1,z_score,7.021132123546479,2.6111648393354674,True,1.4506471329641486,True
2,150,CA-KL,1,z_score,6.556925040997952,2.379061298061204,True,1.4506471329641486,True
2,151,CA-KL,1,z_score,9.806374618837644,2.379061298061204,True,1.4506471329641486,True
2,152,CA-KL,1,z_score,6.324821499723688,2.379061298061204,True,1.4506471329641486,True
3,153,CA-KL,1,z_score,5.86061441717516,2.6111648393354674,True,1.4506471329641486,True
5,154,CA-KL,1,z_score,6.789028582272215,2.6111648393354674,True,1.4506471329641486,True
1,155,CA-KL,1,z_score,9.806374618837644,2.379061298061204,True,1.4506471329641486,True
4,156,CA-KL,1,z_score,4.932200252078106,2.379061298061204,True,1.4506471329641486,True
1,157,CA-KL,1,z_score,8.413753371192062,2.379061298061204,True,1.4506471329641486,True
5,158,CA-KL,1,z_score,4.467993169529578,2.6111648393354674,True,1.4506471329641486,True
2,159,CA-KL,1,z_score,8.645856912466327,2.379061298061204,True,1.4506471329641486,True
5,16,CA-KL,1,z_score,7.2532356648207434,2.6111648393354674,True,1.4506471329641486,True
3,160,CA-KL,1,z_score,14.216341903048656,2.6111648393354674,True,1.4506471329641486,True
4,161,CA-KL,1,z_score,9.110063995014853,2.379061298061204,True,1.4506471329641486,True
3,162,CA-KL,1,z_score,8.413753371192062,2.6111648393354674,True,1.4506471329641486,True
1,163,CA-KL,1,z_score,6.789028582272215,2.379061298061204,True,1.4506471329641486,True
3,164,CA-KL,1,z_score,8.87796045374059,2.6111648393354674,True,1.4506471329641486,True
3,165,CA-KL,1,z_score,6.789028582272215,2.6111648393354674,True,1.4506471329641486,True
2,166,CA-KL,1,z_score,9.806374618837644,2.379061298061204,True,1.4506471329641486,True
4,167,CA-KL,1,z_score,9.806374618837644,2.379061298061204,True,1.4506471329641486,True
1,168,CA-KL,1,z_score,6.789028582272215,2.379061298061204,True,1.4506471329641486,True
1,169,CA-KL,1,z_score,10.270581701386172,2.379061298061204,True,1.4506471329641486,True
1,17,CA-KL,1,z_score,9.110063995014853,2.379061298061204,True,1.4506471329641486,True
2,170,CA-KL,1,z_score,7.717442747369271,2.379061298061204,True,1.4506471329641486,True
3,171,CA-KL,1,z_score,7.021132123546479,2.6111648393354674,True,1.4506471329641486,True
4,172,CA-KL,1,z_score,9.574271077563381,2.379061298061204,True,1.4506471329641486,True
5,173,CA-KL,1,z_score,4.700096710803842,2.6111648393354674,True,1.4506471329641486,True
3,174,CA-KL,1,z_score,7.4853392060950075,2.6111648393354674,True,1.4506471329641486,True
3,175,CA-KL,1,z_score,7.4853392060950075,2.6111648393354674,True,1.4506471329641486,True
3,176,CA-KL,1,z_score,9.342167536289118,2.6111648393354674,True,1.4506471329641486,True
3,177,CA-KL,1,z_score,6.789028582272215,2.6111648393354674,True,1.4506471329641486,True
1,178,CA-KL,1,z_score,9.574271077563381,2.379061298061204,True,1.4506471329641486,True
1,179,CA-KL,1,z_score,7.717442747369271,2.379061298061204,True,1.4506471329641486,True
3,18,CA-KL,1,z_score,2.4494897427831783,2.6111648393354674,False,1.4506471329641486,True
4,180,CA-KL,1,z_score,7.717442747369271,2.379061298061204,True,1.4506471329641486,True
1,181,CA-KL,1,z_score,10.7347887839347,2.379061298061204,True,1.4506471329641486,True
3,182,CA-KL,1,z_score,4.932200252078106,2.6111648393354674,True,1.4506471329641486,True
4,183,CA-KL,1,z_score,7.013343843696721,2.379061298061204,True,1.4506471329641486,True
4,184,CA-KL,1,z_score,8.645856912466327,2.379061298061204,True,1.4506471329641486,True
3,185,CA-KL,1,z_score,8.87796045374059,2.6111648393354674,True,1.4506471329641486,True
2,186,CA-KL,1,z_score,5.86061441717516,2.379061298061204,True,1.4506471329641486,True
3,187,CA-KL,1,z_score,1.4506471329641486,2.6111648393354674,False,1.4506471329641486,True
2,188,CA-KL,1,z_score,10.502685242660437,2.379061298061204,True,1.4506471329641486,True
1,189,CA-KL,1,z_score,7.949546288643535,2.379061298061204,True,1.4506471329641486,True
3,19,CA-KL,1,z_score,6.789028582272215,2.6111648393354674,True,1.4506471329641486,True
1,190,CA-KL,1,z_score,9.110063995014853,2.379061298061204,True,1.4506471329641486,True
2,191,CA-KL,1,z_score,6.324821499723688,2.379061298061204,True,1.4506471329641486,True
4,192,CA-KL,1,z_score,7.021132123546479,2.379061298061204,True,1.4506471329641486,True
1,193,CA-KL,1,z_score,8.645856912466327,2.379061298061204,True,1.4506471329641486,True
1,194,CA-KL,1,z_score,7.2532356648207434,2.379061298061204,True,1.4506471329641486,True
3,195,CA-KL,1,z_score,10.038478160111909,2.6111648393354674,True,1.4506471329641486,True
2,196,CA-KL,1,z_score,7.717442747369271,2.379061298061204,True,1.4506471329641486,True
4,197,CA-KL,1,z_score,7.717442747369271,2.379061298061204,True,1.4506471329641486,True
4,198,CA-KL,1,z_score,9.110063995014853,2.379061298061204,True,1.4506471329641486,True
5,199,CA-KL,1,z_score,7.2532356648207434,2.6111648393354674,True,1.4506471329641486,True
3,2,CA-KL,1,z_score,7.717442747369271,2.6111648393354674,True,1.4506471329641486,True
5,20,CA-KL,1,z_score,7.717442747369271,2.6111648393354674,True,1.4506471329641486,True
5,200,CA-KL,1,z_score,6.324821499723688,2.6111648393354674,True,1.4506471329641486,True
4,201,CA-KL,1,z_score,6.789028582272215,2.379061298061204,True,1.4506471329641486,True
2,202,CA-KL,1,z_score,7.2532356648207434,2.379061298061204,True,1.4506471329641486,True
4,203,CA-KL,1,z_score,7.717442747369271,2.379061298061204,True,1.4506471329641486,True
5,204,CA-KL,1,z_score,6.789028582272215,2.6111648393354674,True,1.4506471329641486,True
3,205,CA-KL,1,z_score,5.31985084453785,2.6111648393354674,True,1.4506471329641486,True
3,206,CA-KL,1,z_score,0.4622501635210242,2.6111648393354674,False,1.4506471329641486,False
3,207,CA-KL,1,z_score,4.959182990670877,2.6111648393354674,True,1.4506471329641486,True
2,208,CA-KL,1,z_score,5.86061441717516,2.379061298061204,True,1.4506471329641486,True
3,209,CA-KL,1,z_score,6.556925040997952,2.6111648393354674,True,1.4506471329641486,True
4,21,CA-KL,1,z_score,6.789028582272215,2.379061298061204,True,1.4506471329641486,True
1,210,CA-KL,1,z_score,7.717442747369271,2.379061298061204,True,1.4506471329641486,True
4,211,CA-KL,1,z_score,7.021132123546479,2.379061298061204,True,1.4506471329641486,True
1,212,CA-KL,1,z_score,7.4853392060950075,2.379061298061204,True,1.4506471329641486,True
1,213,CA-KL,1,z_score,6.556925040997952,2.379061298061204,True,1.4506471329641486,True
1,214,CA-KL,1,z_score,5.628510875900897,2.379061298061204,True,1.4506471329641486,True
2,215,CA-KL,1,z_score,9.110063995014853,2.379061298061204,True,1.4506471329641486,True
4,216,CA-KL,1,z_score,7.4853392060950075,2.379061298061204,True,1.4506471329641486,True
2,217,CA-KL,1,z_score,7.949546288643535,2.379061298061204,True,1.4506471329641486,True
3,218,CA-KL,1,z_score,3.5395790044325226,2.6111648393354674,True,1.4506471329641486,True
3,219,CA-KL,1,z_score,8.181649829917799,2.6111648393354674,True,1.4506471329641486,True
1,22,CA-KL,1,z_score,8.413753371192062,2.379061298061204,True,1.4506471329641486,True
4,220,CA-KL,1,z_score,7.021132123546479,2.379061298061204,True,1.4506471329641486,True
5,221,CA-KL,1,z_score,1.5403080924308108,2.6111648393354674,False,1.4506471329641486,True
1,222,CA-KL,1,z_score,8.645856912466327,2.379061298061204,True,1.4506471329641486,True
4,223,CA-KL,1,z_score,6.789028582272215,2.379061298061204,True,1.4506471329641486,True
3,224,CA-KL,1,z_score,7.021132123546479,2.6111648393354674,True,1.4506471329641486,True
5,225,CA-KL,1,z_score,8.87796045374059,2.6111648393354674,True,1.4506471329641486,True
2,226,CA-KL,1,z_score,8.87796045374059,2.379061298061204,True,1.4506471329641486,True
2,227,CA-KL,1,z_score,8.645856912466327,2.379061298061204,True,1.4506471329641486,True
1,228,CA-KL,1,z_score,6.092717958449424,2.379061298061204,True,1.4506471329641486,True
5,229,CA-KL,1,z_score,6.789028582272215,2.6111648393354674,True,1.4506471329641486,True
1,23,CA-KL,1,z_score,0.8164965809277261,2.379061298061204,False,1.4506471329641486,False
2,230,CA-KL,1,z_score,8.181649829917799,2.379061298061204,True,1.4506471329641486,True
5,231,CA-KL,1,z_score,9.342167536289118,2.6111648393354674,True,1.4506471329641486,True
5,232,CA-KL,1,z_score,4.932200252078106,2.6111648393354674,True,1.4506471329641486,True
2,233,CA-KL,1,z_score,11.198995866483228,2.379061298061204,True,1.4506471329641486,True
1,234,CA-KL,1,z_score,5.396407334626633,2.379061298061204,True,1.4506471329641486,True
1,235,CA-KL,1,z_score,0.22645540682891913,2.379061298061204,False,1.4506471329641486,False
3,236,CA-KL,1,z_score,8.87796045374059,2.6111648393354674,True,1.4506471329641486,True
1,237,CA-KL,1,z_score,5.86061441717516,2.379061298061204,True,1.4506471329641486,True
4,238,CA-KL,1,z_score,7.717442747369271,2.379061298061204,True,1.4506471329641486,True
4,239,CA-KL,1,z_score,6.401854406138769,2.379061298061204,True,1.4506471329641486,True
1,24,CA-KL,1,z_score,9.574271077563381,2.379061298061204,True,1.4506471329641486,True
4,240,CA-KL,1,z_score,8.413753371192062,2.379061298061204,True,1.4506471329641486,True
1,241,CA-KL,1,z_score,8.87796045374059,2.379061298061204,True,1.4506471329641486,True
2,242,CA-KL,1,z_score,7.2532356648207434,2.379061298061204,True,1.4506471329641486,True
4,243,CA-KL,1,z_score,8.413753371192062,2.379061298061204,True,1.4506471329641486,True
5,244,CA-KL,1,z_score,8.181649829917799,2.6111648393354674,True,1.4506471329641486,True
2,245,CA-KL,1,z_score,6.789028582272215,2.379061298061204,True,1.4506471329641486,True
2,246,CA-KL,1,z_score,6.324821499723688,2.379061298061204,True,1.4506471329641486,True
3,247,CA-KL,1,z_score,9.342167536289118,2.6111648393354674,True,1.4506471329641486,True
4,248,CA-KL,1,z_score,7.949546288643535,2.379061298061204,True,1.4506471329641486,True
4,249,CA-KL,1,z_score,6.092717958449424,2.379061298061204,True,1.4506471329641486,True
3,25,CA-KL,1,z_score,6.324821499723688,2.6111648393354674,True,1.4506471329641486,True
1,250,CA-KL,1,z_score,5.86061441717516,2.379061298061204,True,1.4506471329641486,True
5,251,CA-KL,1,z_score,4.467993169529578,2.6111648393354674,True,1.4506471329641486,True
4,252,CA-KL,1,z_score,7.717442747369271,2.379061298061204,True,1.4506471329641486,True
3,253,CA-KL,1,z_score,7.2532356648207434,2.6111648393354674,True,1.4506471329641486,True
5,254,CA-KL,1,z_score,7.021132123546479,2.6111648393354674,True,1.4506471329641486,True
1,255,CA-KL,1,z_score,7.717442747369271,2.379061298061204,True,1.4506471329641486,True
3,256,CA-KL,1,z_score,8.181649829917799,2.6111648393354674,True,1.4506471329641486,True
3,257,CA-KL,1,z_score,8.181649829917799,2.6111648393354674,True,1.4506471329641486,True
1,258,CA-KL,1,z_score,8.645856912466327,2.379061298061204,True,1.4506471329641486,True
2,259,CA-KL,1,z_score,7.717442747369271,2.379061298061204,True,1.4506471329641486,True
5,26,CA-KL,1,z_score,8.87796045374059,2.6111648393354674,True,1.4506471329641486,True
5,260,CA-KL,1,z_score,7.4853392060950075,2.6111648393354674,True,1.4506471329641486,True
3,261,CA-KL,1,z_score,7.4853392060950075,2.6111648393354674,True,1.4506471329641486,True
3,262,CA-KL,1,z_score,7.2532356648207434,2.6111648393354674,True,1.4506471329641486,True
2,263,CA-KL,1,z_score,7.4853392060950075,2.379061298061204,True,1.4506471329641486,True
2,264,CA-KL,1,z_score,5.3707505285863055,2.379061298061204,True,1.4506471329641486,True
2,265,CA-KL,1,z_score,9.110063995014853,2.379061298061204,True,1.4506471329641486,True
2,266,CA-KL,1,z_score,6.789028582272215,2.379061298061204,True,1.4506471329641486,True
5,267,CA-KL,1,z_score,7.717442747369271,2.6111648393354674,True,1.4506471329641486,True
5,268,CA-KL,1,z_score,4.700096710803842,2.6111648393354674,True,1.4506471329641486,True
4,269,CA-KL,1,z_score,7.4853392060950075,2.379061298061204,True,1.4506471329641486,True
3,27,CA-KL,1,z_score,8.645856912466327,2.6111648393354674,True,1.4506471329641486,True
1,270,CA-KL,1,z_score,9.110063995014853,2.379061298061204,True,1.4506471329641486,True
5,271,CA-KL,1,z_score,6.789028582272215,2.6111648393354674,True,1.4506471329641486,True
1,272,CA-KL,1,z_score,7.717442747369271,2.379061298061204,True,1.4506471329641486,True
4,273,CA-KL,1,z_score,6.556925040997952,2.379061298061204,True,1.4506471329641486,True
5,274,CA-KL,1,z_score,7.717442747369271,2.6111648393354674,True,1.4506471329641486,True
2,275,CA-KL,1,z_score,10.038478160111909,2.379061298061204,True,1.4506471329641486,True
5,276,CA-KL,1,z_score,8.645856912466327,2.6111648393354674,True,1.4506471329641486,True
1,277,CA-KL,1,z_score,4.0,2.379061298061204,True,1.4506471329641486,True
5,278,CA-KL,1,z_score,9.110063995014853,2.6111648393354674,True,1.4506471329641486,True
1,279,CA-KL,1,z_score,9.110063995014853,2.379061298061204,True,1.4506471329641486,True
5,28,CA-KL,1,z_score,9.342167536289118,2.6111648393354674,True,1.4506471329641486,True
1,280,CA-KL,1,z_score,7.4853392060950075,2.379061298061204,True,1.4506471329641486,True
5,281,CA-KL,1,z_score,7.021132123546479,2.6111648393354674,True,1.4506471329641486,True
2,282,CA-KL,1,z_score,2.1469577567869402,2.379061298061204,False,1.4506471329641486,True
5,283,CA-KL,1,z_score,0.9864400504156211,2.6111648393354674,False,1.4506471329641486,False
4,284,CA-KL,1,z_score,9.110063995014853,2.379061298061204,True,1.4506471329641486,True
5,285,CA-KL,1,z_score,6.789028582272215,2.6111648393354674,True,1.4506471329641486,True
2,286,CA-KL,1,z_score,4.959182990670877,2.379061298061204,True,1.4506471329641486,True
1,287,CA-KL,1,z_score,6.092717958449424,2.379061298061204,True,1.4506471329641486,True
3,288,CA-KL,1,z_score,8.645856912466327,2.6111648393354674,True,1.4506471329641486,True
1,289,CA-KL,1,z_score,8.413753371192062,2.379061298061204,True,1.4506471329641486,True
4,29,CA-KL,1,z_score,6.556925040997952,2.379061298061204,True,1.4506471329641486,True
4,290,CA-KL,1,z_score,9.110063995014853,2.379061298061204,True,1.4506471329641486,True
3,291,CA-KL,1,z_score,7.021132123546479,2.6111648393354674,True,1.4506471329641486,True
2,292,CA-KL,1,z_score,8.413753371192062,2.379061298061204,True,1.4506471329641486,True
4,293,CA-KL,1,z_score,5.396407334626633,2.379061298061204,True,1.4506471329641486,True
3,294,CA-KL,1,z_score,7.717442747369271,2.6111648393354674,True,1.4506471329641486,True
2,295,CA-KL,1,z_score,8.87796045374059,2.379061298061204,True,1.4506471329641486,True
5,296,CA-KL,1,z_score,7.2532356648207434,2.6111648393354674,True,1.4506471329641486,True
3,297,CA-KL,1,z_score,8.181649829917799,2.6111648393354674,True,1.4506471329641486,True
5,298,CA-KL,1,z_score,7.021132123546479,2.6111648393354674,True,1.4506471329641486,True
1,299,CA-KL,1,z_score,6.789028582272215,2.379061298061204,True,1.4506471329641486,True
5,3,CA-KL,1,z_score,6.092717958449424,2.6111648393354674,True,1.4506471329641486,True
1,30,CA-KL,1,z_score,11.663202949031755,2.379061298061204,True,1.4506471329641486,True
2,300,CA-KL,1,z_score,8.645856912466327,2.379061298061204,True,1.4506471329641486,True
3,301,CA-KL,1,z_score,8.87796045374059,2.6111648393354674,True,1.4506471329641486,True
4,302,CA-KL,1,z_score,8.413753371192062,2.379061298061204,True,1.4506471329641486,True
4,303,CA-KL,1,z_score,6.789028582272215,2.379061298061204,True,1.4506471329641486,True
3,304,CA-KL,1,z_score,7.4853392060950075,2.6111648393354674,True,1.4506471329641486,True
5,305,CA-KL,1,z_score,6.556925040997952,2.6111648393354674,True,1.4506471329641486,True
1,306,CA-KL,1,z_score,4.463405181652551,2.379061298061204,True,1.4506471329641486,True
2,307,CA-KL,1,z_score,5.164303793352369,2.379061298061204,True,1.4506471329641486,True
1,308,CA-KL,1,z_score,7.949546288643535,2.379061298061204,True,1.4506471329641486,True
2,309,CA-KL,1,z_score,7.717442747369271,2.379061298061204,True,1.4506471329641486,True
2,31,CA-KL,1,z_score,6.324821499723688,2.379061298061204,True,1.4506471329641486,True
5,310,CA-KL,1,z_score,6.789028582272215,2.6111648393354674,True,1.4506471329641486,True
4,311,CA-KL,1,z_score,5.3099686624091476,2.379061298061204,True,1.4506471329641486,True
2,312,CA-KL,1,z_score,6.556925040997952,2.379061298061204,True,1.4506471329641486,True
2,313,CA-KL,1,z_score,9.342167536289118,2.379061298061204,True,1.4506471329641486,True
1,314,CA-KL,1,z_score,3.7716825457067866,2.379061298061204,True,1.4506471329641486,True
1,315,CA-KL,1,z_score,6.789028582272215,2.379061298061204,True,1.4506471329641486,True
3,316,CA-KL,1,z_score,8.413753371192062,2.6111648393354674,True,1.4506471329641486,True
1,317,CA-KL,1,z_score,6.789028582272215,2.379061298061204,True,1.4506471329641486,True
5,318,CA-KL,1,z_score,9.574271077563381,2.6111648393354674,True,1.4506471329641486,True
4,319,CA-KL,1,z_score,7.717442747369271,2.379061298061204,True,1.4506471329641486,True
1,32,CA-KL,1,z_score,4.324146807641374,2.379061298061204,True,1.4506471329641486,True
3,320,CA-KL,1,z_score,10.966892325208963,2.6111648393354674,True,1.4506471329641486,True
4,321,CA-KL,1,z_score,7.949546288643535,2.379061298061204,True,1.4506471329641486,True
2,322,CA-KL,1,z_score,8.87796045374059,2.379061298061204,True,1.4506471329641486,True
3,323,CA-KL,1,z_score,8.87796045374059,2.6111648393354674,True,1.4506471329641486,True
4,324,CA-KL,1,z_score,7.2532356648207434,2.379061298061204,True,1.4506471329641486,True
2,325,CA-KL,1,z_score,7.021132123546479,2.379061298061204,True,1.4506471329641486,True
4,326,CA-KL,1,z_score,7.2532356648207434,2.379061298061204,True,1.4506471329641486,True
4,327,CA-KL,1,z_score,5.628510875900897,2.379061298061204,True,1.4506471329641486,True
4,328,CA-KL,1,z_score,7.4853392060950075,2.379061298061204,True,1.4506471329641486,True
5,329,CA-KL,1,z_score,9.574271077563381,2.6111648393354674,True,1.4506471329641486,True
4,33,CA-KL,1,z_score,10.270581701386172,2.379061298061204,True,1.4506471329641486,True
4,330,CA-KL,1,z_score,8.413753371192062,2.379061298061204,True,1.4506471329641486,True
4,331,CA-KL,1,z_score,7.949546288643535,2.379061298061204,True,1.4506471329641486,True
4,332,CA-KL,1,z_score,5.86061441717516,2.379061298061204,True,1.4506471329641486,True
2,333,CA-KL,1,z_score,6.324821499723688,2.379061298061204,True,1.4506471329641486,True
4,334,CA-KL,1,z_score,8.181649829917799,2.379061298061204,True,1.4506471329641486,True
1,335,CA-KL,1,z_score,8.645856912466327,2.379061298061204,True,1.4506471329641486,True
2,336,CA-KL,1,z_score,17.233687939614086,2.379061298061204,True,1.4506471329641486,True
2,337,CA-KL,1,z_score,8.181649829917799,2.379061298061204,True,1.4506471329641486,True
3,338,CA-KL,1,z_score,7.949546288643535,2.6111648393354674,True,1.4506471329641486,True
5,339,CA-KL,1,z_score,7.949546288643535,2.6111648393354674,True,1.4506471329641486,True
1,34,CA-KL,1,z_score,6.789028582272215,2.379061298061204,True,1.4506471329641486,True
4,340,CA-KL,1,z_score,6.789028582272215,2.379061298061204,True,1.4506471329641486,True
3,341,CA-KL,1,z_score,6.324821499723688,2.6111648393354674,True,1.4506471329641486,True
3,342,CA-KL,1,z_score,8.413753371192062,2.6111648393354674,True,1.4506471329641486,True
5,343,CA-KL,1,z_score,7.717442747369271,2.6111648393354674,True,1.4506471329641486,True
5,344,CA-KL,1,z_score,7.717442747369271,2.6111648393354674,True,1.4506471329641486,True
2,345,CA-KL,1,z_score,3.307475463158259,2.379061298061204,True,1.4506471329641486,True
3,346,CA-KL,1,z_score,6.556925040997952,2.6111648393354674,True,1.4506471329641486,True
5,347,CA-KL,1,z_score,7.2532356648207434,2.6111648393354674,True,1.4506471329641486,True
1,348,CA-KL,1,z_score,8.645856912466327,2.379061298061204,True,1.4506471329641486,True
3,349,CA-KL,1,z_score,4.003786086981051,2.6111648393354674,True,1.4506471329641486,True
1,35,CA-KL,1,z_score,5.86061441717516,2.379061298061204,True,1.4506471329641486,True
1,350,CA-KL,1,z_score,7.021132123546479,2.379061298061204,True,1.4506471329641486,True
3,351,CA-KL,1,z_score,7.2532356648207434,2.6111648393354674,True,1.4506471329641486,True
4,352,CA-KL,1,z_score,6.789028582272215,2.379061298061204,True,1.4506471329641486,True
2,353,CA-KL,1,z_score,9.574271077563381,2.379061298061204,True,1.4506471329641486,True
3,354,CA-KL,1,z_score,6.556925040997952,2.6111648393354674,True,1.4506471329641486,True
2,355,CA-KL,1,z_score,8.645856912466327,2.379061298061204,True,1.4506471329641486,True
1,356,CA-KL,1,z_score,8.181649829917799,2.379061298061204,True,1.4506471329641486,True
5,357,CA-KL,1,z_score,4.003786086981051,2.6111648393354674,True,1.4506471329641486,True
1,358,CA-KL,1,z_score,9.806374618837644,2.379061298061204,True,1.4506471329641486,True
2,359,CA-KL,1,z_score,1.2185435916898848,2.379061298061204,False,1.4506471329641486,False
3,36,CA-KL,1,z_score,0.9428090415820635,2.6111648393354674,False,1.4506471329641486,False
5,360,CA-KL,1,z_score,7.4853392060950075,2.6111648393354674,True,1.4506471329641486,True
3,361,CA-KL,1,z_score,9.342167536289118,2.6111648393354674,True,1.4506471329641486,True
4,362,CA-KL,1,z_score,9.574271077563381,2.379061298061204,True,1.4506471329641486,True
5,363,CA-KL,1,z_score,8.181649829917799,2.6111648393354674,True,1.4506471329641486,True
3,364,CA-KL,1,z_score,10.966892325208963,2.6111648393354674,True,1.4506471329641486,True
3,365,CA-KL,1,z_score,8.87796045374059,2.6111648393354674,True,1.4506471329641486,True
1,366,CA-KL,1,z_score,8.181649829917799,2.379061298061204,True,1.4506471329641486,True
2,367,CA-KL,1,z_score,7.2532356648207434,2.379061298061204,True,1.4506471329641486,True
5,368,CA-KL,1,z_score,8.413753371192062,2.6111648393354674,True,1.4506471329641486,True
3,369,CA-KL,1,z_score,7.021132123546479,2.6111648393354674,True,1.4506471329641486,True
5,37,CA-KL,1,z_score,7.717442747369271,2.6111648393354674,True,1.4506471329641486,True
2,370,CA-KL,1,z_score,8.413753371192062,2.379061298061204,True,1.4506471329641486,True
4,371,CA-KL,1,z_score,7.021132123546479,2.379061298061204,True,1.4506471329641486,True
4,372,CA-KL,1,z_score,9.574271077563381,2.379061298061204,True,1.4506471329641486,True
2,373,CA-KL,1,z_score,6.092717958449424,2.379061298061204,True,1.4506471329641486,True
4,374,CA-KL,1,z_score,8.181649829917799,2.379061298061204,True,1.4506471329641486,True
1,375,CA-KL,1,z_score,9.342167536289118,2.379061298061204,True,1.4506471329641486,True
5,376,CA-KL,1,z_score,9.342167536289118,2.6111648393354674,True,1.4506471329641486,True
3,377,CA-KL,1,z_score,7.949546288643535,2.6111648393354674,True,1.4506471329641486,True
3,378,CA-KL,1,z_score,5.164303793352369,2.6111648393354674,True,1.4506471329641486,True
4,379,CA-KL,1,z_score,6.789028582272215,2.379061298061204,True,1.4506471329641486,True
4,38,CA-KL,1,z_score,3.5395790044325226,2.379061298061204,True,1.4506471329641486,True
1,380,CA-KL,1,z_score,9.110063995014853,2.379061298061204,True,1.4506471329641486,True
2,381,CA-KL,1,z_score,5.628510875900897,2.379061298061204,True,1.4506471329641486,True
4,382,CA-KL,1,z_score,7.2532356648207434,2.379061298061204,True,1.4506471329641486,True
3,383,CA-KL,1,z_score,11.431099407757491,2.6111648393354674,True,1.4506471329641486,True
2,384,CA-KL,1,z_score,10.502685242660437,2.379061298061204,True,1.4506471329641486,True
3,385,CA-KL,1,z_score,6.092717958449424,2.6111648393354674,True,1.4506471329641486,True
2,386,CA-KL,1,z_score,7.949546288643535,2.379061298061204,True,1.4506471329641486,True
5,387,CA-KL,1,z_score,7.2532356648207434,2.6111648393354674,True,1.4506471329641486,True
4,388,CA-KL,1,z_score,7.2532356648207434,2.379061298061204,True,1.4506471329641486,True
2,389,CA-KL,1,z_score,8.413753371192062,2.379061298061204,True,1.4506471329641486,True
4,39,CA-KL,1,z_score,5.673665146135802,2.379061298061204,True,1.4506471329641486,True
2,390,CA-KL,1,z_score,10.966892325208963,2.379061298061204,True,1.4506471329641486,True
4,391,CA-KL,1,z_score,3.849741916091625,2.379061298061204,True,1.4506471329641486,True
5,392,CA-KL,1,z_score,6.260990336999411,2.6111648393354674,True,1.4506471329641486,True
3,393,CA-KL,1,z_score,9.574271077563381,2.6111648393354674,True,1.4506471329641486,True
2,394,CA-KL,1,z_score,7.4853392060950075,2.379061298061204,True,1.4506471329641486,True
3,395,CA-KL,1,z_score,8.645856912466327,2.6111648393354674,True,1.4506471329641486,True
5,396,CA-KL,1,z_score,6.789028582272215,2.6111648393354674,True,1.4506471329641486,True
5,397,CA-KL,1,z_score,7.2532356648207434,2.6111648393354674,True,1.4506471329641486,True
1,398,CA-KL,1,z_score,8.413753371192062,2.379061298061204,True,1.4506471329641486,True
1,399,CA-KL,1,z_score,6.324821499723688,2.379061298061204,True,1.4506471329641486,True
1,4,CA-KL,1,z_score,6.092717958449424,2.379061298061204,True,1.4506471329641486,True
3,40,CA-KL,1,z_score,8.413753371192062,2.6111648393354674,True,1.4506471329641486,True
3,400,CA-KL,1,z_score,9.806374618837644,2.6111648393354674,True,1.4506471329641486,True
5,401,CA-KL,1,z_score,7.949546288643535,2.6111648393354674,True,1.4506471329641486,True
2,402,CA-KL,1,z_score,10.038478160111909,2.379061298061204,True,1.4506471329641486,True
1,403,CA-KL,1,z_score,7.021132123546479,2.379061298061204,True,1.4506471329641486,True
1,404,CA-KL,1,z_score,8.181649829917799,2.379061298061204,True,1.4506471329641486,True
4,405,CA-KL,1,z_score,9.342167536289118,2.379061298061204,True,1.4506471329641486,True
4,406,CA-KL,1,z_score,8.413753371192062,2.379061298061204,True,1.4506471329641486,True
5,407,CA-KL,1,z_score,8.181649829917799,2.6111648393354674,True,1.4506471329641486,True
3,408,CA-KL,1,z_score,10.270581701386172,2.6111648393354674,True,1.4506471329641486,True
2,409,CA-KL,1,z_score,9.110063995014853,2.379061298061204,True,1.4506471329641486,True
4,41,CA-KL,1,z_score,6.556925040997952,2.379061298061204,True,1.4506471329641486,True
4,410,CA-KL,1,z_score,9.110063995014853,2.379061298061204,True,1.4506471329641486,True
4,411,CA-KL,1,z_score,10.038478160111909,2.379061298061204,True,1.4506471329641486,True
4,412,CA-KL,1,z_score,8.181649829917799,2.379061298061204,True,1.4506471329641486,True
5,413,CA-KL,1,z_score,14.216341903048656,2.6111648393354674,True,1.4506471329641486,True
2,414,CA-KL,1,z_score,6.324821499723688,2.379061298061204,True,1.4506471329641486,True
2,415,CA-KL,1,z_score,8.645856912466327,2.379061298061204,True,1.4506471329641486,True
1,416,CA-KL,1,z_score,9.342167536289118,2.379061298061204,True,1.4506471329641486,True
5,417,CA-KL,1,z_score,8.645856912466327,2.6111648393354674,True,1.4506471329641486,True
2,418,CA-KL,1,z_score,6.556925040997952,2.379061298061204,True,1.4506471329641486,True
5,419,CA-KL,1,z_score,7.717442747369271,2.6111648393354674,True,1.4506471329641486,True
1,42,CA-KL,1,z_score,6.789028582272215,2.379061298061204,True,1.4506471329641486,True
4,420,CA-KL,1,z_score,8.181649829917799,2.379061298061204,True,1.4506471329641486,True
4,421,CA-KL,1,z_score,8.181649829917799,2.379061298061204,True,1.4506471329641486,True
3,422,CA-KL,1,z_score,8.181649829917799,2.6111648393354674,True,1.4506471329641486,True
2,423,CA-KL,1,z_score,8.413753371192062,2.379061298061204,True,1.4506471329641486,True
3,424,CA-KL,1,z_score,4.55691036764664,2.6111648393354674,True,1.4506471329641486,True
3,425,CA-KL,1,z_score,8.181649829917799,2.6111648393354674,True,1.4506471329641486,True
2,426,CA-KL,1,z_score,7.949546288643535,2.379061298061204,True,1.4506471329641486,True
5,427,CA-KL,1,z_score,5.86061441717516,2.6111648393354674,True,1.4506471329641486,True
3,428,CA-KL,1,z_score,7.717442747369271,2.6111648393354674,True,1.4506471329641486,True
5,429,CA-KL,1,z_score,6.789028582272215,2.6111648393354674,True,1.4506471329641486,True
5,43,CA-KL,1,z_score,7.717442747369271,2.6111648393354674,True,1.4506471329641486,True
3,430,CA-KL,1,z_score,8.87796045374059,2.6111648393354674,True,1.4506471329641486,True
1,431,CA-KL,1,z_score,6.789028582272215,2.379061298061204,True,1.4506471329641486,True
1,432,CA-KL,1,z_score,6.556925040997952,2.379061298061204,True,1.4506471329641486,True
5,433,CA-KL,1,z_score,6.556925040997952,2.6111648393354674,True,1.4506471329641486,True
1,434,CA-KL,1,z_score,7.2532356648207434,2.379061298061204,True,1.4506471329641486,True
5,435,CA-KL,1,z_score,8.413753371192062,2.6111648393354674,True,1.4506471329641486,True
5,436,CA-KL,1,z_score,8.645856912466327,2.6111648393354674,True,1.4506471329641486,True
4,437,CA-KL,1,z_score,7.717442747369271,2.379061298061204,True,1.4506471329641486,True
1,438,CA-KL,1,z_score,8.645856912466327,2.379061298061204,True,1.4506471329641486,True
5,439,CA-KL,1,z_score,10.038478160111909,2.6111648393354674,True,1.4506471329641486,True
5,44,CA-KL,1,z_score,8.181649829917799,2.6111648393354674,True,1.4506471329641486,True
4,440,CA-KL,1,z_score,5.164303793352369,2.379061298061204,True,1.4506471329641486,True
3,441,CA-KL,1,z_score,8.87796045374059,2.6111648393354674,True,1.4506471329641486,True
2,442,CA-KL,1,z_score,10.270581701386172,2.379061298061204,True,1.4506471329641486,True
3,443,CA-KL,1,z_score,8.413753371192062,2.6111648393354674,True,1.4506471329641486,True
4,444,CA-KL,1,z_score,7.4853392060950075,2.379061298061204,True,1.4506471329641486,True
1,445,CA-KL,1,z_score,7.4853392060950075,2.379061298061204,True,1.4506471329641486,True
4,446,CA-KL,1,z_score,10.7347887839347,2.379061298061204,True,1.4506471329641486,True
4,447,CA-KL,1,z_score,9.574271077563381,2.379061298061204,True,1.4506471329641486,True
4,448,CA-KL,1,z_score,9.574271077563381,2.379061298061204,True,1.4506471329641486,True
5,449,CA-KL,1,z_score,10.038478160111909,2.6111648393354674,True,1.4506471329641486,True
5,45,CA-KL,1,z_score,9.342167536289118,2.6111648393354674,True,1.4506471329641486,True
3,450,CA-KL,1,z_score,9.806374618837644,2.6111648393354674,True,1.4506471329641486,True
5,451,CA-KL,1,z_score,9.574271077563381,2.6111648393354674,True,1.4506471329641486,True
4,452,CA-KL,1,z_score,9.574271077563381,2.379061298061204,True,1.4506471329641486,True
2,453,CA-KL,1,z_score,10.038478160111909,2.379061298061204,True,1.4506471329641486,True
1,454,CA-KL,1,z_score,6.092717958449424,2.379061298061204,True,1.4506471329641486,True
2,455,CA-KL,1,z_score,8.413753371192062,2.379061298061204,True,1.4506471329641486,True
5,456,CA-KL,1,z_score,6.092717958449424,2.6111648393354674,True,1.4506471329641486,True
3,457,CA-KL,1,z_score,6.092717958449424,2.6111648393354674,True,1.4506471329641486,True
4,458,CA-KL,1,z_score,7.2532356648207434,2.379061298061204,True,1.4506471329641486,True
2,459,CA-KL,1,z_score,7.717442747369271,2.379061298061204,True,1.4506471329641486,True
5,46,CA-KL,1,z_score,8.413753371192062,2.6111648393354674,True,1.4506471329641486,True
4,460,CA-KL,1,z_score,5.31985084453785,2.379061298061204,True,1.4506471329641486,True
2,461,CA-KL,1,z_score,5.164303793352369,2.379061298061204,True,1.4506471329641486,True
4,462,CA-KL,1,z_score,0.7543365091413573,2.379061298061204,False,1.4506471329641486,False
5,463,CA-KL,1,z_score,8.413753371192062,2.6111648393354674,True,1.4506471329641486,True
1,464,CA-KL,1,z_score,8.645856912466327,2.379061298061204,True,1.4506471329641486,True
2,465,CA-KL,1,z_score,9.342167536289118,2.379061298061204,True,1.4506471329641486,True
1,466,CA-KL,1,z_score,2.8432683806097314,2.379061298061204,True,1.4506471329641486,True
4,467,CA-KL,1,z_score,8.645856912466327,2.379061298061204,True,1.4506471329641486,True
4,468,CA-KL,1,z_score,7.949546288643535,2.379061298061204,True,1.4506471329641486,True
5,469,CA-KL,1,z_score,3.0,2.6111648393354674,True,1.4506471329641486,True
1,47,CA-KL,1,z_score,8.413753371192062,2.379061298061204,True,1.4506471329641486,True
1,470,CA-KL,1,z_score,7.949546288643535,2.379061298061204,True,1.4506471329641486,True
1,471,CA-KL,1,z_score,6.092717958449424,2.379061298061204,True,1.4506471329641486,True
5,472,CA-KL,1,z_score,6.092717958449424,2.6111648393354674,True,1.4506471329641486,True
5,473,CA-KL,1,z_score,8.645856912466327,2.6111648393354674,True,1.4506471329641486,True
2,474,CA-KL,1,z_score,7.2532356648207434,2.379061298061204,True,1.4506471329641486,True
2,475,CA-KL,1,z_score,9.574271077563381,2.379061298061204,True,1.4506471329641486,True
4,476,CA-KL,1,z_score,5.164303793352369,2.379061298061204,True,1.4506471329641486,True
4,477,CA-KL,1,z_score,8.87796045374059,2.379061298061204,True,1.4506471329641486,True
5,478,CA-KL,1,z_score,7.717442747369271,2.6111648393354674,True,1.4506471329641486,True
2,479,CA-KL,1,z_score,9.806374618837644,2.379061298061204,True,1.4506471329641486,True
3,48,CA-KL,1,z_score,8.645856912466327,2.6111648393354674,True,1.4506471329641486,True
2,480,CA-KL,1,z_score,8.645856912466327,2.379061298061204,True,1.4506471329641486,True
5,481,CA-KL,1,z_score,4.932200252078106,2.6111648393354674,True,1.4506471329641486,True
3,482,CA-KL,1,z_score,8.181649829917799,2.6111648393354674,True,1.4506471329641486,True
1,483,CA-KL,1,z_score,3.7716825457067866,2.379061298061204,True,1.4506471329641486,True
4,484,CA-KL,1,z_score,7.2532356648207434,2.379061298061204,True,1.4506471329641486,True
2,485,CA-KL,1,z_score,7.2532356648207434,2.379061298061204,True,1.4506471329641486,True
3,486,CA-KL,1,z_score,5.333333333333333,2.6111648393354674,True,1.4506471329641486,True
2,487,CA-KL,1,z_score,5.628510875900897,2.379061298061204,True,1.4506471329641486,True
2,488,CA-KL,1,z_score,6.324821499723688,2.379061298061204,True,1.4506471329641486,True
1,489,CA-KL,1,z_score,5.86061441717516,2.379061298061204,True,1.4506471329641486,True
4,49,CA-KL,1,z_score,9.342167536289118,2.379061298061204,True,1.4506471329641486,True
4,490,CA-KL,1,z_score,5.628510875900897,2.379061298061204,True,1.4506471329641486,True
2,491,CA-KL,1,z_score,6.789028582272215,2.379061298061204,True,1.4506471329641486,True
5,492,CA-KL,1,z_score,9.806374618837644,2.6111648393354674,True,1.4506471329641486,True
2,493,CA-KL,1,z_score,10.7347887839347,2.379061298061204,True,1.4506471329641486,True
3,494,CA-KL,1,z_score,7.949546288643535,2.6111648393354674,True,1.4506471329641486,True
2,495,CA-KL,1,z_score,5.628510875900897,2.379061298061204,True,1.4506471329641486,True
1,496,CA-KL,1,z_score,6.092717958449424,2.379061298061204,True,1.4506471329641486,True
5,497,CA-KL,1,z_score,9.342167536289118,2.6111648393354674,True,1.4506471329641486,True
1,498,CA-KL,1,z_score,6.092717958449424,2.379061298061204,True,1.4506471329641486,True
5,499,CA-KL,1,z_score,8.181649829917799,2.6111648393354674,True,1.4506471329641486,True
3,5,CA-KL,1,z_score,8.87796045374059,2.6111648393354674,True,1.4506471329641486,True
4,50,CA-KL,1,z_score,6.556925040997952,2.379061298061204,True,1.4506471329641486,True
4,500,CA-KL,1,z_score,8.87796045374059,2.379061298061204,True,1.4506471329641486,True
1,51,CA-KL,1,z_score,8.413753371192062,2.379061298061204,True,1.4506471329641486,True
3,52,CA-KL,1,z_score,8.87796045374059,2.6111648393354674,True,1.4506471329641486,True
4,53,CA-KL,1,z_score,8.413753371192062,2.379061298061204,True,1.4506471329641486,True
2,54,CA-KL,1,z_score,7.717442747369271,2.379061298061204,True,1.4506471329641486,True
5,55,CA-KL,1,z_score,11.431099407757491,2.6111648393354674,True,1.4506471329641486,True
5,56,CA-KL,1,z_score,8.87796045374059,2.6111648393354674,True,1.4506471329641486,True
4,57,CA-KL,1,z_score,8.645856912466327,2.379061298061204,True,1.4506471329641486,True
1,58,CA-KL,1,z_score,7.2532356648207434,2.379061298061204,True,1.4506471329641486,True
5,59,CA-KL,1,z_score,7.949546288643535,2.6111648393354674,True,1.4506471329641486,True
4,6,CA-KL,1,z_score,10.038478160111909,2.379061298061204,True,1.4506471329641486,True
1,60,CA-KL,1,z_score,8.413753371192062,2.379061298061204,True,1.4506471329641486,True
4,61,CA-KL,1,z_score,9.574271077563381,2.379061298061204,True,1.4506471329641486,True
4,62,CA-KL,1,z_score,8.87796045374059,2.379061298061204,True,1.4506471329641486,True
4,63,CA-KL,1,z_score,11.198995866483228,2.379061298061204,True,1.4506471329641486,True
3,64,CA-KL,1,z_score,9.342167536289118,2.6111648393354674,True,1.4506471329641486,True
2,65,CA-KL,1,z_score,7.4853392060950075,2.379061298061204,True,1.4506471329641486,True
1,66,CA-KL,1,z_score,8.413753371192062,2.379061298061204,True,1.4506471329641486,True
5,67,CA-KL,1,z_score,7.949546288643535,2.6111648393354674,True,1.4506471329641486,True
5,68,CA-KL,1,z_score,7.949546288643535,2.6111648393354674,True,1.4506471329641486,True
4,69,CA-KL,1,z_score,10.038478160111909,2.379061298061204,True,1.4506471329641486,True
1,7,CA-KL,1,z_score,6.789028582272215,2.379061298061204,True,1.4506471329641486,True
1,70,CA-KL,1,z_score,7.949546288643535,2.379061298061204,True,1.4506471329641486,True
5,71,CA-KL,1,z_score,7.2532356648207434,2.6111648393354674,True,1.4506471329641486,True
5,72,CA-KL,1,z_score,9.806374618837644,2.6111648393354674,True,1.4506471329641486,True
4,73,CA-KL,1,z_score,5.164303793352369,2.379061298061204,True,1.4506471329641486,True
3,74,CA-KL,1,z_score,6.324821499723688,2.6111648393354674,True,1.4506471329641486,True
2,75,CA-KL,1,z_score,5.86061441717516,2.379061298061204,True,1.4506471329641486,True
5,76,CA-KL,1,z_score,9.110063995014853,2.6111648393354674,True,1.4506471329641486,True
2,77,CA-KL,1,z_score,7.4853392060950075,2.379061298061204,True,1.4506471329641486,True
2,78,CA-KL,1,z_score,3.307475463158259,2.379061298061204,True,1.4506471329641486,True
2,79,CA-KL,1,z_score,8.181649829917799,2.379061298061204,True,1.4506471329641486,True
5,8,CA-KL,1,z_score,8.87796045374059,2.6111648393354674,True,1.4506471329641486,True
3,80,CA-KL,1,z_score,12.127410031580283,2.6111648393354674,True,1.4506471329641486,True
2,81,CA-KL,1,z_score,5.628510875900897,2.379061298061204,True,1.4506471329641486,True
2,82,CA-KL,1,z_score,7.021132123546479,2.379061298061204,True,1.4506471329641486,True
3,83,CA-KL,1,z_score,4.3915503282684,2.6111648393354674,True,1.4506471329641486,True
2,84,CA-KL,1,z_score,10.502685242660437,2.379061298061204,True,1.4506471329641486,True
4,85,CA-KL,1,z_score,6.789028582272215,2.379061298061204,True,1.4506471329641486,True
1,86,CA-KL,1,z_score,7.021132123546479,2.379061298061204,True,1.4506471329641486,True
4,87,CA-KL,1,z_score,8.181649829917799,2.379061298061204,True,1.4506471329641486,True
2,88,CA-KL,1,z_score,7.021132123546479,2.379061298061204,True,1.4506471329641486,True
4,89,CA-KL,1,z_score,6.324821499723688,2.379061298061204,True,1.4506471329641486,True
2,9,CA-KL,1,z_score,8.413753371192062,2.379061298061204,True,1.4506471329641486,True
5,90,CA-KL,1,z_score,8.181649829917799,2.6111648393354674,True,1.4506471329641486,True
3,91,CA-KL,1,z_score,8.543527955048733,2.6111648393354674,True,1.4506471329641486,True
1,92,CA-KL,1,z_score,6.556925040997952,2.379061298061204,True,1.4506471329641486,True
2,93,CA-KL,1,z_score,7.717442747369271,2.379061298061204,True,1.4506471329641486,True
5,94,CA-KL,1,z_score,8.645856912466327,2.6111648393354674,True,1.4506471329641486,True
3,95,CA-KL,1,z_score,9.110063995014853,2.6111648393354674,True,1.4506471329641486,True
1,96,CA-KL,1,z_score,8.87796045374059,2.379061298061204,True,1.4506471329641486,True
5,97,CA-KL,1,z_score,9.806374618837644,2.6111648393354674,True,1.4506471329641486,True
2,98,CA-KL,1,z_score,8.645856912466327,2.379061298061204,True,1.4506471329641486,True
5,99,CA-KL,1,z_score,7.4853392060950075,2.6111648393354674,True,1.4506471329641486,True
2,1,CA-KL + Candidate Greenlist,1,z_score,8.413753371192062,2.379061298061204,True,1.4506471329641486,True
3,10,CA-KL + Candidate Greenlist,1,z_score,5.86061441717516,2.6111648393354674,True,1.4506471329641486,True
5,100,CA-KL + Candidate Greenlist,1,z_score,6.789028582272215,2.6111648393354674,True,1.4506471329641486,True
1,101,CA-KL + Candidate Greenlist,1,z_score,5.164303793352369,2.379061298061204,True,1.4506471329641486,True
5,102,CA-KL + Candidate Greenlist,1,z_score,7.717442747369271,2.6111648393354674,True,1.4506471329641486,True
3,103,CA-KL + Candidate Greenlist,1,z_score,7.717442747369271,2.6111648393354674,True,1.4506471329641486,True
2,104,CA-KL + Candidate Greenlist,1,z_score,3.5395790044325226,2.379061298061204,True,1.4506471329641486,True
5,105,CA-KL + Candidate Greenlist,1,z_score,6.789028582272215,2.6111648393354674,True,1.4506471329641486,True
1,106,CA-KL + Candidate Greenlist,1,z_score,2.4494897427831783,2.379061298061204,True,1.4506471329641486,True
3,107,CA-KL + Candidate Greenlist,1,z_score,6.556925040997952,2.6111648393354674,True,1.4506471329641486,True
3,108,CA-KL + Candidate Greenlist,1,z_score,7.949546288643535,2.6111648393354674,True,1.4506471329641486,True
3,109,CA-KL + Candidate Greenlist,1,z_score,8.413753371192062,2.6111648393354674,True,1.4506471329641486,True
2,11,CA-KL + Candidate Greenlist,1,z_score,6.324821499723688,2.379061298061204,True,1.4506471329641486,True
3,110,CA-KL + Candidate Greenlist,1,z_score,7.2532356648207434,2.6111648393354674,True,1.4506471329641486,True
3,111,CA-KL + Candidate Greenlist,1,z_score,4.959182990670877,2.6111648393354674,True,1.4506471329641486,True
5,112,CA-KL + Candidate Greenlist,1,z_score,9.342167536289118,2.6111648393354674,True,1.4506471329641486,True
3,113,CA-KL + Candidate Greenlist,1,z_score,6.265107527173338,2.6111648393354674,True,1.4506471329641486,True
4,114,CA-KL + Candidate Greenlist,1,z_score,6.556925040997952,2.379061298061204,True,1.4506471329641486,True
3,115,CA-KL + Candidate Greenlist,1,z_score,5.628510875900897,2.6111648393354674,True,1.4506471329641486,True
1,116,CA-KL + Candidate Greenlist,1,z_score,4.932200252078106,2.379061298061204,True,1.4506471329641486,True
4,117,CA-KL + Candidate Greenlist,1,z_score,8.181649829917799,2.379061298061204,True,1.4506471329641486,True
3,118,CA-KL + Candidate Greenlist,1,z_score,9.110063995014853,2.6111648393354674,True,1.4506471329641486,True
1,119,CA-KL + Candidate Greenlist,1,z_score,4.354648431614539,2.379061298061204,True,1.4506471329641486,True
5,12,CA-KL + Candidate Greenlist,1,z_score,4.235889628255314,2.6111648393354674,True,1.4506471329641486,True
3,120,CA-KL + Candidate Greenlist,1,z_score,7.717442747369271,2.6111648393354674,True,1.4506471329641486,True
1,121,CA-KL + Candidate Greenlist,1,z_score,4.700096710803842,2.379061298061204,True,1.4506471329641486,True
1,122,CA-KL + Candidate Greenlist,1,z_score,9.110063995014853,2.379061298061204,True,1.4506471329641486,True
2,123,CA-KL + Candidate Greenlist,1,z_score,0.9864400504156211,2.379061298061204,False,1.4506471329641486,False
1,124,CA-KL + Candidate Greenlist,1,z_score,7.717442747369271,2.379061298061204,True,1.4506471329641486,True
3,125,CA-KL + Candidate Greenlist,1,z_score,9.806374618837644,2.6111648393354674,True,1.4506471329641486,True
4,126,CA-KL + Candidate Greenlist,1,z_score,7.717442747369271,2.379061298061204,True,1.4506471329641486,True
1,127,CA-KL + Candidate Greenlist,1,z_score,2.7791013395195128,2.379061298061204,True,1.4506471329641486,True
1,128,CA-KL + Candidate Greenlist,1,z_score,8.181649829917799,2.379061298061204,True,1.4506471329641486,True
5,129,CA-KL + Candidate Greenlist,1,z_score,9.806374618837644,2.6111648393354674,True,1.4506471329641486,True
4,13,CA-KL + Candidate Greenlist,1,z_score,8.645856912466327,2.379061298061204,True,1.4506471329641486,True
1,130,CA-KL + Candidate Greenlist,1,z_score,4.700096710803842,2.379061298061204,True,1.4506471329641486,True
1,131,CA-KL + Candidate Greenlist,1,z_score,6.092717958449424,2.379061298061204,True,1.4506471329641486,True
1,132,CA-KL + Candidate Greenlist,1,z_score,7.021132123546479,2.379061298061204,True,1.4506471329641486,True
2,133,CA-KL + Candidate Greenlist,1,z_score,5.628510875900897,2.379061298061204,True,1.4506471329641486,True
1,134,CA-KL + Candidate Greenlist,1,z_score,6.324821499723688,2.379061298061204,True,1.4506471329641486,True
1,135,CA-KL + Candidate Greenlist,1,z_score,4.467993169529578,2.379061298061204,True,1.4506471329641486,True
5,136,CA-KL + Candidate Greenlist,1,z_score,4.235889628255314,2.6111648393354674,True,1.4506471329641486,True
1,137,CA-KL + Candidate Greenlist,1,z_score,6.556925040997952,2.379061298061204,True,1.4506471329641486,True
4,138,CA-KL + Candidate Greenlist,1,z_score,3.075371921883995,2.379061298061204,True,1.4506471329641486,True
3,139,CA-KL + Candidate Greenlist,1,z_score,7.2532356648207434,2.6111648393354674,True,1.4506471329641486,True
3,14,CA-KL + Candidate Greenlist,1,z_score,8.413753371192062,2.6111648393354674,True,1.4506471329641486,True
5,140,CA-KL + Candidate Greenlist,1,z_score,8.181649829917799,2.6111648393354674,True,1.4506471329641486,True
4,141,CA-KL + Candidate Greenlist,1,z_score,7.264994276940047,2.379061298061204,True,1.4506471329641486,True
2,142,CA-KL + Candidate Greenlist,1,z_score,4.003786086981051,2.379061298061204,True,1.4506471329641486,True
2,143,CA-KL + Candidate Greenlist,1,z_score,7.717442747369271,2.379061298061204,True,1.4506471329641486,True
5,144,CA-KL + Candidate Greenlist,1,z_score,7.2532356648207434,2.6111648393354674,True,1.4506471329641486,True
3,145,CA-KL + Candidate Greenlist,1,z_score,9.574271077563381,2.6111648393354674,True,1.4506471329641486,True
3,146,CA-KL + Candidate Greenlist,1,z_score,8.181649829917799,2.6111648393354674,True,1.4506471329641486,True
2,147,CA-KL + Candidate Greenlist,1,z_score,4.598515136803904,2.379061298061204,True,1.4506471329641486,True
2,148,CA-KL + Candidate Greenlist,1,z_score,7.021132123546479,2.379061298061204,True,1.4506471329641486,True
5,149,CA-KL + Candidate Greenlist,1,z_score,5.628510875900897,2.6111648393354674,True,1.4506471329641486,True
5,15,CA-KL + Candidate Greenlist,1,z_score,8.181649829917799,2.6111648393354674,True,1.4506471329641486,True
2,150,CA-KL + Candidate Greenlist,1,z_score,4.965212315030781,2.379061298061204,True,1.4506471329641486,True
2,151,CA-KL + Candidate Greenlist,1,z_score,6.556925040997952,2.379061298061204,True,1.4506471329641486,True
2,152,CA-KL + Candidate Greenlist,1,z_score,5.396407334626633,2.379061298061204,True,1.4506471329641486,True
3,153,CA-KL + Candidate Greenlist,1,z_score,4.235889628255314,2.6111648393354674,True,1.4506471329641486,True
5,154,CA-KL + Candidate Greenlist,1,z_score,5.296977535773845,2.6111648393354674,True,1.4506471329641486,True
1,155,CA-KL + Candidate Greenlist,1,z_score,7.717442747369271,2.379061298061204,True,1.4506471329641486,True
4,156,CA-KL + Candidate Greenlist,1,z_score,6.092717958449424,2.379061298061204,True,1.4506471329641486,True
1,157,CA-KL + Candidate Greenlist,1,z_score,9.574271077563381,2.379061298061204,True,1.4506471329641486,True
5,158,CA-KL + Candidate Greenlist,1,z_score,3.7716825457067866,2.6111648393354674,True,1.4506471329641486,True
2,159,CA-KL + Candidate Greenlist,1,z_score,11.198995866483228,2.379061298061204,True,1.4506471329641486,True
5,16,CA-KL + Candidate Greenlist,1,z_score,2.79517586746904,2.6111648393354674,True,1.4506471329641486,True
3,160,CA-KL + Candidate Greenlist,1,z_score,7.021132123546479,2.6111648393354674,True,1.4506471329641486,True
4,161,CA-KL + Candidate Greenlist,1,z_score,9.574271077563381,2.379061298061204,True,1.4506471329641486,True
3,162,CA-KL + Candidate Greenlist,1,z_score,8.645856912466327,2.6111648393354674,True,1.4506471329641486,True
1,163,CA-KL + Candidate Greenlist,1,z_score,5.396407334626633,2.379061298061204,True,1.4506471329641486,True
3,164,CA-KL + Candidate Greenlist,1,z_score,8.87796045374059,2.6111648393354674,True,1.4506471329641486,True
3,165,CA-KL + Candidate Greenlist,1,z_score,5.396407334626633,2.6111648393354674,True,1.4506471329641486,True
2,166,CA-KL + Candidate Greenlist,1,z_score,4.932200252078106,2.379061298061204,True,1.4506471329641486,True
4,167,CA-KL + Candidate Greenlist,1,z_score,5.86061441717516,2.379061298061204,True,1.4506471329641486,True
1,168,CA-KL + Candidate Greenlist,1,z_score,4.235889628255314,2.379061298061204,True,1.4506471329641486,True
1,169,CA-KL + Candidate Greenlist,1,z_score,5.164303793352369,2.379061298061204,True,1.4506471329641486,True
1,17,CA-KL + Candidate Greenlist,1,z_score,7.949546288643535,2.379061298061204,True,1.4506471329641486,True
2,170,CA-KL + Candidate Greenlist,1,z_score,4.700096710803842,2.379061298061204,True,1.4506471329641486,True
3,171,CA-KL + Candidate Greenlist,1,z_score,3.401680257083045,2.6111648393354674,True,1.4506471329641486,True
4,172,CA-KL + Candidate Greenlist,1,z_score,7.949546288643535,2.379061298061204,True,1.4506471329641486,True
5,173,CA-KL + Candidate Greenlist,1,z_score,7.406560798180411,2.6111648393354674,True,1.4506471329641486,True
3,174,CA-KL + Candidate Greenlist,1,z_score,4.003786086981051,2.6111648393354674,True,1.4506471329641486,True
3,175,CA-KL + Candidate Greenlist,1,z_score,5.628510875900897,2.6111648393354674,True,1.4506471329641486,True
3,176,CA-KL + Candidate Greenlist,1,z_score,8.181649829917799,2.6111648393354674,True,1.4506471329641486,True
3,177,CA-KL + Candidate Greenlist,1,z_score,5.86061441717516,2.6111648393354674,True,1.4506471329641486,True
1,178,CA-KL + Candidate Greenlist,1,z_score,8.645856912466327,2.379061298061204,True,1.4506471329641486,True
1,179,CA-KL + Candidate Greenlist,1,z_score,7.021132123546479,2.379061298061204,True,1.4506471329641486,True
3,18,CA-KL + Candidate Greenlist,1,z_score,1.6329931618554523,2.6111648393354674,False,1.4506471329641486,True
4,180,CA-KL + Candidate Greenlist,1,z_score,7.021132123546479,2.379061298061204,True,1.4506471329641486,True
1,181,CA-KL + Candidate Greenlist,1,z_score,10.966892325208963,2.379061298061204,True,1.4506471329641486,True
3,182,CA-KL + Candidate Greenlist,1,z_score,7.717442747369271,2.6111648393354674,True,1.4506471329641486,True
4,183,CA-KL + Candidate Greenlist,1,z_score,7.717442747369271,2.379061298061204,True,1.4506471329641486,True
4,184,CA-KL + Candidate Greenlist,1,z_score,3.8771794290699586,2.379061298061204,True,1.4506471329641486,True
3,185,CA-KL + Candidate Greenlist,1,z_score,9.574271077563381,2.6111648393354674,True,1.4506471329641486,True
2,186,CA-KL + Candidate Greenlist,1,z_score,7.2532356648207434,2.379061298061204,True,1.4506471329641486,True
3,187,CA-KL + Candidate Greenlist,1,z_score,3.075371921883995,2.6111648393354674,True,1.4506471329641486,True
2,188,CA-KL + Candidate Greenlist,1,z_score,6.556925040997952,2.379061298061204,True,1.4506471329641486,True
1,189,CA-KL + Candidate Greenlist,1,z_score,5.86061441717516,2.379061298061204,True,1.4506471329641486,True
3,19,CA-KL + Candidate Greenlist,1,z_score,6.789028582272215,2.6111648393354674,True,1.4506471329641486,True
1,190,CA-KL + Candidate Greenlist,1,z_score,6.556925040997952,2.379061298061204,True,1.4506471329641486,True
2,191,CA-KL + Candidate Greenlist,1,z_score,6.324821499723688,2.379061298061204,True,1.4506471329641486,True
4,192,CA-KL + Candidate Greenlist,1,z_score,5.86061441717516,2.379061298061204,True,1.4506471329641486,True
1,193,CA-KL + Candidate Greenlist,1,z_score,7.949546288643535,2.379061298061204,True,1.4506471329641486,True
1,194,CA-KL + Candidate Greenlist,1,z_score,10.502685242660437,2.379061298061204,True,1.4506471329641486,True
3,195,CA-KL + Candidate Greenlist,1,z_score,7.4853392060950075,2.6111648393354674,True,1.4506471329641486,True
2,196,CA-KL + Candidate Greenlist,1,z_score,5.628510875900897,2.379061298061204,True,1.4506471329641486,True
4,197,CA-KL + Candidate Greenlist,1,z_score,9.110063995014853,2.379061298061204,True,1.4506471329641486,True
4,198,CA-KL + Candidate Greenlist,1,z_score,8.645856912466327,2.379061298061204,True,1.4506471329641486,True
5,199,CA-KL + Candidate Greenlist,1,z_score,7.021132123546479,2.6111648393354674,True,1.4506471329641486,True
3,2,CA-KL + Candidate Greenlist,1,z_score,6.789028582272215,2.6111648393354674,True,1.4506471329641486,True
5,20,CA-KL + Candidate Greenlist,1,z_score,4.467993169529578,2.6111648393354674,True,1.4506471329641486,True
5,200,CA-KL + Candidate Greenlist,1,z_score,7.4853392060950075,2.6111648393354674,True,1.4506471329641486,True
4,201,CA-KL + Candidate Greenlist,1,z_score,6.324821499723688,2.379061298061204,True,1.4506471329641486,True
2,202,CA-KL + Candidate Greenlist,1,z_score,8.87796045374059,2.379061298061204,True,1.4506471329641486,True
4,203,CA-KL + Candidate Greenlist,1,z_score,7.4853392060950075,2.379061298061204,True,1.4506471329641486,True
5,204,CA-KL + Candidate Greenlist,1,z_score,0.29012942659282975,2.6111648393354674,False,1.4506471329641486,False
3,205,CA-KL + Candidate Greenlist,1,z_score,3.075371921883995,2.6111648393354674,True,1.4506471329641486,True
3,206,CA-KL + Candidate Greenlist,1,z_score,0.4622501635210242,2.6111648393354674,False,1.4506471329641486,False
3,207,CA-KL + Candidate Greenlist,1,z_score,8.645856912466327,2.6111648393354674,True,1.4506471329641486,True
2,208,CA-KL + Candidate Greenlist,1,z_score,6.556925040997952,2.379061298061204,True,1.4506471329641486,True
3,209,CA-KL + Candidate Greenlist,1,z_score,5.628510875900897,2.6111648393354674,True,1.4506471329641486,True
4,21,CA-KL + Candidate Greenlist,1,z_score,6.789028582272215,2.379061298061204,True,1.4506471329641486,True
1,210,CA-KL + Candidate Greenlist,1,z_score,8.87796045374059,2.379061298061204,True,1.4506471329641486,True
4,211,CA-KL + Candidate Greenlist,1,z_score,6.556925040997952,2.379061298061204,True,1.4506471329641486,True
1,212,CA-KL + Candidate Greenlist,1,z_score,5.628510875900897,2.379061298061204,True,1.4506471329641486,True
1,213,CA-KL + Candidate Greenlist,1,z_score,7.4853392060950075,2.379061298061204,True,1.4506471329641486,True
1,214,CA-KL + Candidate Greenlist,1,z_score,6.556925040997952,2.379061298061204,True,1.4506471329641486,True
2,215,CA-KL + Candidate Greenlist,1,z_score,7.021132123546479,2.379061298061204,True,1.4506471329641486,True
4,216,CA-KL + Candidate Greenlist,1,z_score,4.932200252078106,2.379061298061204,True,1.4506471329641486,True
2,217,CA-KL + Candidate Greenlist,1,z_score,7.949546288643535,2.379061298061204,True,1.4506471329641486,True
3,218,CA-KL + Candidate Greenlist,1,z_score,4.003786086981051,2.6111648393354674,True,1.4506471329641486,True
3,219,CA-KL + Candidate Greenlist,1,z_score,5.86061441717516,2.6111648393354674,True,1.4506471329641486,True
1,22,CA-KL + Candidate Greenlist,1,z_score,7.4853392060950075,2.379061298061204,True,1.4506471329641486,True
4,220,CA-KL + Candidate Greenlist,1,z_score,9.110063995014853,2.379061298061204,True,1.4506471329641486,True
5,221,CA-KL + Candidate Greenlist,1,z_score,7.4853392060950075,2.6111648393354674,True,1.4506471329641486,True
1,222,CA-KL + Candidate Greenlist,1,z_score,2.379061298061204,2.379061298061204,True,1.4506471329641486,True
4,223,CA-KL + Candidate Greenlist,1,z_score,6.789028582272215,2.379061298061204,True,1.4506471329641486,True
3,224,CA-KL + Candidate Greenlist,1,z_score,6.789028582272215,2.6111648393354674,True,1.4506471329641486,True
5,225,CA-KL + Candidate Greenlist,1,z_score,6.789028582272215,2.6111648393354674,True,1.4506471329641486,True
2,226,CA-KL + Candidate Greenlist,1,z_score,6.401854406138769,2.379061298061204,True,1.4506471329641486,True
2,227,CA-KL + Candidate Greenlist,1,z_score,7.717442747369271,2.379061298061204,True,1.4506471329641486,True
1,228,CA-KL + Candidate Greenlist,1,z_score,6.789028582272215,2.379061298061204,True,1.4506471329641486,True
5,229,CA-KL + Candidate Greenlist,1,z_score,6.092717958449424,2.6111648393354674,True,1.4506471329641486,True
1,23,CA-KL + Candidate Greenlist,1,z_score,6.092717958449424,2.379061298061204,True,1.4506471329641486,True
2,230,CA-KL + Candidate Greenlist,1,z_score,4.467993169529578,2.379061298061204,True,1.4506471329641486,True
5,231,CA-KL + Candidate Greenlist,1,z_score,9.110063995014853,2.6111648393354674,True,1.4506471329641486,True
5,232,CA-KL + Candidate Greenlist,1,z_score,8.87796045374059,2.6111648393354674,True,1.4506471329641486,True
2,233,CA-KL + Candidate Greenlist,1,z_score,9.806374618837644,2.379061298061204,True,1.4506471329641486,True
1,234,CA-KL + Candidate Greenlist,1,z_score,6.789028582272215,2.379061298061204,True,1.4506471329641486,True
1,235,CA-KL + Candidate Greenlist,1,z_score,1.0,2.379061298061204,False,1.4506471329641486,False
3,236,CA-KL + Candidate Greenlist,1,z_score,8.181649829917799,2.6111648393354674,True,1.4506471329641486,True
1,237,CA-KL + Candidate Greenlist,1,z_score,8.645856912466327,2.379061298061204,True,1.4506471329641486,True
4,238,CA-KL + Candidate Greenlist,1,z_score,5.628510875900897,2.379061298061204,True,1.4506471329641486,True
4,239,CA-KL + Candidate Greenlist,1,z_score,1.6827506742384124,2.379061298061204,False,1.4506471329641486,True
1,24,CA-KL + Candidate Greenlist,1,z_score,9.342167536289118,2.379061298061204,True,1.4506471329641486,True
4,240,CA-KL + Candidate Greenlist,1,z_score,7.2532356648207434,2.379061298061204,True,1.4506471329641486,True
1,241,CA-KL + Candidate Greenlist,1,z_score,7.949546288643535,2.379061298061204,True,1.4506471329641486,True
2,242,CA-KL + Candidate Greenlist,1,z_score,6.324821499723688,2.379061298061204,True,1.4506471329641486,True
4,243,CA-KL + Candidate Greenlist,1,z_score,8.413753371192062,2.379061298061204,True,1.4506471329641486,True
5,244,CA-KL + Candidate Greenlist,1,z_score,9.806374618837644,2.6111648393354674,True,1.4506471329641486,True
2,245,CA-KL + Candidate Greenlist,1,z_score,4.467993169529578,2.379061298061204,True,1.4506471329641486,True
2,246,CA-KL + Candidate Greenlist,1,z_score,6.092717958449424,2.379061298061204,True,1.4506471329641486,True
3,247,CA-KL + Candidate Greenlist,1,z_score,7.717442747369271,2.6111648393354674,True,1.4506471329641486,True
4,248,CA-KL + Candidate Greenlist,1,z_score,4.003786086981051,2.379061298061204,True,1.4506471329641486,True
4,249,CA-KL + Candidate Greenlist,1,z_score,8.413753371192062,2.379061298061204,True,1.4506471329641486,True
3,25,CA-KL + Candidate Greenlist,1,z_score,7.4853392060950075,2.6111648393354674,True,1.4506471329641486,True
1,250,CA-KL + Candidate Greenlist,1,z_score,7.717442747369271,2.379061298061204,True,1.4506471329641486,True
5,251,CA-KL + Candidate Greenlist,1,z_score,6.556925040997952,2.6111648393354674,True,1.4506471329641486,True
4,252,CA-KL + Candidate Greenlist,1,z_score,7.2532356648207434,2.379061298061204,True,1.4506471329641486,True
3,253,CA-KL + Candidate Greenlist,1,z_score,5.164303793352369,2.6111648393354674,True,1.4506471329641486,True
5,254,CA-KL + Candidate Greenlist,1,z_score,8.181649829917799,2.6111648393354674,True,1.4506471329641486,True
1,255,CA-KL + Candidate Greenlist,1,z_score,8.413753371192062,2.379061298061204,True,1.4506471329641486,True
3,256,CA-KL + Candidate Greenlist,1,z_score,5.86061441717516,2.6111648393354674,True,1.4506471329641486,True
3,257,CA-KL + Candidate Greenlist,1,z_score,8.181649829917799,2.6111648393354674,True,1.4506471329641486,True
1,258,CA-KL + Candidate Greenlist,1,z_score,6.324821499723688,2.379061298061204,True,1.4506471329641486,True
2,259,CA-KL + Candidate Greenlist,1,z_score,6.602956445140701,2.379061298061204,True,1.4506471329641486,True
5,26,CA-KL + Candidate Greenlist,1,z_score,6.556925040997952,2.6111648393354674,True,1.4506471329641486,True
5,260,CA-KL + Candidate Greenlist,1,z_score,9.342167536289118,2.6111648393354674,True,1.4506471329641486,True
3,261,CA-KL + Candidate Greenlist,1,z_score,6.789028582272215,2.6111648393354674,True,1.4506471329641486,True
3,262,CA-KL + Candidate Greenlist,1,z_score,7.4853392060950075,2.6111648393354674,True,1.4506471329641486,True
2,263,CA-KL + Candidate Greenlist,1,z_score,5.164303793352369,2.379061298061204,True,1.4506471329641486,True
2,264,CA-KL + Candidate Greenlist,1,z_score,4.6663898035258065,2.379061298061204,True,1.4506471329641486,True
2,265,CA-KL + Candidate Greenlist,1,z_score,4.932200252078106,2.379061298061204,True,1.4506471329641486,True
2,266,CA-KL + Candidate Greenlist,1,z_score,9.574271077563381,2.379061298061204,True,1.4506471329641486,True
5,267,CA-KL + Candidate Greenlist,1,z_score,7.2532356648207434,2.6111648393354674,True,1.4506471329641486,True
5,268,CA-KL + Candidate Greenlist,1,z_score,8.413753371192062,2.6111648393354674,True,1.4506471329641486,True
4,269,CA-KL + Candidate Greenlist,1,z_score,7.2532356648207434,2.379061298061204,True,1.4506471329641486,True
3,27,CA-KL + Candidate Greenlist,1,z_score,5.86061441717516,2.6111648393354674,True,1.4506471329641486,True
1,270,CA-KL + Candidate Greenlist,1,z_score,4.932200252078106,2.379061298061204,True,1.4506471329641486,True
5,271,CA-KL + Candidate Greenlist,1,z_score,6.789028582272215,2.6111648393354674,True,1.4506471329641486,True
1,272,CA-KL + Candidate Greenlist,1,z_score,6.092717958449424,2.379061298061204,True,1.4506471329641486,True
4,273,CA-KL + Candidate Greenlist,1,z_score,6.092717958449424,2.379061298061204,True,1.4506471329641486,True
5,274,CA-KL + Candidate Greenlist,1,z_score,2.9593201512468634,2.6111648393354674,True,1.4506471329641486,True
2,275,CA-KL + Candidate Greenlist,1,z_score,11.663202949031755,2.379061298061204,True,1.4506471329641486,True
5,276,CA-KL + Candidate Greenlist,1,z_score,7.021132123546479,2.6111648393354674,True,1.4506471329641486,True
1,277,CA-KL + Candidate Greenlist,1,z_score,8.413753371192062,2.379061298061204,True,1.4506471329641486,True
5,278,CA-KL + Candidate Greenlist,1,z_score,6.092717958449424,2.6111648393354674,True,1.4506471329641486,True
1,279,CA-KL + Candidate Greenlist,1,z_score,6.556925040997952,2.379061298061204,True,1.4506471329641486,True
5,28,CA-KL + Candidate Greenlist,1,z_score,9.110063995014853,2.6111648393354674,True,1.4506471329641486,True
1,280,CA-KL + Candidate Greenlist,1,z_score,7.2532356648207434,2.379061298061204,True,1.4506471329641486,True
5,281,CA-KL + Candidate Greenlist,1,z_score,7.0557117842970865,2.6111648393354674,True,1.4506471329641486,True
2,282,CA-KL + Candidate Greenlist,1,z_score,4.932200252078106,2.379061298061204,True,1.4506471329641486,True
5,283,CA-KL + Candidate Greenlist,1,z_score,6.556925040997952,2.6111648393354674,True,1.4506471329641486,True
4,284,CA-KL + Candidate Greenlist,1,z_score,9.110063995014853,2.379061298061204,True,1.4506471329641486,True
5,285,CA-KL + Candidate Greenlist,1,z_score,6.789028582272215,2.6111648393354674,True,1.4506471329641486,True
2,286,CA-KL + Candidate Greenlist,1,z_score,6.092717958449424,2.379061298061204,True,1.4506471329641486,True
1,287,CA-KL + Candidate Greenlist,1,z_score,5.164303793352369,2.379061298061204,True,1.4506471329641486,True
3,288,CA-KL + Candidate Greenlist,1,z_score,8.645856912466327,2.6111648393354674,True,1.4506471329641486,True
1,289,CA-KL + Candidate Greenlist,1,z_score,6.324821499723688,2.379061298061204,True,1.4506471329641486,True
4,29,CA-KL + Candidate Greenlist,1,z_score,7.021132123546479,2.379061298061204,True,1.4506471329641486,True
4,290,CA-KL + Candidate Greenlist,1,z_score,8.181649829917799,2.379061298061204,True,1.4506471329641486,True
3,291,CA-KL + Candidate Greenlist,1,z_score,5.86061441717516,2.6111648393354674,True,1.4506471329641486,True
2,292,CA-KL + Candidate Greenlist,1,z_score,8.645856912466327,2.379061298061204,True,1.4506471329641486,True
4,293,CA-KL + Candidate Greenlist,1,z_score,5.86061441717516,2.379061298061204,True,1.4506471329641486,True
3,294,CA-KL + Candidate Greenlist,1,z_score,6.789028582272215,2.6111648393354674,True,1.4506471329641486,True
2,295,CA-KL + Candidate Greenlist,1,z_score,11.431099407757491,2.379061298061204,True,1.4506471329641486,True
5,296,CA-KL + Candidate Greenlist,1,z_score,7.717442747369271,2.6111648393354674,True,1.4506471329641486,True
3,297,CA-KL + Candidate Greenlist,1,z_score,5.396407334626633,2.6111648393354674,True,1.4506471329641486,True
5,298,CA-KL + Candidate Greenlist,1,z_score,7.2532356648207434,2.6111648393354674,True,1.4506471329641486,True
1,299,CA-KL + Candidate Greenlist,1,z_score,6.324821499723688,2.379061298061204,True,1.4506471329641486,True
5,3,CA-KL + Candidate Greenlist,1,z_score,7.2532356648207434,2.6111648393354674,True,1.4506471329641486,True
1,30,CA-KL + Candidate Greenlist,1,z_score,11.198995866483228,2.379061298061204,True,1.4506471329641486,True
2,300,CA-KL + Candidate Greenlist,1,z_score,7.717442747369271,2.379061298061204,True,1.4506471329641486,True
3,301,CA-KL + Candidate Greenlist,1,z_score,6.789028582272215,2.6111648393354674,True,1.4506471329641486,True
4,302,CA-KL + Candidate Greenlist,1,z_score,11.431099407757491,2.379061298061204,True,1.4506471329641486,True
4,303,CA-KL + Candidate Greenlist,1,z_score,9.110063995014853,2.379061298061204,True,1.4506471329641486,True
3,304,CA-KL + Candidate Greenlist,1,z_score,8.181649829917799,2.6111648393354674,True,1.4506471329641486,True
5,305,CA-KL + Candidate Greenlist,1,z_score,4.700096710803842,2.6111648393354674,True,1.4506471329641486,True
1,306,CA-KL + Candidate Greenlist,1,z_score,6.556925040997952,2.379061298061204,True,1.4506471329641486,True
2,307,CA-KL + Candidate Greenlist,1,z_score,7.949546288643535,2.379061298061204,True,1.4506471329641486,True
1,308,CA-KL + Candidate Greenlist,1,z_score,7.717442747369271,2.379061298061204,True,1.4506471329641486,True
2,309,CA-KL + Candidate Greenlist,1,z_score,7.949546288643535,2.379061298061204,True,1.4506471329641486,True
2,31,CA-KL + Candidate Greenlist,1,z_score,3.7716825457067866,2.379061298061204,True,1.4506471329641486,True
5,310,CA-KL + Candidate Greenlist,1,z_score,6.789028582272215,2.6111648393354674,True,1.4506471329641486,True
4,311,CA-KL + Candidate Greenlist,1,z_score,9.110063995014853,2.379061298061204,True,1.4506471329641486,True
2,312,CA-KL + Candidate Greenlist,1,z_score,6.789028582272215,2.379061298061204,True,1.4506471329641486,True
2,313,CA-KL + Candidate Greenlist,1,z_score,9.574271077563381,2.379061298061204,True,1.4506471329641486,True
1,314,CA-KL + Candidate Greenlist,1,z_score,7.2532356648207434,2.379061298061204,True,1.4506471329641486,True
1,315,CA-KL + Candidate Greenlist,1,z_score,4.700096710803842,2.379061298061204,True,1.4506471329641486,True
3,316,CA-KL + Candidate Greenlist,1,z_score,8.413753371192062,2.6111648393354674,True,1.4506471329641486,True
1,317,CA-KL + Candidate Greenlist,1,z_score,8.645856912466327,2.379061298061204,True,1.4506471329641486,True
5,318,CA-KL + Candidate Greenlist,1,z_score,8.413753371192062,2.6111648393354674,True,1.4506471329641486,True
4,319,CA-KL + Candidate Greenlist,1,z_score,7.2532356648207434,2.379061298061204,True,1.4506471329641486,True
1,32,CA-KL + Candidate Greenlist,1,z_score,4.235889628255314,2.379061298061204,True,1.4506471329641486,True
3,320,CA-KL + Candidate Greenlist,1,z_score,9.110063995014853,2.6111648393354674,True,1.4506471329641486,True
4,321,CA-KL + Candidate Greenlist,1,z_score,7.949546288643535,2.379061298061204,True,1.4506471329641486,True
2,322,CA-KL + Candidate Greenlist,1,z_score,8.521767001069252,2.379061298061204,True,1.4506471329641486,True
3,323,CA-KL + Candidate Greenlist,1,z_score,8.645856912466327,2.6111648393354674,True,1.4506471329641486,True
4,324,CA-KL + Candidate Greenlist,1,z_score,11.663202949031755,2.379061298061204,True,1.4506471329641486,True
2,325,CA-KL + Candidate Greenlist,1,z_score,8.181649829917799,2.379061298061204,True,1.4506471329641486,True
4,326,CA-KL + Candidate Greenlist,1,z_score,2.8432683806097314,2.379061298061204,True,1.4506471329641486,True
4,327,CA-KL + Candidate Greenlist,1,z_score,6.556925040997952,2.379061298061204,True,1.4506471329641486,True
4,328,CA-KL + Candidate Greenlist,1,z_score,5.396407334626633,2.379061298061204,True,1.4506471329641486,True
5,329,CA-KL + Candidate Greenlist,1,z_score,8.181649829917799,2.6111648393354674,True,1.4506471329641486,True
4,33,CA-KL + Candidate Greenlist,1,z_score,6.324821499723688,2.379061298061204,True,1.4506471329641486,True
4,330,CA-KL + Candidate Greenlist,1,z_score,7.717442747369271,2.379061298061204,True,1.4506471329641486,True
4,331,CA-KL + Candidate Greenlist,1,z_score,2.6111648393354674,2.379061298061204,True,1.4506471329641486,True
4,332,CA-KL + Candidate Greenlist,1,z_score,2.1469577567869402,2.379061298061204,False,1.4506471329641486,True
2,333,CA-KL + Candidate Greenlist,1,z_score,4.932200252078106,2.379061298061204,True,1.4506471329641486,True
4,334,CA-KL + Candidate Greenlist,1,z_score,6.092717958449424,2.379061298061204,True,1.4506471329641486,True
1,335,CA-KL + Candidate Greenlist,1,z_score,5.2759530656719935,2.379061298061204,True,1.4506471329641486,True
2,336,CA-KL + Candidate Greenlist,1,z_score,8.413753371192062,2.379061298061204,True,1.4506471329641486,True
2,337,CA-KL + Candidate Greenlist,1,z_score,7.2532356648207434,2.379061298061204,True,1.4506471329641486,True
3,338,CA-KL + Candidate Greenlist,1,z_score,7.949546288643535,2.6111648393354674,True,1.4506471329641486,True
5,339,CA-KL + Candidate Greenlist,1,z_score,10.038478160111909,2.6111648393354674,True,1.4506471329641486,True
1,34,CA-KL + Candidate Greenlist,1,z_score,6.324821499723688,2.379061298061204,True,1.4506471329641486,True
4,340,CA-KL + Candidate Greenlist,1,z_score,9.110063995014853,2.379061298061204,True,1.4506471329641486,True
3,341,CA-KL + Candidate Greenlist,1,z_score,7.4853392060950075,2.6111648393354674,True,1.4506471329641486,True
3,342,CA-KL + Candidate Greenlist,1,z_score,3.841143835488627,2.6111648393354674,True,1.4506471329641486,True
5,343,CA-KL + Candidate Greenlist,1,z_score,5.057563382541147,2.6111648393354674,True,1.4506471329641486,True
5,344,CA-KL + Candidate Greenlist,1,z_score,8.181649829917799,2.6111648393354674,True,1.4506471329641486,True
2,345,CA-KL + Candidate Greenlist,1,z_score,10.038478160111909,2.379061298061204,True,1.4506471329641486,True
3,346,CA-KL + Candidate Greenlist,1,z_score,4.467993169529578,2.6111648393354674,True,1.4506471329641486,True
5,347,CA-KL + Candidate Greenlist,1,z_score,6.556925040997952,2.6111648393354674,True,1.4506471329641486,True
1,348,CA-KL + Candidate Greenlist,1,z_score,6.092717958449424,2.379061298061204,True,1.4506471329641486,True
3,349,CA-KL + Candidate Greenlist,1,z_score,6.324821499723688,2.6111648393354674,True,1.4506471329641486,True
1,35,CA-KL + Candidate Greenlist,1,z_score,3.5395790044325226,2.379061298061204,True,1.4506471329641486,True
1,350,CA-KL + Candidate Greenlist,1,z_score,6.789028582272215,2.379061298061204,True,1.4506471329641486,True
3,351,CA-KL + Candidate Greenlist,1,z_score,6.324821499723688,2.6111648393354674,True,1.4506471329641486,True
4,352,CA-KL + Candidate Greenlist,1,z_score,6.092717958449424,2.379061298061204,True,1.4506471329641486,True
2,353,CA-KL + Candidate Greenlist,1,z_score,5.86061441717516,2.379061298061204,True,1.4506471329641486,True
3,354,CA-KL + Candidate Greenlist,1,z_score,7.717442747369271,2.6111648393354674,True,1.4506471329641486,True
2,355,CA-KL + Candidate Greenlist,1,z_score,7.021132123546479,2.379061298061204,True,1.4506471329641486,True
1,356,CA-KL + Candidate Greenlist,1,z_score,6.092717958449424,2.379061298061204,True,1.4506471329641486,True
5,357,CA-KL + Candidate Greenlist,1,z_score,7.949546288643535,2.6111648393354674,True,1.4506471329641486,True
1,358,CA-KL + Candidate Greenlist,1,z_score,9.342167536289118,2.379061298061204,True,1.4506471329641486,True
2,359,CA-KL + Candidate Greenlist,1,z_score,1.2309149097933272,2.379061298061204,False,1.4506471329641486,False
3,36,CA-KL + Candidate Greenlist,1,z_score,0.7543365091413573,2.6111648393354674,False,1.4506471329641486,False
5,360,CA-KL + Candidate Greenlist,1,z_score,5.86061441717516,2.6111648393354674,True,1.4506471329641486,True
3,361,CA-KL + Candidate Greenlist,1,z_score,7.4853392060950075,2.6111648393354674,True,1.4506471329641486,True
4,362,CA-KL + Candidate Greenlist,1,z_score,6.092717958449424,2.379061298061204,True,1.4506471329641486,True
5,363,CA-KL + Candidate Greenlist,1,z_score,8.181649829917799,2.6111648393354674,True,1.4506471329641486,True
3,364,CA-KL + Candidate Greenlist,1,z_score,13.984238361774393,2.6111648393354674,True,1.4506471329641486,True
3,365,CA-KL + Candidate Greenlist,1,z_score,3.075371921883995,2.6111648393354674,True,1.4506471329641486,True
1,366,CA-KL + Candidate Greenlist,1,z_score,5.396407334626633,2.379061298061204,True,1.4506471329641486,True
2,367,CA-KL + Candidate Greenlist,1,z_score,5.396407334626633,2.379061298061204,True,1.4506471329641486,True
5,368,CA-KL + Candidate Greenlist,1,z_score,5.164303793352369,2.6111648393354674,True,1.4506471329641486,True
3,369,CA-KL + Candidate Greenlist,1,z_score,7.2532356648207434,2.6111648393354674,True,1.4506471329641486,True
5,37,CA-KL + Candidate Greenlist,1,z_score,6.041186552271796,2.6111648393354674,True,1.4506471329641486,True
2,370,CA-KL + Candidate Greenlist,1,z_score,7.717442747369271,2.379061298061204,True,1.4506471329641486,True
4,371,CA-KL + Candidate Greenlist,1,z_score,6.092717958449424,2.379061298061204,True,1.4506471329641486,True
4,372,CA-KL + Candidate Greenlist,1,z_score,8.413753371192062,2.379061298061204,True,1.4506471329641486,True
2,373,CA-KL + Candidate Greenlist,1,z_score,6.499336836196816,2.379061298061204,True,1.4506471329641486,True
4,374,CA-KL + Candidate Greenlist,1,z_score,7.4853392060950075,2.379061298061204,True,1.4506471329641486,True
1,375,CA-KL + Candidate Greenlist,1,z_score,9.574271077563381,2.379061298061204,True,1.4506471329641486,True
5,376,CA-KL + Candidate Greenlist,1,z_score,8.87796045374059,2.6111648393354674,True,1.4506471329641486,True
3,377,CA-KL + Candidate Greenlist,1,z_score,7.021132123546479,2.6111648393354674,True,1.4506471329641486,True
3,378,CA-KL + Candidate Greenlist,1,z_score,3.307475463158259,2.6111648393354674,True,1.4506471329641486,True
4,379,CA-KL + Candidate Greenlist,1,z_score,9.110063995014853,2.379061298061204,True,1.4506471329641486,True
4,38,CA-KL + Candidate Greenlist,1,z_score,7.717442747369271,2.379061298061204,True,1.4506471329641486,True
1,380,CA-KL + Candidate Greenlist,1,z_score,8.181649829917799,2.379061298061204,True,1.4506471329641486,True
2,381,CA-KL + Candidate Greenlist,1,z_score,7.4853392060950075,2.379061298061204,True,1.4506471329641486,True
4,382,CA-KL + Candidate Greenlist,1,z_score,9.110063995014853,2.379061298061204,True,1.4506471329641486,True
3,383,CA-KL + Candidate Greenlist,1,z_score,9.806374618837644,2.6111648393354674,True,1.4506471329641486,True
2,384,CA-KL + Candidate Greenlist,1,z_score,7.717442747369271,2.379061298061204,True,1.4506471329641486,True
3,385,CA-KL + Candidate Greenlist,1,z_score,6.092717958449424,2.6111648393354674,True,1.4506471329641486,True
2,386,CA-KL + Candidate Greenlist,1,z_score,5.164303793352369,2.379061298061204,True,1.4506471329641486,True
5,387,CA-KL + Candidate Greenlist,1,z_score,8.181649829917799,2.6111648393354674,True,1.4506471329641486,True
4,388,CA-KL + Candidate Greenlist,1,z_score,5.628510875900897,2.379061298061204,True,1.4506471329641486,True
2,389,CA-KL + Candidate Greenlist,1,z_score,8.87796045374059,2.379061298061204,True,1.4506471329641486,True
4,39,CA-KL + Candidate Greenlist,1,z_score,2.434508013602067,2.379061298061204,True,1.4506471329641486,True
2,390,CA-KL + Candidate Greenlist,1,z_score,9.342167536289118,2.379061298061204,True,1.4506471329641486,True
4,391,CA-KL + Candidate Greenlist,1,z_score,3.849741916091625,2.379061298061204,True,1.4506471329641486,True
5,392,CA-KL + Candidate Greenlist,1,z_score,5.628510875900897,2.6111648393354674,True,1.4506471329641486,True
3,393,CA-KL + Candidate Greenlist,1,z_score,7.717442747369271,2.6111648393354674,True,1.4506471329641486,True
2,394,CA-KL + Candidate Greenlist,1,z_score,6.556925040997952,2.379061298061204,True,1.4506471329641486,True
3,395,CA-KL + Candidate Greenlist,1,z_score,5.057563382541147,2.6111648393354674,True,1.4506471329641486,True
5,396,CA-KL + Candidate Greenlist,1,z_score,5.664705542999467,2.6111648393354674,True,1.4506471329641486,True
5,397,CA-KL + Candidate Greenlist,1,z_score,7.717442747369271,2.6111648393354674,True,1.4506471329641486,True
1,398,CA-KL + Candidate Greenlist,1,z_score,4.700096710803842,2.379061298061204,True,1.4506471329641486,True
1,399,CA-KL + Candidate Greenlist,1,z_score,4.235889628255314,2.379061298061204,True,1.4506471329641486,True
1,4,CA-KL + Candidate Greenlist,1,z_score,5.86061441717516,2.379061298061204,True,1.4506471329641486,True
3,40,CA-KL + Candidate Greenlist,1,z_score,8.413753371192062,2.6111648393354674,True,1.4506471329641486,True
3,400,CA-KL + Candidate Greenlist,1,z_score,8.181649829917799,2.6111648393354674,True,1.4506471329641486,True
5,401,CA-KL + Candidate Greenlist,1,z_score,4.700096710803842,2.6111648393354674,True,1.4506471329641486,True
2,402,CA-KL + Candidate Greenlist,1,z_score,7.717442747369271,2.379061298061204,True,1.4506471329641486,True
1,403,CA-KL + Candidate Greenlist,1,z_score,2.8432683806097314,2.379061298061204,True,1.4506471329641486,True
1,404,CA-KL + Candidate Greenlist,1,z_score,7.2532356648207434,2.379061298061204,True,1.4506471329641486,True
4,405,CA-KL + Candidate Greenlist,1,z_score,4.598515136803904,2.379061298061204,True,1.4506471329641486,True
4,406,CA-KL + Candidate Greenlist,1,z_score,6.789028582272215,2.379061298061204,True,1.4506471329641486,True
5,407,CA-KL + Candidate Greenlist,1,z_score,7.949546288643535,2.6111648393354674,True,1.4506471329641486,True
3,408,CA-KL + Candidate Greenlist,1,z_score,7.2532356648207434,2.6111648393354674,True,1.4506471329641486,True
2,409,CA-KL + Candidate Greenlist,1,z_score,9.342167536289118,2.379061298061204,True,1.4506471329641486,True
4,41,CA-KL + Candidate Greenlist,1,z_score,6.324821499723688,2.379061298061204,True,1.4506471329641486,True
4,410,CA-KL + Candidate Greenlist,1,z_score,7.717442747369271,2.379061298061204,True,1.4506471329641486,True
4,411,CA-KL + Candidate Greenlist,1,z_score,6.324821499723688,2.379061298061204,True,1.4506471329641486,True
4,412,CA-KL + Candidate Greenlist,1,z_score,6.092717958449424,2.379061298061204,True,1.4506471329641486,True
5,413,CA-KL + Candidate Greenlist,1,z_score,5.628510875900897,2.6111648393354674,True,1.4506471329641486,True
2,414,CA-KL + Candidate Greenlist,1,z_score,7.021132123546479,2.379061298061204,True,1.4506471329641486,True
2,415,CA-KL + Candidate Greenlist,1,z_score,5.86061441717516,2.379061298061204,True,1.4506471329641486,True
1,416,CA-KL + Candidate Greenlist,1,z_score,10.038478160111909,2.379061298061204,True,1.4506471329641486,True
5,417,CA-KL + Candidate Greenlist,1,z_score,6.324821499723688,2.6111648393354674,True,1.4506471329641486,True
2,418,CA-KL + Candidate Greenlist,1,z_score,7.4853392060950075,2.379061298061204,True,1.4506471329641486,True
5,419,CA-KL + Candidate Greenlist,1,z_score,5.86061441717516,2.6111648393354674,True,1.4506471329641486,True
1,42,CA-KL + Candidate Greenlist,1,z_score,7.021132123546479,2.379061298061204,True,1.4506471329641486,True
4,420,CA-KL + Candidate Greenlist,1,z_score,8.413753371192062,2.379061298061204,True,1.4506471329641486,True
4,421,CA-KL + Candidate Greenlist,1,z_score,8.645856912466327,2.379061298061204,True,1.4506471329641486,True
3,422,CA-KL + Candidate Greenlist,1,z_score,9.110063995014853,2.6111648393354674,True,1.4506471329641486,True
2,423,CA-KL + Candidate Greenlist,1,z_score,9.110063995014853,2.379061298061204,True,1.4506471329641486,True
3,424,CA-KL + Candidate Greenlist,1,z_score,4.932200252078106,2.6111648393354674,True,1.4506471329641486,True
3,425,CA-KL + Candidate Greenlist,1,z_score,5.628510875900897,2.6111648393354674,True,1.4506471329641486,True
2,426,CA-KL + Candidate Greenlist,1,z_score,7.4853392060950075,2.379061298061204,True,1.4506471329641486,True
5,427,CA-KL + Candidate Greenlist,1,z_score,6.556925040997952,2.6111648393354674,True,1.4506471329641486,True
3,428,CA-KL + Candidate Greenlist,1,z_score,7.949546288643535,2.6111648393354674,True,1.4506471329641486,True
5,429,CA-KL + Candidate Greenlist,1,z_score,10.038478160111909,2.6111648393354674,True,1.4506471329641486,True
5,43,CA-KL + Candidate Greenlist,1,z_score,7.717442747369271,2.6111648393354674,True,1.4506471329641486,True
3,430,CA-KL + Candidate Greenlist,1,z_score,5.396407334626633,2.6111648393354674,True,1.4506471329641486,True
1,431,CA-KL + Candidate Greenlist,1,z_score,6.092717958449424,2.379061298061204,True,1.4506471329641486,True
1,432,CA-KL + Candidate Greenlist,1,z_score,5.396407334626633,2.379061298061204,True,1.4506471329641486,True
5,433,CA-KL + Candidate Greenlist,1,z_score,7.2532356648207434,2.6111648393354674,True,1.4506471329641486,True
1,434,CA-KL + Candidate Greenlist,1,z_score,8.87796045374059,2.379061298061204,True,1.4506471329641486,True
5,435,CA-KL + Candidate Greenlist,1,z_score,8.413753371192062,2.6111648393354674,True,1.4506471329641486,True
5,436,CA-KL + Candidate Greenlist,1,z_score,5.628510875900897,2.6111648393354674,True,1.4506471329641486,True
4,437,CA-KL + Candidate Greenlist,1,z_score,0.058025885318565944,2.379061298061204,False,1.4506471329641486,False
1,438,CA-KL + Candidate Greenlist,1,z_score,8.413753371192062,2.379061298061204,True,1.4506471329641486,True
5,439,CA-KL + Candidate Greenlist,1,z_score,9.574271077563381,2.6111648393354674,True,1.4506471329641486,True
5,44,CA-KL + Candidate Greenlist,1,z_score,7.949546288643535,2.6111648393354674,True,1.4506471329641486,True
4,440,CA-KL + Candidate Greenlist,1,z_score,7.021132123546479,2.379061298061204,True,1.4506471329641486,True
3,441,CA-KL + Candidate Greenlist,1,z_score,7.717442747369271,2.6111648393354674,True,1.4506471329641486,True
2,442,CA-KL + Candidate Greenlist,1,z_score,7.2532356648207434,2.379061298061204,True,1.4506471329641486,True
3,443,CA-KL + Candidate Greenlist,1,z_score,10.038478160111909,2.6111648393354674,True,1.4506471329641486,True
4,444,CA-KL + Candidate Greenlist,1,z_score,8.413753371192062,2.379061298061204,True,1.4506471329641486,True
1,445,CA-KL + Candidate Greenlist,1,z_score,8.87796045374059,2.379061298061204,True,1.4506471329641486,True
4,446,CA-KL + Candidate Greenlist,1,z_score,7.717442747369271,2.379061298061204,True,1.4506471329641486,True
4,447,CA-KL + Candidate Greenlist,1,z_score,10.270581701386172,2.379061298061204,True,1.4506471329641486,True
4,448,CA-KL + Candidate Greenlist,1,z_score,8.181649829917799,2.379061298061204,True,1.4506471329641486,True
5,449,CA-KL + Candidate Greenlist,1,z_score,9.574271077563381,2.6111648393354674,True,1.4506471329641486,True
5,45,CA-KL + Candidate Greenlist,1,z_score,7.949546288643535,2.6111648393354674,True,1.4506471329641486,True
3,450,CA-KL + Candidate Greenlist,1,z_score,9.110063995014853,2.6111648393354674,True,1.4506471329641486,True
5,451,CA-KL + Candidate Greenlist,1,z_score,5.628510875900897,2.6111648393354674,True,1.4506471329641486,True
4,452,CA-KL + Candidate Greenlist,1,z_score,10.502685242660437,2.379061298061204,True,1.4506471329641486,True
2,453,CA-KL + Candidate Greenlist,1,z_score,8.181649829917799,2.379061298061204,True,1.4506471329641486,True
1,454,CA-KL + Candidate Greenlist,1,z_score,5.164303793352369,2.379061298061204,True,1.4506471329641486,True
2,455,CA-KL + Candidate Greenlist,1,z_score,6.556925040997952,2.379061298061204,True,1.4506471329641486,True
5,456,CA-KL + Candidate Greenlist,1,z_score,5.164303793352369,2.6111648393354674,True,1.4506471329641486,True
3,457,CA-KL + Candidate Greenlist,1,z_score,7.4853392060950075,2.6111648393354674,True,1.4506471329641486,True
4,458,CA-KL + Candidate Greenlist,1,z_score,6.092717958449424,2.379061298061204,True,1.4506471329641486,True
2,459,CA-KL + Candidate Greenlist,1,z_score,7.4853392060950075,2.379061298061204,True,1.4506471329641486,True
5,46,CA-KL + Candidate Greenlist,1,z_score,8.645856912466327,2.6111648393354674,True,1.4506471329641486,True
4,460,CA-KL + Candidate Greenlist,1,z_score,7.717442747369271,2.379061298061204,True,1.4506471329641486,True
2,461,CA-KL + Candidate Greenlist,1,z_score,5.86061441717516,2.379061298061204,True,1.4506471329641486,True
4,462,CA-KL + Candidate Greenlist,1,z_score,1.4506471329641486,2.379061298061204,False,1.4506471329641486,True
5,463,CA-KL + Candidate Greenlist,1,z_score,6.092717958449424,2.6111648393354674,True,1.4506471329641486,True
1,464,CA-KL + Candidate Greenlist,1,z_score,6.092717958449424,2.379061298061204,True,1.4506471329641486,True
2,465,CA-KL + Candidate Greenlist,1,z_score,6.789028582272215,2.379061298061204,True,1.4506471329641486,True
1,466,CA-KL + Candidate Greenlist,1,z_score,3.307475463158259,2.379061298061204,True,1.4506471329641486,True
4,467,CA-KL + Candidate Greenlist,1,z_score,6.556925040997952,2.379061298061204,True,1.4506471329641486,True
4,468,CA-KL + Candidate Greenlist,1,z_score,6.092717958449424,2.379061298061204,True,1.4506471329641486,True
5,469,CA-KL + Candidate Greenlist,1,z_score,3.1558437213360127,2.6111648393354674,True,1.4506471329641486,True
1,47,CA-KL + Candidate Greenlist,1,z_score,7.021132123546479,2.379061298061204,True,1.4506471329641486,True
1,470,CA-KL + Candidate Greenlist,1,z_score,5.164303793352369,2.379061298061204,True,1.4506471329641486,True
1,471,CA-KL + Candidate Greenlist,1,z_score,3.7716825457067866,2.379061298061204,True,1.4506471329641486,True
5,472,CA-KL + Candidate Greenlist,1,z_score,8.645856912466327,2.6111648393354674,True,1.4506471329641486,True
5,473,CA-KL + Candidate Greenlist,1,z_score,6.789028582272215,2.6111648393354674,True,1.4506471329641486,True
2,474,CA-KL + Candidate Greenlist,1,z_score,5.86061441717516,2.379061298061204,True,1.4506471329641486,True
2,475,CA-KL + Candidate Greenlist,1,z_score,7.4853392060950075,2.379061298061204,True,1.4506471329641486,True
4,476,CA-KL + Candidate Greenlist,1,z_score,3.1558437213360127,2.379061298061204,True,1.4506471329641486,True
4,477,CA-KL + Candidate Greenlist,1,z_score,5.628510875900897,2.379061298061204,True,1.4506471329641486,True
5,478,CA-KL + Candidate Greenlist,1,z_score,6.251743051960747,2.6111648393354674,True,1.4506471329641486,True
2,479,CA-KL + Candidate Greenlist,1,z_score,6.789028582272215,2.379061298061204,True,1.4506471329641486,True
3,48,CA-KL + Candidate Greenlist,1,z_score,8.645856912466327,2.6111648393354674,True,1.4506471329641486,True
2,480,CA-KL + Candidate Greenlist,1,z_score,6.092717958449424,2.379061298061204,True,1.4506471329641486,True
5,481,CA-KL + Candidate Greenlist,1,z_score,4.700096710803842,2.6111648393354674,True,1.4506471329641486,True
3,482,CA-KL + Candidate Greenlist,1,z_score,6.092717958449424,2.6111648393354674,True,1.4506471329641486,True
1,483,CA-KL + Candidate Greenlist,1,z_score,6.30082708387782,2.379061298061204,True,1.4506471329641486,True
4,484,CA-KL + Candidate Greenlist,1,z_score,8.413753371192062,2.379061298061204,True,1.4506471329641486,True
2,485,CA-KL + Candidate Greenlist,1,z_score,5.396407334626633,2.379061298061204,True,1.4506471329641486,True
3,486,CA-KL + Candidate Greenlist,1,z_score,9.806374618837644,2.6111648393354674,True,1.4506471329641486,True
2,487,CA-KL + Candidate Greenlist,1,z_score,5.164303793352369,2.379061298061204,True,1.4506471329641486,True
2,488,CA-KL + Candidate Greenlist,1,z_score,9.110063995014853,2.379061298061204,True,1.4506471329641486,True
1,489,CA-KL + Candidate Greenlist,1,z_score,6.556925040997952,2.379061298061204,True,1.4506471329641486,True
4,49,CA-KL + Candidate Greenlist,1,z_score,5.628510875900897,2.379061298061204,True,1.4506471329641486,True
4,490,CA-KL + Candidate Greenlist,1,z_score,6.092717958449424,2.379061298061204,True,1.4506471329641486,True
2,491,CA-KL + Candidate Greenlist,1,z_score,7.2532356648207434,2.379061298061204,True,1.4506471329641486,True
5,492,CA-KL + Candidate Greenlist,1,z_score,9.110063995014853,2.6111648393354674,True,1.4506471329641486,True
2,493,CA-KL + Candidate Greenlist,1,z_score,6.556925040997952,2.379061298061204,True,1.4506471329641486,True
3,494,CA-KL + Candidate Greenlist,1,z_score,9.574271077563381,2.6111648393354674,True,1.4506471329641486,True
2,495,CA-KL + Candidate Greenlist,1,z_score,7.021132123546479,2.379061298061204,True,1.4506471329641486,True
1,496,CA-KL + Candidate Greenlist,1,z_score,4.932200252078106,2.379061298061204,True,1.4506471329641486,True
5,497,CA-KL + Candidate Greenlist,1,z_score,7.717442747369271,2.6111648393354674,True,1.4506471329641486,True
1,498,CA-KL + Candidate Greenlist,1,z_score,5.164303793352369,2.379061298061204,True,1.4506471329641486,True
5,499,CA-KL + Candidate Greenlist,1,z_score,7.021132123546479,2.6111648393354674,True,1.4506471329641486,True
3,5,CA-KL + Candidate Greenlist,1,z_score,9.342167536289118,2.6111648393354674,True,1.4506471329641486,True
4,50,CA-KL + Candidate Greenlist,1,z_score,7.2532356648207434,2.379061298061204,True,1.4506471329641486,True
4,500,CA-KL + Candidate Greenlist,1,z_score,7.717442747369271,2.379061298061204,True,1.4506471329641486,True
1,51,CA-KL + Candidate Greenlist,1,z_score,8.413753371192062,2.379061298061204,True,1.4506471329641486,True
3,52,CA-KL + Candidate Greenlist,1,z_score,5.628510875900897,2.6111648393354674,True,1.4506471329641486,True
4,53,CA-KL + Candidate Greenlist,1,z_score,10.502685242660437,2.379061298061204,True,1.4506471329641486,True
2,54,CA-KL + Candidate Greenlist,1,z_score,5.164303793352369,2.379061298061204,True,1.4506471329641486,True
5,55,CA-KL + Candidate Greenlist,1,z_score,5.430582663966679,2.6111648393354674,True,1.4506471329641486,True
5,56,CA-KL + Candidate Greenlist,1,z_score,9.110063995014853,2.6111648393354674,True,1.4506471329641486,True
4,57,CA-KL + Candidate Greenlist,1,z_score,7.949546288643535,2.379061298061204,True,1.4506471329641486,True
1,58,CA-KL + Candidate Greenlist,1,z_score,5.396407334626633,2.379061298061204,True,1.4506471329641486,True
5,59,CA-KL + Candidate Greenlist,1,z_score,7.2532356648207434,2.6111648393354674,True,1.4506471329641486,True
4,6,CA-KL + Candidate Greenlist,1,z_score,6.556925040997952,2.379061298061204,True,1.4506471329641486,True
1,60,CA-KL + Candidate Greenlist,1,z_score,9.110063995014853,2.379061298061204,True,1.4506471329641486,True
4,61,CA-KL + Candidate Greenlist,1,z_score,6.556925040997952,2.379061298061204,True,1.4506471329641486,True
4,62,CA-KL + Candidate Greenlist,1,z_score,8.87796045374059,2.379061298061204,True,1.4506471329641486,True
4,63,CA-KL + Candidate Greenlist,1,z_score,9.806374618837644,2.379061298061204,True,1.4506471329641486,True
3,64,CA-KL + Candidate Greenlist,1,z_score,5.628510875900897,2.6111648393354674,True,1.4506471329641486,True
2,65,CA-KL + Candidate Greenlist,1,z_score,7.4853392060950075,2.379061298061204,True,1.4506471329641486,True
1,66,CA-KL + Candidate Greenlist,1,z_score,8.87796045374059,2.379061298061204,True,1.4506471329641486,True
5,67,CA-KL + Candidate Greenlist,1,z_score,7.717442747369271,2.6111648393354674,True,1.4506471329641486,True
5,68,CA-KL + Candidate Greenlist,1,z_score,7.021132123546479,2.6111648393354674,True,1.4506471329641486,True
4,69,CA-KL + Candidate Greenlist,1,z_score,8.413753371192062,2.379061298061204,True,1.4506471329641486,True
1,7,CA-KL + Candidate Greenlist,1,z_score,4.003786086981051,2.379061298061204,True,1.4506471329641486,True
1,70,CA-KL + Candidate Greenlist,1,z_score,8.181649829917799,2.379061298061204,True,1.4506471329641486,True
5,71,CA-KL + Candidate Greenlist,1,z_score,8.181649829917799,2.6111648393354674,True,1.4506471329641486,True
5,72,CA-KL + Candidate Greenlist,1,z_score,7.2532356648207434,2.6111648393354674,True,1.4506471329641486,True
4,73,CA-KL + Candidate Greenlist,1,z_score,4.467993169529578,2.379061298061204,True,1.4506471329641486,True
3,74,CA-KL + Candidate Greenlist,1,z_score,5.9932211027953795,2.6111648393354674,True,1.4506471329641486,True
2,75,CA-KL + Candidate Greenlist,1,z_score,7.021132123546479,2.379061298061204,True,1.4506471329641486,True
5,76,CA-KL + Candidate Greenlist,1,z_score,4.467993169529578,2.6111648393354674,True,1.4506471329641486,True
2,77,CA-KL + Candidate Greenlist,1,z_score,5.164303793352369,2.379061298061204,True,1.4506471329641486,True
2,78,CA-KL + Candidate Greenlist,1,z_score,4.235889628255314,2.379061298061204,True,1.4506471329641486,True
2,79,CA-KL + Candidate Greenlist,1,z_score,9.342167536289118,2.379061298061204,True,1.4506471329641486,True
5,8,CA-KL + Candidate Greenlist,1,z_score,5.628510875900897,2.6111648393354674,True,1.4506471329641486,True
3,80,CA-KL + Candidate Greenlist,1,z_score,7.021132123546479,2.6111648393354674,True,1.4506471329641486,True
2,81,CA-KL + Candidate Greenlist,1,z_score,8.181649829917799,2.379061298061204,True,1.4506471329641486,True
2,82,CA-KL + Candidate Greenlist,1,z_score,5.628510875900897,2.379061298061204,True,1.4506471329641486,True
3,83,CA-KL + Candidate Greenlist,1,z_score,4.700096710803842,2.6111648393354674,True,1.4506471329641486,True
2,84,CA-KL + Candidate Greenlist,1,z_score,9.342167536289118,2.379061298061204,True,1.4506471329641486,True
4,85,CA-KL + Candidate Greenlist,1,z_score,7.2532356648207434,2.379061298061204,True,1.4506471329641486,True
1,86,CA-KL + Candidate Greenlist,1,z_score,5.628510875900897,2.379061298061204,True,1.4506471329641486,True
4,87,CA-KL + Candidate Greenlist,1,z_score,9.342167536289118,2.379061298061204,True,1.4506471329641486,True
2,88,CA-KL + Candidate Greenlist,1,z_score,7.949546288643535,2.379061298061204,True,1.4506471329641486,True
4,89,CA-KL + Candidate Greenlist,1,z_score,7.2532356648207434,2.379061298061204,True,1.4506471329641486,True
2,9,CA-KL + Candidate Greenlist,1,z_score,6.556925040997952,2.379061298061204,True,1.4506471329641486,True
5,90,CA-KL + Candidate Greenlist,1,z_score,5.164303793352369,2.6111648393354674,True,1.4506471329641486,True
3,91,CA-KL + Candidate Greenlist,1,z_score,3.697944935767362,2.6111648393354674,True,1.4506471329641486,True
1,92,CA-KL + Candidate Greenlist,1,z_score,4.235889628255314,2.379061298061204,True,1.4506471329641486,True
2,93,CA-KL + Candidate Greenlist,1,z_score,7.717442747369271,2.379061298061204,True,1.4506471329641486,True
5,94,CA-KL + Candidate Greenlist,1,z_score,7.717442747369271,2.6111648393354674,True,1.4506471329641486,True
3,95,CA-KL + Candidate Greenlist,1,z_score,7.949546288643535,2.6111648393354674,True,1.4506471329641486,True
1,96,CA-KL + Candidate Greenlist,1,z_score,8.181649829917799,2.379061298061204,True,1.4506471329641486,True
5,97,CA-KL + Candidate Greenlist,1,z_score,8.87796045374059,2.6111648393354674,True,1.4506471329641486,True
2,98,CA-KL + Candidate Greenlist,1,z_score,8.181649829917799,2.379061298061204,True,1.4506471329641486,True
5,99,CA-KL + Candidate Greenlist,1,z_score,8.181649829917799,2.6111648393354674,True,1.4506471329641486,True
2,1,CA-KL + Candidate Greenlist + Weighted/WinMax,1,z_score,7.4853392060950075,2.379061298061204,True,1.4506471329641486,True
3,10,CA-KL + Candidate Greenlist + Weighted/WinMax,1,z_score,4.467993169529578,2.6111648393354674,True,1.4506471329641486,True
5,100,CA-KL + Candidate Greenlist + Weighted/WinMax,1,z_score,4.700096710803842,2.6111648393354674,True,1.4506471329641486,True
1,101,CA-KL + Candidate Greenlist + Weighted/WinMax,1,z_score,7.949546288643535,2.379061298061204,True,1.4506471329641486,True
5,102,CA-KL + Candidate Greenlist + Weighted/WinMax,1,z_score,7.021132123546479,2.6111648393354674,True,1.4506471329641486,True
3,103,CA-KL + Candidate Greenlist + Weighted/WinMax,1,z_score,4.932200252078106,2.6111648393354674,True,1.4506471329641486,True
2,104,CA-KL + Candidate Greenlist + Weighted/WinMax,1,z_score,3.7716825457067866,2.379061298061204,True,1.4506471329641486,True
5,105,CA-KL + Candidate Greenlist + Weighted/WinMax,1,z_score,6.789028582272215,2.6111648393354674,True,1.4506471329641486,True
1,106,CA-KL + Candidate Greenlist + Weighted/WinMax,1,z_score,2.4494897427831783,2.379061298061204,True,1.4506471329641486,True
3,107,CA-KL + Candidate Greenlist + Weighted/WinMax,1,z_score,6.324821499723688,2.6111648393354674,True,1.4506471329641486,True
3,108,CA-KL + Candidate Greenlist + Weighted/WinMax,1,z_score,7.4853392060950075,2.6111648393354674,True,1.4506471329641486,True
3,109,CA-KL + Candidate Greenlist + Weighted/WinMax,1,z_score,8.413753371192062,2.6111648393354674,True,1.4506471329641486,True
2,11,CA-KL + Candidate Greenlist + Weighted/WinMax,1,z_score,6.789028582272215,2.379061298061204,True,1.4506471329641486,True
3,110,CA-KL + Candidate Greenlist + Weighted/WinMax,1,z_score,7.949546288643535,2.6111648393354674,True,1.4506471329641486,True
3,111,CA-KL + Candidate Greenlist + Weighted/WinMax,1,z_score,4.959182990670877,2.6111648393354674,True,1.4506471329641486,True
5,112,CA-KL + Candidate Greenlist + Weighted/WinMax,1,z_score,5.86061441717516,2.6111648393354674,True,1.4506471329641486,True
3,113,CA-KL + Candidate Greenlist + Weighted/WinMax,1,z_score,9.806374618837644,2.6111648393354674,True,1.4506471329641486,True
4,114,CA-KL + Candidate Greenlist + Weighted/WinMax,1,z_score,6.092717958449424,2.379061298061204,True,1.4506471329641486,True
3,115,CA-KL + Candidate Greenlist + Weighted/WinMax,1,z_score,7.2532356648207434,2.6111648393354674,True,1.4506471329641486,True
1,116,CA-KL + Candidate Greenlist + Weighted/WinMax,1,z_score,5.628510875900897,2.379061298061204,True,1.4506471329641486,True
4,117,CA-KL + Candidate Greenlist + Weighted/WinMax,1,z_score,7.4853392060950075,2.379061298061204,True,1.4506471329641486,True
3,118,CA-KL + Candidate Greenlist + Weighted/WinMax,1,z_score,5.86061441717516,2.6111648393354674,True,1.4506471329641486,True
1,119,CA-KL + Candidate Greenlist + Weighted/WinMax,1,z_score,4.467993169529578,2.379061298061204,True,1.4506471329641486,True
5,12,CA-KL + Candidate Greenlist + Weighted/WinMax,1,z_score,4.003786086981051,2.6111648393354674,True,1.4506471329641486,True
3,120,CA-KL + Candidate Greenlist + Weighted/WinMax,1,z_score,8.181649829917799,2.6111648393354674,True,1.4506471329641486,True
1,121,CA-KL + Candidate Greenlist + Weighted/WinMax,1,z_score,4.700096710803842,2.379061298061204,True,1.4506471329641486,True
1,122,CA-KL + Candidate Greenlist + Weighted/WinMax,1,z_score,9.574271077563381,2.379061298061204,True,1.4506471329641486,True
2,123,CA-KL + Candidate Greenlist + Weighted/WinMax,1,z_score,0.9864400504156211,2.379061298061204,False,1.4506471329641486,False
1,124,CA-KL + Candidate Greenlist + Weighted/WinMax,1,z_score,5.86061441717516,2.379061298061204,True,1.4506471329641486,True
3,125,CA-KL + Candidate Greenlist + Weighted/WinMax,1,z_score,6.092717958449424,2.6111648393354674,True,1.4506471329641486,True
4,126,CA-KL + Candidate Greenlist + Weighted/WinMax,1,z_score,7.717442747369271,2.379061298061204,True,1.4506471329641486,True
1,127,CA-KL + Candidate Greenlist + Weighted/WinMax,1,z_score,2.7791013395195128,2.379061298061204,True,1.4506471329641486,True
1,128,CA-KL + Candidate Greenlist + Weighted/WinMax,1,z_score,6.556925040997952,2.379061298061204,True,1.4506471329641486,True
5,129,CA-KL + Candidate Greenlist + Weighted/WinMax,1,z_score,9.806374618837644,2.6111648393354674,True,1.4506471329641486,True
4,13,CA-KL + Candidate Greenlist + Weighted/WinMax,1,z_score,8.645856912466327,2.379061298061204,True,1.4506471329641486,True
1,130,CA-KL + Candidate Greenlist + Weighted/WinMax,1,z_score,6.789028582272215,2.379061298061204,True,1.4506471329641486,True
1,131,CA-KL + Candidate Greenlist + Weighted/WinMax,1,z_score,8.87796045374059,2.379061298061204,True,1.4506471329641486,True
1,132,CA-KL + Candidate Greenlist + Weighted/WinMax,1,z_score,6.092717958449424,2.379061298061204,True,1.4506471329641486,True
2,133,CA-KL + Candidate Greenlist + Weighted/WinMax,1,z_score,6.092717958449424,2.379061298061204,True,1.4506471329641486,True
1,134,CA-KL + Candidate Greenlist + Weighted/WinMax,1,z_score,6.092717958449424,2.379061298061204,True,1.4506471329641486,True
1,135,CA-KL + Candidate Greenlist + Weighted/WinMax,1,z_score,5.628510875900897,2.379061298061204,True,1.4506471329641486,True
5,136,CA-KL + Candidate Greenlist + Weighted/WinMax,1,z_score,5.628510875900897,2.6111648393354674,True,1.4506471329641486,True
1,137,CA-KL + Candidate Greenlist + Weighted/WinMax,1,z_score,7.021132123546479,2.379061298061204,True,1.4506471329641486,True
4,138,CA-KL + Candidate Greenlist + Weighted/WinMax,1,z_score,3.075371921883995,2.379061298061204,True,1.4506471329641486,True
3,139,CA-KL + Candidate Greenlist + Weighted/WinMax,1,z_score,6.324821499723688,2.6111648393354674,True,1.4506471329641486,True
3,14,CA-KL + Candidate Greenlist + Weighted/WinMax,1,z_score,5.756555483488609,2.6111648393354674,True,1.4506471329641486,True
5,140,CA-KL + Candidate Greenlist + Weighted/WinMax,1,z_score,8.181649829917799,2.6111648393354674,True,1.4506471329641486,True
4,141,CA-KL + Candidate Greenlist + Weighted/WinMax,1,z_score,8.181649829917799,2.379061298061204,True,1.4506471329641486,True
2,142,CA-KL + Candidate Greenlist + Weighted/WinMax,1,z_score,4.932200252078106,2.379061298061204,True,1.4506471329641486,True
2,143,CA-KL + Candidate Greenlist + Weighted/WinMax,1,z_score,5.86061441717516,2.379061298061204,True,1.4506471329641486,True
5,144,CA-KL + Candidate Greenlist + Weighted/WinMax,1,z_score,5.86061441717516,2.6111648393354674,True,1.4506471329641486,True
3,145,CA-KL + Candidate Greenlist + Weighted/WinMax,1,z_score,6.324821499723688,2.6111648393354674,True,1.4506471329641486,True
3,146,CA-KL + Candidate Greenlist + Weighted/WinMax,1,z_score,8.87796045374059,2.6111648393354674,True,1.4506471329641486,True
2,147,CA-KL + Candidate Greenlist + Weighted/WinMax,1,z_score,4.598515136803904,2.379061298061204,True,1.4506471329641486,True
2,148,CA-KL + Candidate Greenlist + Weighted/WinMax,1,z_score,6.556925040997952,2.379061298061204,True,1.4506471329641486,True
5,149,CA-KL + Candidate Greenlist + Weighted/WinMax,1,z_score,5.86061441717516,2.6111648393354674,True,1.4506471329641486,True
5,15,CA-KL + Candidate Greenlist + Weighted/WinMax,1,z_score,8.181649829917799,2.6111648393354674,True,1.4506471329641486,True
2,150,CA-KL + Candidate Greenlist + Weighted/WinMax,1,z_score,4.965212315030781,2.379061298061204,True,1.4506471329641486,True
2,151,CA-KL + Candidate Greenlist + Weighted/WinMax,1,z_score,6.556925040997952,2.379061298061204,True,1.4506471329641486,True
2,152,CA-KL + Candidate Greenlist + Weighted/WinMax,1,z_score,8.181649829917799,2.379061298061204,True,1.4506471329641486,True
3,153,CA-KL + Candidate Greenlist + Weighted/WinMax,1,z_score,4.700096710803842,2.6111648393354674,True,1.4506471329641486,True
5,154,CA-KL + Candidate Greenlist + Weighted/WinMax,1,z_score,4.235889628255314,2.6111648393354674,True,1.4506471329641486,True
1,155,CA-KL + Candidate Greenlist + Weighted/WinMax,1,z_score,6.324821499723688,2.379061298061204,True,1.4506471329641486,True
4,156,CA-KL + Candidate Greenlist + Weighted/WinMax,1,z_score,2.073840159735094,2.379061298061204,False,1.4506471329641486,True
1,157,CA-KL + Candidate Greenlist + Weighted/WinMax,1,z_score,9.574271077563381,2.379061298061204,True,1.4506471329641486,True
5,158,CA-KL + Candidate Greenlist + Weighted/WinMax,1,z_score,4.003786086981051,2.6111648393354674,True,1.4506471329641486,True
2,159,CA-KL + Candidate Greenlist + Weighted/WinMax,1,z_score,7.949546288643535,2.379061298061204,True,1.4506471329641486,True
5,16,CA-KL + Candidate Greenlist + Weighted/WinMax,1,z_score,3.5165115752029856,2.6111648393354674,True,1.4506471329641486,True
3,160,CA-KL + Candidate Greenlist + Weighted/WinMax,1,z_score,3.162277660168379,2.6111648393354674,True,1.4506471329641486,True
4,161,CA-KL + Candidate Greenlist + Weighted/WinMax,1,z_score,5.628510875900897,2.379061298061204,True,1.4506471329641486,True
3,162,CA-KL + Candidate Greenlist + Weighted/WinMax,1,z_score,7.4853392060950075,2.6111648393354674,True,1.4506471329641486,True
1,163,CA-KL + Candidate Greenlist + Weighted/WinMax,1,z_score,7.949546288643535,2.379061298061204,True,1.4506471329641486,True
3,164,CA-KL + Candidate Greenlist + Weighted/WinMax,1,z_score,8.87796045374059,2.6111648393354674,True,1.4506471329641486,True
3,165,CA-KL + Candidate Greenlist + Weighted/WinMax,1,z_score,3.9336604086431146,2.6111648393354674,True,1.4506471329641486,True
2,166,CA-KL + Candidate Greenlist + Weighted/WinMax,1,z_score,5.396407334626633,2.379061298061204,True,1.4506471329641486,True
4,167,CA-KL + Candidate Greenlist + Weighted/WinMax,1,z_score,5.86061441717516,2.379061298061204,True,1.4506471329641486,True
1,168,CA-KL + Candidate Greenlist + Weighted/WinMax,1,z_score,6.789028582272215,2.379061298061204,True,1.4506471329641486,True
1,169,CA-KL + Candidate Greenlist + Weighted/WinMax,1,z_score,5.396407334626633,2.379061298061204,True,1.4506471329641486,True
1,17,CA-KL + Candidate Greenlist + Weighted/WinMax,1,z_score,5.164303793352369,2.379061298061204,True,1.4506471329641486,True
2,170,CA-KL + Candidate Greenlist + Weighted/WinMax,1,z_score,1.6827506742384124,2.379061298061204,False,1.4506471329641486,True
3,171,CA-KL + Candidate Greenlist + Weighted/WinMax,1,z_score,3.401680257083045,2.6111648393354674,True,1.4506471329641486,True
4,172,CA-KL + Candidate Greenlist + Weighted/WinMax,1,z_score,8.181649829917799,2.379061298061204,True,1.4506471329641486,True
5,173,CA-KL + Candidate Greenlist + Weighted/WinMax,1,z_score,6.556925040997952,2.6111648393354674,True,1.4506471329641486,True
3,174,CA-KL + Candidate Greenlist + Weighted/WinMax,1,z_score,3.5395790044325226,2.6111648393354674,True,1.4506471329641486,True
3,175,CA-KL + Candidate Greenlist + Weighted/WinMax,1,z_score,6.556925040997952,2.6111648393354674,True,1.4506471329641486,True
3,176,CA-KL + Candidate Greenlist + Weighted/WinMax,1,z_score,7.4853392060950075,2.6111648393354674,True,1.4506471329641486,True
3,177,CA-KL + Candidate Greenlist + Weighted/WinMax,1,z_score,5.628510875900897,2.6111648393354674,True,1.4506471329641486,True
1,178,CA-KL + Candidate Greenlist + Weighted/WinMax,1,z_score,7.4853392060950075,2.379061298061204,True,1.4506471329641486,True
1,179,CA-KL + Candidate Greenlist + Weighted/WinMax,1,z_score,5.396407334626633,2.379061298061204,True,1.4506471329641486,True
3,18,CA-KL + Candidate Greenlist + Weighted/WinMax,1,z_score,1.6329931618554523,2.6111648393354674,False,1.4506471329641486,True
4,180,CA-KL + Candidate Greenlist + Weighted/WinMax,1,z_score,4.700096710803842,2.379061298061204,True,1.4506471329641486,True
1,181,CA-KL + Candidate Greenlist + Weighted/WinMax,1,z_score,8.87796045374059,2.379061298061204,True,1.4506471329641486,True
3,182,CA-KL + Candidate Greenlist + Weighted/WinMax,1,z_score,6.556925040997952,2.6111648393354674,True,1.4506471329641486,True
4,183,CA-KL + Candidate Greenlist + Weighted/WinMax,1,z_score,4.932200252078106,2.379061298061204,True,1.4506471329641486,True
4,184,CA-KL + Candidate Greenlist + Weighted/WinMax,1,z_score,6.324821499723688,2.379061298061204,True,1.4506471329641486,True
3,185,CA-KL + Candidate Greenlist + Weighted/WinMax,1,z_score,8.87796045374059,2.6111648393354674,True,1.4506471329641486,True
2,186,CA-KL + Candidate Greenlist + Weighted/WinMax,1,z_score,7.021132123546479,2.379061298061204,True,1.4506471329641486,True
3,187,CA-KL + Candidate Greenlist + Weighted/WinMax,1,z_score,3.075371921883995,2.6111648393354674,True,1.4506471329641486,True
2,188,CA-KL + Candidate Greenlist + Weighted/WinMax,1,z_score,8.181649829917799,2.379061298061204,True,1.4506471329641486,True
1,189,CA-KL + Candidate Greenlist + Weighted/WinMax,1,z_score,7.021132123546479,2.379061298061204,True,1.4506471329641486,True
3,19,CA-KL + Candidate Greenlist + Weighted/WinMax,1,z_score,6.556925040997952,2.6111648393354674,True,1.4506471329641486,True
1,190,CA-KL + Candidate Greenlist + Weighted/WinMax,1,z_score,5.628510875900897,2.379061298061204,True,1.4506471329641486,True
2,191,CA-KL + Candidate Greenlist + Weighted/WinMax,1,z_score,8.413753371192062,2.379061298061204,True,1.4506471329641486,True
4,192,CA-KL + Candidate Greenlist + Weighted/WinMax,1,z_score,6.092717958449424,2.379061298061204,True,1.4506471329641486,True
1,193,CA-KL + Candidate Greenlist + Weighted/WinMax,1,z_score,7.4853392060950075,2.379061298061204,True,1.4506471329641486,True
1,194,CA-KL + Candidate Greenlist + Weighted/WinMax,1,z_score,10.502685242660437,2.379061298061204,True,1.4506471329641486,True
3,195,CA-KL + Candidate Greenlist + Weighted/WinMax,1,z_score,7.4853392060950075,2.6111648393354674,True,1.4506471329641486,True
2,196,CA-KL + Candidate Greenlist + Weighted/WinMax,1,z_score,5.396407334626633,2.379061298061204,True,1.4506471329641486,True
4,197,CA-KL + Candidate Greenlist + Weighted/WinMax,1,z_score,6.092717958449424,2.379061298061204,True,1.4506471329641486,True
4,198,CA-KL + Candidate Greenlist + Weighted/WinMax,1,z_score,4.959182990670877,2.379061298061204,True,1.4506471329641486,True
5,199,CA-KL + Candidate Greenlist + Weighted/WinMax,1,z_score,5.86061441717516,2.6111648393354674,True,1.4506471329641486,True
3,2,CA-KL + Candidate Greenlist + Weighted/WinMax,1,z_score,6.092717958449424,2.6111648393354674,True,1.4506471329641486,True
5,20,CA-KL + Candidate Greenlist + Weighted/WinMax,1,z_score,3.7716825457067866,2.6111648393354674,True,1.4506471329641486,True
5,200,CA-KL + Candidate Greenlist + Weighted/WinMax,1,z_score,7.021132123546479,2.6111648393354674,True,1.4506471329641486,True
4,201,CA-KL + Candidate Greenlist + Weighted/WinMax,1,z_score,5.628510875900897,2.379061298061204,True,1.4506471329641486,True
2,202,CA-KL + Candidate Greenlist + Weighted/WinMax,1,z_score,9.574271077563381,2.379061298061204,True,1.4506471329641486,True
4,203,CA-KL + Candidate Greenlist + Weighted/WinMax,1,z_score,8.181649829917799,2.379061298061204,True,1.4506471329641486,True
5,204,CA-KL + Candidate Greenlist + Weighted/WinMax,1,z_score,0.29012942659282975,2.6111648393354674,False,1.4506471329641486,False
3,205,CA-KL + Candidate Greenlist + Weighted/WinMax,1,z_score,3.5395790044325226,2.6111648393354674,True,1.4506471329641486,True
3,206,CA-KL + Candidate Greenlist + Weighted/WinMax,1,z_score,0.9864400504156211,2.6111648393354674,False,1.4506471329641486,False
3,207,CA-KL + Candidate Greenlist + Weighted/WinMax,1,z_score,7.2532356648207434,2.6111648393354674,True,1.4506471329641486,True
2,208,CA-KL + Candidate Greenlist + Weighted/WinMax,1,z_score,6.556925040997952,2.379061298061204,True,1.4506471329641486,True
3,209,CA-KL + Candidate Greenlist + Weighted/WinMax,1,z_score,5.396407334626633,2.6111648393354674,True,1.4506471329641486,True
4,21,CA-KL + Candidate Greenlist + Weighted/WinMax,1,z_score,5.164303793352369,2.379061298061204,True,1.4506471329641486,True
1,210,CA-KL + Candidate Greenlist + Weighted/WinMax,1,z_score,5.396407334626633,2.379061298061204,True,1.4506471329641486,True
4,211,CA-KL + Candidate Greenlist + Weighted/WinMax,1,z_score,7.021132123546479,2.379061298061204,True,1.4506471329641486,True
1,212,CA-KL + Candidate Greenlist + Weighted/WinMax,1,z_score,5.628510875900897,2.379061298061204,True,1.4506471329641486,True
1,213,CA-KL + Candidate Greenlist + Weighted/WinMax,1,z_score,6.789028582272215,2.379061298061204,True,1.4506471329641486,True
1,214,CA-KL + Candidate Greenlist + Weighted/WinMax,1,z_score,7.2532356648207434,2.379061298061204,True,1.4506471329641486,True
2,215,CA-KL + Candidate Greenlist + Weighted/WinMax,1,z_score,5.628510875900897,2.379061298061204,True,1.4506471329641486,True
4,216,CA-KL + Candidate Greenlist + Weighted/WinMax,1,z_score,4.467993169529578,2.379061298061204,True,1.4506471329641486,True
2,217,CA-KL + Candidate Greenlist + Weighted/WinMax,1,z_score,5.164303793352369,2.379061298061204,True,1.4506471329641486,True
3,218,CA-KL + Candidate Greenlist + Weighted/WinMax,1,z_score,6.556925040997952,2.6111648393354674,True,1.4506471329641486,True
3,219,CA-KL + Candidate Greenlist + Weighted/WinMax,1,z_score,7.717442747369271,2.6111648393354674,True,1.4506471329641486,True
1,22,CA-KL + Candidate Greenlist + Weighted/WinMax,1,z_score,7.4853392060950075,2.379061298061204,True,1.4506471329641486,True
4,220,CA-KL + Candidate Greenlist + Weighted/WinMax,1,z_score,7.021132123546479,2.379061298061204,True,1.4506471329641486,True
5,221,CA-KL + Candidate Greenlist + Weighted/WinMax,1,z_score,5.483159732344709,2.6111648393354674,True,1.4506471329641486,True
1,222,CA-KL + Candidate Greenlist + Weighted/WinMax,1,z_score,7.2532356648207434,2.379061298061204,True,1.4506471329641486,True
4,223,CA-KL + Candidate Greenlist + Weighted/WinMax,1,z_score,6.789028582272215,2.379061298061204,True,1.4506471329641486,True
3,224,CA-KL + Candidate Greenlist + Weighted/WinMax,1,z_score,6.789028582272215,2.6111648393354674,True,1.4506471329641486,True
5,225,CA-KL + Candidate Greenlist + Weighted/WinMax,1,z_score,7.717442747369271,2.6111648393354674,True,1.4506471329641486,True
2,226,CA-KL + Candidate Greenlist + Weighted/WinMax,1,z_score,5.86061441717516,2.379061298061204,True,1.4506471329641486,True
2,227,CA-KL + Candidate Greenlist + Weighted/WinMax,1,z_score,6.324821499723688,2.379061298061204,True,1.4506471329641486,True
1,228,CA-KL + Candidate Greenlist + Weighted/WinMax,1,z_score,5.396407334626633,2.379061298061204,True,1.4506471329641486,True
5,229,CA-KL + Candidate Greenlist + Weighted/WinMax,1,z_score,2.6111648393354674,2.6111648393354674,True,1.4506471329641486,True
1,23,CA-KL + Candidate Greenlist + Weighted/WinMax,1,z_score,6.324821499723688,2.379061298061204,True,1.4506471329641486,True
2,230,CA-KL + Candidate Greenlist + Weighted/WinMax,1,z_score,3.7716825457067866,2.379061298061204,True,1.4506471329641486,True
5,231,CA-KL + Candidate Greenlist + Weighted/WinMax,1,z_score,8.645856912466327,2.6111648393354674,True,1.4506471329641486,True
5,232,CA-KL + Candidate Greenlist + Weighted/WinMax,1,z_score,7.013343843696721,2.6111648393354674,True,1.4506471329641486,True
2,233,CA-KL + Candidate Greenlist + Weighted/WinMax,1,z_score,8.413753371192062,2.379061298061204,True,1.4506471329641486,True
1,234,CA-KL + Candidate Greenlist + Weighted/WinMax,1,z_score,3.5395790044325226,2.379061298061204,True,1.4506471329641486,True
1,235,CA-KL + Candidate Greenlist + Weighted/WinMax,1,z_score,-0.4061811972299616,2.379061298061204,False,1.4506471329641486,False
3,236,CA-KL + Candidate Greenlist + Weighted/WinMax,1,z_score,7.021132123546479,2.6111648393354674,True,1.4506471329641486,True
1,237,CA-KL + Candidate Greenlist + Weighted/WinMax,1,z_score,6.762522260005742,2.379061298061204,True,1.4506471329641486,True
4,238,CA-KL + Candidate Greenlist + Weighted/WinMax,1,z_score,7.021132123546479,2.379061298061204,True,1.4506471329641486,True
4,239,CA-KL + Candidate Greenlist + Weighted/WinMax,1,z_score,1.2185435916898848,2.379061298061204,False,1.4506471329641486,False
1,24,CA-KL + Candidate Greenlist + Weighted/WinMax,1,z_score,9.342167536289118,2.379061298061204,True,1.4506471329641486,True
4,240,CA-KL + Candidate Greenlist + Weighted/WinMax,1,z_score,6.758313158471386,2.379061298061204,True,1.4506471329641486,True
1,241,CA-KL + Candidate Greenlist + Weighted/WinMax,1,z_score,8.645856912466327,2.379061298061204,True,1.4506471329641486,True
2,242,CA-KL + Candidate Greenlist + Weighted/WinMax,1,z_score,7.949546288643535,2.379061298061204,True,1.4506471329641486,True
4,243,CA-KL + Candidate Greenlist + Weighted/WinMax,1,z_score,8.413753371192062,2.379061298061204,True,1.4506471329641486,True
5,244,CA-KL + Candidate Greenlist + Weighted/WinMax,1,z_score,6.556925040997952,2.6111648393354674,True,1.4506471329641486,True
2,245,CA-KL + Candidate Greenlist + Weighted/WinMax,1,z_score,6.092717958449424,2.379061298061204,True,1.4506471329641486,True
2,246,CA-KL + Candidate Greenlist + Weighted/WinMax,1,z_score,6.789028582272215,2.379061298061204,True,1.4506471329641486,True
3,247,CA-KL + Candidate Greenlist + Weighted/WinMax,1,z_score,10.7347887839347,2.6111648393354674,True,1.4506471329641486,True
4,248,CA-KL + Candidate Greenlist + Weighted/WinMax,1,z_score,6.092717958449424,2.379061298061204,True,1.4506471329641486,True
4,249,CA-KL + Candidate Greenlist + Weighted/WinMax,1,z_score,5.628510875900897,2.379061298061204,True,1.4506471329641486,True
3,25,CA-KL + Candidate Greenlist + Weighted/WinMax,1,z_score,4.932200252078106,2.6111648393354674,True,1.4506471329641486,True
1,250,CA-KL + Candidate Greenlist + Weighted/WinMax,1,z_score,7.12434364706207,2.379061298061204,True,1.4506471329641486,True
5,251,CA-KL + Candidate Greenlist + Weighted/WinMax,1,z_score,5.164303793352369,2.6111648393354674,True,1.4506471329641486,True
4,252,CA-KL + Candidate Greenlist + Weighted/WinMax,1,z_score,7.2532356648207434,2.379061298061204,True,1.4506471329641486,True
3,253,CA-KL + Candidate Greenlist + Weighted/WinMax,1,z_score,7.021132123546479,2.6111648393354674,True,1.4506471329641486,True
5,254,CA-KL + Candidate Greenlist + Weighted/WinMax,1,z_score,8.181649829917799,2.6111648393354674,True,1.4506471329641486,True
1,255,CA-KL + Candidate Greenlist + Weighted/WinMax,1,z_score,7.717442747369271,2.379061298061204,True,1.4506471329641486,True
3,256,CA-KL + Candidate Greenlist + Weighted/WinMax,1,z_score,4.932200252078106,2.6111648393354674,True,1.4506471329641486,True
3,257,CA-KL + Candidate Greenlist + Weighted/WinMax,1,z_score,8.413753371192062,2.6111648393354674,True,1.4506471329641486,True
1,258,CA-KL + Candidate Greenlist + Weighted/WinMax,1,z_score,9.574271077563381,2.379061298061204,True,1.4506471329641486,True
2,259,CA-KL + Candidate Greenlist + Weighted/WinMax,1,z_score,7.772273779298728,2.379061298061204,True,1.4506471329641486,True
5,26,CA-KL + Candidate Greenlist + Weighted/WinMax,1,z_score,6.092717958449424,2.6111648393354674,True,1.4506471329641486,True
5,260,CA-KL + Candidate Greenlist + Weighted/WinMax,1,z_score,9.574271077563381,2.6111648393354674,True,1.4506471329641486,True
3,261,CA-KL + Candidate Greenlist + Weighted/WinMax,1,z_score,6.789028582272215,2.6111648393354674,True,1.4506471329641486,True
3,262,CA-KL + Candidate Greenlist + Weighted/WinMax,1,z_score,3.5395790044325226,2.6111648393354674,True,1.4506471329641486,True
2,263,CA-KL + Candidate Greenlist + Weighted/WinMax,1,z_score,5.628510875900897,2.379061298061204,True,1.4506471329641486,True
2,264,CA-KL + Candidate Greenlist + Weighted/WinMax,1,z_score,4.6663898035258065,2.379061298061204,True,1.4506471329641486,True
2,265,CA-KL + Candidate Greenlist + Weighted/WinMax,1,z_score,6.324821499723688,2.379061298061204,True,1.4506471329641486,True
2,266,CA-KL + Candidate Greenlist + Weighted/WinMax,1,z_score,8.645856912466327,2.379061298061204,True,1.4506471329641486,True
5,267,CA-KL + Candidate Greenlist + Weighted/WinMax,1,z_score,8.181649829917799,2.6111648393354674,True,1.4506471329641486,True
5,268,CA-KL + Candidate Greenlist + Weighted/WinMax,1,z_score,7.949546288643535,2.6111648393354674,True,1.4506471329641486,True
4,269,CA-KL + Candidate Greenlist + Weighted/WinMax,1,z_score,6.092717958449424,2.379061298061204,True,1.4506471329641486,True
3,27,CA-KL + Candidate Greenlist + Weighted/WinMax,1,z_score,7.4853392060950075,2.6111648393354674,True,1.4506471329641486,True
1,270,CA-KL + Candidate Greenlist + Weighted/WinMax,1,z_score,5.86061441717516,2.379061298061204,True,1.4506471329641486,True
5,271,CA-KL + Candidate Greenlist + Weighted/WinMax,1,z_score,6.556925040997952,2.6111648393354674,True,1.4506471329641486,True
1,272,CA-KL + Candidate Greenlist + Weighted/WinMax,1,z_score,5.396407334626633,2.379061298061204,True,1.4506471329641486,True
4,273,CA-KL + Candidate Greenlist + Weighted/WinMax,1,z_score,4.467993169529578,2.379061298061204,True,1.4506471329641486,True
5,274,CA-KL + Candidate Greenlist + Weighted/WinMax,1,z_score,7.2532356648207434,2.6111648393354674,True,1.4506471329641486,True
2,275,CA-KL + Candidate Greenlist + Weighted/WinMax,1,z_score,8.645856912466327,2.379061298061204,True,1.4506471329641486,True
5,276,CA-KL + Candidate Greenlist + Weighted/WinMax,1,z_score,7.949546288643535,2.6111648393354674,True,1.4506471329641486,True
1,277,CA-KL + Candidate Greenlist + Weighted/WinMax,1,z_score,7.021132123546479,2.379061298061204,True,1.4506471329641486,True
5,278,CA-KL + Candidate Greenlist + Weighted/WinMax,1,z_score,6.092717958449424,2.6111648393354674,True,1.4506471329641486,True
1,279,CA-KL + Candidate Greenlist + Weighted/WinMax,1,z_score,7.021132123546479,2.379061298061204,True,1.4506471329641486,True
5,28,CA-KL + Candidate Greenlist + Weighted/WinMax,1,z_score,8.181649829917799,2.6111648393354674,True,1.4506471329641486,True
1,280,CA-KL + Candidate Greenlist + Weighted/WinMax,1,z_score,5.628510875900897,2.379061298061204,True,1.4506471329641486,True
5,281,CA-KL + Candidate Greenlist + Weighted/WinMax,1,z_score,9.574271077563381,2.6111648393354674,True,1.4506471329641486,True
2,282,CA-KL + Candidate Greenlist + Weighted/WinMax,1,z_score,2.379061298061204,2.379061298061204,True,1.4506471329641486,True
5,283,CA-KL + Candidate Greenlist + Weighted/WinMax,1,z_score,0.7543365091413573,2.6111648393354674,False,1.4506471329641486,False
4,284,CA-KL + Candidate Greenlist + Weighted/WinMax,1,z_score,8.87796045374059,2.379061298061204,True,1.4506471329641486,True
5,285,CA-KL + Candidate Greenlist + Weighted/WinMax,1,z_score,6.789028582272215,2.6111648393354674,True,1.4506471329641486,True
2,286,CA-KL + Candidate Greenlist + Weighted/WinMax,1,z_score,6.789028582272215,2.379061298061204,True,1.4506471329641486,True
1,287,CA-KL + Candidate Greenlist + Weighted/WinMax,1,z_score,4.467993169529578,2.379061298061204,True,1.4506471329641486,True
3,288,CA-KL + Candidate Greenlist + Weighted/WinMax,1,z_score,8.645856912466327,2.6111648393354674,True,1.4506471329641486,True
1,289,CA-KL + Candidate Greenlist + Weighted/WinMax,1,z_score,4.003786086981051,2.379061298061204,True,1.4506471329641486,True
4,29,CA-KL + Candidate Greenlist + Weighted/WinMax,1,z_score,6.092717958449424,2.379061298061204,True,1.4506471329641486,True
4,290,CA-KL + Candidate Greenlist + Weighted/WinMax,1,z_score,7.717442747369271,2.379061298061204,True,1.4506471329641486,True
3,291,CA-KL + Candidate Greenlist + Weighted/WinMax,1,z_score,9.110063995014853,2.6111648393354674,True,1.4506471329641486,True
2,292,CA-KL + Candidate Greenlist + Weighted/WinMax,1,z_score,8.645856912466327,2.379061298061204,True,1.4506471329641486,True
4,293,CA-KL + Candidate Greenlist + Weighted/WinMax,1,z_score,5.86061441717516,2.379061298061204,True,1.4506471329641486,True
3,294,CA-KL + Candidate Greenlist + Weighted/WinMax,1,z_score,5.396407334626633,2.6111648393354674,True,1.4506471329641486,True
2,295,CA-KL + Candidate Greenlist + Weighted/WinMax,1,z_score,9.110063995014853,2.379061298061204,True,1.4506471329641486,True
5,296,CA-KL + Candidate Greenlist + Weighted/WinMax,1,z_score,8.645856912466327,2.6111648393354674,True,1.4506471329641486,True
3,297,CA-KL + Candidate Greenlist + Weighted/WinMax,1,z_score,5.396407334626633,2.6111648393354674,True,1.4506471329641486,True
5,298,CA-KL + Candidate Greenlist + Weighted/WinMax,1,z_score,6.556925040997952,2.6111648393354674,True,1.4506471329641486,True
1,299,CA-KL + Candidate Greenlist + Weighted/WinMax,1,z_score,5.396407334626633,2.379061298061204,True,1.4506471329641486,True
5,3,CA-KL + Candidate Greenlist + Weighted/WinMax,1,z_score,9.574271077563381,2.6111648393354674,True,1.4506471329641486,True
1,30,CA-KL + Candidate Greenlist + Weighted/WinMax,1,z_score,10.502685242660437,2.379061298061204,True,1.4506471329641486,True
2,300,CA-KL + Candidate Greenlist + Weighted/WinMax,1,z_score,8.413753371192062,2.379061298061204,True,1.4506471329641486,True
3,301,CA-KL + Candidate Greenlist + Weighted/WinMax,1,z_score,2.434508013602067,2.6111648393354674,False,1.4506471329641486,True
4,302,CA-KL + Candidate Greenlist + Weighted/WinMax,1,z_score,11.431099407757491,2.379061298061204,True,1.4506471329641486,True
4,303,CA-KL + Candidate Greenlist + Weighted/WinMax,1,z_score,7.2532356648207434,2.379061298061204,True,1.4506471329641486,True
3,304,CA-KL + Candidate Greenlist + Weighted/WinMax,1,z_score,6.556925040997952,2.6111648393354674,True,1.4506471329641486,True
5,305,CA-KL + Candidate Greenlist + Weighted/WinMax,1,z_score,6.324821499723688,2.6111648393354674,True,1.4506471329641486,True
1,306,CA-KL + Candidate Greenlist + Weighted/WinMax,1,z_score,7.2532356648207434,2.379061298061204,True,1.4506471329641486,True
2,307,CA-KL + Candidate Greenlist + Weighted/WinMax,1,z_score,9.574271077563381,2.379061298061204,True,1.4506471329641486,True
1,308,CA-KL + Candidate Greenlist + Weighted/WinMax,1,z_score,9.806374618837644,2.379061298061204,True,1.4506471329641486,True
2,309,CA-KL + Candidate Greenlist + Weighted/WinMax,1,z_score,6.324821499723688,2.379061298061204,True,1.4506471329641486,True
2,31,CA-KL + Candidate Greenlist + Weighted/WinMax,1,z_score,5.86061441717516,2.379061298061204,True,1.4506471329641486,True
5,310,CA-KL + Candidate Greenlist + Weighted/WinMax,1,z_score,6.556925040997952,2.6111648393354674,True,1.4506471329641486,True
4,311,CA-KL + Candidate Greenlist + Weighted/WinMax,1,z_score,7.949546288643535,2.379061298061204,True,1.4506471329641486,True
2,312,CA-KL + Candidate Greenlist + Weighted/WinMax,1,z_score,7.021132123546479,2.379061298061204,True,1.4506471329641486,True
2,313,CA-KL + Candidate Greenlist + Weighted/WinMax,1,z_score,5.86061441717516,2.379061298061204,True,1.4506471329641486,True
1,314,CA-KL + Candidate Greenlist + Weighted/WinMax,1,z_score,4.932200252078106,2.379061298061204,True,1.4506471329641486,True
1,315,CA-KL + Candidate Greenlist + Weighted/WinMax,1,z_score,3.7716825457067866,2.379061298061204,True,1.4506471329641486,True
3,316,CA-KL + Candidate Greenlist + Weighted/WinMax,1,z_score,5.86061441717516,2.6111648393354674,True,1.4506471329641486,True
1,317,CA-KL + Candidate Greenlist + Weighted/WinMax,1,z_score,8.413753371192062,2.379061298061204,True,1.4506471329641486,True
5,318,CA-KL + Candidate Greenlist + Weighted/WinMax,1,z_score,8.181649829917799,2.6111648393354674,True,1.4506471329641486,True
4,319,CA-KL + Candidate Greenlist + Weighted/WinMax,1,z_score,8.181649829917799,2.379061298061204,True,1.4506471329641486,True
1,32,CA-KL + Candidate Greenlist + Weighted/WinMax,1,z_score,1.9148542155126762,2.379061298061204,False,1.4506471329641486,True
3,320,CA-KL + Candidate Greenlist + Weighted/WinMax,1,z_score,10.270581701386172,2.6111648393354674,True,1.4506471329641486,True
4,321,CA-KL + Candidate Greenlist + Weighted/WinMax,1,z_score,6.789028582272215,2.379061298061204,True,1.4506471329641486,True
2,322,CA-KL + Candidate Greenlist + Weighted/WinMax,1,z_score,10.502685242660437,2.379061298061204,True,1.4506471329641486,True
3,323,CA-KL + Candidate Greenlist + Weighted/WinMax,1,z_score,7.2532356648207434,2.6111648393354674,True,1.4506471329641486,True
4,324,CA-KL + Candidate Greenlist + Weighted/WinMax,1,z_score,11.663202949031755,2.379061298061204,True,1.4506471329641486,True
2,325,CA-KL + Candidate Greenlist + Weighted/WinMax,1,z_score,8.181649829917799,2.379061298061204,True,1.4506471329641486,True
4,326,CA-KL + Candidate Greenlist + Weighted/WinMax,1,z_score,2.6111648393354674,2.379061298061204,True,1.4506471329641486,True
4,327,CA-KL + Candidate Greenlist + Weighted/WinMax,1,z_score,5.628510875900897,2.379061298061204,True,1.4506471329641486,True
4,328,CA-KL + Candidate Greenlist + Weighted/WinMax,1,z_score,5.628510875900897,2.379061298061204,True,1.4506471329641486,True
5,329,CA-KL + Candidate Greenlist + Weighted/WinMax,1,z_score,6.789028582272215,2.6111648393354674,True,1.4506471329641486,True
4,33,CA-KL + Candidate Greenlist + Weighted/WinMax,1,z_score,5.86061441717516,2.379061298061204,True,1.4506471329641486,True
4,330,CA-KL + Candidate Greenlist + Weighted/WinMax,1,z_score,6.092717958449424,2.379061298061204,True,1.4506471329641486,True
4,331,CA-KL + Candidate Greenlist + Weighted/WinMax,1,z_score,2.1469577567869402,2.379061298061204,False,1.4506471329641486,True
4,332,CA-KL + Candidate Greenlist + Weighted/WinMax,1,z_score,6.092717958449424,2.379061298061204,True,1.4506471329641486,True
2,333,CA-KL + Candidate Greenlist + Weighted/WinMax,1,z_score,5.164303793352369,2.379061298061204,True,1.4506471329641486,True
4,334,CA-KL + Candidate Greenlist + Weighted/WinMax,1,z_score,5.396407334626633,2.379061298061204,True,1.4506471329641486,True
1,335,CA-KL + Candidate Greenlist + Weighted/WinMax,1,z_score,6.556925040997952,2.379061298061204,True,1.4506471329641486,True
2,336,CA-KL + Candidate Greenlist + Weighted/WinMax,1,z_score,4.932200252078106,2.379061298061204,True,1.4506471329641486,True
2,337,CA-KL + Candidate Greenlist + Weighted/WinMax,1,z_score,8.413753371192062,2.379061298061204,True,1.4506471329641486,True
3,338,CA-KL + Candidate Greenlist + Weighted/WinMax,1,z_score,8.181649829917799,2.6111648393354674,True,1.4506471329641486,True
5,339,CA-KL + Candidate Greenlist + Weighted/WinMax,1,z_score,9.806374618837644,2.6111648393354674,True,1.4506471329641486,True
1,34,CA-KL + Candidate Greenlist + Weighted/WinMax,1,z_score,7.4853392060950075,2.379061298061204,True,1.4506471329641486,True
4,340,CA-KL + Candidate Greenlist + Weighted/WinMax,1,z_score,8.87796045374059,2.379061298061204,True,1.4506471329641486,True
3,341,CA-KL + Candidate Greenlist + Weighted/WinMax,1,z_score,6.789028582272215,2.6111648393354674,True,1.4506471329641486,True
3,342,CA-KL + Candidate Greenlist + Weighted/WinMax,1,z_score,3.841143835488627,2.6111648393354674,True,1.4506471329641486,True
5,343,CA-KL + Candidate Greenlist + Weighted/WinMax,1,z_score,3.307475463158259,2.6111648393354674,True,1.4506471329641486,True
5,344,CA-KL + Candidate Greenlist + Weighted/WinMax,1,z_score,7.4853392060950075,2.6111648393354674,True,1.4506471329641486,True
2,345,CA-KL + Candidate Greenlist + Weighted/WinMax,1,z_score,5.164303793352369,2.379061298061204,True,1.4506471329641486,True
3,346,CA-KL + Candidate Greenlist + Weighted/WinMax,1,z_score,5.628510875900897,2.6111648393354674,True,1.4506471329641486,True
5,347,CA-KL + Candidate Greenlist + Weighted/WinMax,1,z_score,9.574271077563381,2.6111648393354674,True,1.4506471329641486,True
1,348,CA-KL + Candidate Greenlist + Weighted/WinMax,1,z_score,6.789028582272215,2.379061298061204,True,1.4506471329641486,True
3,349,CA-KL + Candidate Greenlist + Weighted/WinMax,1,z_score,3.075371921883995,2.6111648393354674,True,1.4506471329641486,True
1,35,CA-KL + Candidate Greenlist + Weighted/WinMax,1,z_score,3.5395790044325226,2.379061298061204,True,1.4506471329641486,True
1,350,CA-KL + Candidate Greenlist + Weighted/WinMax,1,z_score,2.379061298061204,2.379061298061204,True,1.4506471329641486,True
3,351,CA-KL + Candidate Greenlist + Weighted/WinMax,1,z_score,6.556925040997952,2.6111648393354674,True,1.4506471329641486,True
4,352,CA-KL + Candidate Greenlist + Weighted/WinMax,1,z_score,8.645856912466327,2.379061298061204,True,1.4506471329641486,True
2,353,CA-KL + Candidate Greenlist + Weighted/WinMax,1,z_score,6.556925040997952,2.379061298061204,True,1.4506471329641486,True
3,354,CA-KL + Candidate Greenlist + Weighted/WinMax,1,z_score,4.598515136803904,2.6111648393354674,True,1.4506471329641486,True
2,355,CA-KL + Candidate Greenlist + Weighted/WinMax,1,z_score,7.2532356648207434,2.379061298061204,True,1.4506471329641486,True
1,356,CA-KL + Candidate Greenlist + Weighted/WinMax,1,z_score,5.666666666666667,2.379061298061204,True,1.4506471329641486,True
5,357,CA-KL + Candidate Greenlist + Weighted/WinMax,1,z_score,5.628510875900897,2.6111648393354674,True,1.4506471329641486,True
1,358,CA-KL + Candidate Greenlist + Weighted/WinMax,1,z_score,7.021132123546479,2.379061298061204,True,1.4506471329641486,True
2,359,CA-KL + Candidate Greenlist + Weighted/WinMax,1,z_score,1.9148542155126762,2.379061298061204,False,1.4506471329641486,True
3,36,CA-KL + Candidate Greenlist + Weighted/WinMax,1,z_score,0.058025885318565944,2.6111648393354674,False,1.4506471329641486,False
5,360,CA-KL + Candidate Greenlist + Weighted/WinMax,1,z_score,5.86061441717516,2.6111648393354674,True,1.4506471329641486,True
3,361,CA-KL + Candidate Greenlist + Weighted/WinMax,1,z_score,7.216878364870323,2.6111648393354674,True,1.4506471329641486,True
4,362,CA-KL + Candidate Greenlist + Weighted/WinMax,1,z_score,4.700096710803842,2.379061298061204,True,1.4506471329641486,True
5,363,CA-KL + Candidate Greenlist + Weighted/WinMax,1,z_score,6.789028582272215,2.6111648393354674,True,1.4506471329641486,True
3,364,CA-KL + Candidate Greenlist + Weighted/WinMax,1,z_score,7.717442747369271,2.6111648393354674,True,1.4506471329641486,True
3,365,CA-KL + Candidate Greenlist + Weighted/WinMax,1,z_score,3.5395790044325226,2.6111648393354674,True,1.4506471329641486,True
1,366,CA-KL + Candidate Greenlist + Weighted/WinMax,1,z_score,5.628510875900897,2.379061298061204,True,1.4506471329641486,True
2,367,CA-KL + Candidate Greenlist + Weighted/WinMax,1,z_score,8.181649829917799,2.379061298061204,True,1.4506471329641486,True
5,368,CA-KL + Candidate Greenlist + Weighted/WinMax,1,z_score,5.628510875900897,2.6111648393354674,True,1.4506471329641486,True
3,369,CA-KL + Candidate Greenlist + Weighted/WinMax,1,z_score,6.556925040997952,2.6111648393354674,True,1.4506471329641486,True
5,37,CA-KL + Candidate Greenlist + Weighted/WinMax,1,z_score,6.041186552271796,2.6111648393354674,True,1.4506471329641486,True
2,370,CA-KL + Candidate Greenlist + Weighted/WinMax,1,z_score,7.949546288643535,2.379061298061204,True,1.4506471329641486,True
4,371,CA-KL + Candidate Greenlist + Weighted/WinMax,1,z_score,4.700096710803842,2.379061298061204,True,1.4506471329641486,True
4,372,CA-KL + Candidate Greenlist + Weighted/WinMax,1,z_score,4.467993169529578,2.379061298061204,True,1.4506471329641486,True
2,373,CA-KL + Candidate Greenlist + Weighted/WinMax,1,z_score,7.949546288643535,2.379061298061204,True,1.4506471329641486,True
4,374,CA-KL + Candidate Greenlist + Weighted/WinMax,1,z_score,9.342167536289118,2.379061298061204,True,1.4506471329641486,True
1,375,CA-KL + Candidate Greenlist + Weighted/WinMax,1,z_score,8.181649829917799,2.379061298061204,True,1.4506471329641486,True
5,376,CA-KL + Candidate Greenlist + Weighted/WinMax,1,z_score,8.87796045374059,2.6111648393354674,True,1.4506471329641486,True
3,377,CA-KL + Candidate Greenlist + Weighted/WinMax,1,z_score,5.31985084453785,2.6111648393354674,True,1.4506471329641486,True
3,378,CA-KL + Candidate Greenlist + Weighted/WinMax,1,z_score,2.379061298061204,2.6111648393354674,False,1.4506471329641486,True
4,379,CA-KL + Candidate Greenlist + Weighted/WinMax,1,z_score,7.021132123546479,2.379061298061204,True,1.4506471329641486,True
4,38,CA-KL + Candidate Greenlist + Weighted/WinMax,1,z_score,1.9148542155126762,2.379061298061204,False,1.4506471329641486,True
1,380,CA-KL + Candidate Greenlist + Weighted/WinMax,1,z_score,7.021132123546479,2.379061298061204,True,1.4506471329641486,True
2,381,CA-KL + Candidate Greenlist + Weighted/WinMax,1,z_score,5.396407334626633,2.379061298061204,True,1.4506471329641486,True
4,382,CA-KL + Candidate Greenlist + Weighted/WinMax,1,z_score,6.789028582272215,2.379061298061204,True,1.4506471329641486,True
3,383,CA-KL + Candidate Greenlist + Weighted/WinMax,1,z_score,9.574271077563381,2.6111648393354674,True,1.4506471329641486,True
2,384,CA-KL + Candidate Greenlist + Weighted/WinMax,1,z_score,5.86061441717516,2.379061298061204,True,1.4506471329641486,True
3,385,CA-KL + Candidate Greenlist + Weighted/WinMax,1,z_score,6.324821499723688,2.6111648393354674,True,1.4506471329641486,True
2,386,CA-KL + Candidate Greenlist + Weighted/WinMax,1,z_score,6.789028582272215,2.379061298061204,True,1.4506471329641486,True
5,387,CA-KL + Candidate Greenlist + Weighted/WinMax,1,z_score,9.806374618837644,2.6111648393354674,True,1.4506471329641486,True
4,388,CA-KL + Candidate Greenlist + Weighted/WinMax,1,z_score,5.628510875900897,2.379061298061204,True,1.4506471329641486,True
2,389,CA-KL + Candidate Greenlist + Weighted/WinMax,1,z_score,9.342167536289118,2.379061298061204,True,1.4506471329641486,True
4,39,CA-KL + Candidate Greenlist + Weighted/WinMax,1,z_score,2.434508013602067,2.379061298061204,True,1.4506471329641486,True
2,390,CA-KL + Candidate Greenlist + Weighted/WinMax,1,z_score,9.342167536289118,2.379061298061204,True,1.4506471329641486,True
4,391,CA-KL + Candidate Greenlist + Weighted/WinMax,1,z_score,4.700096710803842,2.379061298061204,True,1.4506471329641486,True
5,392,CA-KL + Candidate Greenlist + Weighted/WinMax,1,z_score,5.628510875900897,2.6111648393354674,True,1.4506471329641486,True
3,393,CA-KL + Candidate Greenlist + Weighted/WinMax,1,z_score,8.181649829917799,2.6111648393354674,True,1.4506471329641486,True
2,394,CA-KL + Candidate Greenlist + Weighted/WinMax,1,z_score,6.092717958449424,2.379061298061204,True,1.4506471329641486,True
3,395,CA-KL + Candidate Greenlist + Weighted/WinMax,1,z_score,5.057563382541147,2.6111648393354674,True,1.4506471329641486,True
5,396,CA-KL + Candidate Greenlist + Weighted/WinMax,1,z_score,8.181649829917799,2.6111648393354674,True,1.4506471329641486,True
5,397,CA-KL + Candidate Greenlist + Weighted/WinMax,1,z_score,2.6111648393354674,2.6111648393354674,True,1.4506471329641486,True
1,398,CA-KL + Candidate Greenlist + Weighted/WinMax,1,z_score,5.628510875900897,2.379061298061204,True,1.4506471329641486,True
1,399,CA-KL + Candidate Greenlist + Weighted/WinMax,1,z_score,1.9148542155126762,2.379061298061204,False,1.4506471329641486,True
1,4,CA-KL + Candidate Greenlist + Weighted/WinMax,1,z_score,7.021132123546479,2.379061298061204,True,1.4506471329641486,True
3,40,CA-KL + Candidate Greenlist + Weighted/WinMax,1,z_score,3.1558437213360127,2.6111648393354674,True,1.4506471329641486,True
3,400,CA-KL + Candidate Greenlist + Weighted/WinMax,1,z_score,7.2532356648207434,2.6111648393354674,True,1.4506471329641486,True
5,401,CA-KL + Candidate Greenlist + Weighted/WinMax,1,z_score,7.4853392060950075,2.6111648393354674,True,1.4506471329641486,True
2,402,CA-KL + Candidate Greenlist + Weighted/WinMax,1,z_score,4.932200252078106,2.379061298061204,True,1.4506471329641486,True
1,403,CA-KL + Candidate Greenlist + Weighted/WinMax,1,z_score,3.5395790044325226,2.379061298061204,True,1.4506471329641486,True
1,404,CA-KL + Candidate Greenlist + Weighted/WinMax,1,z_score,7.2532356648207434,2.379061298061204,True,1.4506471329641486,True
4,405,CA-KL + Candidate Greenlist + Weighted/WinMax,1,z_score,7.34013876781643,2.379061298061204,True,1.4506471329641486,True
4,406,CA-KL + Candidate Greenlist + Weighted/WinMax,1,z_score,6.324821499723688,2.379061298061204,True,1.4506471329641486,True
5,407,CA-KL + Candidate Greenlist + Weighted/WinMax,1,z_score,4.467993169529578,2.6111648393354674,True,1.4506471329641486,True
3,408,CA-KL + Candidate Greenlist + Weighted/WinMax,1,z_score,7.717442747369271,2.6111648393354674,True,1.4506471329641486,True
2,409,CA-KL + Candidate Greenlist + Weighted/WinMax,1,z_score,9.110063995014853,2.379061298061204,True,1.4506471329641486,True
4,41,CA-KL + Candidate Greenlist + Weighted/WinMax,1,z_score,7.021132123546479,2.379061298061204,True,1.4506471329641486,True
4,410,CA-KL + Candidate Greenlist + Weighted/WinMax,1,z_score,7.949546288643535,2.379061298061204,True,1.4506471329641486,True
4,411,CA-KL + Candidate Greenlist + Weighted/WinMax,1,z_score,10.038478160111909,2.379061298061204,True,1.4506471329641486,True
4,412,CA-KL + Candidate Greenlist + Weighted/WinMax,1,z_score,6.092717958449424,2.379061298061204,True,1.4506471329641486,True
5,413,CA-KL + Candidate Greenlist + Weighted/WinMax,1,z_score,1.9148542155126762,2.6111648393354674,False,1.4506471329641486,True
2,414,CA-KL + Candidate Greenlist + Weighted/WinMax,1,z_score,5.164303793352369,2.379061298061204,True,1.4506471329641486,True
2,415,CA-KL + Candidate Greenlist + Weighted/WinMax,1,z_score,4.467993169529578,2.379061298061204,True,1.4506471329641486,True
1,416,CA-KL + Candidate Greenlist + Weighted/WinMax,1,z_score,8.87796045374059,2.379061298061204,True,1.4506471329641486,True
5,417,CA-KL + Candidate Greenlist + Weighted/WinMax,1,z_score,7.949546288643535,2.6111648393354674,True,1.4506471329641486,True
2,418,CA-KL + Candidate Greenlist + Weighted/WinMax,1,z_score,8.645856912466327,2.379061298061204,True,1.4506471329641486,True
5,419,CA-KL + Candidate Greenlist + Weighted/WinMax,1,z_score,5.86061441717516,2.6111648393354674,True,1.4506471329641486,True
1,42,CA-KL + Candidate Greenlist + Weighted/WinMax,1,z_score,7.2532356648207434,2.379061298061204,True,1.4506471329641486,True
4,420,CA-KL + Candidate Greenlist + Weighted/WinMax,1,z_score,6.789028582272215,2.379061298061204,True,1.4506471329641486,True
4,421,CA-KL + Candidate Greenlist + Weighted/WinMax,1,z_score,7.4853392060950075,2.379061298061204,True,1.4506471329641486,True
3,422,CA-KL + Candidate Greenlist + Weighted/WinMax,1,z_score,8.645856912466327,2.6111648393354674,True,1.4506471329641486,True
2,423,CA-KL + Candidate Greenlist + Weighted/WinMax,1,z_score,8.413753371192062,2.379061298061204,True,1.4506471329641486,True
3,424,CA-KL + Candidate Greenlist + Weighted/WinMax,1,z_score,4.003786086981051,2.6111648393354674,True,1.4506471329641486,True
3,425,CA-KL + Candidate Greenlist + Weighted/WinMax,1,z_score,5.86061441717516,2.6111648393354674,True,1.4506471329641486,True
2,426,CA-KL + Candidate Greenlist + Weighted/WinMax,1,z_score,7.2532356648207434,2.379061298061204,True,1.4506471329641486,True
5,427,CA-KL + Candidate Greenlist + Weighted/WinMax,1,z_score,6.556925040997952,2.6111648393354674,True,1.4506471329641486,True
3,428,CA-KL + Candidate Greenlist + Weighted/WinMax,1,z_score,5.628510875900897,2.6111648393354674,True,1.4506471329641486,True
5,429,CA-KL + Candidate Greenlist + Weighted/WinMax,1,z_score,4.932200252078106,2.6111648393354674,True,1.4506471329641486,True
5,43,CA-KL + Candidate Greenlist + Weighted/WinMax,1,z_score,5.628510875900897,2.6111648393354674,True,1.4506471329641486,True
3,430,CA-KL + Candidate Greenlist + Weighted/WinMax,1,z_score,5.86061441717516,2.6111648393354674,True,1.4506471329641486,True
1,431,CA-KL + Candidate Greenlist + Weighted/WinMax,1,z_score,6.556925040997952,2.379061298061204,True,1.4506471329641486,True
1,432,CA-KL + Candidate Greenlist + Weighted/WinMax,1,z_score,5.396407334626633,2.379061298061204,True,1.4506471329641486,True
5,433,CA-KL + Candidate Greenlist + Weighted/WinMax,1,z_score,7.2532356648207434,2.6111648393354674,True,1.4506471329641486,True
1,434,CA-KL + Candidate Greenlist + Weighted/WinMax,1,z_score,8.413753371192062,2.379061298061204,True,1.4506471329641486,True
5,435,CA-KL + Candidate Greenlist + Weighted/WinMax,1,z_score,7.021132123546479,2.6111648393354674,True,1.4506471329641486,True
5,436,CA-KL + Candidate Greenlist + Weighted/WinMax,1,z_score,7.4853392060950075,2.6111648393354674,True,1.4506471329641486,True
4,437,CA-KL + Candidate Greenlist + Weighted/WinMax,1,z_score,0.058025885318565944,2.379061298061204,False,1.4506471329641486,False
1,438,CA-KL + Candidate Greenlist + Weighted/WinMax,1,z_score,7.2532356648207434,2.379061298061204,True,1.4506471329641486,True
5,439,CA-KL + Candidate Greenlist + Weighted/WinMax,1,z_score,7.021132123546479,2.6111648393354674,True,1.4506471329641486,True
5,44,CA-KL + Candidate Greenlist + Weighted/WinMax,1,z_score,7.021132123546479,2.6111648393354674,True,1.4506471329641486,True
4,440,CA-KL + Candidate Greenlist + Weighted/WinMax,1,z_score,5.86061441717516,2.379061298061204,True,1.4506471329641486,True
3,441,CA-KL + Candidate Greenlist + Weighted/WinMax,1,z_score,7.4853392060950075,2.6111648393354674,True,1.4506471329641486,True
2,442,CA-KL + Candidate Greenlist + Weighted/WinMax,1,z_score,5.86061441717516,2.379061298061204,True,1.4506471329641486,True
3,443,CA-KL + Candidate Greenlist + Weighted/WinMax,1,z_score,10.038478160111909,2.6111648393354674,True,1.4506471329641486,True
4,444,CA-KL + Candidate Greenlist + Weighted/WinMax,1,z_score,8.413753371192062,2.379061298061204,True,1.4506471329641486,True
1,445,CA-KL + Candidate Greenlist + Weighted/WinMax,1,z_score,2.379061298061204,2.379061298061204,True,1.4506471329641486,True
4,446,CA-KL + Candidate Greenlist + Weighted/WinMax,1,z_score,7.717442747369271,2.379061298061204,True,1.4506471329641486,True
4,447,CA-KL + Candidate Greenlist + Weighted/WinMax,1,z_score,9.806374618837644,2.379061298061204,True,1.4506471329641486,True
4,448,CA-KL + Candidate Greenlist + Weighted/WinMax,1,z_score,6.789028582272215,2.379061298061204,True,1.4506471329641486,True
5,449,CA-KL + Candidate Greenlist + Weighted/WinMax,1,z_score,8.181649829917799,2.6111648393354674,True,1.4506471329641486,True
5,45,CA-KL + Candidate Greenlist + Weighted/WinMax,1,z_score,7.717442747369271,2.6111648393354674,True,1.4506471329641486,True
3,450,CA-KL + Candidate Greenlist + Weighted/WinMax,1,z_score,8.87796045374059,2.6111648393354674,True,1.4506471329641486,True
5,451,CA-KL + Candidate Greenlist + Weighted/WinMax,1,z_score,8.87796045374059,2.6111648393354674,True,1.4506471329641486,True
4,452,CA-KL + Candidate Greenlist + Weighted/WinMax,1,z_score,10.966892325208963,2.379061298061204,True,1.4506471329641486,True
2,453,CA-KL + Candidate Greenlist + Weighted/WinMax,1,z_score,4.700096710803842,2.379061298061204,True,1.4506471329641486,True
1,454,CA-KL + Candidate Greenlist + Weighted/WinMax,1,z_score,5.164303793352369,2.379061298061204,True,1.4506471329641486,True
2,455,CA-KL + Candidate Greenlist + Weighted/WinMax,1,z_score,5.86061441717516,2.379061298061204,True,1.4506471329641486,True
5,456,CA-KL + Candidate Greenlist + Weighted/WinMax,1,z_score,5.86061441717516,2.6111648393354674,True,1.4506471329641486,True
3,457,CA-KL + Candidate Greenlist + Weighted/WinMax,1,z_score,5.628510875900897,2.6111648393354674,True,1.4506471329641486,True
4,458,CA-KL + Candidate Greenlist + Weighted/WinMax,1,z_score,5.628510875900897,2.379061298061204,True,1.4506471329641486,True
2,459,CA-KL + Candidate Greenlist + Weighted/WinMax,1,z_score,7.2532356648207434,2.379061298061204,True,1.4506471329641486,True
5,46,CA-KL + Candidate Greenlist + Weighted/WinMax,1,z_score,6.324821499723688,2.6111648393354674,True,1.4506471329641486,True
4,460,CA-KL + Candidate Greenlist + Weighted/WinMax,1,z_score,5.86061441717516,2.379061298061204,True,1.4506471329641486,True
2,461,CA-KL + Candidate Greenlist + Weighted/WinMax,1,z_score,6.324821499723688,2.379061298061204,True,1.4506471329641486,True
4,462,CA-KL + Candidate Greenlist + Weighted/WinMax,1,z_score,0.5222329678670935,2.379061298061204,False,1.4506471329641486,False
5,463,CA-KL + Candidate Greenlist + Weighted/WinMax,1,z_score,6.556925040997952,2.6111648393354674,True,1.4506471329641486,True
1,464,CA-KL + Candidate Greenlist + Weighted/WinMax,1,z_score,7.2532356648207434,2.379061298061204,True,1.4506471329641486,True
2,465,CA-KL + Candidate Greenlist + Weighted/WinMax,1,z_score,4.003786086981051,2.379061298061204,True,1.4506471329641486,True
1,466,CA-KL + Candidate Greenlist + Weighted/WinMax,1,z_score,2.6111648393354674,2.379061298061204,True,1.4506471329641486,True
4,467,CA-KL + Candidate Greenlist + Weighted/WinMax,1,z_score,7.949546288643535,2.379061298061204,True,1.4506471329641486,True
4,468,CA-KL + Candidate Greenlist + Weighted/WinMax,1,z_score,5.628510875900897,2.379061298061204,True,1.4506471329641486,True
5,469,CA-KL + Candidate Greenlist + Weighted/WinMax,1,z_score,3.1558437213360127,2.6111648393354674,True,1.4506471329641486,True
1,47,CA-KL + Candidate Greenlist + Weighted/WinMax,1,z_score,4.003786086981051,2.379061298061204,True,1.4506471329641486,True
1,470,CA-KL + Candidate Greenlist + Weighted/WinMax,1,z_score,6.092717958449424,2.379061298061204,True,1.4506471329641486,True
1,471,CA-KL + Candidate Greenlist + Weighted/WinMax,1,z_score,4.700096710803842,2.379061298061204,True,1.4506471329641486,True
5,472,CA-KL + Candidate Greenlist + Weighted/WinMax,1,z_score,4.932200252078106,2.6111648393354674,True,1.4506471329641486,True
5,473,CA-KL + Candidate Greenlist + Weighted/WinMax,1,z_score,6.092717958449424,2.6111648393354674,True,1.4506471329641486,True
2,474,CA-KL + Candidate Greenlist + Weighted/WinMax,1,z_score,5.86061441717516,2.379061298061204,True,1.4506471329641486,True
2,475,CA-KL + Candidate Greenlist + Weighted/WinMax,1,z_score,6.887568256738228,2.379061298061204,True,1.4506471329641486,True
4,476,CA-KL + Candidate Greenlist + Weighted/WinMax,1,z_score,4.932200252078106,2.379061298061204,True,1.4506471329641486,True
4,477,CA-KL + Candidate Greenlist + Weighted/WinMax,1,z_score,5.628510875900897,2.379061298061204,True,1.4506471329641486,True
5,478,CA-KL + Candidate Greenlist + Weighted/WinMax,1,z_score,7.717442747369271,2.6111648393354674,True,1.4506471329641486,True
2,479,CA-KL + Candidate Greenlist + Weighted/WinMax,1,z_score,7.021132123546479,2.379061298061204,True,1.4506471329641486,True
3,48,CA-KL + Candidate Greenlist + Weighted/WinMax,1,z_score,9.110063995014853,2.6111648393354674,True,1.4506471329641486,True
2,480,CA-KL + Candidate Greenlist + Weighted/WinMax,1,z_score,6.092717958449424,2.379061298061204,True,1.4506471329641486,True
5,481,CA-KL + Candidate Greenlist + Weighted/WinMax,1,z_score,3.7716825457067866,2.6111648393354674,True,1.4506471329641486,True
3,482,CA-KL + Candidate Greenlist + Weighted/WinMax,1,z_score,5.164303793352369,2.6111648393354674,True,1.4506471329641486,True
1,483,CA-KL + Candidate Greenlist + Weighted/WinMax,1,z_score,4.700096710803842,2.379061298061204,True,1.4506471329641486,True
4,484,CA-KL + Candidate Greenlist + Weighted/WinMax,1,z_score,7.021132123546479,2.379061298061204,True,1.4506471329641486,True
2,485,CA-KL + Candidate Greenlist + Weighted/WinMax,1,z_score,6.092717958449424,2.379061298061204,True,1.4506471329641486,True
3,486,CA-KL + Candidate Greenlist + Weighted/WinMax,1,z_score,9.342167536289118,2.6111648393354674,True,1.4506471329641486,True
2,487,CA-KL + Candidate Greenlist + Weighted/WinMax,1,z_score,5.86061441717516,2.379061298061204,True,1.4506471329641486,True
2,488,CA-KL + Candidate Greenlist + Weighted/WinMax,1,z_score,9.110063995014853,2.379061298061204,True,1.4506471329641486,True
1,489,CA-KL + Candidate Greenlist + Weighted/WinMax,1,z_score,7.021132123546479,2.379061298061204,True,1.4506471329641486,True
4,49,CA-KL + Candidate Greenlist + Weighted/WinMax,1,z_score,4.467993169529578,2.379061298061204,True,1.4506471329641486,True
4,490,CA-KL + Candidate Greenlist + Weighted/WinMax,1,z_score,6.092717958449424,2.379061298061204,True,1.4506471329641486,True
2,491,CA-KL + Candidate Greenlist + Weighted/WinMax,1,z_score,4.467993169529578,2.379061298061204,True,1.4506471329641486,True
5,492,CA-KL + Candidate Greenlist + Weighted/WinMax,1,z_score,9.574271077563381,2.6111648393354674,True,1.4506471329641486,True
2,493,CA-KL + Candidate Greenlist + Weighted/WinMax,1,z_score,9.110063995014853,2.379061298061204,True,1.4506471329641486,True
3,494,CA-KL + Candidate Greenlist + Weighted/WinMax,1,z_score,9.574271077563381,2.6111648393354674,True,1.4506471329641486,True
2,495,CA-KL + Candidate Greenlist + Weighted/WinMax,1,z_score,5.628510875900897,2.379061298061204,True,1.4506471329641486,True
1,496,CA-KL + Candidate Greenlist + Weighted/WinMax,1,z_score,4.932200252078106,2.379061298061204,True,1.4506471329641486,True
5,497,CA-KL + Candidate Greenlist + Weighted/WinMax,1,z_score,7.717442747369271,2.6111648393354674,True,1.4506471329641486,True
1,498,CA-KL + Candidate Greenlist + Weighted/WinMax,1,z_score,4.003786086981051,2.379061298061204,True,1.4506471329641486,True
5,499,CA-KL + Candidate Greenlist + Weighted/WinMax,1,z_score,5.628510875900897,2.6111648393354674,True,1.4506471329641486,True
3,5,CA-KL + Candidate Greenlist + Weighted/WinMax,1,z_score,10.038478160111909,2.6111648393354674,True,1.4506471329641486,True
4,50,CA-KL + Candidate Greenlist + Weighted/WinMax,1,z_score,4.467993169529578,2.379061298061204,True,1.4506471329641486,True
4,500,CA-KL + Candidate Greenlist + Weighted/WinMax,1,z_score,7.2532356648207434,2.379061298061204,True,1.4506471329641486,True
1,51,CA-KL + Candidate Greenlist + Weighted/WinMax,1,z_score,6.092717958449424,2.379061298061204,True,1.4506471329641486,True
3,52,CA-KL + Candidate Greenlist + Weighted/WinMax,1,z_score,6.092717958449424,2.6111648393354674,True,1.4506471329641486,True
4,53,CA-KL + Candidate Greenlist + Weighted/WinMax,1,z_score,8.87796045374059,2.379061298061204,True,1.4506471329641486,True
2,54,CA-KL + Candidate Greenlist + Weighted/WinMax,1,z_score,5.628510875900897,2.379061298061204,True,1.4506471329641486,True
5,55,CA-KL + Candidate Greenlist + Weighted/WinMax,1,z_score,7.4853392060950075,2.6111648393354674,True,1.4506471329641486,True
5,56,CA-KL + Candidate Greenlist + Weighted/WinMax,1,z_score,8.87796045374059,2.6111648393354674,True,1.4506471329641486,True
4,57,CA-KL + Candidate Greenlist + Weighted/WinMax,1,z_score,7.021132123546479,2.379061298061204,True,1.4506471329641486,True
1,58,CA-KL + Candidate Greenlist + Weighted/WinMax,1,z_score,8.181649829917799,2.379061298061204,True,1.4506471329641486,True
5,59,CA-KL + Candidate Greenlist + Weighted/WinMax,1,z_score,7.2532356648207434,2.6111648393354674,True,1.4506471329641486,True
4,6,CA-KL + Candidate Greenlist + Weighted/WinMax,1,z_score,7.717442747369271,2.379061298061204,True,1.4506471329641486,True
1,60,CA-KL + Candidate Greenlist + Weighted/WinMax,1,z_score,7.949546288643535,2.379061298061204,True,1.4506471329641486,True
4,61,CA-KL + Candidate Greenlist + Weighted/WinMax,1,z_score,6.556925040997952,2.379061298061204,True,1.4506471329641486,True
4,62,CA-KL + Candidate Greenlist + Weighted/WinMax,1,z_score,6.789028582272215,2.379061298061204,True,1.4506471329641486,True
4,63,CA-KL + Candidate Greenlist + Weighted/WinMax,1,z_score,8.645856912466327,2.379061298061204,True,1.4506471329641486,True
3,64,CA-KL + Candidate Greenlist + Weighted/WinMax,1,z_score,5.738190417570045,2.6111648393354674,True,1.4506471329641486,True
2,65,CA-KL + Candidate Greenlist + Weighted/WinMax,1,z_score,8.181649829917799,2.379061298061204,True,1.4506471329641486,True
1,66,CA-KL + Candidate Greenlist + Weighted/WinMax,1,z_score,9.574271077563381,2.379061298061204,True,1.4506471329641486,True
5,67,CA-KL + Candidate Greenlist + Weighted/WinMax,1,z_score,6.556925040997952,2.6111648393354674,True,1.4506471329641486,True
5,68,CA-KL + Candidate Greenlist + Weighted/WinMax,1,z_score,5.86061441717516,2.6111648393354674,True,1.4506471329641486,True
4,69,CA-KL + Candidate Greenlist + Weighted/WinMax,1,z_score,7.021132123546479,2.379061298061204,True,1.4506471329641486,True
1,7,CA-KL + Candidate Greenlist + Weighted/WinMax,1,z_score,2.434508013602067,2.379061298061204,True,1.4506471329641486,True
1,70,CA-KL + Candidate Greenlist + Weighted/WinMax,1,z_score,7.021132123546479,2.379061298061204,True,1.4506471329641486,True
5,71,CA-KL + Candidate Greenlist + Weighted/WinMax,1,z_score,5.86061441717516,2.6111648393354674,True,1.4506471329641486,True
5,72,CA-KL + Candidate Greenlist + Weighted/WinMax,1,z_score,7.4853392060950075,2.6111648393354674,True,1.4506471329641486,True
4,73,CA-KL + Candidate Greenlist + Weighted/WinMax,1,z_score,4.003786086981051,2.379061298061204,True,1.4506471329641486,True
3,74,CA-KL + Candidate Greenlist + Weighted/WinMax,1,z_score,5.86061441717516,2.6111648393354674,True,1.4506471329641486,True
2,75,CA-KL + Candidate Greenlist + Weighted/WinMax,1,z_score,7.021132123546479,2.379061298061204,True,1.4506471329641486,True
5,76,CA-KL + Candidate Greenlist + Weighted/WinMax,1,z_score,4.700096710803842,2.6111648393354674,True,1.4506471329641486,True
2,77,CA-KL + Candidate Greenlist + Weighted/WinMax,1,z_score,8.181649829917799,2.379061298061204,True,1.4506471329641486,True
2,78,CA-KL + Candidate Greenlist + Weighted/WinMax,1,z_score,4.003786086981051,2.379061298061204,True,1.4506471329641486,True
2,79,CA-KL + Candidate Greenlist + Weighted/WinMax,1,z_score,6.789028582272215,2.379061298061204,True,1.4506471329641486,True
5,8,CA-KL + Candidate Greenlist + Weighted/WinMax,1,z_score,5.86061441717516,2.6111648393354674,True,1.4506471329641486,True
3,80,CA-KL + Candidate Greenlist + Weighted/WinMax,1,z_score,8.645856912466327,2.6111648393354674,True,1.4506471329641486,True
2,81,CA-KL + Candidate Greenlist + Weighted/WinMax,1,z_score,4.700096710803842,2.379061298061204,True,1.4506471329641486,True
2,82,CA-KL + Candidate Greenlist + Weighted/WinMax,1,z_score,5.86061441717516,2.379061298061204,True,1.4506471329641486,True
3,83,CA-KL + Candidate Greenlist + Weighted/WinMax,1,z_score,4.235889628255314,2.6111648393354674,True,1.4506471329641486,True
2,84,CA-KL + Candidate Greenlist + Weighted/WinMax,1,z_score,10.270581701386172,2.379061298061204,True,1.4506471329641486,True
4,85,CA-KL + Candidate Greenlist + Weighted/WinMax,1,z_score,7.2532356648207434,2.379061298061204,True,1.4506471329641486,True
1,86,CA-KL + Candidate Greenlist + Weighted/WinMax,1,z_score,6.556925040997952,2.379061298061204,True,1.4506471329641486,True
4,87,CA-KL + Candidate Greenlist + Weighted/WinMax,1,z_score,7.949546288643535,2.379061298061204,True,1.4506471329641486,True
2,88,CA-KL + Candidate Greenlist + Weighted/WinMax,1,z_score,6.092717958449424,2.379061298061204,True,1.4506471329641486,True
4,89,CA-KL + Candidate Greenlist + Weighted/WinMax,1,z_score,4.932200252078106,2.379061298061204,True,1.4506471329641486,True
2,9,CA-KL + Candidate Greenlist + Weighted/WinMax,1,z_score,3.5395790044325226,2.379061298061204,True,1.4506471329641486,True
5,90,CA-KL + Candidate Greenlist + Weighted/WinMax,1,z_score,5.628510875900897,2.6111648393354674,True,1.4506471329641486,True
3,91,CA-KL + Candidate Greenlist + Weighted/WinMax,1,z_score,7.021132123546479,2.6111648393354674,True,1.4506471329641486,True
1,92,CA-KL + Candidate Greenlist + Weighted/WinMax,1,z_score,3.307475463158259,2.379061298061204,True,1.4506471329641486,True
2,93,CA-KL + Candidate Greenlist + Weighted/WinMax,1,z_score,8.181649829917799,2.379061298061204,True,1.4506471329641486,True
5,94,CA-KL + Candidate Greenlist + Weighted/WinMax,1,z_score,5.628510875900897,2.6111648393354674,True,1.4506471329641486,True
3,95,CA-KL + Candidate Greenlist + Weighted/WinMax,1,z_score,7.949546288643535,2.6111648393354674,True,1.4506471329641486,True
1,96,CA-KL + Candidate Greenlist + Weighted/WinMax,1,z_score,6.556925040997952,2.379061298061204,True,1.4506471329641486,True
5,97,CA-KL + Candidate Greenlist + Weighted/WinMax,1,z_score,9.110063995014853,2.6111648393354674,True,1.4506471329641486,True
2,98,CA-KL + Candidate Greenlist + Weighted/WinMax,1,z_score,7.4853392060950075,2.379061298061204,True,1.4506471329641486,True
5,99,CA-KL + Candidate Greenlist + Weighted/WinMax,1,z_score,8.181649829917799,2.6111648393354674,True,1.4506471329641486,True
2,1,CA-KL + Weighted Detector,1,z_score,10.502685242660437,2.379061298061204,True,1.4506471329641486,True
3,10,CA-KL + Weighted Detector,1,z_score,5.86061441717516,2.6111648393354674,True,1.4506471329641486,True
5,100,CA-KL + Weighted Detector,1,z_score,6.789028582272215,2.6111648393354674,True,1.4506471329641486,True
1,101,CA-KL + Weighted Detector,1,z_score,7.2532356648207434,2.379061298061204,True,1.4506471329641486,True
5,102,CA-KL + Weighted Detector,1,z_score,5.396407334626633,2.6111648393354674,True,1.4506471329641486,True
3,103,CA-KL + Weighted Detector,1,z_score,9.110063995014853,2.6111648393354674,True,1.4506471329641486,True
2,104,CA-KL + Weighted Detector,1,z_score,4.932200252078106,2.379061298061204,True,1.4506471329641486,True
5,105,CA-KL + Weighted Detector,1,z_score,5.628510875900897,2.6111648393354674,True,1.4506471329641486,True
1,106,CA-KL + Weighted Detector,1,z_score,10.270581701386172,2.379061298061204,True,1.4506471329641486,True
3,107,CA-KL + Weighted Detector,1,z_score,8.181649829917799,2.6111648393354674,True,1.4506471329641486,True
3,108,CA-KL + Weighted Detector,1,z_score,6.556925040997952,2.6111648393354674,True,1.4506471329641486,True
3,109,CA-KL + Weighted Detector,1,z_score,7.2532356648207434,2.6111648393354674,True,1.4506471329641486,True
2,11,CA-KL + Weighted Detector,1,z_score,9.574271077563381,2.379061298061204,True,1.4506471329641486,True
3,110,CA-KL + Weighted Detector,1,z_score,7.4853392060950075,2.6111648393354674,True,1.4506471329641486,True
3,111,CA-KL + Weighted Detector,1,z_score,7.949546288643535,2.6111648393354674,True,1.4506471329641486,True
5,112,CA-KL + Weighted Detector,1,z_score,5.86061441717516,2.6111648393354674,True,1.4506471329641486,True
3,113,CA-KL + Weighted Detector,1,z_score,6.265107527173338,2.6111648393354674,True,1.4506471329641486,True
4,114,CA-KL + Weighted Detector,1,z_score,5.164303793352369,2.379061298061204,True,1.4506471329641486,True
3,115,CA-KL + Weighted Detector,1,z_score,7.021132123546479,2.6111648393354674,True,1.4506471329641486,True
1,116,CA-KL + Weighted Detector,1,z_score,8.645856912466327,2.379061298061204,True,1.4506471329641486,True
4,117,CA-KL + Weighted Detector,1,z_score,9.053589325499404,2.379061298061204,True,1.4506471329641486,True
3,118,CA-KL + Weighted Detector,1,z_score,8.645856912466327,2.6111648393354674,True,1.4506471329641486,True
1,119,CA-KL + Weighted Detector,1,z_score,7.717442747369271,2.379061298061204,True,1.4506471329641486,True
5,12,CA-KL + Weighted Detector,1,z_score,5.396407334626633,2.6111648393354674,True,1.4506471329641486,True
3,120,CA-KL + Weighted Detector,1,z_score,8.181649829917799,2.6111648393354674,True,1.4506471329641486,True
1,121,CA-KL + Weighted Detector,1,z_score,6.324821499723688,2.379061298061204,True,1.4506471329641486,True
1,122,CA-KL + Weighted Detector,1,z_score,4.959182990670877,2.379061298061204,True,1.4506471329641486,True
2,123,CA-KL + Weighted Detector,1,z_score,5.86061441717516,2.379061298061204,True,1.4506471329641486,True
1,124,CA-KL + Weighted Detector,1,z_score,7.2532356648207434,2.379061298061204,True,1.4506471329641486,True
3,125,CA-KL + Weighted Detector,1,z_score,7.4853392060950075,2.6111648393354674,True,1.4506471329641486,True
4,126,CA-KL + Weighted Detector,1,z_score,8.181649829917799,2.379061298061204,True,1.4506471329641486,True
1,127,CA-KL + Weighted Detector,1,z_score,2.7791013395195128,2.379061298061204,True,1.4506471329641486,True
1,128,CA-KL + Weighted Detector,1,z_score,8.87796045374059,2.379061298061204,True,1.4506471329641486,True
5,129,CA-KL + Weighted Detector,1,z_score,7.949546288643535,2.6111648393354674,True,1.4506471329641486,True
4,13,CA-KL + Weighted Detector,1,z_score,7.949546288643535,2.379061298061204,True,1.4506471329641486,True
1,130,CA-KL + Weighted Detector,1,z_score,4.900769721140662,2.379061298061204,True,1.4506471329641486,True
1,131,CA-KL + Weighted Detector,1,z_score,7.2532356648207434,2.379061298061204,True,1.4506471329641486,True
1,132,CA-KL + Weighted Detector,1,z_score,6.092717958449424,2.379061298061204,True,1.4506471329641486,True
2,133,CA-KL + Weighted Detector,1,z_score,10.7347887839347,2.379061298061204,True,1.4506471329641486,True
1,134,CA-KL + Weighted Detector,1,z_score,8.413753371192062,2.379061298061204,True,1.4506471329641486,True
1,135,CA-KL + Weighted Detector,1,z_score,7.717442747369271,2.379061298061204,True,1.4506471329641486,True
5,136,CA-KL + Weighted Detector,1,z_score,7.4853392060950075,2.6111648393354674,True,1.4506471329641486,True
1,137,CA-KL + Weighted Detector,1,z_score,9.110063995014853,2.379061298061204,True,1.4506471329641486,True
4,138,CA-KL + Weighted Detector,1,z_score,4.467993169529578,2.379061298061204,True,1.4506471329641486,True
3,139,CA-KL + Weighted Detector,1,z_score,7.717442747369271,2.6111648393354674,True,1.4506471329641486,True
3,14,CA-KL + Weighted Detector,1,z_score,9.574271077563381,2.6111648393354674,True,1.4506471329641486,True
5,140,CA-KL + Weighted Detector,1,z_score,10.038478160111909,2.6111648393354674,True,1.4506471329641486,True
4,141,CA-KL + Weighted Detector,1,z_score,9.806374618837644,2.379061298061204,True,1.4506471329641486,True
2,142,CA-KL + Weighted Detector,1,z_score,6.556925040997952,2.379061298061204,True,1.4506471329641486,True
2,143,CA-KL + Weighted Detector,1,z_score,8.87796045374059,2.379061298061204,True,1.4506471329641486,True
5,144,CA-KL + Weighted Detector,1,z_score,9.806374618837644,2.6111648393354674,True,1.4506471329641486,True
3,145,CA-KL + Weighted Detector,1,z_score,7.949546288643535,2.6111648393354674,True,1.4506471329641486,True
3,146,CA-KL + Weighted Detector,1,z_score,8.181649829917799,2.6111648393354674,True,1.4506471329641486,True
2,147,CA-KL + Weighted Detector,1,z_score,7.717442747369271,2.379061298061204,True,1.4506471329641486,True
2,148,CA-KL + Weighted Detector,1,z_score,8.181649829917799,2.379061298061204,True,1.4506471329641486,True
5,149,CA-KL + Weighted Detector,1,z_score,6.324821499723688,2.6111648393354674,True,1.4506471329641486,True
5,15,CA-KL + Weighted Detector,1,z_score,7.021132123546479,2.6111648393354674,True,1.4506471329641486,True
2,150,CA-KL + Weighted Detector,1,z_score,6.556925040997952,2.379061298061204,True,1.4506471329641486,True
2,151,CA-KL + Weighted Detector,1,z_score,9.806374618837644,2.379061298061204,True,1.4506471329641486,True
2,152,CA-KL + Weighted Detector,1,z_score,6.324821499723688,2.379061298061204,True,1.4506471329641486,True
3,153,CA-KL + Weighted Detector,1,z_score,5.86061441717516,2.6111648393354674,True,1.4506471329641486,True
5,154,CA-KL + Weighted Detector,1,z_score,6.789028582272215,2.6111648393354674,True,1.4506471329641486,True
1,155,CA-KL + Weighted Detector,1,z_score,9.806374618837644,2.379061298061204,True,1.4506471329641486,True
4,156,CA-KL + Weighted Detector,1,z_score,4.932200252078106,2.379061298061204,True,1.4506471329641486,True
1,157,CA-KL + Weighted Detector,1,z_score,8.413753371192062,2.379061298061204,True,1.4506471329641486,True
5,158,CA-KL + Weighted Detector,1,z_score,4.467993169529578,2.6111648393354674,True,1.4506471329641486,True
2,159,CA-KL + Weighted Detector,1,z_score,8.645856912466327,2.379061298061204,True,1.4506471329641486,True
5,16,CA-KL + Weighted Detector,1,z_score,7.2532356648207434,2.6111648393354674,True,1.4506471329641486,True
3,160,CA-KL + Weighted Detector,1,z_score,14.216341903048656,2.6111648393354674,True,1.4506471329641486,True
4,161,CA-KL + Weighted Detector,1,z_score,9.110063995014853,2.379061298061204,True,1.4506471329641486,True
3,162,CA-KL + Weighted Detector,1,z_score,8.413753371192062,2.6111648393354674,True,1.4506471329641486,True
1,163,CA-KL + Weighted Detector,1,z_score,6.789028582272215,2.379061298061204,True,1.4506471329641486,True
3,164,CA-KL + Weighted Detector,1,z_score,8.87796045374059,2.6111648393354674,True,1.4506471329641486,True
3,165,CA-KL + Weighted Detector,1,z_score,6.789028582272215,2.6111648393354674,True,1.4506471329641486,True
2,166,CA-KL + Weighted Detector,1,z_score,9.806374618837644,2.379061298061204,True,1.4506471329641486,True
4,167,CA-KL + Weighted Detector,1,z_score,9.806374618837644,2.379061298061204,True,1.4506471329641486,True
1,168,CA-KL + Weighted Detector,1,z_score,6.789028582272215,2.379061298061204,True,1.4506471329641486,True
1,169,CA-KL + Weighted Detector,1,z_score,10.270581701386172,2.379061298061204,True,1.4506471329641486,True
1,17,CA-KL + Weighted Detector,1,z_score,9.110063995014853,2.379061298061204,True,1.4506471329641486,True
2,170,CA-KL + Weighted Detector,1,z_score,7.717442747369271,2.379061298061204,True,1.4506471329641486,True
3,171,CA-KL + Weighted Detector,1,z_score,7.021132123546479,2.6111648393354674,True,1.4506471329641486,True
4,172,CA-KL + Weighted Detector,1,z_score,9.574271077563381,2.379061298061204,True,1.4506471329641486,True
5,173,CA-KL + Weighted Detector,1,z_score,4.700096710803842,2.6111648393354674,True,1.4506471329641486,True
3,174,CA-KL + Weighted Detector,1,z_score,7.4853392060950075,2.6111648393354674,True,1.4506471329641486,True
3,175,CA-KL + Weighted Detector,1,z_score,7.4853392060950075,2.6111648393354674,True,1.4506471329641486,True
3,176,CA-KL + Weighted Detector,1,z_score,9.342167536289118,2.6111648393354674,True,1.4506471329641486,True
3,177,CA-KL + Weighted Detector,1,z_score,6.789028582272215,2.6111648393354674,True,1.4506471329641486,True
1,178,CA-KL + Weighted Detector,1,z_score,9.574271077563381,2.379061298061204,True,1.4506471329641486,True
1,179,CA-KL + Weighted Detector,1,z_score,7.717442747369271,2.379061298061204,True,1.4506471329641486,True
3,18,CA-KL + Weighted Detector,1,z_score,2.4494897427831783,2.6111648393354674,False,1.4506471329641486,True
4,180,CA-KL + Weighted Detector,1,z_score,7.717442747369271,2.379061298061204,True,1.4506471329641486,True
1,181,CA-KL + Weighted Detector,1,z_score,10.7347887839347,2.379061298061204,True,1.4506471329641486,True
3,182,CA-KL + Weighted Detector,1,z_score,4.932200252078106,2.6111648393354674,True,1.4506471329641486,True
4,183,CA-KL + Weighted Detector,1,z_score,7.013343843696721,2.379061298061204,True,1.4506471329641486,True
4,184,CA-KL + Weighted Detector,1,z_score,8.645856912466327,2.379061298061204,True,1.4506471329641486,True
3,185,CA-KL + Weighted Detector,1,z_score,8.87796045374059,2.6111648393354674,True,1.4506471329641486,True
2,186,CA-KL + Weighted Detector,1,z_score,5.86061441717516,2.379061298061204,True,1.4506471329641486,True
3,187,CA-KL + Weighted Detector,1,z_score,1.4506471329641486,2.6111648393354674,False,1.4506471329641486,True
2,188,CA-KL + Weighted Detector,1,z_score,10.502685242660437,2.379061298061204,True,1.4506471329641486,True
1,189,CA-KL + Weighted Detector,1,z_score,7.949546288643535,2.379061298061204,True,1.4506471329641486,True
3,19,CA-KL + Weighted Detector,1,z_score,6.789028582272215,2.6111648393354674,True,1.4506471329641486,True
1,190,CA-KL + Weighted Detector,1,z_score,9.110063995014853,2.379061298061204,True,1.4506471329641486,True
2,191,CA-KL + Weighted Detector,1,z_score,6.324821499723688,2.379061298061204,True,1.4506471329641486,True
4,192,CA-KL + Weighted Detector,1,z_score,7.021132123546479,2.379061298061204,True,1.4506471329641486,True
1,193,CA-KL + Weighted Detector,1,z_score,8.645856912466327,2.379061298061204,True,1.4506471329641486,True
1,194,CA-KL + Weighted Detector,1,z_score,7.2532356648207434,2.379061298061204,True,1.4506471329641486,True
3,195,CA-KL + Weighted Detector,1,z_score,10.038478160111909,2.6111648393354674,True,1.4506471329641486,True
2,196,CA-KL + Weighted Detector,1,z_score,7.717442747369271,2.379061298061204,True,1.4506471329641486,True
4,197,CA-KL + Weighted Detector,1,z_score,7.717442747369271,2.379061298061204,True,1.4506471329641486,True
4,198,CA-KL + Weighted Detector,1,z_score,9.110063995014853,2.379061298061204,True,1.4506471329641486,True
5,199,CA-KL + Weighted Detector,1,z_score,7.2532356648207434,2.6111648393354674,True,1.4506471329641486,True
3,2,CA-KL + Weighted Detector,1,z_score,7.717442747369271,2.6111648393354674,True,1.4506471329641486,True
5,20,CA-KL + Weighted Detector,1,z_score,7.717442747369271,2.6111648393354674,True,1.4506471329641486,True
5,200,CA-KL + Weighted Detector,1,z_score,6.324821499723688,2.6111648393354674,True,1.4506471329641486,True
4,201,CA-KL + Weighted Detector,1,z_score,6.789028582272215,2.379061298061204,True,1.4506471329641486,True
2,202,CA-KL + Weighted Detector,1,z_score,7.2532356648207434,2.379061298061204,True,1.4506471329641486,True
4,203,CA-KL + Weighted Detector,1,z_score,7.717442747369271,2.379061298061204,True,1.4506471329641486,True
5,204,CA-KL + Weighted Detector,1,z_score,6.789028582272215,2.6111648393354674,True,1.4506471329641486,True
3,205,CA-KL + Weighted Detector,1,z_score,5.31985084453785,2.6111648393354674,True,1.4506471329641486,True
3,206,CA-KL + Weighted Detector,1,z_score,0.4622501635210242,2.6111648393354674,False,1.4506471329641486,False
3,207,CA-KL + Weighted Detector,1,z_score,4.959182990670877,2.6111648393354674,True,1.4506471329641486,True
2,208,CA-KL + Weighted Detector,1,z_score,5.86061441717516,2.379061298061204,True,1.4506471329641486,True
3,209,CA-KL + Weighted Detector,1,z_score,6.556925040997952,2.6111648393354674,True,1.4506471329641486,True
4,21,CA-KL + Weighted Detector,1,z_score,6.789028582272215,2.379061298061204,True,1.4506471329641486,True
1,210,CA-KL + Weighted Detector,1,z_score,7.717442747369271,2.379061298061204,True,1.4506471329641486,True
4,211,CA-KL + Weighted Detector,1,z_score,7.021132123546479,2.379061298061204,True,1.4506471329641486,True
1,212,CA-KL + Weighted Detector,1,z_score,7.4853392060950075,2.379061298061204,True,1.4506471329641486,True
1,213,CA-KL + Weighted Detector,1,z_score,6.556925040997952,2.379061298061204,True,1.4506471329641486,True
1,214,CA-KL + Weighted Detector,1,z_score,5.628510875900897,2.379061298061204,True,1.4506471329641486,True
2,215,CA-KL + Weighted Detector,1,z_score,9.110063995014853,2.379061298061204,True,1.4506471329641486,True
4,216,CA-KL + Weighted Detector,1,z_score,7.4853392060950075,2.379061298061204,True,1.4506471329641486,True
2,217,CA-KL + Weighted Detector,1,z_score,7.949546288643535,2.379061298061204,True,1.4506471329641486,True
3,218,CA-KL + Weighted Detector,1,z_score,3.5395790044325226,2.6111648393354674,True,1.4506471329641486,True
3,219,CA-KL + Weighted Detector,1,z_score,8.181649829917799,2.6111648393354674,True,1.4506471329641486,True
1,22,CA-KL + Weighted Detector,1,z_score,8.413753371192062,2.379061298061204,True,1.4506471329641486,True
4,220,CA-KL + Weighted Detector,1,z_score,7.021132123546479,2.379061298061204,True,1.4506471329641486,True
5,221,CA-KL + Weighted Detector,1,z_score,1.5403080924308108,2.6111648393354674,False,1.4506471329641486,True
1,222,CA-KL + Weighted Detector,1,z_score,8.645856912466327,2.379061298061204,True,1.4506471329641486,True
4,223,CA-KL + Weighted Detector,1,z_score,6.789028582272215,2.379061298061204,True,1.4506471329641486,True
3,224,CA-KL + Weighted Detector,1,z_score,7.021132123546479,2.6111648393354674,True,1.4506471329641486,True
5,225,CA-KL + Weighted Detector,1,z_score,8.87796045374059,2.6111648393354674,True,1.4506471329641486,True
2,226,CA-KL + Weighted Detector,1,z_score,8.87796045374059,2.379061298061204,True,1.4506471329641486,True
2,227,CA-KL + Weighted Detector,1,z_score,8.645856912466327,2.379061298061204,True,1.4506471329641486,True
1,228,CA-KL + Weighted Detector,1,z_score,6.092717958449424,2.379061298061204,True,1.4506471329641486,True
5,229,CA-KL + Weighted Detector,1,z_score,6.789028582272215,2.6111648393354674,True,1.4506471329641486,True
1,23,CA-KL + Weighted Detector,1,z_score,0.8164965809277261,2.379061298061204,False,1.4506471329641486,False
2,230,CA-KL + Weighted Detector,1,z_score,8.181649829917799,2.379061298061204,True,1.4506471329641486,True
5,231,CA-KL + Weighted Detector,1,z_score,9.342167536289118,2.6111648393354674,True,1.4506471329641486,True
5,232,CA-KL + Weighted Detector,1,z_score,4.932200252078106,2.6111648393354674,True,1.4506471329641486,True
2,233,CA-KL + Weighted Detector,1,z_score,11.198995866483228,2.379061298061204,True,1.4506471329641486,True
1,234,CA-KL + Weighted Detector,1,z_score,5.396407334626633,2.379061298061204,True,1.4506471329641486,True
1,235,CA-KL + Weighted Detector,1,z_score,0.22645540682891913,2.379061298061204,False,1.4506471329641486,False
3,236,CA-KL + Weighted Detector,1,z_score,8.87796045374059,2.6111648393354674,True,1.4506471329641486,True
1,237,CA-KL + Weighted Detector,1,z_score,5.86061441717516,2.379061298061204,True,1.4506471329641486,True
4,238,CA-KL + Weighted Detector,1,z_score,7.717442747369271,2.379061298061204,True,1.4506471329641486,True
4,239,CA-KL + Weighted Detector,1,z_score,6.401854406138769,2.379061298061204,True,1.4506471329641486,True
1,24,CA-KL + Weighted Detector,1,z_score,9.574271077563381,2.379061298061204,True,1.4506471329641486,True
4,240,CA-KL + Weighted Detector,1,z_score,8.413753371192062,2.379061298061204,True,1.4506471329641486,True
1,241,CA-KL + Weighted Detector,1,z_score,8.87796045374059,2.379061298061204,True,1.4506471329641486,True
2,242,CA-KL + Weighted Detector,1,z_score,7.2532356648207434,2.379061298061204,True,1.4506471329641486,True
4,243,CA-KL + Weighted Detector,1,z_score,8.413753371192062,2.379061298061204,True,1.4506471329641486,True
5,244,CA-KL + Weighted Detector,1,z_score,8.181649829917799,2.6111648393354674,True,1.4506471329641486,True
2,245,CA-KL + Weighted Detector,1,z_score,6.789028582272215,2.379061298061204,True,1.4506471329641486,True
2,246,CA-KL + Weighted Detector,1,z_score,6.324821499723688,2.379061298061204,True,1.4506471329641486,True
3,247,CA-KL + Weighted Detector,1,z_score,9.342167536289118,2.6111648393354674,True,1.4506471329641486,True
4,248,CA-KL + Weighted Detector,1,z_score,7.949546288643535,2.379061298061204,True,1.4506471329641486,True
4,249,CA-KL + Weighted Detector,1,z_score,6.092717958449424,2.379061298061204,True,1.4506471329641486,True
3,25,CA-KL + Weighted Detector,1,z_score,6.324821499723688,2.6111648393354674,True,1.4506471329641486,True
1,250,CA-KL + Weighted Detector,1,z_score,5.86061441717516,2.379061298061204,True,1.4506471329641486,True
5,251,CA-KL + Weighted Detector,1,z_score,4.467993169529578,2.6111648393354674,True,1.4506471329641486,True
4,252,CA-KL + Weighted Detector,1,z_score,7.717442747369271,2.379061298061204,True,1.4506471329641486,True
3,253,CA-KL + Weighted Detector,1,z_score,7.2532356648207434,2.6111648393354674,True,1.4506471329641486,True
5,254,CA-KL + Weighted Detector,1,z_score,7.021132123546479,2.6111648393354674,True,1.4506471329641486,True
1,255,CA-KL + Weighted Detector,1,z_score,7.717442747369271,2.379061298061204,True,1.4506471329641486,True
3,256,CA-KL + Weighted Detector,1,z_score,8.181649829917799,2.6111648393354674,True,1.4506471329641486,True
3,257,CA-KL + Weighted Detector,1,z_score,8.181649829917799,2.6111648393354674,True,1.4506471329641486,True
1,258,CA-KL + Weighted Detector,1,z_score,8.645856912466327,2.379061298061204,True,1.4506471329641486,True
2,259,CA-KL + Weighted Detector,1,z_score,7.717442747369271,2.379061298061204,True,1.4506471329641486,True
5,26,CA-KL + Weighted Detector,1,z_score,8.87796045374059,2.6111648393354674,True,1.4506471329641486,True
5,260,CA-KL + Weighted Detector,1,z_score,7.4853392060950075,2.6111648393354674,True,1.4506471329641486,True
3,261,CA-KL + Weighted Detector,1,z_score,7.4853392060950075,2.6111648393354674,True,1.4506471329641486,True
3,262,CA-KL + Weighted Detector,1,z_score,7.2532356648207434,2.6111648393354674,True,1.4506471329641486,True
2,263,CA-KL + Weighted Detector,1,z_score,7.4853392060950075,2.379061298061204,True,1.4506471329641486,True
2,264,CA-KL + Weighted Detector,1,z_score,5.3707505285863055,2.379061298061204,True,1.4506471329641486,True
2,265,CA-KL + Weighted Detector,1,z_score,9.110063995014853,2.379061298061204,True,1.4506471329641486,True
2,266,CA-KL + Weighted Detector,1,z_score,6.789028582272215,2.379061298061204,True,1.4506471329641486,True
5,267,CA-KL + Weighted Detector,1,z_score,7.717442747369271,2.6111648393354674,True,1.4506471329641486,True
5,268,CA-KL + Weighted Detector,1,z_score,4.700096710803842,2.6111648393354674,True,1.4506471329641486,True
4,269,CA-KL + Weighted Detector,1,z_score,7.4853392060950075,2.379061298061204,True,1.4506471329641486,True
3,27,CA-KL + Weighted Detector,1,z_score,8.645856912466327,2.6111648393354674,True,1.4506471329641486,True
1,270,CA-KL + Weighted Detector,1,z_score,9.110063995014853,2.379061298061204,True,1.4506471329641486,True
5,271,CA-KL + Weighted Detector,1,z_score,6.789028582272215,2.6111648393354674,True,1.4506471329641486,True
1,272,CA-KL + Weighted Detector,1,z_score,7.717442747369271,2.379061298061204,True,1.4506471329641486,True
4,273,CA-KL + Weighted Detector,1,z_score,6.556925040997952,2.379061298061204,True,1.4506471329641486,True
5,274,CA-KL + Weighted Detector,1,z_score,7.717442747369271,2.6111648393354674,True,1.4506471329641486,True
2,275,CA-KL + Weighted Detector,1,z_score,10.038478160111909,2.379061298061204,True,1.4506471329641486,True
5,276,CA-KL + Weighted Detector,1,z_score,8.645856912466327,2.6111648393354674,True,1.4506471329641486,True
1,277,CA-KL + Weighted Detector,1,z_score,4.0,2.379061298061204,True,1.4506471329641486,True
5,278,CA-KL + Weighted Detector,1,z_score,9.110063995014853,2.6111648393354674,True,1.4506471329641486,True
1,279,CA-KL + Weighted Detector,1,z_score,9.110063995014853,2.379061298061204,True,1.4506471329641486,True
5,28,CA-KL + Weighted Detector,1,z_score,9.342167536289118,2.6111648393354674,True,1.4506471329641486,True
1,280,CA-KL + Weighted Detector,1,z_score,7.4853392060950075,2.379061298061204,True,1.4506471329641486,True
5,281,CA-KL + Weighted Detector,1,z_score,7.021132123546479,2.6111648393354674,True,1.4506471329641486,True
2,282,CA-KL + Weighted Detector,1,z_score,2.1469577567869402,2.379061298061204,False,1.4506471329641486,True
5,283,CA-KL + Weighted Detector,1,z_score,0.9864400504156211,2.6111648393354674,False,1.4506471329641486,False
4,284,CA-KL + Weighted Detector,1,z_score,9.110063995014853,2.379061298061204,True,1.4506471329641486,True
5,285,CA-KL + Weighted Detector,1,z_score,6.789028582272215,2.6111648393354674,True,1.4506471329641486,True
2,286,CA-KL + Weighted Detector,1,z_score,4.959182990670877,2.379061298061204,True,1.4506471329641486,True
1,287,CA-KL + Weighted Detector,1,z_score,6.092717958449424,2.379061298061204,True,1.4506471329641486,True
3,288,CA-KL + Weighted Detector,1,z_score,8.645856912466327,2.6111648393354674,True,1.4506471329641486,True
1,289,CA-KL + Weighted Detector,1,z_score,8.413753371192062,2.379061298061204,True,1.4506471329641486,True
4,29,CA-KL + Weighted Detector,1,z_score,6.556925040997952,2.379061298061204,True,1.4506471329641486,True
4,290,CA-KL + Weighted Detector,1,z_score,9.110063995014853,2.379061298061204,True,1.4506471329641486,True
3,291,CA-KL + Weighted Detector,1,z_score,7.021132123546479,2.6111648393354674,True,1.4506471329641486,True
2,292,CA-KL + Weighted Detector,1,z_score,8.413753371192062,2.379061298061204,True,1.4506471329641486,True
4,293,CA-KL + Weighted Detector,1,z_score,5.396407334626633,2.379061298061204,True,1.4506471329641486,True
3,294,CA-KL + Weighted Detector,1,z_score,7.717442747369271,2.6111648393354674,True,1.4506471329641486,True
2,295,CA-KL + Weighted Detector,1,z_score,8.87796045374059,2.379061298061204,True,1.4506471329641486,True
5,296,CA-KL + Weighted Detector,1,z_score,7.2532356648207434,2.6111648393354674,True,1.4506471329641486,True
3,297,CA-KL + Weighted Detector,1,z_score,8.181649829917799,2.6111648393354674,True,1.4506471329641486,True
5,298,CA-KL + Weighted Detector,1,z_score,7.021132123546479,2.6111648393354674,True,1.4506471329641486,True
1,299,CA-KL + Weighted Detector,1,z_score,6.789028582272215,2.379061298061204,True,1.4506471329641486,True
5,3,CA-KL + Weighted Detector,1,z_score,6.092717958449424,2.6111648393354674,True,1.4506471329641486,True
1,30,CA-KL + Weighted Detector,1,z_score,11.663202949031755,2.379061298061204,True,1.4506471329641486,True
2,300,CA-KL + Weighted Detector,1,z_score,8.645856912466327,2.379061298061204,True,1.4506471329641486,True
3,301,CA-KL + Weighted Detector,1,z_score,8.87796045374059,2.6111648393354674,True,1.4506471329641486,True
4,302,CA-KL + Weighted Detector,1,z_score,8.413753371192062,2.379061298061204,True,1.4506471329641486,True
4,303,CA-KL + Weighted Detector,1,z_score,6.789028582272215,2.379061298061204,True,1.4506471329641486,True
3,304,CA-KL + Weighted Detector,1,z_score,7.4853392060950075,2.6111648393354674,True,1.4506471329641486,True
5,305,CA-KL + Weighted Detector,1,z_score,6.556925040997952,2.6111648393354674,True,1.4506471329641486,True
1,306,CA-KL + Weighted Detector,1,z_score,4.463405181652551,2.379061298061204,True,1.4506471329641486,True
2,307,CA-KL + Weighted Detector,1,z_score,5.164303793352369,2.379061298061204,True,1.4506471329641486,True
1,308,CA-KL + Weighted Detector,1,z_score,7.949546288643535,2.379061298061204,True,1.4506471329641486,True
2,309,CA-KL + Weighted Detector,1,z_score,7.717442747369271,2.379061298061204,True,1.4506471329641486,True
2,31,CA-KL + Weighted Detector,1,z_score,6.324821499723688,2.379061298061204,True,1.4506471329641486,True
5,310,CA-KL + Weighted Detector,1,z_score,6.789028582272215,2.6111648393354674,True,1.4506471329641486,True
4,311,CA-KL + Weighted Detector,1,z_score,5.3099686624091476,2.379061298061204,True,1.4506471329641486,True
2,312,CA-KL + Weighted Detector,1,z_score,6.556925040997952,2.379061298061204,True,1.4506471329641486,True
2,313,CA-KL + Weighted Detector,1,z_score,9.342167536289118,2.379061298061204,True,1.4506471329641486,True
1,314,CA-KL + Weighted Detector,1,z_score,3.7716825457067866,2.379061298061204,True,1.4506471329641486,True
1,315,CA-KL + Weighted Detector,1,z_score,6.789028582272215,2.379061298061204,True,1.4506471329641486,True
3,316,CA-KL + Weighted Detector,1,z_score,8.413753371192062,2.6111648393354674,True,1.4506471329641486,True
1,317,CA-KL + Weighted Detector,1,z_score,6.789028582272215,2.379061298061204,True,1.4506471329641486,True
5,318,CA-KL + Weighted Detector,1,z_score,9.574271077563381,2.6111648393354674,True,1.4506471329641486,True
4,319,CA-KL + Weighted Detector,1,z_score,7.717442747369271,2.379061298061204,True,1.4506471329641486,True
1,32,CA-KL + Weighted Detector,1,z_score,4.324146807641374,2.379061298061204,True,1.4506471329641486,True
3,320,CA-KL + Weighted Detector,1,z_score,10.966892325208963,2.6111648393354674,True,1.4506471329641486,True
4,321,CA-KL + Weighted Detector,1,z_score,7.949546288643535,2.379061298061204,True,1.4506471329641486,True
2,322,CA-KL + Weighted Detector,1,z_score,8.87796045374059,2.379061298061204,True,1.4506471329641486,True
3,323,CA-KL + Weighted Detector,1,z_score,8.87796045374059,2.6111648393354674,True,1.4506471329641486,True
4,324,CA-KL + Weighted Detector,1,z_score,7.2532356648207434,2.379061298061204,True,1.4506471329641486,True
2,325,CA-KL + Weighted Detector,1,z_score,7.021132123546479,2.379061298061204,True,1.4506471329641486,True
4,326,CA-KL + Weighted Detector,1,z_score,7.2532356648207434,2.379061298061204,True,1.4506471329641486,True
4,327,CA-KL + Weighted Detector,1,z_score,5.628510875900897,2.379061298061204,True,1.4506471329641486,True
4,328,CA-KL + Weighted Detector,1,z_score,7.4853392060950075,2.379061298061204,True,1.4506471329641486,True
5,329,CA-KL + Weighted Detector,1,z_score,9.574271077563381,2.6111648393354674,True,1.4506471329641486,True
4,33,CA-KL + Weighted Detector,1,z_score,10.270581701386172,2.379061298061204,True,1.4506471329641486,True
4,330,CA-KL + Weighted Detector,1,z_score,8.413753371192062,2.379061298061204,True,1.4506471329641486,True
4,331,CA-KL + Weighted Detector,1,z_score,7.949546288643535,2.379061298061204,True,1.4506471329641486,True
4,332,CA-KL + Weighted Detector,1,z_score,5.86061441717516,2.379061298061204,True,1.4506471329641486,True
2,333,CA-KL + Weighted Detector,1,z_score,6.324821499723688,2.379061298061204,True,1.4506471329641486,True
4,334,CA-KL + Weighted Detector,1,z_score,8.181649829917799,2.379061298061204,True,1.4506471329641486,True
1,335,CA-KL + Weighted Detector,1,z_score,8.645856912466327,2.379061298061204,True,1.4506471329641486,True
2,336,CA-KL + Weighted Detector,1,z_score,17.233687939614086,2.379061298061204,True,1.4506471329641486,True
2,337,CA-KL + Weighted Detector,1,z_score,8.181649829917799,2.379061298061204,True,1.4506471329641486,True
3,338,CA-KL + Weighted Detector,1,z_score,7.949546288643535,2.6111648393354674,True,1.4506471329641486,True
5,339,CA-KL + Weighted Detector,1,z_score,7.949546288643535,2.6111648393354674,True,1.4506471329641486,True
1,34,CA-KL + Weighted Detector,1,z_score,6.789028582272215,2.379061298061204,True,1.4506471329641486,True
4,340,CA-KL + Weighted Detector,1,z_score,6.789028582272215,2.379061298061204,True,1.4506471329641486,True
3,341,CA-KL + Weighted Detector,1,z_score,6.324821499723688,2.6111648393354674,True,1.4506471329641486,True
3,342,CA-KL + Weighted Detector,1,z_score,8.413753371192062,2.6111648393354674,True,1.4506471329641486,True
5,343,CA-KL + Weighted Detector,1,z_score,7.717442747369271,2.6111648393354674,True,1.4506471329641486,True
5,344,CA-KL + Weighted Detector,1,z_score,7.717442747369271,2.6111648393354674,True,1.4506471329641486,True
2,345,CA-KL + Weighted Detector,1,z_score,3.307475463158259,2.379061298061204,True,1.4506471329641486,True
3,346,CA-KL + Weighted Detector,1,z_score,6.556925040997952,2.6111648393354674,True,1.4506471329641486,True
5,347,CA-KL + Weighted Detector,1,z_score,7.2532356648207434,2.6111648393354674,True,1.4506471329641486,True
1,348,CA-KL + Weighted Detector,1,z_score,8.645856912466327,2.379061298061204,True,1.4506471329641486,True
3,349,CA-KL + Weighted Detector,1,z_score,4.003786086981051,2.6111648393354674,True,1.4506471329641486,True
1,35,CA-KL + Weighted Detector,1,z_score,5.86061441717516,2.379061298061204,True,1.4506471329641486,True
1,350,CA-KL + Weighted Detector,1,z_score,7.021132123546479,2.379061298061204,True,1.4506471329641486,True
3,351,CA-KL + Weighted Detector,1,z_score,7.2532356648207434,2.6111648393354674,True,1.4506471329641486,True
4,352,CA-KL + Weighted Detector,1,z_score,6.789028582272215,2.379061298061204,True,1.4506471329641486,True
2,353,CA-KL + Weighted Detector,1,z_score,9.574271077563381,2.379061298061204,True,1.4506471329641486,True
3,354,CA-KL + Weighted Detector,1,z_score,6.556925040997952,2.6111648393354674,True,1.4506471329641486,True
2,355,CA-KL + Weighted Detector,1,z_score,8.645856912466327,2.379061298061204,True,1.4506471329641486,True
1,356,CA-KL + Weighted Detector,1,z_score,8.181649829917799,2.379061298061204,True,1.4506471329641486,True
5,357,CA-KL + Weighted Detector,1,z_score,4.003786086981051,2.6111648393354674,True,1.4506471329641486,True
1,358,CA-KL + Weighted Detector,1,z_score,9.806374618837644,2.379061298061204,True,1.4506471329641486,True
2,359,CA-KL + Weighted Detector,1,z_score,1.2185435916898848,2.379061298061204,False,1.4506471329641486,False
3,36,CA-KL + Weighted Detector,1,z_score,0.9428090415820635,2.6111648393354674,False,1.4506471329641486,False
5,360,CA-KL + Weighted Detector,1,z_score,7.4853392060950075,2.6111648393354674,True,1.4506471329641486,True
3,361,CA-KL + Weighted Detector,1,z_score,9.342167536289118,2.6111648393354674,True,1.4506471329641486,True
4,362,CA-KL + Weighted Detector,1,z_score,9.574271077563381,2.379061298061204,True,1.4506471329641486,True
5,363,CA-KL + Weighted Detector,1,z_score,8.181649829917799,2.6111648393354674,True,1.4506471329641486,True
3,364,CA-KL + Weighted Detector,1,z_score,10.966892325208963,2.6111648393354674,True,1.4506471329641486,True
3,365,CA-KL + Weighted Detector,1,z_score,8.87796045374059,2.6111648393354674,True,1.4506471329641486,True
1,366,CA-KL + Weighted Detector,1,z_score,8.181649829917799,2.379061298061204,True,1.4506471329641486,True
2,367,CA-KL + Weighted Detector,1,z_score,7.2532356648207434,2.379061298061204,True,1.4506471329641486,True
5,368,CA-KL + Weighted Detector,1,z_score,8.413753371192062,2.6111648393354674,True,1.4506471329641486,True
3,369,CA-KL + Weighted Detector,1,z_score,7.021132123546479,2.6111648393354674,True,1.4506471329641486,True
5,37,CA-KL + Weighted Detector,1,z_score,7.717442747369271,2.6111648393354674,True,1.4506471329641486,True
2,370,CA-KL + Weighted Detector,1,z_score,8.413753371192062,2.379061298061204,True,1.4506471329641486,True
4,371,CA-KL + Weighted Detector,1,z_score,7.021132123546479,2.379061298061204,True,1.4506471329641486,True
4,372,CA-KL + Weighted Detector,1,z_score,9.574271077563381,2.379061298061204,True,1.4506471329641486,True
2,373,CA-KL + Weighted Detector,1,z_score,6.092717958449424,2.379061298061204,True,1.4506471329641486,True
4,374,CA-KL + Weighted Detector,1,z_score,8.181649829917799,2.379061298061204,True,1.4506471329641486,True
1,375,CA-KL + Weighted Detector,1,z_score,9.342167536289118,2.379061298061204,True,1.4506471329641486,True
5,376,CA-KL + Weighted Detector,1,z_score,9.342167536289118,2.6111648393354674,True,1.4506471329641486,True
3,377,CA-KL + Weighted Detector,1,z_score,7.949546288643535,2.6111648393354674,True,1.4506471329641486,True
3,378,CA-KL + Weighted Detector,1,z_score,5.164303793352369,2.6111648393354674,True,1.4506471329641486,True
4,379,CA-KL + Weighted Detector,1,z_score,6.789028582272215,2.379061298061204,True,1.4506471329641486,True
4,38,CA-KL + Weighted Detector,1,z_score,3.5395790044325226,2.379061298061204,True,1.4506471329641486,True
1,380,CA-KL + Weighted Detector,1,z_score,9.110063995014853,2.379061298061204,True,1.4506471329641486,True
2,381,CA-KL + Weighted Detector,1,z_score,5.628510875900897,2.379061298061204,True,1.4506471329641486,True
4,382,CA-KL + Weighted Detector,1,z_score,7.2532356648207434,2.379061298061204,True,1.4506471329641486,True
3,383,CA-KL + Weighted Detector,1,z_score,11.431099407757491,2.6111648393354674,True,1.4506471329641486,True
2,384,CA-KL + Weighted Detector,1,z_score,10.502685242660437,2.379061298061204,True,1.4506471329641486,True
3,385,CA-KL + Weighted Detector,1,z_score,6.092717958449424,2.6111648393354674,True,1.4506471329641486,True
2,386,CA-KL + Weighted Detector,1,z_score,7.949546288643535,2.379061298061204,True,1.4506471329641486,True
5,387,CA-KL + Weighted Detector,1,z_score,7.2532356648207434,2.6111648393354674,True,1.4506471329641486,True
4,388,CA-KL + Weighted Detector,1,z_score,7.2532356648207434,2.379061298061204,True,1.4506471329641486,True
2,389,CA-KL + Weighted Detector,1,z_score,8.413753371192062,2.379061298061204,True,1.4506471329641486,True
4,39,CA-KL + Weighted Detector,1,z_score,5.673665146135802,2.379061298061204,True,1.4506471329641486,True
2,390,CA-KL + Weighted Detector,1,z_score,10.966892325208963,2.379061298061204,True,1.4506471329641486,True
4,391,CA-KL + Weighted Detector,1,z_score,3.849741916091625,2.379061298061204,True,1.4506471329641486,True
5,392,CA-KL + Weighted Detector,1,z_score,6.260990336999411,2.6111648393354674,True,1.4506471329641486,True
3,393,CA-KL + Weighted Detector,1,z_score,9.574271077563381,2.6111648393354674,True,1.4506471329641486,True
2,394,CA-KL + Weighted Detector,1,z_score,7.4853392060950075,2.379061298061204,True,1.4506471329641486,True
3,395,CA-KL + Weighted Detector,1,z_score,8.645856912466327,2.6111648393354674,True,1.4506471329641486,True
5,396,CA-KL + Weighted Detector,1,z_score,6.789028582272215,2.6111648393354674,True,1.4506471329641486,True
5,397,CA-KL + Weighted Detector,1,z_score,7.2532356648207434,2.6111648393354674,True,1.4506471329641486,True
1,398,CA-KL + Weighted Detector,1,z_score,8.413753371192062,2.379061298061204,True,1.4506471329641486,True
1,399,CA-KL + Weighted Detector,1,z_score,6.324821499723688,2.379061298061204,True,1.4506471329641486,True
1,4,CA-KL + Weighted Detector,1,z_score,6.092717958449424,2.379061298061204,True,1.4506471329641486,True
3,40,CA-KL + Weighted Detector,1,z_score,8.413753371192062,2.6111648393354674,True,1.4506471329641486,True
3,400,CA-KL + Weighted Detector,1,z_score,9.806374618837644,2.6111648393354674,True,1.4506471329641486,True
5,401,CA-KL + Weighted Detector,1,z_score,7.949546288643535,2.6111648393354674,True,1.4506471329641486,True
2,402,CA-KL + Weighted Detector,1,z_score,10.038478160111909,2.379061298061204,True,1.4506471329641486,True
1,403,CA-KL + Weighted Detector,1,z_score,7.021132123546479,2.379061298061204,True,1.4506471329641486,True
1,404,CA-KL + Weighted Detector,1,z_score,8.181649829917799,2.379061298061204,True,1.4506471329641486,True
4,405,CA-KL + Weighted Detector,1,z_score,9.342167536289118,2.379061298061204,True,1.4506471329641486,True
4,406,CA-KL + Weighted Detector,1,z_score,8.413753371192062,2.379061298061204,True,1.4506471329641486,True
5,407,CA-KL + Weighted Detector,1,z_score,8.181649829917799,2.6111648393354674,True,1.4506471329641486,True
3,408,CA-KL + Weighted Detector,1,z_score,10.270581701386172,2.6111648393354674,True,1.4506471329641486,True
2,409,CA-KL + Weighted Detector,1,z_score,9.110063995014853,2.379061298061204,True,1.4506471329641486,True
4,41,CA-KL + Weighted Detector,1,z_score,6.556925040997952,2.379061298061204,True,1.4506471329641486,True
4,410,CA-KL + Weighted Detector,1,z_score,9.110063995014853,2.379061298061204,True,1.4506471329641486,True
4,411,CA-KL + Weighted Detector,1,z_score,10.038478160111909,2.379061298061204,True,1.4506471329641486,True
4,412,CA-KL + Weighted Detector,1,z_score,8.181649829917799,2.379061298061204,True,1.4506471329641486,True
5,413,CA-KL + Weighted Detector,1,z_score,14.216341903048656,2.6111648393354674,True,1.4506471329641486,True
2,414,CA-KL + Weighted Detector,1,z_score,6.324821499723688,2.379061298061204,True,1.4506471329641486,True
2,415,CA-KL + Weighted Detector,1,z_score,8.645856912466327,2.379061298061204,True,1.4506471329641486,True
1,416,CA-KL + Weighted Detector,1,z_score,9.342167536289118,2.379061298061204,True,1.4506471329641486,True
5,417,CA-KL + Weighted Detector,1,z_score,8.645856912466327,2.6111648393354674,True,1.4506471329641486,True
2,418,CA-KL + Weighted Detector,1,z_score,6.556925040997952,2.379061298061204,True,1.4506471329641486,True
5,419,CA-KL + Weighted Detector,1,z_score,7.717442747369271,2.6111648393354674,True,1.4506471329641486,True
1,42,CA-KL + Weighted Detector,1,z_score,6.789028582272215,2.379061298061204,True,1.4506471329641486,True
4,420,CA-KL + Weighted Detector,1,z_score,8.181649829917799,2.379061298061204,True,1.4506471329641486,True
4,421,CA-KL + Weighted Detector,1,z_score,8.181649829917799,2.379061298061204,True,1.4506471329641486,True
3,422,CA-KL + Weighted Detector,1,z_score,8.181649829917799,2.6111648393354674,True,1.4506471329641486,True
2,423,CA-KL + Weighted Detector,1,z_score,8.413753371192062,2.379061298061204,True,1.4506471329641486,True
3,424,CA-KL + Weighted Detector,1,z_score,4.55691036764664,2.6111648393354674,True,1.4506471329641486,True
3,425,CA-KL + Weighted Detector,1,z_score,8.181649829917799,2.6111648393354674,True,1.4506471329641486,True
2,426,CA-KL + Weighted Detector,1,z_score,7.949546288643535,2.379061298061204,True,1.4506471329641486,True
5,427,CA-KL + Weighted Detector,1,z_score,5.86061441717516,2.6111648393354674,True,1.4506471329641486,True
3,428,CA-KL + Weighted Detector,1,z_score,7.717442747369271,2.6111648393354674,True,1.4506471329641486,True
5,429,CA-KL + Weighted Detector,1,z_score,6.789028582272215,2.6111648393354674,True,1.4506471329641486,True
5,43,CA-KL + Weighted Detector,1,z_score,7.717442747369271,2.6111648393354674,True,1.4506471329641486,True
3,430,CA-KL + Weighted Detector,1,z_score,8.87796045374059,2.6111648393354674,True,1.4506471329641486,True
1,431,CA-KL + Weighted Detector,1,z_score,6.789028582272215,2.379061298061204,True,1.4506471329641486,True
1,432,CA-KL + Weighted Detector,1,z_score,6.556925040997952,2.379061298061204,True,1.4506471329641486,True
5,433,CA-KL + Weighted Detector,1,z_score,6.556925040997952,2.6111648393354674,True,1.4506471329641486,True
1,434,CA-KL + Weighted Detector,1,z_score,7.2532356648207434,2.379061298061204,True,1.4506471329641486,True
5,435,CA-KL + Weighted Detector,1,z_score,8.413753371192062,2.6111648393354674,True,1.4506471329641486,True
5,436,CA-KL + Weighted Detector,1,z_score,8.645856912466327,2.6111648393354674,True,1.4506471329641486,True
4,437,CA-KL + Weighted Detector,1,z_score,7.717442747369271,2.379061298061204,True,1.4506471329641486,True
1,438,CA-KL + Weighted Detector,1,z_score,8.645856912466327,2.379061298061204,True,1.4506471329641486,True
5,439,CA-KL + Weighted Detector,1,z_score,10.038478160111909,2.6111648393354674,True,1.4506471329641486,True
5,44,CA-KL + Weighted Detector,1,z_score,8.181649829917799,2.6111648393354674,True,1.4506471329641486,True
4,440,CA-KL + Weighted Detector,1,z_score,5.164303793352369,2.379061298061204,True,1.4506471329641486,True
3,441,CA-KL + Weighted Detector,1,z_score,8.87796045374059,2.6111648393354674,True,1.4506471329641486,True
2,442,CA-KL + Weighted Detector,1,z_score,10.270581701386172,2.379061298061204,True,1.4506471329641486,True
3,443,CA-KL + Weighted Detector,1,z_score,8.413753371192062,2.6111648393354674,True,1.4506471329641486,True
4,444,CA-KL + Weighted Detector,1,z_score,7.4853392060950075,2.379061298061204,True,1.4506471329641486,True
1,445,CA-KL + Weighted Detector,1,z_score,7.4853392060950075,2.379061298061204,True,1.4506471329641486,True
4,446,CA-KL + Weighted Detector,1,z_score,10.7347887839347,2.379061298061204,True,1.4506471329641486,True
4,447,CA-KL + Weighted Detector,1,z_score,9.574271077563381,2.379061298061204,True,1.4506471329641486,True
4,448,CA-KL + Weighted Detector,1,z_score,9.574271077563381,2.379061298061204,True,1.4506471329641486,True
5,449,CA-KL + Weighted Detector,1,z_score,10.038478160111909,2.6111648393354674,True,1.4506471329641486,True
5,45,CA-KL + Weighted Detector,1,z_score,9.342167536289118,2.6111648393354674,True,1.4506471329641486,True
3,450,CA-KL + Weighted Detector,1,z_score,9.806374618837644,2.6111648393354674,True,1.4506471329641486,True
5,451,CA-KL + Weighted Detector,1,z_score,9.574271077563381,2.6111648393354674,True,1.4506471329641486,True
4,452,CA-KL + Weighted Detector,1,z_score,9.574271077563381,2.379061298061204,True,1.4506471329641486,True
2,453,CA-KL + Weighted Detector,1,z_score,10.038478160111909,2.379061298061204,True,1.4506471329641486,True
1,454,CA-KL + Weighted Detector,1,z_score,6.092717958449424,2.379061298061204,True,1.4506471329641486,True
2,455,CA-KL + Weighted Detector,1,z_score,8.413753371192062,2.379061298061204,True,1.4506471329641486,True
5,456,CA-KL + Weighted Detector,1,z_score,6.092717958449424,2.6111648393354674,True,1.4506471329641486,True
3,457,CA-KL + Weighted Detector,1,z_score,6.092717958449424,2.6111648393354674,True,1.4506471329641486,True
4,458,CA-KL + Weighted Detector,1,z_score,7.2532356648207434,2.379061298061204,True,1.4506471329641486,True
2,459,CA-KL + Weighted Detector,1,z_score,7.717442747369271,2.379061298061204,True,1.4506471329641486,True
5,46,CA-KL + Weighted Detector,1,z_score,8.413753371192062,2.6111648393354674,True,1.4506471329641486,True
4,460,CA-KL + Weighted Detector,1,z_score,5.31985084453785,2.379061298061204,True,1.4506471329641486,True
2,461,CA-KL + Weighted Detector,1,z_score,5.164303793352369,2.379061298061204,True,1.4506471329641486,True
4,462,CA-KL + Weighted Detector,1,z_score,0.7543365091413573,2.379061298061204,False,1.4506471329641486,False
5,463,CA-KL + Weighted Detector,1,z_score,8.413753371192062,2.6111648393354674,True,1.4506471329641486,True
1,464,CA-KL + Weighted Detector,1,z_score,8.645856912466327,2.379061298061204,True,1.4506471329641486,True
2,465,CA-KL + Weighted Detector,1,z_score,9.342167536289118,2.379061298061204,True,1.4506471329641486,True
1,466,CA-KL + Weighted Detector,1,z_score,2.8432683806097314,2.379061298061204,True,1.4506471329641486,True
4,467,CA-KL + Weighted Detector,1,z_score,8.645856912466327,2.379061298061204,True,1.4506471329641486,True
4,468,CA-KL + Weighted Detector,1,z_score,7.949546288643535,2.379061298061204,True,1.4506471329641486,True
5,469,CA-KL + Weighted Detector,1,z_score,3.0,2.6111648393354674,True,1.4506471329641486,True
1,47,CA-KL + Weighted Detector,1,z_score,8.413753371192062,2.379061298061204,True,1.4506471329641486,True
1,470,CA-KL + Weighted Detector,1,z_score,7.949546288643535,2.379061298061204,True,1.4506471329641486,True
1,471,CA-KL + Weighted Detector,1,z_score,6.092717958449424,2.379061298061204,True,1.4506471329641486,True
5,472,CA-KL + Weighted Detector,1,z_score,6.092717958449424,2.6111648393354674,True,1.4506471329641486,True
5,473,CA-KL + Weighted Detector,1,z_score,8.645856912466327,2.6111648393354674,True,1.4506471329641486,True
2,474,CA-KL + Weighted Detector,1,z_score,7.2532356648207434,2.379061298061204,True,1.4506471329641486,True
2,475,CA-KL + Weighted Detector,1,z_score,9.574271077563381,2.379061298061204,True,1.4506471329641486,True
4,476,CA-KL + Weighted Detector,1,z_score,5.164303793352369,2.379061298061204,True,1.4506471329641486,True
4,477,CA-KL + Weighted Detector,1,z_score,8.87796045374059,2.379061298061204,True,1.4506471329641486,True
5,478,CA-KL + Weighted Detector,1,z_score,7.717442747369271,2.6111648393354674,True,1.4506471329641486,True
2,479,CA-KL + Weighted Detector,1,z_score,9.806374618837644,2.379061298061204,True,1.4506471329641486,True
3,48,CA-KL + Weighted Detector,1,z_score,8.645856912466327,2.6111648393354674,True,1.4506471329641486,True
2,480,CA-KL + Weighted Detector,1,z_score,8.645856912466327,2.379061298061204,True,1.4506471329641486,True
5,481,CA-KL + Weighted Detector,1,z_score,4.932200252078106,2.6111648393354674,True,1.4506471329641486,True
3,482,CA-KL + Weighted Detector,1,z_score,8.181649829917799,2.6111648393354674,True,1.4506471329641486,True
1,483,CA-KL + Weighted Detector,1,z_score,3.7716825457067866,2.379061298061204,True,1.4506471329641486,True
4,484,CA-KL + Weighted Detector,1,z_score,7.2532356648207434,2.379061298061204,True,1.4506471329641486,True
2,485,CA-KL + Weighted Detector,1,z_score,7.2532356648207434,2.379061298061204,True,1.4506471329641486,True
3,486,CA-KL + Weighted Detector,1,z_score,5.333333333333333,2.6111648393354674,True,1.4506471329641486,True
2,487,CA-KL + Weighted Detector,1,z_score,5.628510875900897,2.379061298061204,True,1.4506471329641486,True
2,488,CA-KL + Weighted Detector,1,z_score,6.324821499723688,2.379061298061204,True,1.4506471329641486,True
1,489,CA-KL + Weighted Detector,1,z_score,5.86061441717516,2.379061298061204,True,1.4506471329641486,True
4,49,CA-KL + Weighted Detector,1,z_score,9.342167536289118,2.379061298061204,True,1.4506471329641486,True
4,490,CA-KL + Weighted Detector,1,z_score,5.628510875900897,2.379061298061204,True,1.4506471329641486,True
2,491,CA-KL + Weighted Detector,1,z_score,6.789028582272215,2.379061298061204,True,1.4506471329641486,True
5,492,CA-KL + Weighted Detector,1,z_score,9.806374618837644,2.6111648393354674,True,1.4506471329641486,True
2,493,CA-KL + Weighted Detector,1,z_score,10.7347887839347,2.379061298061204,True,1.4506471329641486,True
3,494,CA-KL + Weighted Detector,1,z_score,7.949546288643535,2.6111648393354674,True,1.4506471329641486,True
2,495,CA-KL + Weighted Detector,1,z_score,5.628510875900897,2.379061298061204,True,1.4506471329641486,True
1,496,CA-KL + Weighted Detector,1,z_score,6.092717958449424,2.379061298061204,True,1.4506471329641486,True
5,497,CA-KL + Weighted Detector,1,z_score,9.342167536289118,2.6111648393354674,True,1.4506471329641486,True
1,498,CA-KL + Weighted Detector,1,z_score,6.092717958449424,2.379061298061204,True,1.4506471329641486,True
5,499,CA-KL + Weighted Detector,1,z_score,8.181649829917799,2.6111648393354674,True,1.4506471329641486,True
3,5,CA-KL + Weighted Detector,1,z_score,8.87796045374059,2.6111648393354674,True,1.4506471329641486,True
4,50,CA-KL + Weighted Detector,1,z_score,6.556925040997952,2.379061298061204,True,1.4506471329641486,True
4,500,CA-KL + Weighted Detector,1,z_score,8.87796045374059,2.379061298061204,True,1.4506471329641486,True
1,51,CA-KL + Weighted Detector,1,z_score,8.413753371192062,2.379061298061204,True,1.4506471329641486,True
3,52,CA-KL + Weighted Detector,1,z_score,8.87796045374059,2.6111648393354674,True,1.4506471329641486,True
4,53,CA-KL + Weighted Detector,1,z_score,8.413753371192062,2.379061298061204,True,1.4506471329641486,True
2,54,CA-KL + Weighted Detector,1,z_score,7.717442747369271,2.379061298061204,True,1.4506471329641486,True
5,55,CA-KL + Weighted Detector,1,z_score,11.431099407757491,2.6111648393354674,True,1.4506471329641486,True
5,56,CA-KL + Weighted Detector,1,z_score,8.87796045374059,2.6111648393354674,True,1.4506471329641486,True
4,57,CA-KL + Weighted Detector,1,z_score,8.645856912466327,2.379061298061204,True,1.4506471329641486,True
1,58,CA-KL + Weighted Detector,1,z_score,7.2532356648207434,2.379061298061204,True,1.4506471329641486,True
5,59,CA-KL + Weighted Detector,1,z_score,7.949546288643535,2.6111648393354674,True,1.4506471329641486,True
4,6,CA-KL + Weighted Detector,1,z_score,10.038478160111909,2.379061298061204,True,1.4506471329641486,True
1,60,CA-KL + Weighted Detector,1,z_score,8.413753371192062,2.379061298061204,True,1.4506471329641486,True
4,61,CA-KL + Weighted Detector,1,z_score,9.574271077563381,2.379061298061204,True,1.4506471329641486,True
4,62,CA-KL + Weighted Detector,1,z_score,8.87796045374059,2.379061298061204,True,1.4506471329641486,True
4,63,CA-KL + Weighted Detector,1,z_score,11.198995866483228,2.379061298061204,True,1.4506471329641486,True
3,64,CA-KL + Weighted Detector,1,z_score,9.342167536289118,2.6111648393354674,True,1.4506471329641486,True
2,65,CA-KL + Weighted Detector,1,z_score,7.4853392060950075,2.379061298061204,True,1.4506471329641486,True
1,66,CA-KL + Weighted Detector,1,z_score,8.413753371192062,2.379061298061204,True,1.4506471329641486,True
5,67,CA-KL + Weighted Detector,1,z_score,7.949546288643535,2.6111648393354674,True,1.4506471329641486,True
5,68,CA-KL + Weighted Detector,1,z_score,7.949546288643535,2.6111648393354674,True,1.4506471329641486,True
4,69,CA-KL + Weighted Detector,1,z_score,10.038478160111909,2.379061298061204,True,1.4506471329641486,True
1,7,CA-KL + Weighted Detector,1,z_score,6.789028582272215,2.379061298061204,True,1.4506471329641486,True
1,70,CA-KL + Weighted Detector,1,z_score,7.949546288643535,2.379061298061204,True,1.4506471329641486,True
5,71,CA-KL + Weighted Detector,1,z_score,7.2532356648207434,2.6111648393354674,True,1.4506471329641486,True
5,72,CA-KL + Weighted Detector,1,z_score,9.806374618837644,2.6111648393354674,True,1.4506471329641486,True
4,73,CA-KL + Weighted Detector,1,z_score,5.164303793352369,2.379061298061204,True,1.4506471329641486,True
3,74,CA-KL + Weighted Detector,1,z_score,6.324821499723688,2.6111648393354674,True,1.4506471329641486,True
2,75,CA-KL + Weighted Detector,1,z_score,5.86061441717516,2.379061298061204,True,1.4506471329641486,True
5,76,CA-KL + Weighted Detector,1,z_score,9.110063995014853,2.6111648393354674,True,1.4506471329641486,True
2,77,CA-KL + Weighted Detector,1,z_score,7.4853392060950075,2.379061298061204,True,1.4506471329641486,True
2,78,CA-KL + Weighted Detector,1,z_score,3.307475463158259,2.379061298061204,True,1.4506471329641486,True
2,79,CA-KL + Weighted Detector,1,z_score,8.181649829917799,2.379061298061204,True,1.4506471329641486,True
5,8,CA-KL + Weighted Detector,1,z_score,8.87796045374059,2.6111648393354674,True,1.4506471329641486,True
3,80,CA-KL + Weighted Detector,1,z_score,12.127410031580283,2.6111648393354674,True,1.4506471329641486,True
2,81,CA-KL + Weighted Detector,1,z_score,5.628510875900897,2.379061298061204,True,1.4506471329641486,True
2,82,CA-KL + Weighted Detector,1,z_score,7.021132123546479,2.379061298061204,True,1.4506471329641486,True
3,83,CA-KL + Weighted Detector,1,z_score,4.3915503282684,2.6111648393354674,True,1.4506471329641486,True
2,84,CA-KL + Weighted Detector,1,z_score,10.502685242660437,2.379061298061204,True,1.4506471329641486,True
4,85,CA-KL + Weighted Detector,1,z_score,6.789028582272215,2.379061298061204,True,1.4506471329641486,True
1,86,CA-KL + Weighted Detector,1,z_score,7.021132123546479,2.379061298061204,True,1.4506471329641486,True
4,87,CA-KL + Weighted Detector,1,z_score,8.181649829917799,2.379061298061204,True,1.4506471329641486,True
2,88,CA-KL + Weighted Detector,1,z_score,7.021132123546479,2.379061298061204,True,1.4506471329641486,True
4,89,CA-KL + Weighted Detector,1,z_score,6.324821499723688,2.379061298061204,True,1.4506471329641486,True
2,9,CA-KL + Weighted Detector,1,z_score,8.413753371192062,2.379061298061204,True,1.4506471329641486,True
5,90,CA-KL + Weighted Detector,1,z_score,8.181649829917799,2.6111648393354674,True,1.4506471329641486,True
3,91,CA-KL + Weighted Detector,1,z_score,8.543527955048733,2.6111648393354674,True,1.4506471329641486,True
1,92,CA-KL + Weighted Detector,1,z_score,6.556925040997952,2.379061298061204,True,1.4506471329641486,True
2,93,CA-KL + Weighted Detector,1,z_score,7.717442747369271,2.379061298061204,True,1.4506471329641486,True
5,94,CA-KL + Weighted Detector,1,z_score,8.645856912466327,2.6111648393354674,True,1.4506471329641486,True
3,95,CA-KL + Weighted Detector,1,z_score,9.110063995014853,2.6111648393354674,True,1.4506471329641486,True
1,96,CA-KL + Weighted Detector,1,z_score,8.87796045374059,2.379061298061204,True,1.4506471329641486,True
5,97,CA-KL + Weighted Detector,1,z_score,9.806374618837644,2.6111648393354674,True,1.4506471329641486,True
2,98,CA-KL + Weighted Detector,1,z_score,8.645856912466327,2.379061298061204,True,1.4506471329641486,True
5,99,CA-KL + Weighted Detector,1,z_score,7.4853392060950075,2.6111648393354674,True,1.4506471329641486,True
2,1,No Watermark,0,weighted_z_score,0.6950344221754798,2.2215741910279827,False,1.6098398019093245,False
3,2,No Watermark,0,weighted_z_score,1.4546959450103005,2.2282762558274176,False,1.801027872647659,False
5,3,No Watermark,0,weighted_z_score,0.3991511277775578,2.224786848365201,False,1.687141010946033,False
1,4,No Watermark,0,weighted_z_score,0.16562601316840758,2.1589242204863397,False,1.622281395942362,False
3,5,No Watermark,0,weighted_z_score,0.31207998441955026,2.2282762558274176,False,1.801027872647659,False
4,6,No Watermark,0,weighted_z_score,1.51766128294917,2.2282762558274176,False,1.621749431010188,False
1,7,No Watermark,0,weighted_z_score,-0.855080009157142,2.1589242204863397,False,1.622281395942362,False
5,8,No Watermark,0,weighted_z_score,0.6550260149716599,2.224786848365201,False,1.687141010946033,False
2,9,No Watermark,0,weighted_z_score,0.8151996707883354,2.2215741910279827,False,1.6098398019093245,False
3,10,No Watermark,0,weighted_z_score,0.08873250325218991,2.2282762558274176,False,1.801027872647659,False
2,11,No Watermark,0,weighted_z_score,-0.9661489429391652,2.2215741910279827,False,1.6098398019093245,False
5,12,No Watermark,0,weighted_z_score,1.610558544938563,2.224786848365201,False,1.687141010946033,False
4,13,No Watermark,0,weighted_z_score,1.5981321953411165,2.2282762558274176,False,1.621749431010188,False
3,14,No Watermark,0,weighted_z_score,0.7090506472943595,2.2282762558274176,False,1.801027872647659,False
5,15,No Watermark,0,weighted_z_score,-0.28528603952077886,2.224786848365201,False,1.687141010946033,False
5,16,No Watermark,0,weighted_z_score,0.29304123009730615,2.224786848365201,False,1.687141010946033,False
1,17,No Watermark,0,weighted_z_score,0.38324509851728517,2.1589242204863397,False,1.622281395942362,False
3,18,No Watermark,0,weighted_z_score,-0.22391439314675549,2.2282762558274176,False,1.801027872647659,False
3,19,No Watermark,0,weighted_z_score,-0.5103045048309759,2.2282762558274176,False,1.801027872647659,False
5,20,No Watermark,0,weighted_z_score,0.10650913106229734,2.224786848365201,False,1.687141010946033,False
4,21,No Watermark,0,weighted_z_score,0.5085391247916938,2.2282762558274176,False,1.621749431010188,False
1,22,No Watermark,0,weighted_z_score,-0.04999346031477474,2.1589242204863397,False,1.622281395942362,False
1,23,No Watermark,0,weighted_z_score,-0.7600461599048134,2.1589242204863397,False,1.622281395942362,False
1,24,No Watermark,0,weighted_z_score,-0.16900801739802376,2.1589242204863397,False,1.622281395942362,False
3,25,No Watermark,0,weighted_z_score,0.5645295255793116,2.2282762558274176,False,1.801027872647659,False
5,26,No Watermark,0,weighted_z_score,-0.6502425774054544,2.224786848365201,False,1.687141010946033,False
3,27,No Watermark,0,weighted_z_score,-0.33309583267418236,2.2282762558274176,False,1.801027872647659,False
5,28,No Watermark,0,weighted_z_score,0.08482508972516586,2.224786848365201,False,1.687141010946033,False
4,29,No Watermark,0,weighted_z_score,0.14906007172905822,2.2282762558274176,False,1.621749431010188,False
1,30,No Watermark,0,weighted_z_score,-0.024633190945880686,2.1589242204863397,False,1.622281395942362,False
2,31,No Watermark,0,weighted_z_score,-1.0826155409813494,2.2215741910279827,False,1.6098398019093245,False
1,32,No Watermark,0,weighted_z_score,-0.6050155354691381,2.1589242204863397,False,1.622281395942362,False
4,33,No Watermark,0,weighted_z_score,0.12805171257755113,2.2282762558274176,False,1.621749431010188,False
1,34,No Watermark,0,weighted_z_score,2.2215741910279827,2.1589242204863397,True,1.622281395942362,True
1,35,No Watermark,0,weighted_z_score,1.3978863635292071,2.1589242204863397,False,1.622281395942362,False
3,36,No Watermark,0,weighted_z_score,-0.5873454769788832,2.2282762558274176,False,1.801027872647659,False
5,37,No Watermark,0,weighted_z_score,-0.7559868735114125,2.224786848365201,False,1.687141010946033,False
4,38,No Watermark,0,weighted_z_score,-0.08485678609762817,2.2282762558274176,False,1.621749431010188,False
4,39,No Watermark,0,weighted_z_score,0.4836178803716445,2.2282762558274176,False,1.621749431010188,False
3,40,No Watermark,0,weighted_z_score,-0.24569436513269727,2.2282762558274176,False,1.801027872647659,False
4,41,No Watermark,0,weighted_z_score,0.9172099889866326,2.2282762558274176,False,1.621749431010188,False
1,42,No Watermark,0,weighted_z_score,0.6137909265002135,2.1589242204863397,False,1.622281395942362,False
5,43,No Watermark,0,weighted_z_score,0.17188891545612356,2.224786848365201,False,1.687141010946033,False
5,44,No Watermark,0,weighted_z_score,1.0762346332893982,2.224786848365201,False,1.687141010946033,False
5,45,No Watermark,0,weighted_z_score,-1.6082088448155722,2.224786848365201,False,1.687141010946033,False
5,46,No Watermark,0,weighted_z_score,1.3757300956019785,2.224786848365201,False,1.687141010946033,False
1,47,No Watermark,0,weighted_z_score,0.0008581193347782505,2.1589242204863397,False,1.622281395942362,False
3,48,No Watermark,0,weighted_z_score,0.4138787559909223,2.2282762558274176,False,1.801027872647659,False
4,49,No Watermark,0,weighted_z_score,-1.7834003389263615,2.2282762558274176,False,1.621749431010188,False
4,50,No Watermark,0,weighted_z_score,0.8221031225181663,2.2282762558274176,False,1.621749431010188,False
1,51,No Watermark,0,weighted_z_score,0.6141538474724689,2.1589242204863397,False,1.622281395942362,False
3,52,No Watermark,0,weighted_z_score,-0.5529934265388899,2.2282762558274176,False,1.801027872647659,False
4,53,No Watermark,0,weighted_z_score,2.1143771743591726,2.2282762558274176,False,1.621749431010188,True
2,54,No Watermark,0,weighted_z_score,0.4533022954492699,2.2215741910279827,False,1.6098398019093245,False
5,55,No Watermark,0,weighted_z_score,0.08292738400381948,2.224786848365201,False,1.687141010946033,False
5,56,No Watermark,0,weighted_z_score,-1.065858346230546,2.224786848365201,False,1.687141010946033,False
4,57,No Watermark,0,weighted_z_score,0.5520526322454423,2.2282762558274176,False,1.621749431010188,False
1,58,No Watermark,0,weighted_z_score,0.6459315598316855,2.1589242204863397,False,1.622281395942362,False
5,59,No Watermark,0,weighted_z_score,-0.13275938205147556,2.224786848365201,False,1.687141010946033,False
1,60,No Watermark,0,weighted_z_score,0.331738339735009,2.1589242204863397,False,1.622281395942362,False
4,61,No Watermark,0,weighted_z_score,-1.0038463936133448,2.2282762558274176,False,1.621749431010188,False
4,62,No Watermark,0,weighted_z_score,2.068298307077125,2.2282762558274176,False,1.621749431010188,True
4,63,No Watermark,0,weighted_z_score,0.7381076470793002,2.2282762558274176,False,1.621749431010188,False
3,64,No Watermark,0,weighted_z_score,-0.3922852131677867,2.2282762558274176,False,1.801027872647659,False
2,65,No Watermark,0,weighted_z_score,0.04772780395770953,2.2215741910279827,False,1.6098398019093245,False
1,66,No Watermark,0,weighted_z_score,-1.411207899191752,2.1589242204863397,False,1.622281395942362,False
5,67,No Watermark,0,weighted_z_score,1.5011983331144187,2.224786848365201,False,1.687141010946033,False
5,68,No Watermark,0,weighted_z_score,-1.8519295050278899,2.224786848365201,False,1.687141010946033,False
4,69,No Watermark,0,weighted_z_score,0.1268275945601692,2.2282762558274176,False,1.621749431010188,False
1,70,No Watermark,0,weighted_z_score,0.7320848664050917,2.1589242204863397,False,1.622281395942362,False
5,71,No Watermark,0,weighted_z_score,1.2745804930720186,2.224786848365201,False,1.687141010946033,False
5,72,No Watermark,0,weighted_z_score,1.0768924440333685,2.224786848365201,False,1.687141010946033,False
4,73,No Watermark,0,weighted_z_score,-1.0431436672483108,2.2282762558274176,False,1.621749431010188,False
3,74,No Watermark,0,weighted_z_score,0.8075279499209587,2.2282762558274176,False,1.801027872647659,False
2,75,No Watermark,0,weighted_z_score,1.2999346440378992,2.2215741910279827,False,1.6098398019093245,False
5,76,No Watermark,0,weighted_z_score,-1.3757713737126696,2.224786848365201,False,1.687141010946033,False
2,77,No Watermark,0,weighted_z_score,0.7153745590904689,2.2215741910279827,False,1.6098398019093245,False
2,78,No Watermark,0,weighted_z_score,1.687141010946033,2.2215741910279827,False,1.6098398019093245,True
2,79,No Watermark,0,weighted_z_score,-0.5528656174440901,2.2215741910279827,False,1.6098398019093245,False
3,80,No Watermark,0,weighted_z_score,0.6934950674872278,2.2282762558274176,False,1.801027872647659,False
2,81,No Watermark,0,weighted_z_score,2.461393527957658,2.2215741910279827,True,1.6098398019093245,True
2,82,No Watermark,0,weighted_z_score,2.123588488797121,2.2215741910279827,False,1.6098398019093245,True
3,83,No Watermark,0,weighted_z_score,0.5379328922754977,2.2282762558274176,False,1.801027872647659,False
2,84,No Watermark,0,weighted_z_score,0.21343730010039808,2.2215741910279827,False,1.6098398019093245,False
4,85,No Watermark,0,weighted_z_score,0.6425753594471122,2.2282762558274176,False,1.621749431010188,False
1,86,No Watermark,0,weighted_z_score,0.6368651410056216,2.1589242204863397,False,1.622281395942362,False
4,87,No Watermark,0,weighted_z_score,-0.27307717125715536,2.2282762558274176,False,1.621749431010188,False
2,88,No Watermark,0,weighted_z_score,-0.09368677679190983,2.2215741910279827,False,1.6098398019093245,False
4,89,No Watermark,0,weighted_z_score,0.38695250444432444,2.2282762558274176,False,1.621749431010188,False
5,90,No Watermark,0,weighted_z_score,-0.4467411684557269,2.224786848365201,False,1.687141010946033,False
3,91,No Watermark,0,weighted_z_score,-1.4144023662407246,2.2282762558274176,False,1.801027872647659,False
1,92,No Watermark,0,weighted_z_score,1.4384568678652385,2.1589242204863397,False,1.622281395942362,False
2,93,No Watermark,0,weighted_z_score,-1.156880184758588,2.2215741910279827,False,1.6098398019093245,False
5,94,No Watermark,0,weighted_z_score,0.6275866029552841,2.224786848365201,False,1.687141010946033,False
3,95,No Watermark,0,weighted_z_score,-0.3029570135447462,2.2282762558274176,False,1.801027872647659,False
1,96,No Watermark,0,weighted_z_score,0.733369553476662,2.1589242204863397,False,1.622281395942362,False
5,97,No Watermark,0,weighted_z_score,0.5786656603208473,2.224786848365201,False,1.687141010946033,False
2,98,No Watermark,0,weighted_z_score,-0.7744162829905924,2.2215741910279827,False,1.6098398019093245,False
5,99,No Watermark,0,weighted_z_score,-0.7700580325166602,2.224786848365201,False,1.687141010946033,False
5,100,No Watermark,0,weighted_z_score,-0.5349236050223963,2.224786848365201,False,1.687141010946033,False
1,101,No Watermark,0,weighted_z_score,-0.0848142817903098,2.1589242204863397,False,1.622281395942362,False
5,102,No Watermark,0,weighted_z_score,-0.22635270544273176,2.224786848365201,False,1.687141010946033,False
3,103,No Watermark,0,weighted_z_score,0.6662643036067656,2.2282762558274176,False,1.801027872647659,False
2,104,No Watermark,0,weighted_z_score,-1.162160050678034,2.2215741910279827,False,1.6098398019093245,False
5,105,No Watermark,0,weighted_z_score,-1.7339539925637026,2.224786848365201,False,1.687141010946033,False
1,106,No Watermark,0,weighted_z_score,0.036046515302899165,2.1589242204863397,False,1.622281395942362,False
3,107,No Watermark,0,weighted_z_score,0.3232093926028012,2.2282762558274176,False,1.801027872647659,False
3,108,No Watermark,0,weighted_z_score,0.7294841762326715,2.2282762558274176,False,1.801027872647659,False
3,109,No Watermark,0,weighted_z_score,-0.9570037959911715,2.2282762558274176,False,1.801027872647659,False
3,110,No Watermark,0,weighted_z_score,0.12101603389275563,2.2282762558274176,False,1.801027872647659,False
3,111,No Watermark,0,weighted_z_score,0.4351472842888331,2.2282762558274176,False,1.801027872647659,False
5,112,No Watermark,0,weighted_z_score,-0.8033470630560028,2.224786848365201,False,1.687141010946033,False
3,113,No Watermark,0,weighted_z_score,1.0261502821877402,2.2282762558274176,False,1.801027872647659,False
4,114,No Watermark,0,weighted_z_score,0.5787498023874725,2.2282762558274176,False,1.621749431010188,False
3,115,No Watermark,0,weighted_z_score,-0.8889513061011944,2.2282762558274176,False,1.801027872647659,False
1,116,No Watermark,0,weighted_z_score,-0.8553427214508782,2.1589242204863397,False,1.622281395942362,False
4,117,No Watermark,0,weighted_z_score,0.34025176731210516,2.2282762558274176,False,1.621749431010188,False
3,118,No Watermark,0,weighted_z_score,-0.4989907034606039,2.2282762558274176,False,1.801027872647659,False
1,119,No Watermark,0,weighted_z_score,-1.2740004713921573,2.1589242204863397,False,1.622281395942362,False
3,120,No Watermark,0,weighted_z_score,0.5476036332835905,2.2282762558274176,False,1.801027872647659,False
1,121,No Watermark,0,weighted_z_score,0.066654057699937,2.1589242204863397,False,1.622281395942362,False
1,122,No Watermark,0,weighted_z_score,-0.6639502411535055,2.1589242204863397,False,1.622281395942362,False
2,123,No Watermark,0,weighted_z_score,-0.8733450762521698,2.2215741910279827,False,1.6098398019093245,False
1,124,No Watermark,0,weighted_z_score,0.4697328238507488,2.1589242204863397,False,1.622281395942362,False
3,125,No Watermark,0,weighted_z_score,0.861472652201355,2.2282762558274176,False,1.801027872647659,False
4,126,No Watermark,0,weighted_z_score,0.6748320463335354,2.2282762558274176,False,1.621749431010188,False
1,127,No Watermark,0,weighted_z_score,0.2591260162019724,2.1589242204863397,False,1.622281395942362,False
1,128,No Watermark,0,weighted_z_score,0.9555270815411422,2.1589242204863397,False,1.622281395942362,False
5,129,No Watermark,0,weighted_z_score,0.6747069311732846,2.224786848365201,False,1.687141010946033,False
1,130,No Watermark,0,weighted_z_score,1.342601629064679,2.1589242204863397,False,1.622281395942362,False
1,131,No Watermark,0,weighted_z_score,0.20389630360360084,2.1589242204863397,False,1.622281395942362,False
1,132,No Watermark,0,weighted_z_score,1.1113267976841066,2.1589242204863397,False,1.622281395942362,False
2,133,No Watermark,0,weighted_z_score,0.5574888618635504,2.2215741910279827,False,1.6098398019093245,False
1,134,No Watermark,0,weighted_z_score,1.559539664977333,2.1589242204863397,False,1.622281395942362,False
1,135,No Watermark,0,weighted_z_score,-0.7265143224581316,2.1589242204863397,False,1.622281395942362,False
5,136,No Watermark,0,weighted_z_score,0.5629823615474178,2.224786848365201,False,1.687141010946033,False
1,137,No Watermark,0,weighted_z_score,-1.4562344097888298,2.1589242204863397,False,1.622281395942362,False
4,138,No Watermark,0,weighted_z_score,1.8053147264534362,2.2282762558274176,False,1.621749431010188,True
3,139,No Watermark,0,weighted_z_score,-0.6462724385640021,2.2282762558274176,False,1.801027872647659,False
5,140,No Watermark,0,weighted_z_score,-0.13741650704358352,2.224786848365201,False,1.687141010946033,False
4,141,No Watermark,0,weighted_z_score,0.0683314578234088,2.2282762558274176,False,1.621749431010188,False
2,142,No Watermark,0,weighted_z_score,0.548833185528855,2.2215741910279827,False,1.6098398019093245,False
2,143,No Watermark,0,weighted_z_score,0.7916813288883848,2.2215741910279827,False,1.6098398019093245,False
5,144,No Watermark,0,weighted_z_score,0.7147620381185933,2.224786848365201,False,1.687141010946033,False
3,145,No Watermark,0,weighted_z_score,0.3158945726895561,2.2282762558274176,False,1.801027872647659,False
3,146,No Watermark,0,weighted_z_score,0.7377617925585234,2.2282762558274176,False,1.801027872647659,False
2,147,No Watermark,0,weighted_z_score,0.0540451485856274,2.2215741910279827,False,1.6098398019093245,False
2,148,No Watermark,0,weighted_z_score,0.29690537358990093,2.2215741910279827,False,1.6098398019093245,False
5,149,No Watermark,0,weighted_z_score,1.0304232181535584,2.224786848365201,False,1.687141010946033,False
2,150,No Watermark,0,weighted_z_score,0.8694814093821308,2.2215741910279827,False,1.6098398019093245,False
2,151,No Watermark,0,weighted_z_score,-0.1576817010026682,2.2215741910279827,False,1.6098398019093245,False
2,152,No Watermark,0,weighted_z_score,-0.4722783384975126,2.2215741910279827,False,1.6098398019093245,False
3,153,No Watermark,0,weighted_z_score,1.2457660069940142,2.2282762558274176,False,1.801027872647659,False
5,154,No Watermark,0,weighted_z_score,0.18438304444453849,2.224786848365201,False,1.687141010946033,False
1,155,No Watermark,0,weighted_z_score,-0.22924081206785502,2.1589242204863397,False,1.622281395942362,False
4,156,No Watermark,0,weighted_z_score,-1.1321891324129278,2.2282762558274176,False,1.621749431010188,False
1,157,No Watermark,0,weighted_z_score,1.0841863811006842,2.1589242204863397,False,1.622281395942362,False
5,158,No Watermark,0,weighted_z_score,1.4298916098800294,2.224786848365201,False,1.687141010946033,False
2,159,No Watermark,0,weighted_z_score,1.6265554255509413,2.2215741910279827,False,1.6098398019093245,True
3,160,No Watermark,0,weighted_z_score,0.24140686010019552,2.2282762558274176,False,1.801027872647659,False
4,161,No Watermark,0,weighted_z_score,-0.2502217550803568,2.2282762558274176,False,1.621749431010188,False
3,162,No Watermark,0,weighted_z_score,-0.6073869053238891,2.2282762558274176,False,1.801027872647659,False
1,163,No Watermark,0,weighted_z_score,-1.1581672108262937,2.1589242204863397,False,1.622281395942362,False
3,164,No Watermark,0,weighted_z_score,0.7647844886841169,2.2282762558274176,False,1.801027872647659,False
3,165,No Watermark,0,weighted_z_score,1.6098398019093245,2.2282762558274176,False,1.801027872647659,False
2,166,No Watermark,0,weighted_z_score,-0.31231300156081954,2.2215741910279827,False,1.6098398019093245,False
4,167,No Watermark,0,weighted_z_score,0.3820133032020589,2.2282762558274176,False,1.621749431010188,False
1,168,No Watermark,0,weighted_z_score,0.3765657538720426,2.1589242204863397,False,1.622281395942362,False
1,169,No Watermark,0,weighted_z_score,-0.5428268355110731,2.1589242204863397,False,1.622281395942362,False
2,170,No Watermark,0,weighted_z_score,1.0911063911534327,2.2215741910279827,False,1.6098398019093245,False
3,171,No Watermark,0,weighted_z_score,-0.05579841370616931,2.2282762558274176,False,1.801027872647659,False
4,172,No Watermark,0,weighted_z_score,0.8672556080498962,2.2282762558274176,False,1.621749431010188,False
5,173,No Watermark,0,weighted_z_score,0.008647629219149772,2.224786848365201,False,1.687141010946033,False
3,174,No Watermark,0,weighted_z_score,-2.19739286197976,2.2282762558274176,False,1.801027872647659,False
3,175,No Watermark,0,weighted_z_score,0.19360341748457183,2.2282762558274176,False,1.801027872647659,False
3,176,No Watermark,0,weighted_z_score,-0.15102162972642938,2.2282762558274176,False,1.801027872647659,False
3,177,No Watermark,0,weighted_z_score,0.34439486857862467,2.2282762558274176,False,1.801027872647659,False
1,178,No Watermark,0,weighted_z_score,-0.06445992331907234,2.1589242204863397,False,1.622281395942362,False
1,179,No Watermark,0,weighted_z_score,1.5368602039435597,2.1589242204863397,False,1.622281395942362,False
4,180,No Watermark,0,weighted_z_score,0.1990929111487204,2.2282762558274176,False,1.621749431010188,False
1,181,No Watermark,0,weighted_z_score,1.3973862182425605,2.1589242204863397,False,1.622281395942362,False
3,182,No Watermark,0,weighted_z_score,-0.728526205004725,2.2282762558274176,False,1.801027872647659,False
4,183,No Watermark,0,weighted_z_score,0.3741061024701298,2.2282762558274176,False,1.621749431010188,False
4,184,No Watermark,0,weighted_z_score,0.514117872938559,2.2282762558274176,False,1.621749431010188,False
3,185,No Watermark,0,weighted_z_score,0.8488398776295963,2.2282762558274176,False,1.801027872647659,False
2,186,No Watermark,0,weighted_z_score,0.10452165211403,2.2215741910279827,False,1.6098398019093245,False
3,187,No Watermark,0,weighted_z_score,-1.131300921934985,2.2282762558274176,False,1.801027872647659,False
2,188,No Watermark,0,weighted_z_score,-0.048909085797575406,2.2215741910279827,False,1.6098398019093245,False
1,189,No Watermark,0,weighted_z_score,0.845677282772989,2.1589242204863397,False,1.622281395942362,False
1,190,No Watermark,0,weighted_z_score,-0.23901105145905197,2.1589242204863397,False,1.622281395942362,False
2,191,No Watermark,0,weighted_z_score,-0.17213663444144262,2.2215741910279827,False,1.6098398019093245,False
4,192,No Watermark,0,weighted_z_score,0.4134026304123741,2.2282762558274176,False,1.621749431010188,False
1,193,No Watermark,0,weighted_z_score,-1.1986005073951569,2.1589242204863397,False,1.622281395942362,False
1,194,No Watermark,0,weighted_z_score,-0.04025976889738188,2.1589242204863397,False,1.622281395942362,False
3,195,No Watermark,0,weighted_z_score,-1.376771931610132,2.2282762558274176,False,1.801027872647659,False
2,196,No Watermark,0,weighted_z_score,-0.7751243681759677,2.2215741910279827,False,1.6098398019093245,False
4,197,No Watermark,0,weighted_z_score,-0.4783445107297443,2.2282762558274176,False,1.621749431010188,False
4,198,No Watermark,0,weighted_z_score,0.6338256485605374,2.2282762558274176,False,1.621749431010188,False
5,199,No Watermark,0,weighted_z_score,-0.1551661669351379,2.224786848365201,False,1.687141010946033,False
5,200,No Watermark,0,weighted_z_score,-0.8377388216955588,2.224786848365201,False,1.687141010946033,False
4,201,No Watermark,0,weighted_z_score,0.692301961668185,2.2282762558274176,False,1.621749431010188,False
2,202,No Watermark,0,weighted_z_score,1.0121995094836977,2.2215741910279827,False,1.6098398019093245,False
4,203,No Watermark,0,weighted_z_score,-1.324798358115096,2.2282762558274176,False,1.621749431010188,False
5,204,No Watermark,0,weighted_z_score,-0.43229501925108793,2.224786848365201,False,1.687141010946033,False
3,205,No Watermark,0,weighted_z_score,0.24452976295758908,2.2282762558274176,False,1.801027872647659,False
3,206,No Watermark,0,weighted_z_score,1.1630308001995693,2.2282762558274176,False,1.801027872647659,False
3,207,No Watermark,0,weighted_z_score,0.5501233862899864,2.2282762558274176,False,1.801027872647659,False
2,208,No Watermark,0,weighted_z_score,0.6093372749936208,2.2215741910279827,False,1.6098398019093245,False
3,209,No Watermark,0,weighted_z_score,0.945860273809759,2.2282762558274176,False,1.801027872647659,False
1,210,No Watermark,0,weighted_z_score,1.6026951679644579,2.1589242204863397,False,1.622281395942362,False
4,211,No Watermark,0,weighted_z_score,-1.2594673306175115,2.2282762558274176,False,1.621749431010188,False
1,212,No Watermark,0,weighted_z_score,-1.6940795817529237,2.1589242204863397,False,1.622281395942362,False
1,213,No Watermark,0,weighted_z_score,0.779168932649271,2.1589242204863397,False,1.622281395942362,False
1,214,No Watermark,0,weighted_z_score,0.667608033620863,2.1589242204863397,False,1.622281395942362,False
2,215,No Watermark,0,weighted_z_score,1.1976352946513569,2.2215741910279827,False,1.6098398019093245,False
4,216,No Watermark,0,weighted_z_score,-1.6608080846593891,2.2282762558274176,False,1.621749431010188,False
2,217,No Watermark,0,weighted_z_score,1.2005977035457998,2.2215741910279827,False,1.6098398019093245,False
3,218,No Watermark,0,weighted_z_score,1.522863153987676,2.2282762558274176,False,1.801027872647659,False
3,219,No Watermark,0,weighted_z_score,0.6891039294487404,2.2282762558274176,False,1.801027872647659,False
4,220,No Watermark,0,weighted_z_score,-0.664063263069916,2.2282762558274176,False,1.621749431010188,False
5,221,No Watermark,0,weighted_z_score,-0.3471163952146205,2.224786848365201,False,1.687141010946033,False
1,222,No Watermark,0,weighted_z_score,-0.22311689380725847,2.1589242204863397,False,1.622281395942362,False
4,223,No Watermark,0,weighted_z_score,0.7996526324851821,2.2282762558274176,False,1.621749431010188,False
3,224,No Watermark,0,weighted_z_score,0.19960496793483998,2.2282762558274176,False,1.801027872647659,False
5,225,No Watermark,0,weighted_z_score,-0.729591067649763,2.224786848365201,False,1.687141010946033,False
2,226,No Watermark,0,weighted_z_score,0.5132688405267176,2.2215741910279827,False,1.6098398019093245,False
2,227,No Watermark,0,weighted_z_score,0.1828983963749958,2.2215741910279827,False,1.6098398019093245,False
1,228,No Watermark,0,weighted_z_score,-0.20122195111067914,2.1589242204863397,False,1.622281395942362,False
5,229,No Watermark,0,weighted_z_score,0.4766524586117374,2.224786848365201,False,1.687141010946033,False
2,230,No Watermark,0,weighted_z_score,0.6250131147197011,2.2215741910279827,False,1.6098398019093245,False
5,231,No Watermark,0,weighted_z_score,0.8061960804175944,2.224786848365201,False,1.687141010946033,False
5,232,No Watermark,0,weighted_z_score,2.7182391465722393,2.224786848365201,True,1.687141010946033,True
2,233,No Watermark,0,weighted_z_score,-0.2574021844316697,2.2215741910279827,False,1.6098398019093245,False
1,234,No Watermark,0,weighted_z_score,-0.4888936241685181,2.1589242204863397,False,1.622281395942362,False
1,235,No Watermark,0,weighted_z_score,0.7162497794683699,2.1589242204863397,False,1.622281395942362,False
3,236,No Watermark,0,weighted_z_score,-0.5105354107746145,2.2282762558274176,False,1.801027872647659,False
1,237,No Watermark,0,weighted_z_score,3.158610834842353,2.1589242204863397,True,1.622281395942362,True
4,238,No Watermark,0,weighted_z_score,-0.500397280133869,2.2282762558274176,False,1.621749431010188,False
4,239,No Watermark,0,weighted_z_score,-0.39382332200035197,2.2282762558274176,False,1.621749431010188,False
4,240,No Watermark,0,weighted_z_score,0.3492732381722649,2.2282762558274176,False,1.621749431010188,False
1,241,No Watermark,0,weighted_z_score,0.9550125819789788,2.1589242204863397,False,1.622281395942362,False
2,242,No Watermark,0,weighted_z_score,-0.7229646995651462,2.2215741910279827,False,1.6098398019093245,False
4,243,No Watermark,0,weighted_z_score,0.46569819917489347,2.2282762558274176,False,1.621749431010188,False
5,244,No Watermark,0,weighted_z_score,-0.01042688573962142,2.224786848365201,False,1.687141010946033,False
2,245,No Watermark,0,weighted_z_score,2.0516915314509747,2.2215741910279827,False,1.6098398019093245,True
2,246,No Watermark,0,weighted_z_score,-0.12733981584778178,2.2215741910279827,False,1.6098398019093245,False
3,247,No Watermark,0,weighted_z_score,0.5453141212148098,2.2282762558274176,False,1.801027872647659,False
4,248,No Watermark,0,weighted_z_score,-0.625656562802954,2.2282762558274176,False,1.621749431010188,False
4,249,No Watermark,0,weighted_z_score,-0.328337427863859,2.2282762558274176,False,1.621749431010188,False
1,250,No Watermark,0,weighted_z_score,0.9550786225363035,2.1589242204863397,False,1.622281395942362,False
5,251,No Watermark,0,weighted_z_score,0.28978881438068876,2.224786848365201,False,1.687141010946033,False
4,252,No Watermark,0,weighted_z_score,-1.9021710124238156,2.2282762558274176,False,1.621749431010188,False
3,253,No Watermark,0,weighted_z_score,-0.2593088149433093,2.2282762558274176,False,1.801027872647659,False
5,254,No Watermark,0,weighted_z_score,-1.281483025071226,2.224786848365201,False,1.687141010946033,False
1,255,No Watermark,0,weighted_z_score,0.47540740038851903,2.1589242204863397,False,1.622281395942362,False
3,256,No Watermark,0,weighted_z_score,-0.5948807331259736,2.2282762558274176,False,1.801027872647659,False
3,257,No Watermark,0,weighted_z_score,-0.9307500698501536,2.2282762558274176,False,1.801027872647659,False
1,258,No Watermark,0,weighted_z_score,1.4403123438012226,2.1589242204863397,False,1.622281395942362,False
2,259,No Watermark,0,weighted_z_score,-0.634166312917894,2.2215741910279827,False,1.6098398019093245,False
5,260,No Watermark,0,weighted_z_score,-1.0506284715682637,2.224786848365201,False,1.687141010946033,False
3,261,No Watermark,0,weighted_z_score,-0.8509220191366311,2.2282762558274176,False,1.801027872647659,False
3,262,No Watermark,0,weighted_z_score,0.5932165441763438,2.2282762558274176,False,1.801027872647659,False
2,263,No Watermark,0,weighted_z_score,1.344739998938796,2.2215741910279827,False,1.6098398019093245,False
2,264,No Watermark,0,weighted_z_score,-0.48386734073155246,2.2215741910279827,False,1.6098398019093245,False
2,265,No Watermark,0,weighted_z_score,-0.11199895902952743,2.2215741910279827,False,1.6098398019093245,False
2,266,No Watermark,0,weighted_z_score,0.5220104462957482,2.2215741910279827,False,1.6098398019093245,False
5,267,No Watermark,0,weighted_z_score,-0.9904782951078528,2.224786848365201,False,1.687141010946033,False
5,268,No Watermark,0,weighted_z_score,0.05222420392776695,2.224786848365201,False,1.687141010946033,False
4,269,No Watermark,0,weighted_z_score,-0.7803422124263697,2.2282762558274176,False,1.621749431010188,False
1,270,No Watermark,0,weighted_z_score,0.1338154274975935,2.1589242204863397,False,1.622281395942362,False
5,271,No Watermark,0,weighted_z_score,1.6622956869023833,2.224786848365201,False,1.687141010946033,False
1,272,No Watermark,0,weighted_z_score,0.08649384003372412,2.1589242204863397,False,1.622281395942362,False
4,273,No Watermark,0,weighted_z_score,0.7035029572083537,2.2282762558274176,False,1.621749431010188,False
5,274,No Watermark,0,weighted_z_score,1.5812787322264976,2.224786848365201,False,1.687141010946033,False
2,275,No Watermark,0,weighted_z_score,-0.6328216404056838,2.2215741910279827,False,1.6098398019093245,False
5,276,No Watermark,0,weighted_z_score,0.8409859373476353,2.224786848365201,False,1.687141010946033,False
1,277,No Watermark,0,weighted_z_score,1.351010590334298,2.1589242204863397,False,1.622281395942362,False
5,278,No Watermark,0,weighted_z_score,0.010190629252336141,2.224786848365201,False,1.687141010946033,False
1,279,No Watermark,0,weighted_z_score,-1.3362202384981392,2.1589242204863397,False,1.622281395942362,False
1,280,No Watermark,0,weighted_z_score,-1.2549622446732782,2.1589242204863397,False,1.622281395942362,False
5,281,No Watermark,0,weighted_z_score,-1.037291962587872,2.224786848365201,False,1.687141010946033,False
2,282,No Watermark,0,weighted_z_score,0.6038206458701594,2.2215741910279827,False,1.6098398019093245,False
5,283,No Watermark,0,weighted_z_score,-1.2516182317141424,2.224786848365201,False,1.687141010946033,False
4,284,No Watermark,0,weighted_z_score,2.224786848365201,2.2282762558274176,False,1.621749431010188,True
5,285,No Watermark,0,weighted_z_score,0.08048521109050386,2.224786848365201,False,1.687141010946033,False
2,286,No Watermark,0,weighted_z_score,-0.5163724458296797,2.2215741910279827,False,1.6098398019093245,False
1,287,No Watermark,0,weighted_z_score,0.6028241442304189,2.1589242204863397,False,1.622281395942362,False
3,288,No Watermark,0,weighted_z_score,0.7546280462813832,2.2282762558274176,False,1.801027872647659,False
1,289,No Watermark,0,weighted_z_score,-1.084089542462293,2.1589242204863397,False,1.622281395942362,False
4,290,No Watermark,0,weighted_z_score,0.7069977536044869,2.2282762558274176,False,1.621749431010188,False
3,291,No Watermark,0,weighted_z_score,0.4691050030901703,2.2282762558274176,False,1.801027872647659,False
2,292,No Watermark,0,weighted_z_score,0.08714622376520674,2.2215741910279827,False,1.6098398019093245,False
4,293,No Watermark,0,weighted_z_score,-0.026139294314584206,2.2282762558274176,False,1.621749431010188,False
3,294,No Watermark,0,weighted_z_score,-0.4139427973273051,2.2282762558274176,False,1.801027872647659,False
2,295,No Watermark,0,weighted_z_score,0.4061195492707415,2.2215741910279827,False,1.6098398019093245,False
5,296,No Watermark,0,weighted_z_score,1.1981337577575788,2.224786848365201,False,1.687141010946033,False
3,297,No Watermark,0,weighted_z_score,-0.8491089355529128,2.2282762558274176,False,1.801027872647659,False
5,298,No Watermark,0,weighted_z_score,0.3504815750136877,2.224786848365201,False,1.687141010946033,False
1,299,No Watermark,0,weighted_z_score,0.15784108261594512,2.1589242204863397,False,1.622281395942362,False
2,300,No Watermark,0,weighted_z_score,-1.0809904895651723,2.2215741910279827,False,1.6098398019093245,False
3,301,No Watermark,0,weighted_z_score,-1.8181730116947208,2.2282762558274176,False,1.801027872647659,False
4,302,No Watermark,0,weighted_z_score,-0.376429321877896,2.2282762558274176,False,1.621749431010188,False
4,303,No Watermark,0,weighted_z_score,1.1189206074529112,2.2282762558274176,False,1.621749431010188,False
3,304,No Watermark,0,weighted_z_score,0.46037543325954644,2.2282762558274176,False,1.801027872647659,False
5,305,No Watermark,0,weighted_z_score,0.10774248450891366,2.224786848365201,False,1.687141010946033,False
1,306,No Watermark,0,weighted_z_score,0.5451651756495832,2.1589242204863397,False,1.622281395942362,False
2,307,No Watermark,0,weighted_z_score,0.11803356124094119,2.2215741910279827,False,1.6098398019093245,False
1,308,No Watermark,0,weighted_z_score,-0.07193806698709783,2.1589242204863397,False,1.622281395942362,False
2,309,No Watermark,0,weighted_z_score,1.1138175255992078,2.2215741910279827,False,1.6098398019093245,False
5,310,No Watermark,0,weighted_z_score,0.7077512415342145,2.224786848365201,False,1.687141010946033,False
4,311,No Watermark,0,weighted_z_score,1.085993886844645,2.2282762558274176,False,1.621749431010188,False
2,312,No Watermark,0,weighted_z_score,-0.38330565024677177,2.2215741910279827,False,1.6098398019093245,False
2,313,No Watermark,0,weighted_z_score,-1.1297143833326682,2.2215741910279827,False,1.6098398019093245,False
1,314,No Watermark,0,weighted_z_score,-0.2002728794678764,2.1589242204863397,False,1.622281395942362,False
1,315,No Watermark,0,weighted_z_score,-0.6742689908058057,2.1589242204863397,False,1.622281395942362,False
3,316,No Watermark,0,weighted_z_score,-0.8305584213225994,2.2282762558274176,False,1.801027872647659,False
1,317,No Watermark,0,weighted_z_score,2.1743946200459323,2.1589242204863397,True,1.622281395942362,True
5,318,No Watermark,0,weighted_z_score,-0.24325284641774636,2.224786848365201,False,1.687141010946033,False
4,319,No Watermark,0,weighted_z_score,-0.5688216112877295,2.2282762558274176,False,1.621749431010188,False
3,320,No Watermark,0,weighted_z_score,0.06107387866261331,2.2282762558274176,False,1.801027872647659,False
4,321,No Watermark,0,weighted_z_score,-0.047949875976150365,2.2282762558274176,False,1.621749431010188,False
2,322,No Watermark,0,weighted_z_score,-1.9112728188525767,2.2215741910279827,False,1.6098398019093245,False
3,323,No Watermark,0,weighted_z_score,0.15117890794524835,2.2282762558274176,False,1.801027872647659,False
4,324,No Watermark,0,weighted_z_score,-0.6536888391067839,2.2282762558274176,False,1.621749431010188,False
2,325,No Watermark,0,weighted_z_score,-1.1339195333701675,2.2215741910279827,False,1.6098398019093245,False
4,326,No Watermark,0,weighted_z_score,0.30881538140093673,2.2282762558274176,False,1.621749431010188,False
4,327,No Watermark,0,weighted_z_score,-1.8527073591296341,2.2282762558274176,False,1.621749431010188,False
4,328,No Watermark,0,weighted_z_score,0.11268730229514262,2.2282762558274176,False,1.621749431010188,False
5,329,No Watermark,0,weighted_z_score,0.15707193741303388,2.224786848365201,False,1.687141010946033,False
4,330,No Watermark,0,weighted_z_score,1.2059979701451145,2.2282762558274176,False,1.621749431010188,False
4,331,No Watermark,0,weighted_z_score,-0.4101319262284278,2.2282762558274176,False,1.621749431010188,False
4,332,No Watermark,0,weighted_z_score,0.29040884979280657,2.2282762558274176,False,1.621749431010188,False
2,333,No Watermark,0,weighted_z_score,0.29044711859225847,2.2215741910279827,False,1.6098398019093245,False
4,334,No Watermark,0,weighted_z_score,1.1012966479872113,2.2282762558274176,False,1.621749431010188,False
1,335,No Watermark,0,weighted_z_score,-1.610627348208345,2.1589242204863397,False,1.622281395942362,False
2,336,No Watermark,0,weighted_z_score,1.0888873190673325,2.2215741910279827,False,1.6098398019093245,False
2,337,No Watermark,0,weighted_z_score,1.047115708103799,2.2215741910279827,False,1.6098398019093245,False
3,338,No Watermark,0,weighted_z_score,-0.2914364425666913,2.2282762558274176,False,1.801027872647659,False
5,339,No Watermark,0,weighted_z_score,0.655629409513279,2.224786848365201,False,1.687141010946033,False
4,340,No Watermark,0,weighted_z_score,1.4733682633688656,2.2282762558274176,False,1.621749431010188,False
3,341,No Watermark,0,weighted_z_score,-0.3630319110757991,2.2282762558274176,False,1.801027872647659,False
3,342,No Watermark,0,weighted_z_score,-2.3275055524734705,2.2282762558274176,False,1.801027872647659,False
5,343,No Watermark,0,weighted_z_score,0.33249406897153955,2.224786848365201,False,1.687141010946033,False
5,344,No Watermark,0,weighted_z_score,1.4668248227531457,2.224786848365201,False,1.687141010946033,False
2,345,No Watermark,0,weighted_z_score,1.198327773342496,2.2215741910279827,False,1.6098398019093245,False
3,346,No Watermark,0,weighted_z_score,-0.38187209193664834,2.2282762558274176,False,1.801027872647659,False
5,347,No Watermark,0,weighted_z_score,0.8714612908512588,2.224786848365201,False,1.687141010946033,False
1,348,No Watermark,0,weighted_z_score,0.37402820204999937,2.1589242204863397,False,1.622281395942362,False
3,349,No Watermark,0,weighted_z_score,0.42686609801189634,2.2282762558274176,False,1.801027872647659,False
1,350,No Watermark,0,weighted_z_score,-0.06973131491041296,2.1589242204863397,False,1.622281395942362,False
3,351,No Watermark,0,weighted_z_score,0.47685832222038027,2.2282762558274176,False,1.801027872647659,False
4,352,No Watermark,0,weighted_z_score,0.4225464218286975,2.2282762558274176,False,1.621749431010188,False
2,353,No Watermark,0,weighted_z_score,0.3279705991126572,2.2215741910279827,False,1.6098398019093245,False
3,354,No Watermark,0,weighted_z_score,0.27280418739444195,2.2282762558274176,False,1.801027872647659,False
2,355,No Watermark,0,weighted_z_score,0.22626430328523778,2.2215741910279827,False,1.6098398019093245,False
1,356,No Watermark,0,weighted_z_score,2.2405583326464065,2.1589242204863397,True,1.622281395942362,True
5,357,No Watermark,0,weighted_z_score,-0.10556504930499763,2.224786848365201,False,1.687141010946033,False
1,358,No Watermark,0,weighted_z_score,-0.2560377530012794,2.1589242204863397,False,1.622281395942362,False
2,359,No Watermark,0,weighted_z_score,1.1369733557116544,2.2215741910279827,False,1.6098398019093245,False
5,360,No Watermark,0,weighted_z_score,-0.8790546839135922,2.224786848365201,False,1.687141010946033,False
3,361,No Watermark,0,weighted_z_score,1.1393956520231288,2.2282762558274176,False,1.801027872647659,False
4,362,No Watermark,0,weighted_z_score,-0.3701359551446172,2.2282762558274176,False,1.621749431010188,False
5,363,No Watermark,0,weighted_z_score,0.2580048698619632,2.224786848365201,False,1.687141010946033,False
3,364,No Watermark,0,weighted_z_score,0.5385111468326241,2.2282762558274176,False,1.801027872647659,False
3,365,No Watermark,0,weighted_z_score,-0.2317119206652962,2.2282762558274176,False,1.801027872647659,False
1,366,No Watermark,0,weighted_z_score,-0.09448283412769097,2.1589242204863397,False,1.622281395942362,False
2,367,No Watermark,0,weighted_z_score,-0.5847363877168623,2.2215741910279827,False,1.6098398019093245,False
5,368,No Watermark,0,weighted_z_score,-1.7802432093721188,2.224786848365201,False,1.687141010946033,False
3,369,No Watermark,0,weighted_z_score,0.07615710659652196,2.2282762558274176,False,1.801027872647659,False
2,370,No Watermark,0,weighted_z_score,2.063266382226264,2.2215741910279827,False,1.6098398019093245,True
4,371,No Watermark,0,weighted_z_score,0.7454023147108244,2.2282762558274176,False,1.621749431010188,False
4,372,No Watermark,0,weighted_z_score,-0.4877786690383769,2.2282762558274176,False,1.621749431010188,False
2,373,No Watermark,0,weighted_z_score,-1.5104047755455814,2.2215741910279827,False,1.6098398019093245,False
4,374,No Watermark,0,weighted_z_score,1.801027872647659,2.2282762558274176,False,1.621749431010188,True
1,375,No Watermark,0,weighted_z_score,-0.11734615596802653,2.1589242204863397,False,1.622281395942362,False
5,376,No Watermark,0,weighted_z_score,-0.6751568847548117,2.224786848365201,False,1.687141010946033,False
3,377,No Watermark,0,weighted_z_score,-0.5115295638916909,2.2282762558274176,False,1.801027872647659,False
3,378,No Watermark,0,weighted_z_score,-0.3261900200695104,2.2282762558274176,False,1.801027872647659,False
4,379,No Watermark,0,weighted_z_score,-0.03495151334878351,2.2282762558274176,False,1.621749431010188,False
1,380,No Watermark,0,weighted_z_score,1.9642313476868172,2.1589242204863397,False,1.622281395942362,True
2,381,No Watermark,0,weighted_z_score,1.375465218593424,2.2215741910279827,False,1.6098398019093245,False
4,382,No Watermark,0,weighted_z_score,0.3155227579764601,2.2282762558274176,False,1.621749431010188,False
3,383,No Watermark,0,weighted_z_score,-0.3711357660904377,2.2282762558274176,False,1.801027872647659,False
2,384,No Watermark,0,weighted_z_score,-1.2468222863625917,2.2215741910279827,False,1.6098398019093245,False
3,385,No Watermark,0,weighted_z_score,-0.8681153375401063,2.2282762558274176,False,1.801027872647659,False
2,386,No Watermark,0,weighted_z_score,1.2723608984220383,2.2215741910279827,False,1.6098398019093245,False
5,387,No Watermark,0,weighted_z_score,-0.4049387915265144,2.224786848365201,False,1.687141010946033,False
4,388,No Watermark,0,weighted_z_score,1.6990181188000446,2.2282762558274176,False,1.621749431010188,True
2,389,No Watermark,0,weighted_z_score,0.876426785524701,2.2215741910279827,False,1.6098398019093245,False
2,390,No Watermark,0,weighted_z_score,-0.4680261569158754,2.2215741910279827,False,1.6098398019093245,False
4,391,No Watermark,0,weighted_z_score,-0.35328957452333354,2.2282762558274176,False,1.621749431010188,False
5,392,No Watermark,0,weighted_z_score,-1.2040381169828578,2.224786848365201,False,1.687141010946033,False
3,393,No Watermark,0,weighted_z_score,-0.4393085805827479,2.2282762558274176,False,1.801027872647659,False
2,394,No Watermark,0,weighted_z_score,0.5615642680307654,2.2215741910279827,False,1.6098398019093245,False
3,395,No Watermark,0,weighted_z_score,0.8412092512929823,2.2282762558274176,False,1.801027872647659,False
5,396,No Watermark,0,weighted_z_score,-0.646372299369019,2.224786848365201,False,1.687141010946033,False
5,397,No Watermark,0,weighted_z_score,0.09975250932897983,2.224786848365201,False,1.687141010946033,False
1,398,No Watermark,0,weighted_z_score,1.9831059995066973,2.1589242204863397,False,1.622281395942362,True
1,399,No Watermark,0,weighted_z_score,0.40753105388896993,2.1589242204863397,False,1.622281395942362,False
3,400,No Watermark,0,weighted_z_score,0.1214659492588318,2.2282762558274176,False,1.801027872647659,False
5,401,No Watermark,0,weighted_z_score,-1.2991816180034088,2.224786848365201,False,1.687141010946033,False
2,402,No Watermark,0,weighted_z_score,0.8358698468218293,2.2215741910279827,False,1.6098398019093245,False
1,403,No Watermark,0,weighted_z_score,-1.1177700151218686,2.1589242204863397,False,1.622281395942362,False
1,404,No Watermark,0,weighted_z_score,0.5258226447468383,2.1589242204863397,False,1.622281395942362,False
4,405,No Watermark,0,weighted_z_score,-1.0591368691915723,2.2282762558274176,False,1.621749431010188,False
4,406,No Watermark,0,weighted_z_score,-0.6312794474667776,2.2282762558274176,False,1.621749431010188,False
5,407,No Watermark,0,weighted_z_score,-1.5339442994578516,2.224786848365201,False,1.687141010946033,False
3,408,No Watermark,0,weighted_z_score,-1.2425670700636777,2.2282762558274176,False,1.801027872647659,False
2,409,No Watermark,0,weighted_z_score,-0.48527149308642237,2.2215741910279827,False,1.6098398019093245,False
4,410,No Watermark,0,weighted_z_score,0.630960040045413,2.2282762558274176,False,1.621749431010188,False
4,411,No Watermark,0,weighted_z_score,-0.5047000522380305,2.2282762558274176,False,1.621749431010188,False
4,412,No Watermark,0,weighted_z_score,-0.12776461276751425,2.2282762558274176,False,1.621749431010188,False
5,413,No Watermark,0,weighted_z_score,-0.6247225539969287,2.224786848365201,False,1.687141010946033,False
2,414,No Watermark,0,weighted_z_score,0.2240086450381698,2.2215741910279827,False,1.6098398019093245,False
2,415,No Watermark,0,weighted_z_score,0.041864910119570546,2.2215741910279827,False,1.6098398019093245,False
1,416,No Watermark,0,weighted_z_score,-0.05851292323692889,2.1589242204863397,False,1.622281395942362,False
5,417,No Watermark,0,weighted_z_score,0.9975191271701332,2.224786848365201,False,1.687141010946033,False
2,418,No Watermark,0,weighted_z_score,0.7139657460962587,2.2215741910279827,False,1.6098398019093245,False
5,419,No Watermark,0,weighted_z_score,-0.20823535747140734,2.224786848365201,False,1.687141010946033,False
4,420,No Watermark,0,weighted_z_score,1.5860135876234647,2.2282762558274176,False,1.621749431010188,False
4,421,No Watermark,0,weighted_z_score,-0.551994087573355,2.2282762558274176,False,1.621749431010188,False
3,422,No Watermark,0,weighted_z_score,-0.0206325953334044,2.2282762558274176,False,1.801027872647659,False
2,423,No Watermark,0,weighted_z_score,0.5167683205788346,2.2215741910279827,False,1.6098398019093245,False
3,424,No Watermark,0,weighted_z_score,0.7447472300352367,2.2282762558274176,False,1.801027872647659,False
3,425,No Watermark,0,weighted_z_score,1.8318842021749764,2.2282762558274176,False,1.801027872647659,True
2,426,No Watermark,0,weighted_z_score,0.043578543930332767,2.2215741910279827,False,1.6098398019093245,False
5,427,No Watermark,0,weighted_z_score,1.3916066339778892,2.224786848365201,False,1.687141010946033,False
3,428,No Watermark,0,weighted_z_score,1.621749431010188,2.2282762558274176,False,1.801027872647659,False
5,429,No Watermark,0,weighted_z_score,-0.7605443042054896,2.224786848365201,False,1.687141010946033,False
3,430,No Watermark,0,weighted_z_score,-0.004933779827532779,2.2282762558274176,False,1.801027872647659,False
1,431,No Watermark,0,weighted_z_score,1.4754366489119273,2.1589242204863397,False,1.622281395942362,False
1,432,No Watermark,0,weighted_z_score,-0.22060083265678668,2.1589242204863397,False,1.622281395942362,False
5,433,No Watermark,0,weighted_z_score,-1.3266153905070772,2.224786848365201,False,1.687141010946033,False
1,434,No Watermark,0,weighted_z_score,0.38009905442932473,2.1589242204863397,False,1.622281395942362,False
5,435,No Watermark,0,weighted_z_score,0.6694186019541095,2.224786848365201,False,1.687141010946033,False
5,436,No Watermark,0,weighted_z_score,0.050027149857052845,2.224786848365201,False,1.687141010946033,False
4,437,No Watermark,0,weighted_z_score,0.6957843123510172,2.2282762558274176,False,1.621749431010188,False
1,438,No Watermark,0,weighted_z_score,-0.724739244723558,2.1589242204863397,False,1.622281395942362,False
5,439,No Watermark,0,weighted_z_score,2.0389899884574696,2.224786848365201,False,1.687141010946033,True
4,440,No Watermark,0,weighted_z_score,0.5955158627081347,2.2282762558274176,False,1.621749431010188,False
3,441,No Watermark,0,weighted_z_score,0.16204536080530677,2.2282762558274176,False,1.801027872647659,False
2,442,No Watermark,0,weighted_z_score,0.9328279936275199,2.2215741910279827,False,1.6098398019093245,False
3,443,No Watermark,0,weighted_z_score,1.2426236383618112,2.2282762558274176,False,1.801027872647659,False
4,444,No Watermark,0,weighted_z_score,-0.887032612363799,2.2282762558274176,False,1.621749431010188,False
1,445,No Watermark,0,weighted_z_score,0.09285761577198248,2.1589242204863397,False,1.622281395942362,False
4,446,No Watermark,0,weighted_z_score,-1.5537115750202661,2.2282762558274176,False,1.621749431010188,False
4,447,No Watermark,0,weighted_z_score,-1.1349063308469887,2.2282762558274176,False,1.621749431010188,False
4,448,No Watermark,0,weighted_z_score,0.107567453290459,2.2282762558274176,False,1.621749431010188,False
5,449,No Watermark,0,weighted_z_score,0.5761780136773132,2.224786848365201,False,1.687141010946033,False
3,450,No Watermark,0,weighted_z_score,-0.46297121317626494,2.2282762558274176,False,1.801027872647659,False
5,451,No Watermark,0,weighted_z_score,1.5733196237547684,2.224786848365201,False,1.687141010946033,False
4,452,No Watermark,0,weighted_z_score,-0.6000162213865669,2.2282762558274176,False,1.621749431010188,False
2,453,No Watermark,0,weighted_z_score,-0.32372649207846704,2.2215741910279827,False,1.6098398019093245,False
1,454,No Watermark,0,weighted_z_score,0.6334750120220379,2.1589242204863397,False,1.622281395942362,False
2,455,No Watermark,0,weighted_z_score,-2.126927895651409,2.2215741910279827,False,1.6098398019093245,False
5,456,No Watermark,0,weighted_z_score,0.41102633338245265,2.224786848365201,False,1.687141010946033,False
3,457,No Watermark,0,weighted_z_score,-0.032979124974792946,2.2282762558274176,False,1.801027872647659,False
4,458,No Watermark,0,weighted_z_score,-0.974707910529288,2.2282762558274176,False,1.621749431010188,False
2,459,No Watermark,0,weighted_z_score,0.4942039515069099,2.2215741910279827,False,1.6098398019093245,False
4,460,No Watermark,0,weighted_z_score,0.8232896605762368,2.2282762558274176,False,1.621749431010188,False
2,461,No Watermark,0,weighted_z_score,0.020858976945373833,2.2215741910279827,False,1.6098398019093245,False
4,462,No Watermark,0,weighted_z_score,0.5671005578811694,2.2282762558274176,False,1.621749431010188,False
5,463,No Watermark,0,weighted_z_score,0.39761508129911166,2.224786848365201,False,1.687141010946033,False
1,464,No Watermark,0,weighted_z_score,0.9936036463549534,2.1589242204863397,False,1.622281395942362,False
2,465,No Watermark,0,weighted_z_score,-0.06767659107730009,2.2215741910279827,False,1.6098398019093245,False
1,466,No Watermark,0,weighted_z_score,0.03807572014851209,2.1589242204863397,False,1.622281395942362,False
4,467,No Watermark,0,weighted_z_score,0.6134678064428258,2.2282762558274176,False,1.621749431010188,False
4,468,No Watermark,0,weighted_z_score,1.9497651321173715,2.2282762558274176,False,1.621749431010188,True
5,469,No Watermark,0,weighted_z_score,-0.36089948024728785,2.224786848365201,False,1.687141010946033,False
1,470,No Watermark,0,weighted_z_score,0.0763036430262165,2.1589242204863397,False,1.622281395942362,False
1,471,No Watermark,0,weighted_z_score,-0.45362941498546827,2.1589242204863397,False,1.622281395942362,False
5,472,No Watermark,0,weighted_z_score,2.1589242204863397,2.224786848365201,False,1.687141010946033,True
5,473,No Watermark,0,weighted_z_score,-1.336682898706135,2.224786848365201,False,1.687141010946033,False
2,474,No Watermark,0,weighted_z_score,-0.7039884797243804,2.2215741910279827,False,1.6098398019093245,False
2,475,No Watermark,0,weighted_z_score,0.08248836267860396,2.2215741910279827,False,1.6098398019093245,False
4,476,No Watermark,0,weighted_z_score,-0.09516059829952676,2.2282762558274176,False,1.621749431010188,False
4,477,No Watermark,0,weighted_z_score,0.7831964732935203,2.2282762558274176,False,1.621749431010188,False
5,478,No Watermark,0,weighted_z_score,0.5801902570372018,2.224786848365201,False,1.687141010946033,False
2,479,No Watermark,0,weighted_z_score,-1.024922655795871,2.2215741910279827,False,1.6098398019093245,False
2,480,No Watermark,0,weighted_z_score,0.16860954890520463,2.2215741910279827,False,1.6098398019093245,False
5,481,No Watermark,0,weighted_z_score,-0.5781927993946884,2.224786848365201,False,1.687141010946033,False
3,482,No Watermark,0,weighted_z_score,-0.6012062977016055,2.2282762558274176,False,1.801027872647659,False
1,483,No Watermark,0,weighted_z_score,-0.5638534020991464,2.1589242204863397,False,1.622281395942362,False
4,484,No Watermark,0,weighted_z_score,-1.0720287655138436,2.2282762558274176,False,1.621749431010188,False
2,485,No Watermark,0,weighted_z_score,-0.1699906214990083,2.2215741910279827,False,1.6098398019093245,False
3,486,No Watermark,0,weighted_z_score,-0.18694937815913606,2.2282762558274176,False,1.801027872647659,False
2,487,No Watermark,0,weighted_z_score,2.2282762558274176,2.2215741910279827,True,1.6098398019093245,True
2,488,No Watermark,0,weighted_z_score,1.622281395942362,2.2215741910279827,False,1.6098398019093245,True
1,489,No Watermark,0,weighted_z_score,-0.2728335912162003,2.1589242204863397,False,1.622281395942362,False
4,490,No Watermark,0,weighted_z_score,-0.8642981357752808,2.2282762558274176,False,1.621749431010188,False
2,491,No Watermark,0,weighted_z_score,1.477706126339145,2.2215741910279827,False,1.6098398019093245,False
5,492,No Watermark,0,weighted_z_score,-0.6561172690540721,2.224786848365201,False,1.687141010946033,False
2,493,No Watermark,0,weighted_z_score,-0.854203562758154,2.2215741910279827,False,1.6098398019093245,False
3,494,No Watermark,0,weighted_z_score,-0.25080495961391364,2.2282762558274176,False,1.801027872647659,False
2,495,No Watermark,0,weighted_z_score,1.8774422244834286,2.2215741910279827,False,1.6098398019093245,True
1,496,No Watermark,0,weighted_z_score,1.0953333239254062,2.1589242204863397,False,1.622281395942362,False
5,497,No Watermark,0,weighted_z_score,-0.3278239816351191,2.224786848365201,False,1.687141010946033,False
1,498,No Watermark,0,weighted_z_score,-1.2321008556344366,2.1589242204863397,False,1.622281395942362,False
5,499,No Watermark,0,weighted_z_score,-1.6107031125030729,2.224786848365201,False,1.687141010946033,False
4,500,No Watermark,0,weighted_z_score,1.4912914717609698,2.2282762558274176,False,1.621749431010188,False
2,1,CA-KL + Candidate Greenlist,1,weighted_z_score,9.881763273422175,2.2215741910279827,True,1.6098398019093245,True
3,10,CA-KL + Candidate Greenlist,1,weighted_z_score,8.16802297996381,2.2282762558274176,True,1.801027872647659,True
5,100,CA-KL + Candidate Greenlist,1,weighted_z_score,8.62171406055397,2.224786848365201,True,1.687141010946033,True
1,101,CA-KL + Candidate Greenlist,1,weighted_z_score,8.742295150603017,2.1589242204863397,True,1.622281395942362,True
5,102,CA-KL + Candidate Greenlist,1,weighted_z_score,11.021062287904702,2.224786848365201,True,1.687141010946033,True
3,103,CA-KL + Candidate Greenlist,1,weighted_z_score,11.609109550530075,2.2282762558274176,True,1.801027872647659,True
2,104,CA-KL + Candidate Greenlist,1,weighted_z_score,7.1985650546263935,2.2215741910279827,True,1.6098398019093245,True
5,105,CA-KL + Candidate Greenlist,1,weighted_z_score,8.724329812841404,2.224786848365201,True,1.687141010946033,True
1,106,CA-KL + Candidate Greenlist,1,weighted_z_score,3.7937219429042197,2.1589242204863397,True,1.622281395942362,True
3,107,CA-KL + Candidate Greenlist,1,weighted_z_score,11.010448669434501,2.2282762558274176,True,1.801027872647659,True
3,108,CA-KL + Candidate Greenlist,1,weighted_z_score,11.198916585981024,2.2282762558274176,True,1.801027872647659,True
3,109,CA-KL + Candidate Greenlist,1,weighted_z_score,9.476941606396965,2.2282762558274176,True,1.801027872647659,True
2,11,CA-KL + Candidate Greenlist,1,weighted_z_score,10.322899429749528,2.2215741910279827,True,1.6098398019093245,True
3,110,CA-KL + Candidate Greenlist,1,weighted_z_score,9.880381460149607,2.2282762558274176,True,1.801027872647659,True
3,111,CA-KL + Candidate Greenlist,1,weighted_z_score,6.7582906585585025,2.2282762558274176,True,1.801027872647659,True
5,112,CA-KL + Candidate Greenlist,1,weighted_z_score,10.15433530177016,2.224786848365201,True,1.687141010946033,True
3,113,CA-KL + Candidate Greenlist,1,weighted_z_score,7.091823097374167,2.2282762558274176,True,1.801027872647659,True
4,114,CA-KL + Candidate Greenlist,1,weighted_z_score,8.994405007149652,2.2282762558274176,True,1.621749431010188,True
3,115,CA-KL + Candidate Greenlist,1,weighted_z_score,9.411522311698407,2.2282762558274176,True,1.801027872647659,True
1,116,CA-KL + Candidate Greenlist,1,weighted_z_score,9.44290565737585,2.1589242204863397,True,1.622281395942362,True
4,117,CA-KL + Candidate Greenlist,1,weighted_z_score,11.427219482733227,2.2282762558274176,True,1.621749431010188,True
3,118,CA-KL + Candidate Greenlist,1,weighted_z_score,9.775446602345772,2.2282762558274176,True,1.801027872647659,True
1,119,CA-KL + Candidate Greenlist,1,weighted_z_score,6.745611984839768,2.1589242204863397,True,1.622281395942362,True
5,12,CA-KL + Candidate Greenlist,1,weighted_z_score,8.824354310587733,2.224786848365201,True,1.687141010946033,True
3,120,CA-KL + Candidate Greenlist,1,weighted_z_score,10.536917386043157,2.2282762558274176,True,1.801027872647659,True
1,121,CA-KL + Candidate Greenlist,1,weighted_z_score,7.169683063110809,2.1589242204863397,True,1.622281395942362,True
1,122,CA-KL + Candidate Greenlist,1,weighted_z_score,10.881427163272567,2.1589242204863397,True,1.622281395942362,True
2,123,CA-KL + Candidate Greenlist,1,weighted_z_score,2.717922857420906,2.2215741910279827,True,1.6098398019093245,True
1,124,CA-KL + Candidate Greenlist,1,weighted_z_score,9.028294445769045,2.1589242204863397,True,1.622281395942362,True
3,125,CA-KL + Candidate Greenlist,1,weighted_z_score,11.240426546850154,2.2282762558274176,True,1.801027872647659,True
4,126,CA-KL + Candidate Greenlist,1,weighted_z_score,11.410787246659506,2.2282762558274176,True,1.621749431010188,True
1,127,CA-KL + Candidate Greenlist,1,weighted_z_score,3.0464569734146223,2.1589242204863397,True,1.622281395942362,True
1,128,CA-KL + Candidate Greenlist,1,weighted_z_score,10.041011679964145,2.1589242204863397,True,1.622281395942362,True
5,129,CA-KL + Candidate Greenlist,1,weighted_z_score,11.977916137032226,2.224786848365201,True,1.687141010946033,True
4,13,CA-KL + Candidate Greenlist,1,weighted_z_score,11.139659420528034,2.2282762558274176,True,1.621749431010188,True
1,130,CA-KL + Candidate Greenlist,1,weighted_z_score,8.181090391695243,2.1589242204863397,True,1.622281395942362,True
1,131,CA-KL + Candidate Greenlist,1,weighted_z_score,8.653818032634303,2.1589242204863397,True,1.622281395942362,True
1,132,CA-KL + Candidate Greenlist,1,weighted_z_score,9.446366687591274,2.1589242204863397,True,1.622281395942362,True
2,133,CA-KL + Candidate Greenlist,1,weighted_z_score,8.641613611483299,2.2215741910279827,True,1.6098398019093245,True
1,134,CA-KL + Candidate Greenlist,1,weighted_z_score,10.144025788636588,2.1589242204863397,True,1.622281395942362,True
1,135,CA-KL + Candidate Greenlist,1,weighted_z_score,8.656771715716047,2.1589242204863397,True,1.622281395942362,True
5,136,CA-KL + Candidate Greenlist,1,weighted_z_score,7.349219329175462,2.224786848365201,True,1.687141010946033,True
1,137,CA-KL + Candidate Greenlist,1,weighted_z_score,9.813599718445174,2.1589242204863397,True,1.622281395942362,True
4,138,CA-KL + Candidate Greenlist,1,weighted_z_score,7.832422440916293,2.2282762558274176,True,1.621749431010188,True
3,139,CA-KL + Candidate Greenlist,1,weighted_z_score,8.937729278864698,2.2282762558274176,True,1.801027872647659,True
3,14,CA-KL + Candidate Greenlist,1,weighted_z_score,9.589338779384644,2.2282762558274176,True,1.801027872647659,True
5,140,CA-KL + Candidate Greenlist,1,weighted_z_score,10.17030698384685,2.224786848365201,True,1.687141010946033,True
4,141,CA-KL + Candidate Greenlist,1,weighted_z_score,9.521775395217839,2.2282762558274176,True,1.621749431010188,True
2,142,CA-KL + Candidate Greenlist,1,weighted_z_score,7.387441214722787,2.2215741910279827,True,1.6098398019093245,True
2,143,CA-KL + Candidate Greenlist,1,weighted_z_score,10.75454545755603,2.2215741910279827,True,1.6098398019093245,True
5,144,CA-KL + Candidate Greenlist,1,weighted_z_score,9.893308138581117,2.224786848365201,True,1.687141010946033,True
3,145,CA-KL + Candidate Greenlist,1,weighted_z_score,11.440945291121418,2.2282762558274176,True,1.801027872647659,True
3,146,CA-KL + Candidate Greenlist,1,weighted_z_score,12.004767858464286,2.2282762558274176,True,1.801027872647659,True
2,147,CA-KL + Candidate Greenlist,1,weighted_z_score,5.811478600848326,2.2215741910279827,True,1.6098398019093245,True
2,148,CA-KL + Candidate Greenlist,1,weighted_z_score,10.52309802375256,2.2215741910279827,True,1.6098398019093245,True
5,149,CA-KL + Candidate Greenlist,1,weighted_z_score,8.259482011809833,2.224786848365201,True,1.687141010946033,True
5,15,CA-KL + Candidate Greenlist,1,weighted_z_score,9.85639929803049,2.224786848365201,True,1.687141010946033,True
2,150,CA-KL + Candidate Greenlist,1,weighted_z_score,6.933601301085982,2.2215741910279827,True,1.6098398019093245,True
2,151,CA-KL + Candidate Greenlist,1,weighted_z_score,10.572654633253558,2.2215741910279827,True,1.6098398019093245,True
2,152,CA-KL + Candidate Greenlist,1,weighted_z_score,10.843102170816149,2.2215741910279827,True,1.6098398019093245,True
3,153,CA-KL + Candidate Greenlist,1,weighted_z_score,8.08445405207178,2.2282762558274176,True,1.801027872647659,True
5,154,CA-KL + Candidate Greenlist,1,weighted_z_score,8.548374476128593,2.224786848365201,True,1.687141010946033,True
1,155,CA-KL + Candidate Greenlist,1,weighted_z_score,9.657125487116602,2.1589242204863397,True,1.622281395942362,True
4,156,CA-KL + Candidate Greenlist,1,weighted_z_score,5.4270236593961645,2.2282762558274176,True,1.621749431010188,True
1,157,CA-KL + Candidate Greenlist,1,weighted_z_score,10.361814523485327,2.1589242204863397,True,1.622281395942362,True
5,158,CA-KL + Candidate Greenlist,1,weighted_z_score,6.760830333850985,2.224786848365201,True,1.687141010946033,True
2,159,CA-KL + Candidate Greenlist,1,weighted_z_score,12.475546692028749,2.2215741910279827,True,1.6098398019093245,True
5,16,CA-KL + Candidate Greenlist,1,weighted_z_score,5.375814746358683,2.224786848365201,True,1.687141010946033,True
3,160,CA-KL + Candidate Greenlist,1,weighted_z_score,9.543063902237535,2.2282762558274176,True,1.801027872647659,True
4,161,CA-KL + Candidate Greenlist,1,weighted_z_score,10.326205575284586,2.2282762558274176,True,1.621749431010188,True
3,162,CA-KL + Candidate Greenlist,1,weighted_z_score,9.442862531718179,2.2282762558274176,True,1.801027872647659,True
1,163,CA-KL + Candidate Greenlist,1,weighted_z_score,9.232608042813265,2.1589242204863397,True,1.622281395942362,True
3,164,CA-KL + Candidate Greenlist,1,weighted_z_score,9.55812880505331,2.2282762558274176,True,1.801027872647659,True
3,165,CA-KL + Candidate Greenlist,1,weighted_z_score,9.79352976927391,2.2282762558274176,True,1.801027872647659,True
2,166,CA-KL + Candidate Greenlist,1,weighted_z_score,9.24707571515015,2.2215741910279827,True,1.6098398019093245,True
4,167,CA-KL + Candidate Greenlist,1,weighted_z_score,10.417662798500716,2.2282762558274176,True,1.621749431010188,True
1,168,CA-KL + Candidate Greenlist,1,weighted_z_score,6.591039936910025,2.1589242204863397,True,1.622281395942362,True
1,169,CA-KL + Candidate Greenlist,1,weighted_z_score,8.631611289027315,2.1589242204863397,True,1.622281395942362,True
1,17,CA-KL + Candidate Greenlist,1,weighted_z_score,10.083447367225695,2.1589242204863397,True,1.622281395942362,True
2,170,CA-KL + Candidate Greenlist,1,weighted_z_score,8.396503605666394,2.2215741910279827,True,1.6098398019093245,True
3,171,CA-KL + Candidate Greenlist,1,weighted_z_score,3.3204463421786565,2.2282762558274176,True,1.801027872647659,True
4,172,CA-KL + Candidate Greenlist,1,weighted_z_score,10.215933201403827,2.2282762558274176,True,1.621749431010188,True
5,173,CA-KL + Candidate Greenlist,1,weighted_z_score,8.253591540311932,2.224786848365201,True,1.687141010946033,True
3,174,CA-KL + Candidate Greenlist,1,weighted_z_score,7.463621820789014,2.2282762558274176,True,1.801027872647659,True
3,175,CA-KL + Candidate Greenlist,1,weighted_z_score,8.409301636815478,2.2282762558274176,True,1.801027872647659,True
3,176,CA-KL + Candidate Greenlist,1,weighted_z_score,10.93293293137462,2.2282762558274176,True,1.801027872647659,True
3,177,CA-KL + Candidate Greenlist,1,weighted_z_score,9.381522981219465,2.2282762558274176,True,1.801027872647659,True
1,178,CA-KL + Candidate Greenlist,1,weighted_z_score,10.238071250919106,2.1589242204863397,True,1.622281395942362,True
1,179,CA-KL + Candidate Greenlist,1,weighted_z_score,10.013974979879908,2.1589242204863397,True,1.622281395942362,True
3,18,CA-KL + Candidate Greenlist,1,weighted_z_score,2.955881777084514,2.2282762558274176,True,1.801027872647659,True
4,180,CA-KL + Candidate Greenlist,1,weighted_z_score,9.45823354666729,2.2282762558274176,True,1.621749431010188,True
1,181,CA-KL + Candidate Greenlist,1,weighted_z_score,11.624292330304662,2.1589242204863397,True,1.622281395942362,True
3,182,CA-KL + Candidate Greenlist,1,weighted_z_score,12.015667061069783,2.2282762558274176,True,1.801027872647659,True
4,183,CA-KL + Candidate Greenlist,1,weighted_z_score,8.995041824194304,2.2282762558274176,True,1.621749431010188,True
4,184,CA-KL + Candidate Greenlist,1,weighted_z_score,5.660574370124796,2.2282762558274176,True,1.621749431010188,True
3,185,CA-KL + Candidate Greenlist,1,weighted_z_score,11.579158237114665,2.2282762558274176,True,1.801027872647659,True
2,186,CA-KL + Candidate Greenlist,1,weighted_z_score,7.215258964509173,2.2215741910279827,True,1.6098398019093245,True
3,187,CA-KL + Candidate Greenlist,1,weighted_z_score,6.606133562114526,2.2282762558274176,True,1.801027872647659,True
2,188,CA-KL + Candidate Greenlist,1,weighted_z_score,8.78885678642827,2.2215741910279827,True,1.6098398019093245,True
1,189,CA-KL + Candidate Greenlist,1,weighted_z_score,9.355951747739553,2.1589242204863397,True,1.622281395942362,True
3,19,CA-KL + Candidate Greenlist,1,weighted_z_score,9.610483180155997,2.2282762558274176,True,1.801027872647659,True
1,190,CA-KL + Candidate Greenlist,1,weighted_z_score,9.030765915318607,2.1589242204863397,True,1.622281395942362,True
2,191,CA-KL + Candidate Greenlist,1,weighted_z_score,10.21002260390894,2.2215741910279827,True,1.6098398019093245,True
4,192,CA-KL + Candidate Greenlist,1,weighted_z_score,8.620050500990395,2.2282762558274176,True,1.621749431010188,True
1,193,CA-KL + Candidate Greenlist,1,weighted_z_score,11.68289340572428,2.1589242204863397,True,1.622281395942362,True
1,194,CA-KL + Candidate Greenlist,1,weighted_z_score,12.001331191826608,2.1589242204863397,True,1.622281395942362,True
3,195,CA-KL + Candidate Greenlist,1,weighted_z_score,10.552476675292565,2.2282762558274176,True,1.801027872647659,True
2,196,CA-KL + Candidate Greenlist,1,weighted_z_score,9.759425883559958,2.2215741910279827,True,1.6098398019093245,True
4,197,CA-KL + Candidate Greenlist,1,weighted_z_score,10.199157571691071,2.2282762558274176,True,1.621749431010188,True
4,198,CA-KL + Candidate Greenlist,1,weighted_z_score,9.912861340088007,2.2282762558274176,True,1.621749431010188,True
5,199,CA-KL + Candidate Greenlist,1,weighted_z_score,9.083762634467211,2.224786848365201,True,1.687141010946033,True
3,2,CA-KL + Candidate Greenlist,1,weighted_z_score,9.23512692683732,2.2282762558274176,True,1.801027872647659,True
5,20,CA-KL + Candidate Greenlist,1,weighted_z_score,7.12693909792096,2.224786848365201,True,1.687141010946033,True
5,200,CA-KL + Candidate Greenlist,1,weighted_z_score,10.536255786331447,2.224786848365201,True,1.687141010946033,True
4,201,CA-KL + Candidate Greenlist,1,weighted_z_score,9.828685521898226,2.2282762558274176,True,1.621749431010188,True
2,202,CA-KL + Candidate Greenlist,1,weighted_z_score,9.560035457454637,2.2215741910279827,True,1.6098398019093245,True
4,203,CA-KL + Candidate Greenlist,1,weighted_z_score,10.050183022789641,2.2282762558274176,True,1.621749431010188,True
5,204,CA-KL + Candidate Greenlist,1,weighted_z_score,1.5519240230329643,2.224786848365201,False,1.687141010946033,False
3,205,CA-KL + Candidate Greenlist,1,weighted_z_score,7.287859002491273,2.2282762558274176,True,1.801027872647659,True
3,206,CA-KL + Candidate Greenlist,1,weighted_z_score,1.603590447858693,2.2282762558274176,False,1.801027872647659,False
3,207,CA-KL + Candidate Greenlist,1,weighted_z_score,10.585003080389708,2.2282762558274176,True,1.801027872647659,True
2,208,CA-KL + Candidate Greenlist,1,weighted_z_score,8.972559246469562,2.2215741910279827,True,1.6098398019093245,True
3,209,CA-KL + Candidate Greenlist,1,weighted_z_score,8.69529119669457,2.2282762558274176,True,1.801027872647659,True
4,21,CA-KL + Candidate Greenlist,1,weighted_z_score,10.613705795750558,2.2282762558274176,True,1.621749431010188,True
1,210,CA-KL + Candidate Greenlist,1,weighted_z_score,9.713300288635127,2.1589242204863397,True,1.622281395942362,True
4,211,CA-KL + Candidate Greenlist,1,weighted_z_score,9.936209822199414,2.2282762558274176,True,1.621749431010188,True
1,212,CA-KL + Candidate Greenlist,1,weighted_z_score,9.506511034638631,2.1589242204863397,True,1.622281395942362,True
1,213,CA-KL + Candidate Greenlist,1,weighted_z_score,9.628553701917015,2.1589242204863397,True,1.622281395942362,True
1,214,CA-KL + Candidate Greenlist,1,weighted_z_score,9.531932187363422,2.1589242204863397,True,1.622281395942362,True
2,215,CA-KL + Candidate Greenlist,1,weighted_z_score,8.750872849117808,2.2215741910279827,True,1.6098398019093245,True
4,216,CA-KL + Candidate Greenlist,1,weighted_z_score,8.342313108308817,2.2282762558274176,True,1.621749431010188,True
2,217,CA-KL + Candidate Greenlist,1,weighted_z_score,11.475161772146988,2.2215741910279827,True,1.6098398019093245,True
3,218,CA-KL + Candidate Greenlist,1,weighted_z_score,4.163807408590062,2.2282762558274176,True,1.801027872647659,True
3,219,CA-KL + Candidate Greenlist,1,weighted_z_score,9.274697854088771,2.2282762558274176,True,1.801027872647659,True
1,22,CA-KL + Candidate Greenlist,1,weighted_z_score,10.411689655469939,2.1589242204863397,True,1.622281395942362,True
4,220,CA-KL + Candidate Greenlist,1,weighted_z_score,11.618584510185702,2.2282762558274176,True,1.621749431010188,True
5,221,CA-KL + Candidate Greenlist,1,weighted_z_score,9.433852737942077,2.224786848365201,True,1.687141010946033,True
1,222,CA-KL + Candidate Greenlist,1,weighted_z_score,7.264421068394243,2.1589242204863397,True,1.622281395942362,True
4,223,CA-KL + Candidate Greenlist,1,weighted_z_score,8.135037808941785,2.2282762558274176,True,1.621749431010188,True
3,224,CA-KL + Candidate Greenlist,1,weighted_z_score,9.911899078205987,2.2282762558274176,True,1.801027872647659,True
5,225,CA-KL + Candidate Greenlist,1,weighted_z_score,10.928374732119508,2.224786848365201,True,1.687141010946033,True
2,226,CA-KL + Candidate Greenlist,1,weighted_z_score,7.757840600814027,2.2215741910279827,True,1.6098398019093245,True
2,227,CA-KL + Candidate Greenlist,1,weighted_z_score,11.094210807693209,2.2215741910279827,True,1.6098398019093245,True
1,228,CA-KL + Candidate Greenlist,1,weighted_z_score,10.043767653809136,2.1589242204863397,True,1.622281395942362,True
5,229,CA-KL + Candidate Greenlist,1,weighted_z_score,10.156510757208393,2.224786848365201,True,1.687141010946033,True
1,23,CA-KL + Candidate Greenlist,1,weighted_z_score,8.181746969941553,2.1589242204863397,True,1.622281395942362,True
2,230,CA-KL + Candidate Greenlist,1,weighted_z_score,8.562642553654122,2.2215741910279827,True,1.6098398019093245,True
5,231,CA-KL + Candidate Greenlist,1,weighted_z_score,11.922967355171588,2.224786848365201,True,1.687141010946033,True
5,232,CA-KL + Candidate Greenlist,1,weighted_z_score,11.717491324094306,2.224786848365201,True,1.687141010946033,True
2,233,CA-KL + Candidate Greenlist,1,weighted_z_score,11.264080600561247,2.2215741910279827,True,1.6098398019093245,True
1,234,CA-KL + Candidate Greenlist,1,weighted_z_score,9.750799856290264,2.1589242204863397,True,1.622281395942362,True
1,235,CA-KL + Candidate Greenlist,1,weighted_z_score,1.1332853575603539,2.1589242204863397,False,1.622281395942362,False
3,236,CA-KL + Candidate Greenlist,1,weighted_z_score,11.136865433393277,2.2282762558274176,True,1.801027872647659,True
1,237,CA-KL + Candidate Greenlist,1,weighted_z_score,10.05662755699803,2.1589242204863397,True,1.622281395942362,True
4,238,CA-KL + Candidate Greenlist,1,weighted_z_score,8.93331110831371,2.2282762558274176,True,1.621749431010188,True
4,239,CA-KL + Candidate Greenlist,1,weighted_z_score,3.7068414975098274,2.2282762558274176,True,1.621749431010188,True
1,24,CA-KL + Candidate Greenlist,1,weighted_z_score,10.209777109796292,2.1589242204863397,True,1.622281395942362,True
4,240,CA-KL + Candidate Greenlist,1,weighted_z_score,9.704401505144618,2.2282762558274176,True,1.621749431010188,True
1,241,CA-KL + Candidate Greenlist,1,weighted_z_score,10.201830823756865,2.1589242204863397,True,1.622281395942362,True
2,242,CA-KL + Candidate Greenlist,1,weighted_z_score,9.67350753394856,2.2215741910279827,True,1.6098398019093245,True
4,243,CA-KL + Candidate Greenlist,1,weighted_z_score,10.60909436467233,2.2282762558274176,True,1.621749431010188,True
5,244,CA-KL + Candidate Greenlist,1,weighted_z_score,9.680130524849794,2.224786848365201,True,1.687141010946033,True
2,245,CA-KL + Candidate Greenlist,1,weighted_z_score,7.3627352077987265,2.2215741910279827,True,1.6098398019093245,True
2,246,CA-KL + Candidate Greenlist,1,weighted_z_score,9.469708443756355,2.2215741910279827,True,1.6098398019093245,True
3,247,CA-KL + Candidate Greenlist,1,weighted_z_score,7.255915473723833,2.2282762558274176,True,1.801027872647659,True
4,248,CA-KL + Candidate Greenlist,1,weighted_z_score,7.572671790040257,2.2282762558274176,True,1.621749431010188,True
4,249,CA-KL + Candidate Greenlist,1,weighted_z_score,10.610357071129389,2.2282762558274176,True,1.621749431010188,True
3,25,CA-KL + Candidate Greenlist,1,weighted_z_score,10.537246201888562,2.2282762558274176,True,1.801027872647659,True
1,250,CA-KL + Candidate Greenlist,1,weighted_z_score,9.895411336424864,2.1589242204863397,True,1.622281395942362,True
5,251,CA-KL + Candidate Greenlist,1,weighted_z_score,8.62695725083435,2.224786848365201,True,1.687141010946033,True
4,252,CA-KL + Candidate Greenlist,1,weighted_z_score,10.289359237435566,2.2282762558274176,True,1.621749431010188,True
3,253,CA-KL + Candidate Greenlist,1,weighted_z_score,7.90522316503026,2.2282762558274176,True,1.801027872647659,True
5,254,CA-KL + Candidate Greenlist,1,weighted_z_score,10.704248047086145,2.224786848365201,True,1.687141010946033,True
1,255,CA-KL + Candidate Greenlist,1,weighted_z_score,11.24142328558991,2.1589242204863397,True,1.622281395942362,True
3,256,CA-KL + Candidate Greenlist,1,weighted_z_score,8.160017374768898,2.2282762558274176,True,1.801027872647659,True
3,257,CA-KL + Candidate Greenlist,1,weighted_z_score,7.164464294515472,2.2282762558274176,True,1.801027872647659,True
1,258,CA-KL + Candidate Greenlist,1,weighted_z_score,9.063215402484241,2.1589242204863397,True,1.622281395942362,True
2,259,CA-KL + Candidate Greenlist,1,weighted_z_score,9.194846616777166,2.2215741910279827,True,1.6098398019093245,True
5,26,CA-KL + Candidate Greenlist,1,weighted_z_score,10.5523481210127,2.224786848365201,True,1.687141010946033,True
5,260,CA-KL + Candidate Greenlist,1,weighted_z_score,11.440068886933176,2.224786848365201,True,1.687141010946033,True
3,261,CA-KL + Candidate Greenlist,1,weighted_z_score,9.376511714520682,2.2282762558274176,True,1.801027872647659,True
3,262,CA-KL + Candidate Greenlist,1,weighted_z_score,8.47379905880737,2.2282762558274176,True,1.801027872647659,True
2,263,CA-KL + Candidate Greenlist,1,weighted_z_score,8.408643651979723,2.2215741910279827,True,1.6098398019093245,True
2,264,CA-KL + Candidate Greenlist,1,weighted_z_score,6.938327779285229,2.2215741910279827,True,1.6098398019093245,True
2,265,CA-KL + Candidate Greenlist,1,weighted_z_score,8.51230899651816,2.2215741910279827,True,1.6098398019093245,True
2,266,CA-KL + Candidate Greenlist,1,weighted_z_score,12.755364373541655,2.2215741910279827,True,1.6098398019093245,True
5,267,CA-KL + Candidate Greenlist,1,weighted_z_score,9.84167989550237,2.224786848365201,True,1.687141010946033,True
5,268,CA-KL + Candidate Greenlist,1,weighted_z_score,9.81449733333816,2.224786848365201,True,1.687141010946033,True
4,269,CA-KL + Candidate Greenlist,1,weighted_z_score,7.39271241258243,2.2282762558274176,True,1.621749431010188,True
3,27,CA-KL + Candidate Greenlist,1,weighted_z_score,9.222477104668721,2.2282762558274176,True,1.801027872647659,True
1,270,CA-KL + Candidate Greenlist,1,weighted_z_score,4.593811654777967,2.1589242204863397,True,1.622281395942362,True
5,271,CA-KL + Candidate Greenlist,1,weighted_z_score,10.348867571872626,2.224786848365201,True,1.687141010946033,True
1,272,CA-KL + Candidate Greenlist,1,weighted_z_score,10.136001788969219,2.1589242204863397,True,1.622281395942362,True
4,273,CA-KL + Candidate Greenlist,1,weighted_z_score,8.203585301813908,2.2282762558274176,True,1.621749431010188,True
5,274,CA-KL + Candidate Greenlist,1,weighted_z_score,2.5646479993760294,2.224786848365201,True,1.687141010946033,True
2,275,CA-KL + Candidate Greenlist,1,weighted_z_score,10.930708447507726,2.2215741910279827,True,1.6098398019093245,True
5,276,CA-KL + Candidate Greenlist,1,weighted_z_score,9.283355619262974,2.224786848365201,True,1.687141010946033,True
1,277,CA-KL + Candidate Greenlist,1,weighted_z_score,9.000575180703319,2.1589242204863397,True,1.622281395942362,True
5,278,CA-KL + Candidate Greenlist,1,weighted_z_score,9.10197606621488,2.224786848365201,True,1.687141010946033,True
1,279,CA-KL + Candidate Greenlist,1,weighted_z_score,9.507556297294006,2.1589242204863397,True,1.622281395942362,True
5,28,CA-KL + Candidate Greenlist,1,weighted_z_score,10.239973495131336,2.224786848365201,True,1.687141010946033,True
1,280,CA-KL + Candidate Greenlist,1,weighted_z_score,9.197349700491115,2.1589242204863397,True,1.622281395942362,True
5,281,CA-KL + Candidate Greenlist,1,weighted_z_score,8.489680306337288,2.224786848365201,True,1.687141010946033,True
2,282,CA-KL + Candidate Greenlist,1,weighted_z_score,7.053526726737377,2.2215741910279827,True,1.6098398019093245,True
5,283,CA-KL + Candidate Greenlist,1,weighted_z_score,9.121051133320272,2.224786848365201,True,1.687141010946033,True
4,284,CA-KL + Candidate Greenlist,1,weighted_z_score,10.965157826963976,2.2282762558274176,True,1.621749431010188,True
5,285,CA-KL + Candidate Greenlist,1,weighted_z_score,10.530641030994609,2.224786848365201,True,1.687141010946033,True
2,286,CA-KL + Candidate Greenlist,1,weighted_z_score,8.318475343071954,2.2215741910279827,True,1.6098398019093245,True
1,287,CA-KL + Candidate Greenlist,1,weighted_z_score,9.606747862083417,2.1589242204863397,True,1.622281395942362,True
3,288,CA-KL + Candidate Greenlist,1,weighted_z_score,9.566249523009425,2.2282762558274176,True,1.801027872647659,True
1,289,CA-KL + Candidate Greenlist,1,weighted_z_score,8.386179433906072,2.1589242204863397,True,1.622281395942362,True
4,29,CA-KL + Candidate Greenlist,1,weighted_z_score,9.724739408772713,2.2282762558274176,True,1.621749431010188,True
4,290,CA-KL + Candidate Greenlist,1,weighted_z_score,9.404350063613544,2.2282762558274176,True,1.621749431010188,True
3,291,CA-KL + Candidate Greenlist,1,weighted_z_score,6.924665656423595,2.2282762558274176,True,1.801027872647659,True
2,292,CA-KL + Candidate Greenlist,1,weighted_z_score,9.265430354601094,2.2215741910279827,True,1.6098398019093245,True
4,293,CA-KL + Candidate Greenlist,1,weighted_z_score,8.526073812967812,2.2282762558274176,True,1.621749431010188,True
3,294,CA-KL + Candidate Greenlist,1,weighted_z_score,10.630045699049589,2.2282762558274176,True,1.801027872647659,True
2,295,CA-KL + Candidate Greenlist,1,weighted_z_score,11.773084210437574,2.2215741910279827,True,1.6098398019093245,True
5,296,CA-KL + Candidate Greenlist,1,weighted_z_score,10.035888127538751,2.224786848365201,True,1.687141010946033,True
3,297,CA-KL + Candidate Greenlist,1,weighted_z_score,9.225800254513839,2.2282762558274176,True,1.801027872647659,True
5,298,CA-KL + Candidate Greenlist,1,weighted_z_score,9.206288588061675,2.224786848365201,True,1.687141010946033,True
1,299,CA-KL + Candidate Greenlist,1,weighted_z_score,7.538464543550823,2.1589242204863397,True,1.622281395942362,True
5,3,CA-KL + Candidate Greenlist,1,weighted_z_score,10.436944836203635,2.224786848365201,True,1.687141010946033,True
1,30,CA-KL + Candidate Greenlist,1,weighted_z_score,9.190975967746857,2.1589242204863397,True,1.622281395942362,True
2,300,CA-KL + Candidate Greenlist,1,weighted_z_score,10.228360139202707,2.2215741910279827,True,1.6098398019093245,True
3,301,CA-KL + Candidate Greenlist,1,weighted_z_score,9.909804976477773,2.2282762558274176,True,1.801027872647659,True
4,302,CA-KL + Candidate Greenlist,1,weighted_z_score,6.9132113286762715,2.2282762558274176,True,1.621749431010188,True
4,303,CA-KL + Candidate Greenlist,1,weighted_z_score,9.114679652721218,2.2282762558274176,True,1.621749431010188,True
3,304,CA-KL + Candidate Greenlist,1,weighted_z_score,9.027520760691422,2.2282762558274176,True,1.801027872647659,True
5,305,CA-KL + Candidate Greenlist,1,weighted_z_score,7.334509134529952,2.224786848365201,True,1.687141010946033,True
1,306,CA-KL + Candidate Greenlist,1,weighted_z_score,8.437534647133479,2.1589242204863397,True,1.622281395942362,True
2,307,CA-KL + Candidate Greenlist,1,weighted_z_score,10.453213646082252,2.2215741910279827,True,1.6098398019093245,True
1,308,CA-KL + Candidate Greenlist,1,weighted_z_score,8.636354203148061,2.1589242204863397,True,1.622281395942362,True
2,309,CA-KL + Candidate Greenlist,1,weighted_z_score,10.176649707163866,2.2215741910279827,True,1.6098398019093245,True
2,31,CA-KL + Candidate Greenlist,1,weighted_z_score,7.546279142295899,2.2215741910279827,True,1.6098398019093245,True
5,310,CA-KL + Candidate Greenlist,1,weighted_z_score,9.505909284481366,2.224786848365201,True,1.687141010946033,True
4,311,CA-KL + Candidate Greenlist,1,weighted_z_score,10.775196681471876,2.2282762558274176,True,1.621749431010188,True
2,312,CA-KL + Candidate Greenlist,1,weighted_z_score,9.175787581943815,2.2215741910279827,True,1.6098398019093245,True
2,313,CA-KL + Candidate Greenlist,1,weighted_z_score,11.164639576613078,2.2215741910279827,True,1.6098398019093245,True
1,314,CA-KL + Candidate Greenlist,1,weighted_z_score,8.588632943868241,2.1589242204863397,True,1.622281395942362,True
1,315,CA-KL + Candidate Greenlist,1,weighted_z_score,6.147162569428705,2.1589242204863397,True,1.622281395942362,True
3,316,CA-KL + Candidate Greenlist,1,weighted_z_score,11.168475534148472,2.2282762558274176,True,1.801027872647659,True
1,317,CA-KL + Candidate Greenlist,1,weighted_z_score,11.100449337735567,2.1589242204863397,True,1.622281395942362,True
5,318,CA-KL + Candidate Greenlist,1,weighted_z_score,9.006164738781738,2.224786848365201,True,1.687141010946033,True
4,319,CA-KL + Candidate Greenlist,1,weighted_z_score,9.327196500295402,2.2282762558274176,True,1.621749431010188,True
1,32,CA-KL + Candidate Greenlist,1,weighted_z_score,7.11505302163577,2.1589242204863397,True,1.622281395942362,True
3,320,CA-KL + Candidate Greenlist,1,weighted_z_score,9.687723732596066,2.2282762558274176,True,1.801027872647659,True
4,321,CA-KL + Candidate Greenlist,1,weighted_z_score,9.945028785878726,2.2282762558274176,True,1.621749431010188,True
2,322,CA-KL + Candidate Greenlist,1,weighted_z_score,8.500448010576692,2.2215741910279827,True,1.6098398019093245,True
3,323,CA-KL + Candidate Greenlist,1,weighted_z_score,10.731202485553418,2.2282762558274176,True,1.801027872647659,True
4,324,CA-KL + Candidate Greenlist,1,weighted_z_score,12.571712266316949,2.2282762558274176,True,1.621749431010188,True
2,325,CA-KL + Candidate Greenlist,1,weighted_z_score,11.813393896351084,2.2215741910279827,True,1.6098398019093245,True
4,326,CA-KL + Candidate Greenlist,1,weighted_z_score,8.386017427963708,2.2282762558274176,True,1.621749431010188,True
4,327,CA-KL + Candidate Greenlist,1,weighted_z_score,9.18958599829872,2.2282762558274176,True,1.621749431010188,True
4,328,CA-KL + Candidate Greenlist,1,weighted_z_score,8.731370749178321,2.2282762558274176,True,1.621749431010188,True
5,329,CA-KL + Candidate Greenlist,1,weighted_z_score,10.129263051081354,2.224786848365201,True,1.687141010946033,True
4,33,CA-KL + Candidate Greenlist,1,weighted_z_score,9.320432066993892,2.2282762558274176,True,1.621749431010188,True
4,330,CA-KL + Candidate Greenlist,1,weighted_z_score,10.629487215188998,2.2282762558274176,True,1.621749431010188,True
4,331,CA-KL + Candidate Greenlist,1,weighted_z_score,6.428065460714381,2.2282762558274176,True,1.621749431010188,True
4,332,CA-KL + Candidate Greenlist,1,weighted_z_score,5.524815800350387,2.2282762558274176,True,1.621749431010188,True
2,333,CA-KL + Candidate Greenlist,1,weighted_z_score,5.996648447466068,2.2215741910279827,True,1.6098398019093245,True
4,334,CA-KL + Candidate Greenlist,1,weighted_z_score,9.744754455847271,2.2282762558274176,True,1.621749431010188,True
1,335,CA-KL + Candidate Greenlist,1,weighted_z_score,6.9779000823896125,2.1589242204863397,True,1.622281395942362,True
2,336,CA-KL + Candidate Greenlist,1,weighted_z_score,12.33621545169925,2.2215741910279827,True,1.6098398019093245,True
2,337,CA-KL + Candidate Greenlist,1,weighted_z_score,9.506862233788992,2.2215741910279827,True,1.6098398019093245,True
3,338,CA-KL + Candidate Greenlist,1,weighted_z_score,10.75761430353817,2.2282762558274176,True,1.801027872647659,True
5,339,CA-KL + Candidate Greenlist,1,weighted_z_score,11.610134448287182,2.224786848365201,True,1.687141010946033,True
1,34,CA-KL + Candidate Greenlist,1,weighted_z_score,8.980795220858845,2.1589242204863397,True,1.622281395942362,True
4,340,CA-KL + Candidate Greenlist,1,weighted_z_score,10.628302336757264,2.2282762558274176,True,1.621749431010188,True
3,341,CA-KL + Candidate Greenlist,1,weighted_z_score,9.503751903818035,2.2282762558274176,True,1.801027872647659,True
3,342,CA-KL + Candidate Greenlist,1,weighted_z_score,4.965919088097668,2.2282762558274176,True,1.801027872647659,True
5,343,CA-KL + Candidate Greenlist,1,weighted_z_score,6.168962321412084,2.224786848365201,True,1.687141010946033,True
5,344,CA-KL + Candidate Greenlist,1,weighted_z_score,11.219322977329748,2.224786848365201,True,1.687141010946033,True
2,345,CA-KL + Candidate Greenlist,1,weighted_z_score,10.889418620313753,2.2215741910279827,True,1.6098398019093245,True
3,346,CA-KL + Candidate Greenlist,1,weighted_z_score,7.928299730813488,2.2282762558274176,True,1.801027872647659,True
5,347,CA-KL + Candidate Greenlist,1,weighted_z_score,9.572511740294862,2.224786848365201,True,1.687141010946033,True
1,348,CA-KL + Candidate Greenlist,1,weighted_z_score,8.13589019353135,2.1589242204863397,True,1.622281395942362,True
3,349,CA-KL + Candidate Greenlist,1,weighted_z_score,8.333614024481347,2.2282762558274176,True,1.801027872647659,True
1,35,CA-KL + Candidate Greenlist,1,weighted_z_score,7.078817096124048,2.1589242204863397,True,1.622281395942362,True
1,350,CA-KL + Candidate Greenlist,1,weighted_z_score,9.112323471126288,2.1589242204863397,True,1.622281395942362,True
3,351,CA-KL + Candidate Greenlist,1,weighted_z_score,9.105133223584051,2.2282762558274176,True,1.801027872647659,True
4,352,CA-KL + Candidate Greenlist,1,weighted_z_score,9.42297907766839,2.2282762558274176,True,1.621749431010188,True
2,353,CA-KL + Candidate Greenlist,1,weighted_z_score,8.66856744089493,2.2215741910279827,True,1.6098398019093245,True
3,354,CA-KL + Candidate Greenlist,1,weighted_z_score,10.843038177755487,2.2282762558274176,True,1.801027872647659,True
2,355,CA-KL + Candidate Greenlist,1,weighted_z_score,10.186284129014215,2.2215741910279827,True,1.6098398019093245,True
1,356,CA-KL + Candidate Greenlist,1,weighted_z_score,9.15002100930644,2.1589242204863397,True,1.622281395942362,True
5,357,CA-KL + Candidate Greenlist,1,weighted_z_score,11.94807707787016,2.224786848365201,True,1.687141010946033,True
1,358,CA-KL + Candidate Greenlist,1,weighted_z_score,11.579822278278282,2.1589242204863397,True,1.622281395942362,True
2,359,CA-KL + Candidate Greenlist,1,weighted_z_score,2.1350556629281976,2.2215741910279827,False,1.6098398019093245,True
3,36,CA-KL + Candidate Greenlist,1,weighted_z_score,2.654110968194495,2.2282762558274176,True,1.801027872647659,True
5,360,CA-KL + Candidate Greenlist,1,weighted_z_score,8.379333966757756,2.224786848365201,True,1.687141010946033,True
3,361,CA-KL + Candidate Greenlist,1,weighted_z_score,10.390663181538716,2.2282762558274176,True,1.801027872647659,True
4,362,CA-KL + Candidate Greenlist,1,weighted_z_score,9.087987266253403,2.2282762558274176,True,1.621749431010188,True
5,363,CA-KL + Candidate Greenlist,1,weighted_z_score,11.054936764722454,2.224786848365201,True,1.687141010946033,True
3,364,CA-KL + Candidate Greenlist,1,weighted_z_score,9.552713451488541,2.2282762558274176,True,1.801027872647659,True
3,365,CA-KL + Candidate Greenlist,1,weighted_z_score,3.965032752211285,2.2282762558274176,True,1.801027872647659,True
1,366,CA-KL + Candidate Greenlist,1,weighted_z_score,8.380644890206762,2.1589242204863397,True,1.622281395942362,True
2,367,CA-KL + Candidate Greenlist,1,weighted_z_score,8.62057218199126,2.2215741910279827,True,1.6098398019093245,True
5,368,CA-KL + Candidate Greenlist,1,weighted_z_score,7.8997834481898295,2.224786848365201,True,1.687141010946033,True
3,369,CA-KL + Candidate Greenlist,1,weighted_z_score,9.447673841881311,2.2282762558274176,True,1.801027872647659,True
5,37,CA-KL + Candidate Greenlist,1,weighted_z_score,7.154977666421294,2.224786848365201,True,1.687141010946033,True
2,370,CA-KL + Candidate Greenlist,1,weighted_z_score,9.917380444148357,2.2215741910279827,True,1.6098398019093245,True
4,371,CA-KL + Candidate Greenlist,1,weighted_z_score,8.442909869749865,2.2282762558274176,True,1.621749431010188,True
4,372,CA-KL + Candidate Greenlist,1,weighted_z_score,9.573282227904553,2.2282762558274176,True,1.621749431010188,True
2,373,CA-KL + Candidate Greenlist,1,weighted_z_score,8.691386264045555,2.2215741910279827,True,1.6098398019093245,True
4,374,CA-KL + Candidate Greenlist,1,weighted_z_score,9.819352054622394,2.2282762558274176,True,1.621749431010188,True
1,375,CA-KL + Candidate Greenlist,1,weighted_z_score,11.538225948609337,2.1589242204863397,True,1.622281395942362,True
5,376,CA-KL + Candidate Greenlist,1,weighted_z_score,9.22600597496323,2.224786848365201,True,1.687141010946033,True
3,377,CA-KL + Candidate Greenlist,1,weighted_z_score,9.731689779289358,2.2282762558274176,True,1.801027872647659,True
3,378,CA-KL + Candidate Greenlist,1,weighted_z_score,5.180424904837781,2.2282762558274176,True,1.801027872647659,True
4,379,CA-KL + Candidate Greenlist,1,weighted_z_score,9.414791472495041,2.2282762558274176,True,1.621749431010188,True
4,38,CA-KL + Candidate Greenlist,1,weighted_z_score,10.90440428426732,2.2282762558274176,True,1.621749431010188,True
1,380,CA-KL + Candidate Greenlist,1,weighted_z_score,11.232230967317061,2.1589242204863397,True,1.622281395942362,True
2,381,CA-KL + Candidate Greenlist,1,weighted_z_score,9.958303938413627,2.2215741910279827,True,1.6098398019093245,True
4,382,CA-KL + Candidate Greenlist,1,weighted_z_score,11.747572123693386,2.2282762558274176,True,1.621749431010188,True
3,383,CA-KL + Candidate Greenlist,1,weighted_z_score,10.013576898964809,2.2282762558274176,True,1.801027872647659,True
2,384,CA-KL + Candidate Greenlist,1,weighted_z_score,9.891033557939679,2.2215741910279827,True,1.6098398019093245,True
3,385,CA-KL + Candidate Greenlist,1,weighted_z_score,9.972848383948353,2.2282762558274176,True,1.801027872647659,True
2,386,CA-KL + Candidate Greenlist,1,weighted_z_score,4.572531430956862,2.2215741910279827,True,1.6098398019093245,True
5,387,CA-KL + Candidate Greenlist,1,weighted_z_score,10.062249717979403,2.224786848365201,True,1.687141010946033,True
4,388,CA-KL + Candidate Greenlist,1,weighted_z_score,8.258161280629746,2.2282762558274176,True,1.621749431010188,True
2,389,CA-KL + Candidate Greenlist,1,weighted_z_score,10.417329232274742,2.2215741910279827,True,1.6098398019093245,True
4,39,CA-KL + Candidate Greenlist,1,weighted_z_score,4.457836417499671,2.2282762558274176,True,1.621749431010188,True
2,390,CA-KL + Candidate Greenlist,1,weighted_z_score,10.381666425818931,2.2215741910279827,True,1.6098398019093245,True
4,391,CA-KL + Candidate Greenlist,1,weighted_z_score,3.6999156030171445,2.2282762558274176,True,1.621749431010188,True
5,392,CA-KL + Candidate Greenlist,1,weighted_z_score,8.629255805760119,2.224786848365201,True,1.687141010946033,True
3,393,CA-KL + Candidate Greenlist,1,weighted_z_score,10.09273146536877,2.2282762558274176,True,1.801027872647659,True
2,394,CA-KL + Candidate Greenlist,1,weighted_z_score,8.038121251226494,2.2215741910279827,True,1.6098398019093245,True
3,395,CA-KL + Candidate Greenlist,1,weighted_z_score,7.639896159208001,2.2282762558274176,True,1.801027872647659,True
5,396,CA-KL + Candidate Greenlist,1,weighted_z_score,6.7004077201897765,2.224786848365201,True,1.687141010946033,True
5,397,CA-KL + Candidate Greenlist,1,weighted_z_score,9.321971988989784,2.224786848365201,True,1.687141010946033,True
1,398,CA-KL + Candidate Greenlist,1,weighted_z_score,7.639997405617574,2.1589242204863397,True,1.622281395942362,True
1,399,CA-KL + Candidate Greenlist,1,weighted_z_score,7.118823377946266,2.1589242204863397,True,1.622281395942362,True
1,4,CA-KL + Candidate Greenlist,1,weighted_z_score,10.452004646670797,2.1589242204863397,True,1.622281395942362,True
3,40,CA-KL + Candidate Greenlist,1,weighted_z_score,9.242698460353525,2.2282762558274176,True,1.801027872647659,True
3,400,CA-KL + Candidate Greenlist,1,weighted_z_score,9.853746142048292,2.2282762558274176,True,1.801027872647659,True
5,401,CA-KL + Candidate Greenlist,1,weighted_z_score,10.145120204056978,2.224786848365201,True,1.687141010946033,True
2,402,CA-KL + Candidate Greenlist,1,weighted_z_score,10.008617492202447,2.2215741910279827,True,1.6098398019093245,True
1,403,CA-KL + Candidate Greenlist,1,weighted_z_score,6.392015071326295,2.1589242204863397,True,1.622281395942362,True
1,404,CA-KL + Candidate Greenlist,1,weighted_z_score,9.143027810377982,2.1589242204863397,True,1.622281395942362,True
4,405,CA-KL + Candidate Greenlist,1,weighted_z_score,6.491101757284356,2.2282762558274176,True,1.621749431010188,True
4,406,CA-KL + Candidate Greenlist,1,weighted_z_score,9.68524867605355,2.2282762558274176,True,1.621749431010188,True
5,407,CA-KL + Candidate Greenlist,1,weighted_z_score,9.57918514074885,2.224786848365201,True,1.687141010946033,True
3,408,CA-KL + Candidate Greenlist,1,weighted_z_score,9.504310919097033,2.2282762558274176,True,1.801027872647659,True
2,409,CA-KL + Candidate Greenlist,1,weighted_z_score,10.436739982887332,2.2215741910279827,True,1.6098398019093245,True
4,41,CA-KL + Candidate Greenlist,1,weighted_z_score,8.79944011157463,2.2282762558274176,True,1.621749431010188,True
4,410,CA-KL + Candidate Greenlist,1,weighted_z_score,9.531922014035288,2.2282762558274176,True,1.621749431010188,True
4,411,CA-KL + Candidate Greenlist,1,weighted_z_score,9.20689538941635,2.2282762558274176,True,1.621749431010188,True
4,412,CA-KL + Candidate Greenlist,1,weighted_z_score,9.4334277204602,2.2282762558274176,True,1.621749431010188,True
5,413,CA-KL + Candidate Greenlist,1,weighted_z_score,5.266317114087336,2.224786848365201,True,1.687141010946033,True
2,414,CA-KL + Candidate Greenlist,1,weighted_z_score,7.238664130028656,2.2215741910279827,True,1.6098398019093245,True
2,415,CA-KL + Candidate Greenlist,1,weighted_z_score,8.939027387504987,2.2215741910279827,True,1.6098398019093245,True
1,416,CA-KL + Candidate Greenlist,1,weighted_z_score,11.67768823219611,2.1589242204863397,True,1.622281395942362,True
5,417,CA-KL + Candidate Greenlist,1,weighted_z_score,9.70179990510565,2.224786848365201,True,1.687141010946033,True
2,418,CA-KL + Candidate Greenlist,1,weighted_z_score,9.850539553558873,2.2215741910279827,True,1.6098398019093245,True
5,419,CA-KL + Candidate Greenlist,1,weighted_z_score,9.229991589452153,2.224786848365201,True,1.687141010946033,True
1,42,CA-KL + Candidate Greenlist,1,weighted_z_score,9.520971443645799,2.1589242204863397,True,1.622281395942362,True
4,420,CA-KL + Candidate Greenlist,1,weighted_z_score,11.576149318986346,2.2282762558274176,True,1.621749431010188,True
4,421,CA-KL + Candidate Greenlist,1,weighted_z_score,10.433750887324264,2.2282762558274176,True,1.621749431010188,True
3,422,CA-KL + Candidate Greenlist,1,weighted_z_score,11.350906581343816,2.2282762558274176,True,1.801027872647659,True
2,423,CA-KL + Candidate Greenlist,1,weighted_z_score,10.675859906267076,2.2215741910279827,True,1.6098398019093245,True
3,424,CA-KL + Candidate Greenlist,1,weighted_z_score,6.911405285115769,2.2282762558274176,True,1.801027872647659,True
3,425,CA-KL + Candidate Greenlist,1,weighted_z_score,5.324932704581424,2.2282762558274176,True,1.801027872647659,True
2,426,CA-KL + Candidate Greenlist,1,weighted_z_score,10.712673672096559,2.2215741910279827,True,1.6098398019093245,True
5,427,CA-KL + Candidate Greenlist,1,weighted_z_score,8.7068440955161,2.224786848365201,True,1.687141010946033,True
3,428,CA-KL + Candidate Greenlist,1,weighted_z_score,10.34681267139187,2.2282762558274176,True,1.801027872647659,True
5,429,CA-KL + Candidate Greenlist,1,weighted_z_score,7.237044079506417,2.224786848365201,True,1.687141010946033,True
5,43,CA-KL + Candidate Greenlist,1,weighted_z_score,9.379480606735003,2.224786848365201,True,1.687141010946033,True
3,430,CA-KL + Candidate Greenlist,1,weighted_z_score,9.735728811422067,2.2282762558274176,True,1.801027872647659,True
1,431,CA-KL + Candidate Greenlist,1,weighted_z_score,9.219045957123166,2.1589242204863397,True,1.622281395942362,True
1,432,CA-KL + Candidate Greenlist,1,weighted_z_score,8.406641311561387,2.1589242204863397,True,1.622281395942362,True
5,433,CA-KL + Candidate Greenlist,1,weighted_z_score,9.747446064766537,2.224786848365201,True,1.687141010946033,True
1,434,CA-KL + Candidate Greenlist,1,weighted_z_score,12.435101660493181,2.1589242204863397,True,1.622281395942362,True
5,435,CA-KL + Candidate Greenlist,1,weighted_z_score,11.393264419331935,2.224786848365201,True,1.687141010946033,True
5,436,CA-KL + Candidate Greenlist,1,weighted_z_score,8.545941702108447,2.224786848365201,True,1.687141010946033,True
4,437,CA-KL + Candidate Greenlist,1,weighted_z_score,0.6272583194183963,2.2282762558274176,False,1.621749431010188,False
1,438,CA-KL + Candidate Greenlist,1,weighted_z_score,10.96205362374461,2.1589242204863397,True,1.622281395942362,True
5,439,CA-KL + Candidate Greenlist,1,weighted_z_score,10.499086526642783,2.224786848365201,True,1.687141010946033,True
5,44,CA-KL + Candidate Greenlist,1,weighted_z_score,11.326540962891402,2.224786848365201,True,1.687141010946033,True
4,440,CA-KL + Candidate Greenlist,1,weighted_z_score,10.822552624649969,2.2282762558274176,True,1.621749431010188,True
3,441,CA-KL + Candidate Greenlist,1,weighted_z_score,9.915840992435742,2.2282762558274176,True,1.801027872647659,True
2,442,CA-KL + Candidate Greenlist,1,weighted_z_score,8.19493247109099,2.2215741910279827,True,1.6098398019093245,True
3,443,CA-KL + Candidate Greenlist,1,weighted_z_score,12.101789959581602,2.2282762558274176,True,1.801027872647659,True
4,444,CA-KL + Candidate Greenlist,1,weighted_z_score,10.453729401821676,2.2282762558274176,True,1.621749431010188,True
1,445,CA-KL + Candidate Greenlist,1,weighted_z_score,10.986500693288976,2.1589242204863397,True,1.622281395942362,True
4,446,CA-KL + Candidate Greenlist,1,weighted_z_score,11.001893423372927,2.2282762558274176,True,1.621749431010188,True
4,447,CA-KL + Candidate Greenlist,1,weighted_z_score,11.033903035988875,2.2282762558274176,True,1.621749431010188,True
4,448,CA-KL + Candidate Greenlist,1,weighted_z_score,12.556045686699076,2.2282762558274176,True,1.621749431010188,True
5,449,CA-KL + Candidate Greenlist,1,weighted_z_score,12.212920445520341,2.224786848365201,True,1.687141010946033,True
5,45,CA-KL + Candidate Greenlist,1,weighted_z_score,8.663001138063892,2.224786848365201,True,1.687141010946033,True
3,450,CA-KL + Candidate Greenlist,1,weighted_z_score,11.715735745543826,2.2282762558274176,True,1.801027872647659,True
5,451,CA-KL + Candidate Greenlist,1,weighted_z_score,8.665728948818357,2.224786848365201,True,1.687141010946033,True
4,452,CA-KL + Candidate Greenlist,1,weighted_z_score,8.206288910020637,2.2282762558274176,True,1.621749431010188,True
2,453,CA-KL + Candidate Greenlist,1,weighted_z_score,10.35351594737393,2.2215741910279827,True,1.6098398019093245,True
1,454,CA-KL + Candidate Greenlist,1,weighted_z_score,9.160960714287931,2.1589242204863397,True,1.622281395942362,True
2,455,CA-KL + Candidate Greenlist,1,weighted_z_score,11.030476885092366,2.2215741910279827,True,1.6098398019093245,True
5,456,CA-KL + Candidate Greenlist,1,weighted_z_score,9.781427731001209,2.224786848365201,True,1.687141010946033,True
3,457,CA-KL + Candidate Greenlist,1,weighted_z_score,11.078696718750757,2.2282762558274176,True,1.801027872647659,True
4,458,CA-KL + Candidate Greenlist,1,weighted_z_score,8.245063904465455,2.2282762558274176,True,1.621749431010188,True
2,459,CA-KL + Candidate Greenlist,1,weighted_z_score,10.63220588192664,2.2215741910279827,True,1.6098398019093245,True
5,46,CA-KL + Candidate Greenlist,1,weighted_z_score,8.23279889591703,2.224786848365201,True,1.687141010946033,True
4,460,CA-KL + Candidate Greenlist,1,weighted_z_score,7.707714598654423,2.2282762558274176,True,1.621749431010188,True
2,461,CA-KL + Candidate Greenlist,1,weighted_z_score,9.328603674771104,2.2215741910279827,True,1.6098398019093245,True
4,462,CA-KL + Candidate Greenlist,1,weighted_z_score,3.718420966947999,2.2282762558274176,True,1.621749431010188,True
5,463,CA-KL + Candidate Greenlist,1,weighted_z_score,9.739130331747115,2.224786848365201,True,1.687141010946033,True
1,464,CA-KL + Candidate Greenlist,1,weighted_z_score,8.835479550984322,2.1589242204863397,True,1.622281395942362,True
2,465,CA-KL + Candidate Greenlist,1,weighted_z_score,9.187474737326314,2.2215741910279827,True,1.6098398019093245,True
1,466,CA-KL + Candidate Greenlist,1,weighted_z_score,6.65717509206315,2.1589242204863397,True,1.622281395942362,True
4,467,CA-KL + Candidate Greenlist,1,weighted_z_score,9.477115708869823,2.2282762558274176,True,1.621749431010188,True
4,468,CA-KL + Candidate Greenlist,1,weighted_z_score,8.893078250850134,2.2282762558274176,True,1.621749431010188,True
5,469,CA-KL + Candidate Greenlist,1,weighted_z_score,6.58538612259636,2.224786848365201,True,1.687141010946033,True
1,47,CA-KL + Candidate Greenlist,1,weighted_z_score,10.78774482830684,2.1589242204863397,True,1.622281395942362,True
1,470,CA-KL + Candidate Greenlist,1,weighted_z_score,8.55812657136102,2.1589242204863397,True,1.622281395942362,True
1,471,CA-KL + Candidate Greenlist,1,weighted_z_score,6.9994525814656,2.1589242204863397,True,1.622281395942362,True
5,472,CA-KL + Candidate Greenlist,1,weighted_z_score,11.077174639237734,2.224786848365201,True,1.687141010946033,True
5,473,CA-KL + Candidate Greenlist,1,weighted_z_score,8.833559753034367,2.224786848365201,True,1.687141010946033,True
2,474,CA-KL + Candidate Greenlist,1,weighted_z_score,8.058917291170381,2.2215741910279827,True,1.6098398019093245,True
2,475,CA-KL + Candidate Greenlist,1,weighted_z_score,9.154489002547455,2.2215741910279827,True,1.6098398019093245,True
4,476,CA-KL + Candidate Greenlist,1,weighted_z_score,3.7106052137133654,2.2282762558274176,True,1.621749431010188,True
4,477,CA-KL + Candidate Greenlist,1,weighted_z_score,9.15914542981904,2.2282762558274176,True,1.621749431010188,True
5,478,CA-KL + Candidate Greenlist,1,weighted_z_score,6.842634317090383,2.224786848365201,True,1.687141010946033,True
2,479,CA-KL + Candidate Greenlist,1,weighted_z_score,9.267004226663559,2.2215741910279827,True,1.6098398019093245,True
3,48,CA-KL + Candidate Greenlist,1,weighted_z_score,10.407859854058447,2.2282762558274176,True,1.801027872647659,True
2,480,CA-KL + Candidate Greenlist,1,weighted_z_score,8.999542210627084,2.2215741910279827,True,1.6098398019093245,True
5,481,CA-KL + Candidate Greenlist,1,weighted_z_score,8.994978869879661,2.224786848365201,True,1.687141010946033,True
3,482,CA-KL + Candidate Greenlist,1,weighted_z_score,8.533359298264658,2.2282762558274176,True,1.801027872647659,True
1,483,CA-KL + Candidate Greenlist,1,weighted_z_score,7.775983723498419,2.1589242204863397,True,1.622281395942362,True
4,484,CA-KL + Candidate Greenlist,1,weighted_z_score,9.929850115459086,2.2282762558274176,True,1.621749431010188,True
2,485,CA-KL + Candidate Greenlist,1,weighted_z_score,10.503453659022027,2.2215741910279827,True,1.6098398019093245,True
3,486,CA-KL + Candidate Greenlist,1,weighted_z_score,11.18031245452193,2.2282762558274176,True,1.801027872647659,True
2,487,CA-KL + Candidate Greenlist,1,weighted_z_score,9.967050770780808,2.2215741910279827,True,1.6098398019093245,True
2,488,CA-KL + Candidate Greenlist,1,weighted_z_score,10.32429702407182,2.2215741910279827,True,1.6098398019093245,True
1,489,CA-KL + Candidate Greenlist,1,weighted_z_score,7.622813121481175,2.1589242204863397,True,1.622281395942362,True
4,49,CA-KL + Candidate Greenlist,1,weighted_z_score,6.764302528411087,2.2282762558274176,True,1.621749431010188,True
4,490,CA-KL + Candidate Greenlist,1,weighted_z_score,8.761289847370671,2.2282762558274176,True,1.621749431010188,True
2,491,CA-KL + Candidate Greenlist,1,weighted_z_score,9.841692603475128,2.2215741910279827,True,1.6098398019093245,True
5,492,CA-KL + Candidate Greenlist,1,weighted_z_score,11.41361948361854,2.224786848365201,True,1.687141010946033,True
2,493,CA-KL + Candidate Greenlist,1,weighted_z_score,7.701622016056213,2.2215741910279827,True,1.6098398019093245,True
3,494,CA-KL + Candidate Greenlist,1,weighted_z_score,11.444049084011532,2.2282762558274176,True,1.801027872647659,True
2,495,CA-KL + Candidate Greenlist,1,weighted_z_score,8.429217642013814,2.2215741910279827,True,1.6098398019093245,True
1,496,CA-KL + Candidate Greenlist,1,weighted_z_score,8.977486702024366,2.1589242204863397,True,1.622281395942362,True
5,497,CA-KL + Candidate Greenlist,1,weighted_z_score,11.705293098341922,2.224786848365201,True,1.687141010946033,True
1,498,CA-KL + Candidate Greenlist,1,weighted_z_score,8.994976246204818,2.1589242204863397,True,1.622281395942362,True
5,499,CA-KL + Candidate Greenlist,1,weighted_z_score,8.26767132495301,2.224786848365201,True,1.687141010946033,True
3,5,CA-KL + Candidate Greenlist,1,weighted_z_score,10.520586680466065,2.2282762558274176,True,1.801027872647659,True
4,50,CA-KL + Candidate Greenlist,1,weighted_z_score,9.232321291088953,2.2282762558274176,True,1.621749431010188,True
4,500,CA-KL + Candidate Greenlist,1,weighted_z_score,9.440361678456178,2.2282762558274176,True,1.621749431010188,True
1,51,CA-KL + Candidate Greenlist,1,weighted_z_score,11.404026775730802,2.1589242204863397,True,1.622281395942362,True
3,52,CA-KL + Candidate Greenlist,1,weighted_z_score,9.218216720420196,2.2282762558274176,True,1.801027872647659,True
4,53,CA-KL + Candidate Greenlist,1,weighted_z_score,11.966775338226247,2.2282762558274176,True,1.621749431010188,True
2,54,CA-KL + Candidate Greenlist,1,weighted_z_score,7.895318969390197,2.2215741910279827,True,1.6098398019093245,True
5,55,CA-KL + Candidate Greenlist,1,weighted_z_score,5.228528305891766,2.224786848365201,True,1.687141010946033,True
5,56,CA-KL + Candidate Greenlist,1,weighted_z_score,7.578145726379417,2.224786848365201,True,1.687141010946033,True
4,57,CA-KL + Candidate Greenlist,1,weighted_z_score,11.097998984181505,2.2282762558274176,True,1.621749431010188,True
1,58,CA-KL + Candidate Greenlist,1,weighted_z_score,7.807198300794376,2.1589242204863397,True,1.622281395942362,True
5,59,CA-KL + Candidate Greenlist,1,weighted_z_score,9.938424321365803,2.224786848365201,True,1.687141010946033,True
4,6,CA-KL + Candidate Greenlist,1,weighted_z_score,9.58201739712206,2.2282762558274176,True,1.621749431010188,True
1,60,CA-KL + Candidate Greenlist,1,weighted_z_score,11.412348470809517,2.1589242204863397,True,1.622281395942362,True
4,61,CA-KL + Candidate Greenlist,1,weighted_z_score,8.353052804366776,2.2282762558274176,True,1.621749431010188,True
4,62,CA-KL + Candidate Greenlist,1,weighted_z_score,10.671627446940745,2.2282762558274176,True,1.621749431010188,True
4,63,CA-KL + Candidate Greenlist,1,weighted_z_score,13.049680379211368,2.2282762558274176,True,1.621749431010188,True
3,64,CA-KL + Candidate Greenlist,1,weighted_z_score,8.666943889472924,2.2282762558274176,True,1.801027872647659,True
2,65,CA-KL + Candidate Greenlist,1,weighted_z_score,9.713433531897552,2.2215741910279827,True,1.6098398019093245,True
1,66,CA-KL + Candidate Greenlist,1,weighted_z_score,10.584974229643306,2.1589242204863397,True,1.622281395942362,True
5,67,CA-KL + Candidate Greenlist,1,weighted_z_score,10.049843276769659,2.224786848365201,True,1.687141010946033,True
5,68,CA-KL + Candidate Greenlist,1,weighted_z_score,10.356767495551447,2.224786848365201,True,1.687141010946033,True
4,69,CA-KL + Candidate Greenlist,1,weighted_z_score,10.653176886070634,2.2282762558274176,True,1.621749431010188,True
1,7,CA-KL + Candidate Greenlist,1,weighted_z_score,6.7041919870757525,2.1589242204863397,True,1.622281395942362,True
1,70,CA-KL + Candidate Greenlist,1,weighted_z_score,9.61350835569053,2.1589242204863397,True,1.622281395942362,True
5,71,CA-KL + Candidate Greenlist,1,weighted_z_score,10.718186694471491,2.224786848365201,True,1.687141010946033,True
5,72,CA-KL + Candidate Greenlist,1,weighted_z_score,8.337227414401449,2.224786848365201,True,1.687141010946033,True
4,73,CA-KL + Candidate Greenlist,1,weighted_z_score,10.19042054142825,2.2282762558274176,True,1.621749431010188,True
3,74,CA-KL + Candidate Greenlist,1,weighted_z_score,8.643918313052271,2.2282762558274176,True,1.801027872647659,True
2,75,CA-KL + Candidate Greenlist,1,weighted_z_score,8.48669378301282,2.2215741910279827,True,1.6098398019093245,True
5,76,CA-KL + Candidate Greenlist,1,weighted_z_score,8.02152377694256,2.224786848365201,True,1.687141010946033,True
2,77,CA-KL + Candidate Greenlist,1,weighted_z_score,7.9995958620595875,2.2215741910279827,True,1.6098398019093245,True
2,78,CA-KL + Candidate Greenlist,1,weighted_z_score,5.99766295508219,2.2215741910279827,True,1.6098398019093245,True
2,79,CA-KL + Candidate Greenlist,1,weighted_z_score,10.520458491038553,2.2215741910279827,True,1.6098398019093245,True
5,8,CA-KL + Candidate Greenlist,1,weighted_z_score,8.973122251666673,2.224786848365201,True,1.687141010946033,True
3,80,CA-KL + Candidate Greenlist,1,weighted_z_score,10.245025886852709,2.2282762558274176,True,1.801027872647659,True
2,81,CA-KL + Candidate Greenlist,1,weighted_z_score,11.075114811129216,2.2215741910279827,True,1.6098398019093245,True
2,82,CA-KL + Candidate Greenlist,1,weighted_z_score,7.878414123090217,2.2215741910279827,True,1.6098398019093245,True
3,83,CA-KL + Candidate Greenlist,1,weighted_z_score,7.795201402547346,2.2282762558274176,True,1.801027872647659,True
2,84,CA-KL + Candidate Greenlist,1,weighted_z_score,10.939950850257157,2.2215741910279827,True,1.6098398019093245,True
4,85,CA-KL + Candidate Greenlist,1,weighted_z_score,9.055044053127554,2.2282762558274176,True,1.621749431010188,True
1,86,CA-KL + Candidate Greenlist,1,weighted_z_score,8.215374484328084,2.1589242204863397,True,1.622281395942362,True
4,87,CA-KL + Candidate Greenlist,1,weighted_z_score,9.704228920977426,2.2282762558274176,True,1.621749431010188,True
2,88,CA-KL + Candidate Greenlist,1,weighted_z_score,9.714925717888834,2.2215741910279827,True,1.6098398019093245,True
4,89,CA-KL + Candidate Greenlist,1,weighted_z_score,11.143038785155264,2.2282762558274176,True,1.621749431010188,True
2,9,CA-KL + Candidate Greenlist,1,weighted_z_score,9.386534102694942,2.2215741910279827,True,1.6098398019093245,True
5,90,CA-KL + Candidate Greenlist,1,weighted_z_score,8.685641966151042,2.224786848365201,True,1.687141010946033,True
3,91,CA-KL + Candidate Greenlist,1,weighted_z_score,6.440108672028004,2.2282762558274176,True,1.801027872647659,True
1,92,CA-KL + Candidate Greenlist,1,weighted_z_score,8.162693021267854,2.1589242204863397,True,1.622281395942362,True
2,93,CA-KL + Candidate Greenlist,1,weighted_z_score,9.64000992518442,2.2215741910279827,True,1.6098398019093245,True
5,94,CA-KL + Candidate Greenlist,1,weighted_z_score,11.149076573394634,2.224786848365201,True,1.687141010946033,True
3,95,CA-KL + Candidate Greenlist,1,weighted_z_score,10.45177464306536,2.2282762558274176,True,1.801027872647659,True
1,96,CA-KL + Candidate Greenlist,1,weighted_z_score,11.846552987172357,2.1589242204863397,True,1.622281395942362,True
5,97,CA-KL + Candidate Greenlist,1,weighted_z_score,11.868038266262294,2.224786848365201,True,1.687141010946033,True
2,98,CA-KL + Candidate Greenlist,1,weighted_z_score,10.952287652101925,2.2215741910279827,True,1.6098398019093245,True
5,99,CA-KL + Candidate Greenlist,1,weighted_z_score,10.909267918870903,2.224786848365201,True,1.687141010946033,True
2,1,CA-KL + Candidate Greenlist + Weighted/WinMax,1,weighted_z_score,9.515757169026493,2.2215741910279827,True,1.6098398019093245,True
3,10,CA-KL + Candidate Greenlist + Weighted/WinMax,1,weighted_z_score,9.156588526593552,2.2282762558274176,True,1.801027872647659,True
5,100,CA-KL + Candidate Greenlist + Weighted/WinMax,1,weighted_z_score,8.40653669241648,2.224786848365201,True,1.687141010946033,True
1,101,CA-KL + Candidate Greenlist + Weighted/WinMax,1,weighted_z_score,9.366093020839562,2.1589242204863397,True,1.622281395942362,True
5,102,CA-KL + Candidate Greenlist + Weighted/WinMax,1,weighted_z_score,10.233381470736154,2.224786848365201,True,1.687141010946033,True
3,103,CA-KL + Candidate Greenlist + Weighted/WinMax,1,weighted_z_score,8.54806032262315,2.2282762558274176,True,1.801027872647659,True
2,104,CA-KL + Candidate Greenlist + Weighted/WinMax,1,weighted_z_score,6.38940477698485,2.2215741910279827,True,1.6098398019093245,True
5,105,CA-KL + Candidate Greenlist + Weighted/WinMax,1,weighted_z_score,8.724329812841404,2.224786848365201,True,1.687141010946033,True
1,106,CA-KL + Candidate Greenlist + Weighted/WinMax,1,weighted_z_score,3.7937219429042197,2.1589242204863397,True,1.622281395942362,True
3,107,CA-KL + Candidate Greenlist + Weighted/WinMax,1,weighted_z_score,10.553637488119088,2.2282762558274176,True,1.801027872647659,True
3,108,CA-KL + Candidate Greenlist + Weighted/WinMax,1,weighted_z_score,10.44576002479054,2.2282762558274176,True,1.801027872647659,True
3,109,CA-KL + Candidate Greenlist + Weighted/WinMax,1,weighted_z_score,9.578638814610086,2.2282762558274176,True,1.801027872647659,True
2,11,CA-KL + Candidate Greenlist + Weighted/WinMax,1,weighted_z_score,10.276756052446608,2.2215741910279827,True,1.6098398019093245,True
3,110,CA-KL + Candidate Greenlist + Weighted/WinMax,1,weighted_z_score,10.206086195677866,2.2282762558274176,True,1.801027872647659,True
3,111,CA-KL + Candidate Greenlist + Weighted/WinMax,1,weighted_z_score,6.7582906585585025,2.2282762558274176,True,1.801027872647659,True
5,112,CA-KL + Candidate Greenlist + Weighted/WinMax,1,weighted_z_score,8.668025228965135,2.224786848365201,True,1.687141010946033,True
3,113,CA-KL + Candidate Greenlist + Weighted/WinMax,1,weighted_z_score,11.706454887952669,2.2282762558274176,True,1.801027872647659,True
4,114,CA-KL + Candidate Greenlist + Weighted/WinMax,1,weighted_z_score,9.285072904693255,2.2282762558274176,True,1.621749431010188,True
3,115,CA-KL + Candidate Greenlist + Weighted/WinMax,1,weighted_z_score,9.569273153241665,2.2282762558274176,True,1.801027872647659,True
1,116,CA-KL + Candidate Greenlist + Weighted/WinMax,1,weighted_z_score,9.506809683542725,2.1589242204863397,True,1.622281395942362,True
4,117,CA-KL + Candidate Greenlist + Weighted/WinMax,1,weighted_z_score,8.807394704155577,2.2282762558274176,True,1.621749431010188,True
3,118,CA-KL + Candidate Greenlist + Weighted/WinMax,1,weighted_z_score,8.620348303364796,2.2282762558274176,True,1.801027872647659,True
1,119,CA-KL + Candidate Greenlist + Weighted/WinMax,1,weighted_z_score,7.424058197898077,2.1589242204863397,True,1.622281395942362,True
5,12,CA-KL + Candidate Greenlist + Weighted/WinMax,1,weighted_z_score,8.332564481667042,2.224786848365201,True,1.687141010946033,True
3,120,CA-KL + Candidate Greenlist + Weighted/WinMax,1,weighted_z_score,11.307011722468017,2.2282762558274176,True,1.801027872647659,True
1,121,CA-KL + Candidate Greenlist + Weighted/WinMax,1,weighted_z_score,6.221797564305108,2.1589242204863397,True,1.622281395942362,True
1,122,CA-KL + Candidate Greenlist + Weighted/WinMax,1,weighted_z_score,11.09015341850211,2.1589242204863397,True,1.622281395942362,True
2,123,CA-KL + Candidate Greenlist + Weighted/WinMax,1,weighted_z_score,2.717922857420906,2.2215741910279827,True,1.6098398019093245,True
1,124,CA-KL + Candidate Greenlist + Weighted/WinMax,1,weighted_z_score,7.9754841971174955,2.1589242204863397,True,1.622281395942362,True
3,125,CA-KL + Candidate Greenlist + Weighted/WinMax,1,weighted_z_score,9.138470396747133,2.2282762558274176,True,1.801027872647659,True
4,126,CA-KL + Candidate Greenlist + Weighted/WinMax,1,weighted_z_score,11.410787246659506,2.2282762558274176,True,1.621749431010188,True
1,127,CA-KL + Candidate Greenlist + Weighted/WinMax,1,weighted_z_score,3.0464569734146223,2.1589242204863397,True,1.622281395942362,True
1,128,CA-KL + Candidate Greenlist + Weighted/WinMax,1,weighted_z_score,8.848313860406227,2.1589242204863397,True,1.622281395942362,True
5,129,CA-KL + Candidate Greenlist + Weighted/WinMax,1,weighted_z_score,11.977916137032226,2.224786848365201,True,1.687141010946033,True
4,13,CA-KL + Candidate Greenlist + Weighted/WinMax,1,weighted_z_score,11.139659420528034,2.2282762558274176,True,1.621749431010188,True
1,130,CA-KL + Candidate Greenlist + Weighted/WinMax,1,weighted_z_score,10.15639226513628,2.1589242204863397,True,1.622281395942362,True
1,131,CA-KL + Candidate Greenlist + Weighted/WinMax,1,weighted_z_score,9.239107649917258,2.1589242204863397,True,1.622281395942362,True
1,132,CA-KL + Candidate Greenlist + Weighted/WinMax,1,weighted_z_score,9.231364610810719,2.1589242204863397,True,1.622281395942362,True
2,133,CA-KL + Candidate Greenlist + Weighted/WinMax,1,weighted_z_score,8.280995044108055,2.2215741910279827,True,1.6098398019093245,True
1,134,CA-KL + Candidate Greenlist + Weighted/WinMax,1,weighted_z_score,9.651162512677695,2.1589242204863397,True,1.622281395942362,True
1,135,CA-KL + Candidate Greenlist + Weighted/WinMax,1,weighted_z_score,9.317122657761143,2.1589242204863397,True,1.622281395942362,True
5,136,CA-KL + Candidate Greenlist + Weighted/WinMax,1,weighted_z_score,8.50683222636565,2.224786848365201,True,1.687141010946033,True
1,137,CA-KL + Candidate Greenlist + Weighted/WinMax,1,weighted_z_score,8.913490001640055,2.1589242204863397,True,1.622281395942362,True
4,138,CA-KL + Candidate Greenlist + Weighted/WinMax,1,weighted_z_score,8.137813565400199,2.2282762558274176,True,1.621749431010188,True
3,139,CA-KL + Candidate Greenlist + Weighted/WinMax,1,weighted_z_score,10.861363423475524,2.2282762558274176,True,1.801027872647659,True
3,14,CA-KL + Candidate Greenlist + Weighted/WinMax,1,weighted_z_score,8.365008904177587,2.2282762558274176,True,1.801027872647659,True
5,140,CA-KL + Candidate Greenlist + Weighted/WinMax,1,weighted_z_score,10.17030698384685,2.224786848365201,True,1.687141010946033,True
4,141,CA-KL + Candidate Greenlist + Weighted/WinMax,1,weighted_z_score,10.376852957630497,2.2282762558274176,True,1.621749431010188,True
2,142,CA-KL + Candidate Greenlist + Weighted/WinMax,1,weighted_z_score,6.872344147528606,2.2215741910279827,True,1.6098398019093245,True
2,143,CA-KL + Candidate Greenlist + Weighted/WinMax,1,weighted_z_score,9.466743718977575,2.2215741910279827,True,1.6098398019093245,True
5,144,CA-KL + Candidate Greenlist + Weighted/WinMax,1,weighted_z_score,8.20024898565038,2.224786848365201,True,1.687141010946033,True
3,145,CA-KL + Candidate Greenlist + Weighted/WinMax,1,weighted_z_score,8.932006798190805,2.2282762558274176,True,1.801027872647659,True
3,146,CA-KL + Candidate Greenlist + Weighted/WinMax,1,weighted_z_score,11.571355347275219,2.2282762558274176,True,1.801027872647659,True
2,147,CA-KL + Candidate Greenlist + Weighted/WinMax,1,weighted_z_score,5.811478600848326,2.2215741910279827,True,1.6098398019093245,True
2,148,CA-KL + Candidate Greenlist + Weighted/WinMax,1,weighted_z_score,10.46757461103409,2.2215741910279827,True,1.6098398019093245,True
5,149,CA-KL + Candidate Greenlist + Weighted/WinMax,1,weighted_z_score,9.192111336454175,2.224786848365201,True,1.687141010946033,True
5,15,CA-KL + Candidate Greenlist + Weighted/WinMax,1,weighted_z_score,9.85639929803049,2.224786848365201,True,1.687141010946033,True
2,150,CA-KL + Candidate Greenlist + Weighted/WinMax,1,weighted_z_score,6.933601301085982,2.2215741910279827,True,1.6098398019093245,True
2,151,CA-KL + Candidate Greenlist + Weighted/WinMax,1,weighted_z_score,10.572654633253558,2.2215741910279827,True,1.6098398019093245,True
2,152,CA-KL + Candidate Greenlist + Weighted/WinMax,1,weighted_z_score,8.93271513867345,2.2215741910279827,True,1.6098398019093245,True
3,153,CA-KL + Candidate Greenlist + Weighted/WinMax,1,weighted_z_score,6.329498731835991,2.2282762558274176,True,1.801027872647659,True
5,154,CA-KL + Candidate Greenlist + Weighted/WinMax,1,weighted_z_score,7.414572813293365,2.224786848365201,True,1.687141010946033,True
1,155,CA-KL + Candidate Greenlist + Weighted/WinMax,1,weighted_z_score,10.184067080537112,2.1589242204863397,True,1.622281395942362,True
4,156,CA-KL + Candidate Greenlist + Weighted/WinMax,1,weighted_z_score,3.8441808756831257,2.2282762558274176,True,1.621749431010188,True
1,157,CA-KL + Candidate Greenlist + Weighted/WinMax,1,weighted_z_score,10.361814523485327,2.1589242204863397,True,1.622281395942362,True
5,158,CA-KL + Candidate Greenlist + Weighted/WinMax,1,weighted_z_score,7.749167934439364,2.224786848365201,True,1.687141010946033,True
2,159,CA-KL + Candidate Greenlist + Weighted/WinMax,1,weighted_z_score,10.522943596400948,2.2215741910279827,True,1.6098398019093245,True
5,16,CA-KL + Candidate Greenlist + Weighted/WinMax,1,weighted_z_score,7.184618395542174,2.224786848365201,True,1.687141010946033,True
3,160,CA-KL + Candidate Greenlist + Weighted/WinMax,1,weighted_z_score,5.38213355107255,2.2282762558274176,True,1.801027872647659,True
4,161,CA-KL + Candidate Greenlist + Weighted/WinMax,1,weighted_z_score,8.632813112335878,2.2282762558274176,True,1.621749431010188,True
3,162,CA-KL + Candidate Greenlist + Weighted/WinMax,1,weighted_z_score,8.762598360960189,2.2282762558274176,True,1.801027872647659,True
1,163,CA-KL + Candidate Greenlist + Weighted/WinMax,1,weighted_z_score,10.858675746634287,2.1589242204863397,True,1.622281395942362,True
3,164,CA-KL + Candidate Greenlist + Weighted/WinMax,1,weighted_z_score,10.476103364520107,2.2282762558274176,True,1.801027872647659,True
3,165,CA-KL + Candidate Greenlist + Weighted/WinMax,1,weighted_z_score,6.2202249479207525,2.2282762558274176,True,1.801027872647659,True
2,166,CA-KL + Candidate Greenlist + Weighted/WinMax,1,weighted_z_score,9.137948190228167,2.2215741910279827,True,1.6098398019093245,True
4,167,CA-KL + Candidate Greenlist + Weighted/WinMax,1,weighted_z_score,8.319337118604292,2.2282762558274176,True,1.621749431010188,True
1,168,CA-KL + Candidate Greenlist + Weighted/WinMax,1,weighted_z_score,10.177608635107791,2.1589242204863397,True,1.622281395942362,True
1,169,CA-KL + Candidate Greenlist + Weighted/WinMax,1,weighted_z_score,9.488774659016865,2.1589242204863397,True,1.622281395942362,True
1,17,CA-KL + Candidate Greenlist + Weighted/WinMax,1,weighted_z_score,8.57156065479438,2.1589242204863397,True,1.622281395942362,True
2,170,CA-KL + Candidate Greenlist + Weighted/WinMax,1,weighted_z_score,5.325003298828467,2.2215741910279827,True,1.6098398019093245,True
3,171,CA-KL + Candidate Greenlist + Weighted/WinMax,1,weighted_z_score,3.3204463421786565,2.2282762558274176,True,1.801027872647659,True
4,172,CA-KL + Candidate Greenlist + Weighted/WinMax,1,weighted_z_score,11.196129913778389,2.2282762558274176,True,1.621749431010188,True
5,173,CA-KL + Candidate Greenlist + Weighted/WinMax,1,weighted_z_score,9.015546179713635,2.224786848365201,True,1.687141010946033,True
3,174,CA-KL + Candidate Greenlist + Weighted/WinMax,1,weighted_z_score,7.975726681022564,2.2282762558274176,True,1.801027872647659,True
3,175,CA-KL + Candidate Greenlist + Weighted/WinMax,1,weighted_z_score,9.622193958241038,2.2282762558274176,True,1.801027872647659,True
3,176,CA-KL + Candidate Greenlist + Weighted/WinMax,1,weighted_z_score,9.332004539377328,2.2282762558274176,True,1.801027872647659,True
3,177,CA-KL + Candidate Greenlist + Weighted/WinMax,1,weighted_z_score,10.163349007698091,2.2282762558274176,True,1.801027872647659,True
1,178,CA-KL + Candidate Greenlist + Weighted/WinMax,1,weighted_z_score,9.965317981349168,2.1589242204863397,True,1.622281395942362,True
1,179,CA-KL + Candidate Greenlist + Weighted/WinMax,1,weighted_z_score,9.59563017777792,2.1589242204863397,True,1.622281395942362,True
3,18,CA-KL + Candidate Greenlist + Weighted/WinMax,1,weighted_z_score,2.955881777084514,2.2282762558274176,True,1.801027872647659,True
4,180,CA-KL + Candidate Greenlist + Weighted/WinMax,1,weighted_z_score,9.001083632889886,2.2282762558274176,True,1.621749431010188,True
1,181,CA-KL + Candidate Greenlist + Weighted/WinMax,1,weighted_z_score,10.928308483458155,2.1589242204863397,True,1.622281395942362,True
3,182,CA-KL + Candidate Greenlist + Weighted/WinMax,1,weighted_z_score,10.571071918322488,2.2282762558274176,True,1.801027872647659,True
4,183,CA-KL + Candidate Greenlist + Weighted/WinMax,1,weighted_z_score,7.562241129940971,2.2282762558274176,True,1.621749431010188,True
4,184,CA-KL + Candidate Greenlist + Weighted/WinMax,1,weighted_z_score,10.01479688285971,2.2282762558274176,True,1.621749431010188,True
3,185,CA-KL + Candidate Greenlist + Weighted/WinMax,1,weighted_z_score,11.761347652722035,2.2282762558274176,True,1.801027872647659,True
2,186,CA-KL + Candidate Greenlist + Weighted/WinMax,1,weighted_z_score,10.133923690315013,2.2215741910279827,True,1.6098398019093245,True
3,187,CA-KL + Candidate Greenlist + Weighted/WinMax,1,weighted_z_score,6.606133562114526,2.2282762558274176,True,1.801027872647659,True
2,188,CA-KL + Candidate Greenlist + Weighted/WinMax,1,weighted_z_score,10.26698669464957,2.2215741910279827,True,1.6098398019093245,True
1,189,CA-KL + Candidate Greenlist + Weighted/WinMax,1,weighted_z_score,9.585295226237145,2.1589242204863397,True,1.622281395942362,True
3,19,CA-KL + Candidate Greenlist + Weighted/WinMax,1,weighted_z_score,10.11430561713119,2.2282762558274176,True,1.801027872647659,True
1,190,CA-KL + Candidate Greenlist + Weighted/WinMax,1,weighted_z_score,9.648972998070178,2.1589242204863397,True,1.622281395942362,True
2,191,CA-KL + Candidate Greenlist + Weighted/WinMax,1,weighted_z_score,11.189958222447707,2.2215741910279827,True,1.6098398019093245,True
4,192,CA-KL + Candidate Greenlist + Weighted/WinMax,1,weighted_z_score,8.646567034443379,2.2282762558274176,True,1.621749431010188,True
1,193,CA-KL + Candidate Greenlist + Weighted/WinMax,1,weighted_z_score,11.296528439160564,2.1589242204863397,True,1.622281395942362,True
1,194,CA-KL + Candidate Greenlist + Weighted/WinMax,1,weighted_z_score,11.566592328929172,2.1589242204863397,True,1.622281395942362,True
3,195,CA-KL + Candidate Greenlist + Weighted/WinMax,1,weighted_z_score,10.552476675292565,2.2282762558274176,True,1.801027872647659,True
2,196,CA-KL + Candidate Greenlist + Weighted/WinMax,1,weighted_z_score,10.544949341025424,2.2215741910279827,True,1.6098398019093245,True
4,197,CA-KL + Candidate Greenlist + Weighted/WinMax,1,weighted_z_score,8.62709433246143,2.2282762558274176,True,1.621749431010188,True
4,198,CA-KL + Candidate Greenlist + Weighted/WinMax,1,weighted_z_score,5.777442529496505,2.2282762558274176,True,1.621749431010188,True
5,199,CA-KL + Candidate Greenlist + Weighted/WinMax,1,weighted_z_score,9.23713542339343,2.224786848365201,True,1.687141010946033,True
3,2,CA-KL + Candidate Greenlist + Weighted/WinMax,1,weighted_z_score,10.275794034741168,2.2282762558274176,True,1.801027872647659,True
5,20,CA-KL + Candidate Greenlist + Weighted/WinMax,1,weighted_z_score,9.03930870325566,2.224786848365201,True,1.687141010946033,True
5,200,CA-KL + Candidate Greenlist + Weighted/WinMax,1,weighted_z_score,8.418489752074235,2.224786848365201,True,1.687141010946033,True
4,201,CA-KL + Candidate Greenlist + Weighted/WinMax,1,weighted_z_score,8.656701508158777,2.2282762558274176,True,1.621749431010188,True
2,202,CA-KL + Candidate Greenlist + Weighted/WinMax,1,weighted_z_score,10.680218355769224,2.2215741910279827,True,1.6098398019093245,True
4,203,CA-KL + Candidate Greenlist + Weighted/WinMax,1,weighted_z_score,12.102279692726142,2.2282762558274176,True,1.621749431010188,True
5,204,CA-KL + Candidate Greenlist + Weighted/WinMax,1,weighted_z_score,1.5519240230329643,2.224786848365201,False,1.687141010946033,False
3,205,CA-KL + Candidate Greenlist + Weighted/WinMax,1,weighted_z_score,9.436976160804885,2.2282762558274176,True,1.801027872647659,True
3,206,CA-KL + Candidate Greenlist + Weighted/WinMax,1,weighted_z_score,6.789457651927278,2.2282762558274176,True,1.801027872647659,True
3,207,CA-KL + Candidate Greenlist + Weighted/WinMax,1,weighted_z_score,9.071728686484336,2.2282762558274176,True,1.801027872647659,True
2,208,CA-KL + Candidate Greenlist + Weighted/WinMax,1,weighted_z_score,8.972559246469562,2.2215741910279827,True,1.6098398019093245,True
3,209,CA-KL + Candidate Greenlist + Weighted/WinMax,1,weighted_z_score,9.7615121485785,2.2282762558274176,True,1.801027872647659,True
4,21,CA-KL + Candidate Greenlist + Weighted/WinMax,1,weighted_z_score,9.243457987704252,2.2282762558274176,True,1.621749431010188,True
1,210,CA-KL + Candidate Greenlist + Weighted/WinMax,1,weighted_z_score,9.49514429399328,2.1589242204863397,True,1.622281395942362,True
4,211,CA-KL + Candidate Greenlist + Weighted/WinMax,1,weighted_z_score,11.185315130956614,2.2282762558274176,True,1.621749431010188,True
1,212,CA-KL + Candidate Greenlist + Weighted/WinMax,1,weighted_z_score,9.506511034638631,2.1589242204863397,True,1.622281395942362,True
1,213,CA-KL + Candidate Greenlist + Weighted/WinMax,1,weighted_z_score,9.423669041503594,2.1589242204863397,True,1.622281395942362,True
1,214,CA-KL + Candidate Greenlist + Weighted/WinMax,1,weighted_z_score,10.563664880104064,2.1589242204863397,True,1.622281395942362,True
2,215,CA-KL + Candidate Greenlist + Weighted/WinMax,1,weighted_z_score,9.912920104220564,2.2215741910279827,True,1.6098398019093245,True
4,216,CA-KL + Candidate Greenlist + Weighted/WinMax,1,weighted_z_score,7.673953384039921,2.2282762558274176,True,1.621749431010188,True
2,217,CA-KL + Candidate Greenlist + Weighted/WinMax,1,weighted_z_score,9.613586334000697,2.2215741910279827,True,1.6098398019093245,True
3,218,CA-KL + Candidate Greenlist + Weighted/WinMax,1,weighted_z_score,10.145438656672606,2.2282762558274176,True,1.801027872647659,True
3,219,CA-KL + Candidate Greenlist + Weighted/WinMax,1,weighted_z_score,10.397862819426354,2.2282762558274176,True,1.801027872647659,True
1,22,CA-KL + Candidate Greenlist + Weighted/WinMax,1,weighted_z_score,11.270765329292697,2.1589242204863397,True,1.622281395942362,True
4,220,CA-KL + Candidate Greenlist + Weighted/WinMax,1,weighted_z_score,9.661254606830825,2.2282762558274176,True,1.621749431010188,True
5,221,CA-KL + Candidate Greenlist + Weighted/WinMax,1,weighted_z_score,9.787180354906486,2.224786848365201,True,1.687141010946033,True
1,222,CA-KL + Candidate Greenlist + Weighted/WinMax,1,weighted_z_score,9.943068685285539,2.1589242204863397,True,1.622281395942362,True
4,223,CA-KL + Candidate Greenlist + Weighted/WinMax,1,weighted_z_score,9.820845585236757,2.2282762558274176,True,1.621749431010188,True
3,224,CA-KL + Candidate Greenlist + Weighted/WinMax,1,weighted_z_score,10.165435637146421,2.2282762558274176,True,1.801027872647659,True
5,225,CA-KL + Candidate Greenlist + Weighted/WinMax,1,weighted_z_score,10.553714134111786,2.224786848365201,True,1.687141010946033,True
2,226,CA-KL + Candidate Greenlist + Weighted/WinMax,1,weighted_z_score,9.470223828862638,2.2215741910279827,True,1.6098398019093245,True
2,227,CA-KL + Candidate Greenlist + Weighted/WinMax,1,weighted_z_score,9.679507678283919,2.2215741910279827,True,1.6098398019093245,True
1,228,CA-KL + Candidate Greenlist + Weighted/WinMax,1,weighted_z_score,7.8039451798400785,2.1589242204863397,True,1.622281395942362,True
5,229,CA-KL + Candidate Greenlist + Weighted/WinMax,1,weighted_z_score,5.851356803439454,2.224786848365201,True,1.687141010946033,True
1,23,CA-KL + Candidate Greenlist + Weighted/WinMax,1,weighted_z_score,9.176699673195797,2.1589242204863397,True,1.622281395942362,True
2,230,CA-KL + Candidate Greenlist + Weighted/WinMax,1,weighted_z_score,9.424412805858703,2.2215741910279827,True,1.6098398019093245,True
5,231,CA-KL + Candidate Greenlist + Weighted/WinMax,1,weighted_z_score,11.134602975346962,2.224786848365201,True,1.687141010946033,True
5,232,CA-KL + Candidate Greenlist + Weighted/WinMax,1,weighted_z_score,10.216125621367595,2.224786848365201,True,1.687141010946033,True
2,233,CA-KL + Candidate Greenlist + Weighted/WinMax,1,weighted_z_score,10.419644195384356,2.2215741910279827,True,1.6098398019093245,True
1,234,CA-KL + Candidate Greenlist + Weighted/WinMax,1,weighted_z_score,6.625212506597351,2.1589242204863397,True,1.622281395942362,True
1,235,CA-KL + Candidate Greenlist + Weighted/WinMax,1,weighted_z_score,3.9543545729800647,2.1589242204863397,True,1.622281395942362,True
3,236,CA-KL + Candidate Greenlist + Weighted/WinMax,1,weighted_z_score,9.194009617683536,2.2282762558274176,True,1.801027872647659,True
1,237,CA-KL + Candidate Greenlist + Weighted/WinMax,1,weighted_z_score,6.416954444416284,2.1589242204863397,True,1.622281395942362,True
4,238,CA-KL + Candidate Greenlist + Weighted/WinMax,1,weighted_z_score,9.945177136089159,2.2282762558274176,True,1.621749431010188,True
4,239,CA-KL + Candidate Greenlist + Weighted/WinMax,1,weighted_z_score,4.4824160240888045,2.2282762558274176,True,1.621749431010188,True
1,24,CA-KL + Candidate Greenlist + Weighted/WinMax,1,weighted_z_score,10.209777109796292,2.1589242204863397,True,1.622281395942362,True
4,240,CA-KL + Candidate Greenlist + Weighted/WinMax,1,weighted_z_score,8.90552616528514,2.2282762558274176,True,1.621749431010188,True
1,241,CA-KL + Candidate Greenlist + Weighted/WinMax,1,weighted_z_score,10.528249899045719,2.1589242204863397,True,1.622281395942362,True
2,242,CA-KL + Candidate Greenlist + Weighted/WinMax,1,weighted_z_score,11.657586045801065,2.2215741910279827,True,1.6098398019093245,True
4,243,CA-KL + Candidate Greenlist + Weighted/WinMax,1,weighted_z_score,10.60909436467233,2.2282762558274176,True,1.621749431010188,True
5,244,CA-KL + Candidate Greenlist + Weighted/WinMax,1,weighted_z_score,8.38987696568656,2.224786848365201,True,1.687141010946033,True
2,245,CA-KL + Candidate Greenlist + Weighted/WinMax,1,weighted_z_score,9.17788669992973,2.2215741910279827,True,1.6098398019093245,True
2,246,CA-KL + Candidate Greenlist + Weighted/WinMax,1,weighted_z_score,9.787776996863903,2.2215741910279827,True,1.6098398019093245,True
3,247,CA-KL + Candidate Greenlist + Weighted/WinMax,1,weighted_z_score,5.647738863614196,2.2282762558274176,True,1.801027872647659,True
4,248,CA-KL + Candidate Greenlist + Weighted/WinMax,1,weighted_z_score,7.496552206834668,2.2282762558274176,True,1.621749431010188,True
4,249,CA-KL + Candidate Greenlist + Weighted/WinMax,1,weighted_z_score,9.815716365876899,2.2282762558274176,True,1.621749431010188,True
3,25,CA-KL + Candidate Greenlist + Weighted/WinMax,1,weighted_z_score,9.61661836574296,2.2282762558274176,True,1.801027872647659,True
1,250,CA-KL + Candidate Greenlist + Weighted/WinMax,1,weighted_z_score,9.67810098533215,2.1589242204863397,True,1.622281395942362,True
5,251,CA-KL + Candidate Greenlist + Weighted/WinMax,1,weighted_z_score,10.689025935361236,2.224786848365201,True,1.687141010946033,True
4,252,CA-KL + Candidate Greenlist + Weighted/WinMax,1,weighted_z_score,10.289359237435566,2.2282762558274176,True,1.621749431010188,True
3,253,CA-KL + Candidate Greenlist + Weighted/WinMax,1,weighted_z_score,10.36966353536917,2.2282762558274176,True,1.801027872647659,True
5,254,CA-KL + Candidate Greenlist + Weighted/WinMax,1,weighted_z_score,10.704248047086145,2.224786848365201,True,1.687141010946033,True
1,255,CA-KL + Candidate Greenlist + Weighted/WinMax,1,weighted_z_score,11.720112890964861,2.1589242204863397,True,1.622281395942362,True
3,256,CA-KL + Candidate Greenlist + Weighted/WinMax,1,weighted_z_score,8.303230729862001,2.2282762558274176,True,1.801027872647659,True
3,257,CA-KL + Candidate Greenlist + Weighted/WinMax,1,weighted_z_score,9.91992059464062,2.2282762558274176,True,1.801027872647659,True
1,258,CA-KL + Candidate Greenlist + Weighted/WinMax,1,weighted_z_score,10.155048907719333,2.1589242204863397,True,1.622281395942362,True
2,259,CA-KL + Candidate Greenlist + Weighted/WinMax,1,weighted_z_score,10.519609834357503,2.2215741910279827,True,1.6098398019093245,True
5,26,CA-KL + Candidate Greenlist + Weighted/WinMax,1,weighted_z_score,10.112012148428702,2.224786848365201,True,1.687141010946033,True
5,260,CA-KL + Candidate Greenlist + Weighted/WinMax,1,weighted_z_score,11.97610756991355,2.224786848365201,True,1.687141010946033,True
3,261,CA-KL + Candidate Greenlist + Weighted/WinMax,1,weighted_z_score,9.535351706643754,2.2282762558274176,True,1.801027872647659,True
3,262,CA-KL + Candidate Greenlist + Weighted/WinMax,1,weighted_z_score,6.468564393225195,2.2282762558274176,True,1.801027872647659,True
2,263,CA-KL + Candidate Greenlist + Weighted/WinMax,1,weighted_z_score,8.750120087765787,2.2215741910279827,True,1.6098398019093245,True
2,264,CA-KL + Candidate Greenlist + Weighted/WinMax,1,weighted_z_score,6.938327779285229,2.2215741910279827,True,1.6098398019093245,True
2,265,CA-KL + Candidate Greenlist + Weighted/WinMax,1,weighted_z_score,11.237976628311836,2.2215741910279827,True,1.6098398019093245,True
2,266,CA-KL + Candidate Greenlist + Weighted/WinMax,1,weighted_z_score,12.52078341503262,2.2215741910279827,True,1.6098398019093245,True
5,267,CA-KL + Candidate Greenlist + Weighted/WinMax,1,weighted_z_score,9.244452406416258,2.224786848365201,True,1.687141010946033,True
5,268,CA-KL + Candidate Greenlist + Weighted/WinMax,1,weighted_z_score,9.619902193615983,2.224786848365201,True,1.687141010946033,True
4,269,CA-KL + Candidate Greenlist + Weighted/WinMax,1,weighted_z_score,9.789466972818833,2.2282762558274176,True,1.621749431010188,True
3,27,CA-KL + Candidate Greenlist + Weighted/WinMax,1,weighted_z_score,8.716644627396112,2.2282762558274176,True,1.801027872647659,True
1,270,CA-KL + Candidate Greenlist + Weighted/WinMax,1,weighted_z_score,4.518228440428363,2.1589242204863397,True,1.622281395942362,True
5,271,CA-KL + Candidate Greenlist + Weighted/WinMax,1,weighted_z_score,10.447909504334172,2.224786848365201,True,1.687141010946033,True
1,272,CA-KL + Candidate Greenlist + Weighted/WinMax,1,weighted_z_score,10.871250073147179,2.1589242204863397,True,1.622281395942362,True
4,273,CA-KL + Candidate Greenlist + Weighted/WinMax,1,weighted_z_score,7.780763307638931,2.2282762558274176,True,1.621749431010188,True
5,274,CA-KL + Candidate Greenlist + Weighted/WinMax,1,weighted_z_score,9.530668353165732,2.224786848365201,True,1.687141010946033,True
2,275,CA-KL + Candidate Greenlist + Weighted/WinMax,1,weighted_z_score,9.677772683471822,2.2215741910279827,True,1.6098398019093245,True
5,276,CA-KL + Candidate Greenlist + Weighted/WinMax,1,weighted_z_score,10.186325903691055,2.224786848365201,True,1.687141010946033,True
1,277,CA-KL + Candidate Greenlist + Weighted/WinMax,1,weighted_z_score,9.941674902223587,2.1589242204863397,True,1.622281395942362,True
5,278,CA-KL + Candidate Greenlist + Weighted/WinMax,1,weighted_z_score,10.663545319003354,2.224786848365201,True,1.687141010946033,True
1,279,CA-KL + Candidate Greenlist + Weighted/WinMax,1,weighted_z_score,8.823880458990361,2.1589242204863397,True,1.622281395942362,True
5,28,CA-KL + Candidate Greenlist + Weighted/WinMax,1,weighted_z_score,10.752963209605882,2.224786848365201,True,1.687141010946033,True
1,280,CA-KL + Candidate Greenlist + Weighted/WinMax,1,weighted_z_score,9.12930429513709,2.1589242204863397,True,1.622281395942362,True
5,281,CA-KL + Candidate Greenlist + Weighted/WinMax,1,weighted_z_score,10.52649914555782,2.224786848365201,True,1.687141010946033,True
2,282,CA-KL + Candidate Greenlist + Weighted/WinMax,1,weighted_z_score,6.302683040703923,2.2215741910279827,True,1.6098398019093245,True
5,283,CA-KL + Candidate Greenlist + Weighted/WinMax,1,weighted_z_score,5.808424542082536,2.224786848365201,True,1.687141010946033,True
4,284,CA-KL + Candidate Greenlist + Weighted/WinMax,1,weighted_z_score,11.069603887197035,2.2282762558274176,True,1.621749431010188,True
5,285,CA-KL + Candidate Greenlist + Weighted/WinMax,1,weighted_z_score,9.641425072014105,2.224786848365201,True,1.687141010946033,True
2,286,CA-KL + Candidate Greenlist + Weighted/WinMax,1,weighted_z_score,11.007948061628106,2.2215741910279827,True,1.6098398019093245,True
1,287,CA-KL + Candidate Greenlist + Weighted/WinMax,1,weighted_z_score,8.341183777482057,2.1589242204863397,True,1.622281395942362,True
3,288,CA-KL + Candidate Greenlist + Weighted/WinMax,1,weighted_z_score,9.566249523009425,2.2282762558274176,True,1.801027872647659,True
1,289,CA-KL + Candidate Greenlist + Weighted/WinMax,1,weighted_z_score,7.853329765372104,2.1589242204863397,True,1.622281395942362,True
4,29,CA-KL + Candidate Greenlist + Weighted/WinMax,1,weighted_z_score,10.985663392817157,2.2282762558274176,True,1.621749431010188,True
4,290,CA-KL + Candidate Greenlist + Weighted/WinMax,1,weighted_z_score,10.785731282804386,2.2282762558274176,True,1.621749431010188,True
3,291,CA-KL + Candidate Greenlist + Weighted/WinMax,1,weighted_z_score,10.855681830860004,2.2282762558274176,True,1.801027872647659,True
2,292,CA-KL + Candidate Greenlist + Weighted/WinMax,1,weighted_z_score,9.265430354601094,2.2215741910279827,True,1.6098398019093245,True
4,293,CA-KL + Candidate Greenlist + Weighted/WinMax,1,weighted_z_score,8.526073812967812,2.2282762558274176,True,1.621749431010188,True
3,294,CA-KL + Candidate Greenlist + Weighted/WinMax,1,weighted_z_score,10.022519788559615,2.2282762558274176,True,1.801027872647659,True
2,295,CA-KL + Candidate Greenlist + Weighted/WinMax,1,weighted_z_score,10.978831523353186,2.2215741910279827,True,1.6098398019093245,True
5,296,CA-KL + Candidate Greenlist + Weighted/WinMax,1,weighted_z_score,10.853485528880503,2.224786848365201,True,1.687141010946033,True
3,297,CA-KL + Candidate Greenlist + Weighted/WinMax,1,weighted_z_score,9.225800254513839,2.2282762558274176,True,1.801027872647659,True
5,298,CA-KL + Candidate Greenlist + Weighted/WinMax,1,weighted_z_score,9.560676348751727,2.224786848365201,True,1.687141010946033,True
1,299,CA-KL + Candidate Greenlist + Weighted/WinMax,1,weighted_z_score,6.8513884870919695,2.1589242204863397,True,1.622281395942362,True
5,3,CA-KL + Candidate Greenlist + Weighted/WinMax,1,weighted_z_score,10.047428369496332,2.224786848365201,True,1.687141010946033,True
1,30,CA-KL + Candidate Greenlist + Weighted/WinMax,1,weighted_z_score,8.21211692245795,2.1589242204863397,True,1.622281395942362,True
2,300,CA-KL + Candidate Greenlist + Weighted/WinMax,1,weighted_z_score,10.168274753380656,2.2215741910279827,True,1.6098398019093245,True
3,301,CA-KL + Candidate Greenlist + Weighted/WinMax,1,weighted_z_score,4.1660727295448154,2.2282762558274176,True,1.801027872647659,True
4,302,CA-KL + Candidate Greenlist + Weighted/WinMax,1,weighted_z_score,6.9132113286762715,2.2282762558274176,True,1.621749431010188,True
4,303,CA-KL + Candidate Greenlist + Weighted/WinMax,1,weighted_z_score,8.545315233670722,2.2282762558274176,True,1.621749431010188,True
3,304,CA-KL + Candidate Greenlist + Weighted/WinMax,1,weighted_z_score,8.744921257925943,2.2282762558274176,True,1.801027872647659,True
5,305,CA-KL + Candidate Greenlist + Weighted/WinMax,1,weighted_z_score,9.967354687650777,2.224786848365201,True,1.687141010946033,True
1,306,CA-KL + Candidate Greenlist + Weighted/WinMax,1,weighted_z_score,10.05515617967068,2.1589242204863397,True,1.622281395942362,True
2,307,CA-KL + Candidate Greenlist + Weighted/WinMax,1,weighted_z_score,13.018931413286557,2.2215741910279827,True,1.6098398019093245,True
1,308,CA-KL + Candidate Greenlist + Weighted/WinMax,1,weighted_z_score,10.172286191158248,2.1589242204863397,True,1.622281395942362,True
2,309,CA-KL + Candidate Greenlist + Weighted/WinMax,1,weighted_z_score,11.56868391320036,2.2215741910279827,True,1.6098398019093245,True
2,31,CA-KL + Candidate Greenlist + Weighted/WinMax,1,weighted_z_score,9.97026998093605,2.2215741910279827,True,1.6098398019093245,True
5,310,CA-KL + Candidate Greenlist + Weighted/WinMax,1,weighted_z_score,10.023138056544616,2.224786848365201,True,1.687141010946033,True
4,311,CA-KL + Candidate Greenlist + Weighted/WinMax,1,weighted_z_score,9.582416427806452,2.2282762558274176,True,1.621749431010188,True
2,312,CA-KL + Candidate Greenlist + Weighted/WinMax,1,weighted_z_score,9.201225162618542,2.2215741910279827,True,1.6098398019093245,True
2,313,CA-KL + Candidate Greenlist + Weighted/WinMax,1,weighted_z_score,7.89305649316511,2.2215741910279827,True,1.6098398019093245,True
1,314,CA-KL + Candidate Greenlist + Weighted/WinMax,1,weighted_z_score,8.032813433507183,2.1589242204863397,True,1.622281395942362,True
1,315,CA-KL + Candidate Greenlist + Weighted/WinMax,1,weighted_z_score,6.649819498148264,2.1589242204863397,True,1.622281395942362,True
3,316,CA-KL + Candidate Greenlist + Weighted/WinMax,1,weighted_z_score,11.189813031585127,2.2282762558274176,True,1.801027872647659,True
1,317,CA-KL + Candidate Greenlist + Weighted/WinMax,1,weighted_z_score,10.871100298706201,2.1589242204863397,True,1.622281395942362,True
5,318,CA-KL + Candidate Greenlist + Weighted/WinMax,1,weighted_z_score,8.363043713715678,2.224786848365201,True,1.687141010946033,True
4,319,CA-KL + Candidate Greenlist + Weighted/WinMax,1,weighted_z_score,9.670873765944767,2.2282762558274176,True,1.621749431010188,True
1,32,CA-KL + Candidate Greenlist + Weighted/WinMax,1,weighted_z_score,5.433272983440423,2.1589242204863397,True,1.622281395942362,True
3,320,CA-KL + Candidate Greenlist + Weighted/WinMax,1,weighted_z_score,10.794038786764384,2.2282762558274176,True,1.801027872647659,True
4,321,CA-KL + Candidate Greenlist + Weighted/WinMax,1,weighted_z_score,9.445291689767483,2.2282762558274176,True,1.621749431010188,True
2,322,CA-KL + Candidate Greenlist + Weighted/WinMax,1,weighted_z_score,12.609580457673648,2.2215741910279827,True,1.6098398019093245,True
3,323,CA-KL + Candidate Greenlist + Weighted/WinMax,1,weighted_z_score,10.173555805880005,2.2282762558274176,True,1.801027872647659,True
4,324,CA-KL + Candidate Greenlist + Weighted/WinMax,1,weighted_z_score,12.571712266316949,2.2282762558274176,True,1.621749431010188,True
2,325,CA-KL + Candidate Greenlist + Weighted/WinMax,1,weighted_z_score,11.813393896351084,2.2215741910279827,True,1.6098398019093245,True
4,326,CA-KL + Candidate Greenlist + Weighted/WinMax,1,weighted_z_score,7.868920017905006,2.2282762558274176,True,1.621749431010188,True
4,327,CA-KL + Candidate Greenlist + Weighted/WinMax,1,weighted_z_score,9.565507755260862,2.2282762558274176,True,1.621749431010188,True
4,328,CA-KL + Candidate Greenlist + Weighted/WinMax,1,weighted_z_score,9.465980085673442,2.2282762558274176,True,1.621749431010188,True
5,329,CA-KL + Candidate Greenlist + Weighted/WinMax,1,weighted_z_score,9.764134872833411,2.224786848365201,True,1.687141010946033,True
4,33,CA-KL + Candidate Greenlist + Weighted/WinMax,1,weighted_z_score,9.110291938161602,2.2282762558274176,True,1.621749431010188,True
4,330,CA-KL + Candidate Greenlist + Weighted/WinMax,1,weighted_z_score,10.5745281007601,2.2282762558274176,True,1.621749431010188,True
4,331,CA-KL + Candidate Greenlist + Weighted/WinMax,1,weighted_z_score,5.780433890696171,2.2282762558274176,True,1.621749431010188,True
4,332,CA-KL + Candidate Greenlist + Weighted/WinMax,1,weighted_z_score,7.871809468590279,2.2282762558274176,True,1.621749431010188,True
2,333,CA-KL + Candidate Greenlist + Weighted/WinMax,1,weighted_z_score,5.390484148557893,2.2215741910279827,True,1.6098398019093245,True
4,334,CA-KL + Candidate Greenlist + Weighted/WinMax,1,weighted_z_score,10.034253066373333,2.2282762558274176,True,1.621749431010188,True
1,335,CA-KL + Candidate Greenlist + Weighted/WinMax,1,weighted_z_score,9.256581143846244,2.1589242204863397,True,1.622281395942362,True
2,336,CA-KL + Candidate Greenlist + Weighted/WinMax,1,weighted_z_score,10.287002293094194,2.2215741910279827,True,1.6098398019093245,True
2,337,CA-KL + Candidate Greenlist + Weighted/WinMax,1,weighted_z_score,10.355682913197386,2.2215741910279827,True,1.6098398019093245,True
3,338,CA-KL + Candidate Greenlist + Weighted/WinMax,1,weighted_z_score,10.874104097262345,2.2282762558274176,True,1.801027872647659,True
5,339,CA-KL + Candidate Greenlist + Weighted/WinMax,1,weighted_z_score,11.610134448287182,2.224786848365201,True,1.687141010946033,True
1,34,CA-KL + Candidate Greenlist + Weighted/WinMax,1,weighted_z_score,8.919841889994435,2.1589242204863397,True,1.622281395942362,True
4,340,CA-KL + Candidate Greenlist + Weighted/WinMax,1,weighted_z_score,10.798538784585979,2.2282762558274176,True,1.621749431010188,True
3,341,CA-KL + Candidate Greenlist + Weighted/WinMax,1,weighted_z_score,9.07517560053471,2.2282762558274176,True,1.801027872647659,True
3,342,CA-KL + Candidate Greenlist + Weighted/WinMax,1,weighted_z_score,4.965919088097668,2.2282762558274176,True,1.801027872647659,True
5,343,CA-KL + Candidate Greenlist + Weighted/WinMax,1,weighted_z_score,6.66786009451161,2.224786848365201,True,1.687141010946033,True
5,344,CA-KL + Candidate Greenlist + Weighted/WinMax,1,weighted_z_score,10.596669013111121,2.224786848365201,True,1.687141010946033,True
2,345,CA-KL + Candidate Greenlist + Weighted/WinMax,1,weighted_z_score,8.595368452719068,2.2215741910279827,True,1.6098398019093245,True
3,346,CA-KL + Candidate Greenlist + Weighted/WinMax,1,weighted_z_score,8.901690711837034,2.2282762558274176,True,1.801027872647659,True
5,347,CA-KL + Candidate Greenlist + Weighted/WinMax,1,weighted_z_score,11.050706869948375,2.224786848365201,True,1.687141010946033,True
1,348,CA-KL + Candidate Greenlist + Weighted/WinMax,1,weighted_z_score,9.889965530559877,2.1589242204863397,True,1.622281395942362,True
3,349,CA-KL + Candidate Greenlist + Weighted/WinMax,1,weighted_z_score,6.250338858898182,2.2282762558274176,True,1.801027872647659,True
1,35,CA-KL + Candidate Greenlist + Weighted/WinMax,1,weighted_z_score,7.078817096124048,2.1589242204863397,True,1.622281395942362,True
1,350,CA-KL + Candidate Greenlist + Weighted/WinMax,1,weighted_z_score,6.933239267568163,2.1589242204863397,True,1.622281395942362,True
3,351,CA-KL + Candidate Greenlist + Weighted/WinMax,1,weighted_z_score,9.18825013131544,2.2282762558274176,True,1.801027872647659,True
4,352,CA-KL + Candidate Greenlist + Weighted/WinMax,1,weighted_z_score,8.20038914461926,2.2282762558274176,True,1.621749431010188,True
2,353,CA-KL + Candidate Greenlist + Weighted/WinMax,1,weighted_z_score,8.8116285601677,2.2215741910279827,True,1.6098398019093245,True
3,354,CA-KL + Candidate Greenlist + Weighted/WinMax,1,weighted_z_score,5.7453499682940565,2.2282762558274176,True,1.801027872647659,True
2,355,CA-KL + Candidate Greenlist + Weighted/WinMax,1,weighted_z_score,10.653299990029101,2.2215741910279827,True,1.6098398019093245,True
1,356,CA-KL + Candidate Greenlist + Weighted/WinMax,1,weighted_z_score,8.167958680848797,2.1589242204863397,True,1.622281395942362,True
5,357,CA-KL + Candidate Greenlist + Weighted/WinMax,1,weighted_z_score,8.356391163202382,2.224786848365201,True,1.687141010946033,True
1,358,CA-KL + Candidate Greenlist + Weighted/WinMax,1,weighted_z_score,10.094574495018266,2.1589242204863397,True,1.622281395942362,True
2,359,CA-KL + Candidate Greenlist + Weighted/WinMax,1,weighted_z_score,2.972665231344999,2.2215741910279827,True,1.6098398019093245,True
3,36,CA-KL + Candidate Greenlist + Weighted/WinMax,1,weighted_z_score,2.7316070199288602,2.2282762558274176,True,1.801027872647659,True
5,360,CA-KL + Candidate Greenlist + Weighted/WinMax,1,weighted_z_score,8.376023001332118,2.224786848365201,True,1.687141010946033,True
3,361,CA-KL + Candidate Greenlist + Weighted/WinMax,1,weighted_z_score,8.802508163181493,2.2282762558274176,True,1.801027872647659,True
4,362,CA-KL + Candidate Greenlist + Weighted/WinMax,1,weighted_z_score,8.623823392682558,2.2282762558274176,True,1.621749431010188,True
5,363,CA-KL + Candidate Greenlist + Weighted/WinMax,1,weighted_z_score,8.142783869457377,2.224786848365201,True,1.687141010946033,True
3,364,CA-KL + Candidate Greenlist + Weighted/WinMax,1,weighted_z_score,10.225910578264832,2.2282762558274176,True,1.801027872647659,True
3,365,CA-KL + Candidate Greenlist + Weighted/WinMax,1,weighted_z_score,3.3021266535873055,2.2282762558274176,True,1.801027872647659,True
1,366,CA-KL + Candidate Greenlist + Weighted/WinMax,1,weighted_z_score,8.844310375375079,2.1589242204863397,True,1.622281395942362,True
2,367,CA-KL + Candidate Greenlist + Weighted/WinMax,1,weighted_z_score,10.324173065891141,2.2215741910279827,True,1.6098398019093245,True
5,368,CA-KL + Candidate Greenlist + Weighted/WinMax,1,weighted_z_score,9.896463362736165,2.224786848365201,True,1.687141010946033,True
3,369,CA-KL + Candidate Greenlist + Weighted/WinMax,1,weighted_z_score,9.009187675903013,2.2282762558274176,True,1.801027872647659,True
5,37,CA-KL + Candidate Greenlist + Weighted/WinMax,1,weighted_z_score,7.154977666421294,2.224786848365201,True,1.687141010946033,True
2,370,CA-KL + Candidate Greenlist + Weighted/WinMax,1,weighted_z_score,10.382315593568558,2.2215741910279827,True,1.6098398019093245,True
4,371,CA-KL + Candidate Greenlist + Weighted/WinMax,1,weighted_z_score,9.120491782624127,2.2282762558274176,True,1.621749431010188,True
4,372,CA-KL + Candidate Greenlist + Weighted/WinMax,1,weighted_z_score,5.376909656981524,2.2282762558274176,True,1.621749431010188,True
2,373,CA-KL + Candidate Greenlist + Weighted/WinMax,1,weighted_z_score,11.26790716517908,2.2215741910279827,True,1.6098398019093245,True
4,374,CA-KL + Candidate Greenlist + Weighted/WinMax,1,weighted_z_score,11.367894381325323,2.2282762558274176,True,1.621749431010188,True
1,375,CA-KL + Candidate Greenlist + Weighted/WinMax,1,weighted_z_score,9.884737882272875,2.1589242204863397,True,1.622281395942362,True
5,376,CA-KL + Candidate Greenlist + Weighted/WinMax,1,weighted_z_score,9.22600597496323,2.224786848365201,True,1.687141010946033,True
3,377,CA-KL + Candidate Greenlist + Weighted/WinMax,1,weighted_z_score,7.07006558568588,2.2282762558274176,True,1.801027872647659,True
3,378,CA-KL + Candidate Greenlist + Weighted/WinMax,1,weighted_z_score,4.269816846698763,2.2282762558274176,True,1.801027872647659,True
4,379,CA-KL + Candidate Greenlist + Weighted/WinMax,1,weighted_z_score,10.706481717710231,2.2282762558274176,True,1.621749431010188,True
4,38,CA-KL + Candidate Greenlist + Weighted/WinMax,1,weighted_z_score,7.793772076419905,2.2282762558274176,True,1.621749431010188,True
1,380,CA-KL + Candidate Greenlist + Weighted/WinMax,1,weighted_z_score,10.024028866380284,2.1589242204863397,True,1.622281395942362,True
2,381,CA-KL + Candidate Greenlist + Weighted/WinMax,1,weighted_z_score,8.786491305923267,2.2215741910279827,True,1.6098398019093245,True
4,382,CA-KL + Candidate Greenlist + Weighted/WinMax,1,weighted_z_score,10.650310677757918,2.2282762558274176,True,1.621749431010188,True
3,383,CA-KL + Candidate Greenlist + Weighted/WinMax,1,weighted_z_score,9.914667891075634,2.2282762558274176,True,1.801027872647659,True
2,384,CA-KL + Candidate Greenlist + Weighted/WinMax,1,weighted_z_score,8.462211052172819,2.2215741910279827,True,1.6098398019093245,True
3,385,CA-KL + Candidate Greenlist + Weighted/WinMax,1,weighted_z_score,10.26847213953718,2.2282762558274176,True,1.801027872647659,True
2,386,CA-KL + Candidate Greenlist + Weighted/WinMax,1,weighted_z_score,9.682979617672434,2.2215741910279827,True,1.6098398019093245,True
5,387,CA-KL + Candidate Greenlist + Weighted/WinMax,1,weighted_z_score,10.923353976073448,2.224786848365201,True,1.687141010946033,True
4,388,CA-KL + Candidate Greenlist + Weighted/WinMax,1,weighted_z_score,8.258161280629746,2.2282762558274176,True,1.621749431010188,True
2,389,CA-KL + Candidate Greenlist + Weighted/WinMax,1,weighted_z_score,12.158270432265349,2.2215741910279827,True,1.6098398019093245,True
4,39,CA-KL + Candidate Greenlist + Weighted/WinMax,1,weighted_z_score,4.457836417499671,2.2282762558274176,True,1.621749431010188,True
2,390,CA-KL + Candidate Greenlist + Weighted/WinMax,1,weighted_z_score,10.306647155262718,2.2215741910279827,True,1.6098398019093245,True
4,391,CA-KL + Candidate Greenlist + Weighted/WinMax,1,weighted_z_score,8.40486289408796,2.2282762558274176,True,1.621749431010188,True
5,392,CA-KL + Candidate Greenlist + Weighted/WinMax,1,weighted_z_score,8.629255805760119,2.224786848365201,True,1.687141010946033,True
3,393,CA-KL + Candidate Greenlist + Weighted/WinMax,1,weighted_z_score,10.229888681106816,2.2282762558274176,True,1.801027872647659,True
2,394,CA-KL + Candidate Greenlist + Weighted/WinMax,1,weighted_z_score,9.611403326555411,2.2215741910279827,True,1.6098398019093245,True
3,395,CA-KL + Candidate Greenlist + Weighted/WinMax,1,weighted_z_score,7.639896159208001,2.2282762558274176,True,1.801027872647659,True
5,396,CA-KL + Candidate Greenlist + Weighted/WinMax,1,weighted_z_score,9.716158979586387,2.224786848365201,True,1.687141010946033,True
5,397,CA-KL + Candidate Greenlist + Weighted/WinMax,1,weighted_z_score,6.843623892263769,2.224786848365201,True,1.687141010946033,True
1,398,CA-KL + Candidate Greenlist + Weighted/WinMax,1,weighted_z_score,8.284517413371448,2.1589242204863397,True,1.622281395942362,True
1,399,CA-KL + Candidate Greenlist + Weighted/WinMax,1,weighted_z_score,5.8677705631871975,2.1589242204863397,True,1.622281395942362,True
1,4,CA-KL + Candidate Greenlist + Weighted/WinMax,1,weighted_z_score,11.268228688670671,2.1589242204863397,True,1.622281395942362,True
3,40,CA-KL + Candidate Greenlist + Weighted/WinMax,1,weighted_z_score,5.947142128234972,2.2282762558274176,True,1.801027872647659,True
3,400,CA-KL + Candidate Greenlist + Weighted/WinMax,1,weighted_z_score,9.92147570070228,2.2282762558274176,True,1.801027872647659,True
5,401,CA-KL + Candidate Greenlist + Weighted/WinMax,1,weighted_z_score,9.49656925078894,2.224786848365201,True,1.687141010946033,True
2,402,CA-KL + Candidate Greenlist + Weighted/WinMax,1,weighted_z_score,9.872995231401385,2.2215741910279827,True,1.6098398019093245,True
1,403,CA-KL + Candidate Greenlist + Weighted/WinMax,1,weighted_z_score,9.423436953754669,2.1589242204863397,True,1.622281395942362,True
1,404,CA-KL + Candidate Greenlist + Weighted/WinMax,1,weighted_z_score,10.651681555842943,2.1589242204863397,True,1.622281395942362,True
4,405,CA-KL + Candidate Greenlist + Weighted/WinMax,1,weighted_z_score,9.081629559290818,2.2282762558274176,True,1.621749431010188,True
4,406,CA-KL + Candidate Greenlist + Weighted/WinMax,1,weighted_z_score,7.702105373491006,2.2282762558274176,True,1.621749431010188,True
5,407,CA-KL + Candidate Greenlist + Weighted/WinMax,1,weighted_z_score,8.601264959175726,2.224786848365201,True,1.687141010946033,True
3,408,CA-KL + Candidate Greenlist + Weighted/WinMax,1,weighted_z_score,9.80429620576465,2.2282762558274176,True,1.801027872647659,True
2,409,CA-KL + Candidate Greenlist + Weighted/WinMax,1,weighted_z_score,9.079329889335632,2.2215741910279827,True,1.6098398019093245,True
4,41,CA-KL + Candidate Greenlist + Weighted/WinMax,1,weighted_z_score,10.535300579689594,2.2282762558274176,True,1.621749431010188,True
4,410,CA-KL + Candidate Greenlist + Weighted/WinMax,1,weighted_z_score,9.609733553433706,2.2282762558274176,True,1.621749431010188,True
4,411,CA-KL + Candidate Greenlist + Weighted/WinMax,1,weighted_z_score,7.276635610748547,2.2282762558274176,True,1.621749431010188,True
4,412,CA-KL + Candidate Greenlist + Weighted/WinMax,1,weighted_z_score,10.0419030689485,2.2282762558274176,True,1.621749431010188,True
5,413,CA-KL + Candidate Greenlist + Weighted/WinMax,1,weighted_z_score,5.174243405269045,2.224786848365201,True,1.687141010946033,True
2,414,CA-KL + Candidate Greenlist + Weighted/WinMax,1,weighted_z_score,7.24266219242629,2.2215741910279827,True,1.6098398019093245,True
2,415,CA-KL + Candidate Greenlist + Weighted/WinMax,1,weighted_z_score,9.128637350183086,2.2215741910279827,True,1.6098398019093245,True
1,416,CA-KL + Candidate Greenlist + Weighted/WinMax,1,weighted_z_score,12.328748486839135,2.1589242204863397,True,1.622281395942362,True
5,417,CA-KL + Candidate Greenlist + Weighted/WinMax,1,weighted_z_score,9.887702190648149,2.224786848365201,True,1.687141010946033,True
2,418,CA-KL + Candidate Greenlist + Weighted/WinMax,1,weighted_z_score,10.737133941130208,2.2215741910279827,True,1.6098398019093245,True
5,419,CA-KL + Candidate Greenlist + Weighted/WinMax,1,weighted_z_score,9.229991589452153,2.224786848365201,True,1.687141010946033,True
1,42,CA-KL + Candidate Greenlist + Weighted/WinMax,1,weighted_z_score,9.06400934909144,2.1589242204863397,True,1.622281395942362,True
4,420,CA-KL + Candidate Greenlist + Weighted/WinMax,1,weighted_z_score,10.413331873082413,2.2282762558274176,True,1.621749431010188,True
4,421,CA-KL + Candidate Greenlist + Weighted/WinMax,1,weighted_z_score,9.979652375210678,2.2282762558274176,True,1.621749431010188,True
3,422,CA-KL + Candidate Greenlist + Weighted/WinMax,1,weighted_z_score,11.932871072557395,2.2282762558274176,True,1.801027872647659,True
2,423,CA-KL + Candidate Greenlist + Weighted/WinMax,1,weighted_z_score,11.111054227653542,2.2215741910279827,True,1.6098398019093245,True
3,424,CA-KL + Candidate Greenlist + Weighted/WinMax,1,weighted_z_score,7.931713211104974,2.2282762558274176,True,1.801027872647659,True
3,425,CA-KL + Candidate Greenlist + Weighted/WinMax,1,weighted_z_score,8.686962576927257,2.2282762558274176,True,1.801027872647659,True
2,426,CA-KL + Candidate Greenlist + Weighted/WinMax,1,weighted_z_score,11.313003687227463,2.2215741910279827,True,1.6098398019093245,True
5,427,CA-KL + Candidate Greenlist + Weighted/WinMax,1,weighted_z_score,8.185990426638615,2.224786848365201,True,1.687141010946033,True
3,428,CA-KL + Candidate Greenlist + Weighted/WinMax,1,weighted_z_score,8.723940571704805,2.2282762558274176,True,1.801027872647659,True
5,429,CA-KL + Candidate Greenlist + Weighted/WinMax,1,weighted_z_score,9.414013617882544,2.224786848365201,True,1.687141010946033,True
5,43,CA-KL + Candidate Greenlist + Weighted/WinMax,1,weighted_z_score,8.05446660059769,2.224786848365201,True,1.687141010946033,True
3,430,CA-KL + Candidate Greenlist + Weighted/WinMax,1,weighted_z_score,9.795859140026705,2.2282762558274176,True,1.801027872647659,True
1,431,CA-KL + Candidate Greenlist + Weighted/WinMax,1,weighted_z_score,10.004759254728448,2.1589242204863397,True,1.622281395942362,True
1,432,CA-KL + Candidate Greenlist + Weighted/WinMax,1,weighted_z_score,8.406641311561387,2.1589242204863397,True,1.622281395942362,True
5,433,CA-KL + Candidate Greenlist + Weighted/WinMax,1,weighted_z_score,10.8835339286969,2.224786848365201,True,1.687141010946033,True
1,434,CA-KL + Candidate Greenlist + Weighted/WinMax,1,weighted_z_score,10.831701512218164,2.1589242204863397,True,1.622281395942362,True
5,435,CA-KL + Candidate Greenlist + Weighted/WinMax,1,weighted_z_score,10.682081713070074,2.224786848365201,True,1.687141010946033,True
5,436,CA-KL + Candidate Greenlist + Weighted/WinMax,1,weighted_z_score,10.911993953393237,2.224786848365201,True,1.687141010946033,True
4,437,CA-KL + Candidate Greenlist + Weighted/WinMax,1,weighted_z_score,0.6272583194183963,2.2282762558274176,False,1.621749431010188,False
1,438,CA-KL + Candidate Greenlist + Weighted/WinMax,1,weighted_z_score,9.2105525589062,2.1589242204863397,True,1.622281395942362,True
5,439,CA-KL + Candidate Greenlist + Weighted/WinMax,1,weighted_z_score,8.770503650622485,2.224786848365201,True,1.687141010946033,True
5,44,CA-KL + Candidate Greenlist + Weighted/WinMax,1,weighted_z_score,9.070203731302644,2.224786848365201,True,1.687141010946033,True
4,440,CA-KL + Candidate Greenlist + Weighted/WinMax,1,weighted_z_score,8.227633904842724,2.2282762558274176,True,1.621749431010188,True
3,441,CA-KL + Candidate Greenlist + Weighted/WinMax,1,weighted_z_score,10.011621943563213,2.2282762558274176,True,1.801027872647659,True
2,442,CA-KL + Candidate Greenlist + Weighted/WinMax,1,weighted_z_score,9.525725227120688,2.2215741910279827,True,1.6098398019093245,True
3,443,CA-KL + Candidate Greenlist + Weighted/WinMax,1,weighted_z_score,12.101789959581602,2.2282762558274176,True,1.801027872647659,True
4,444,CA-KL + Candidate Greenlist + Weighted/WinMax,1,weighted_z_score,9.91886569989549,2.2282762558274176,True,1.621749431010188,True
1,445,CA-KL + Candidate Greenlist + Weighted/WinMax,1,weighted_z_score,4.5313059031435134,2.1589242204863397,True,1.622281395942362,True
4,446,CA-KL + Candidate Greenlist + Weighted/WinMax,1,weighted_z_score,11.001893423372927,2.2282762558274176,True,1.621749431010188,True
4,447,CA-KL + Candidate Greenlist + Weighted/WinMax,1,weighted_z_score,10.06875731302176,2.2282762558274176,True,1.621749431010188,True
4,448,CA-KL + Candidate Greenlist + Weighted/WinMax,1,weighted_z_score,11.14256385858612,2.2282762558274176,True,1.621749431010188,True
5,449,CA-KL + Candidate Greenlist + Weighted/WinMax,1,weighted_z_score,10.19257600399577,2.224786848365201,True,1.687141010946033,True
5,45,CA-KL + Candidate Greenlist + Weighted/WinMax,1,weighted_z_score,6.679030401967501,2.224786848365201,True,1.687141010946033,True
3,450,CA-KL + Candidate Greenlist + Weighted/WinMax,1,weighted_z_score,11.156279856982447,2.2282762558274176,True,1.801027872647659,True
5,451,CA-KL + Candidate Greenlist + Weighted/WinMax,1,weighted_z_score,10.212419980236348,2.224786848365201,True,1.687141010946033,True
4,452,CA-KL + Candidate Greenlist + Weighted/WinMax,1,weighted_z_score,10.698196108092523,2.2282762558274176,True,1.621749431010188,True
2,453,CA-KL + Candidate Greenlist + Weighted/WinMax,1,weighted_z_score,5.570328350307542,2.2215741910279827,True,1.6098398019093245,True
1,454,CA-KL + Candidate Greenlist + Weighted/WinMax,1,weighted_z_score,8.664437226076858,2.1589242204863397,True,1.622281395942362,True
2,455,CA-KL + Candidate Greenlist + Weighted/WinMax,1,weighted_z_score,10.469440189596806,2.2215741910279827,True,1.6098398019093245,True
5,456,CA-KL + Candidate Greenlist + Weighted/WinMax,1,weighted_z_score,9.645079864473892,2.224786848365201,True,1.687141010946033,True
3,457,CA-KL + Candidate Greenlist + Weighted/WinMax,1,weighted_z_score,8.736233445945917,2.2282762558274176,True,1.801027872647659,True
4,458,CA-KL + Candidate Greenlist + Weighted/WinMax,1,weighted_z_score,9.032113914223135,2.2282762558274176,True,1.621749431010188,True
2,459,CA-KL + Candidate Greenlist + Weighted/WinMax,1,weighted_z_score,10.886726084681335,2.2215741910279827,True,1.6098398019093245,True
5,46,CA-KL + Candidate Greenlist + Weighted/WinMax,1,weighted_z_score,8.734467579218755,2.224786848365201,True,1.687141010946033,True
4,460,CA-KL + Candidate Greenlist + Weighted/WinMax,1,weighted_z_score,8.461698610085037,2.2282762558274176,True,1.621749431010188,True
2,461,CA-KL + Candidate Greenlist + Weighted/WinMax,1,weighted_z_score,9.435283212604112,2.2215741910279827,True,1.6098398019093245,True
4,462,CA-KL + Candidate Greenlist + Weighted/WinMax,1,weighted_z_score,4.078299080190039,2.2282762558274176,True,1.621749431010188,True
5,463,CA-KL + Candidate Greenlist + Weighted/WinMax,1,weighted_z_score,9.26751500767152,2.224786848365201,True,1.687141010946033,True
1,464,CA-KL + Candidate Greenlist + Weighted/WinMax,1,weighted_z_score,10.027183696476419,2.1589242204863397,True,1.622281395942362,True
2,465,CA-KL + Candidate Greenlist + Weighted/WinMax,1,weighted_z_score,8.323096292796272,2.2215741910279827,True,1.6098398019093245,True
1,466,CA-KL + Candidate Greenlist + Weighted/WinMax,1,weighted_z_score,6.902468272612696,2.1589242204863397,True,1.622281395942362,True
4,467,CA-KL + Candidate Greenlist + Weighted/WinMax,1,weighted_z_score,10.194916013603375,2.2282762558274176,True,1.621749431010188,True
4,468,CA-KL + Candidate Greenlist + Weighted/WinMax,1,weighted_z_score,8.851465813581733,2.2282762558274176,True,1.621749431010188,True
5,469,CA-KL + Candidate Greenlist + Weighted/WinMax,1,weighted_z_score,6.58538612259636,2.224786848365201,True,1.687141010946033,True
1,47,CA-KL + Candidate Greenlist + Weighted/WinMax,1,weighted_z_score,8.966572033522091,2.1589242204863397,True,1.622281395942362,True
1,470,CA-KL + Candidate Greenlist + Weighted/WinMax,1,weighted_z_score,10.16898229913532,2.1589242204863397,True,1.622281395942362,True
1,471,CA-KL + Candidate Greenlist + Weighted/WinMax,1,weighted_z_score,7.717464917596387,2.1589242204863397,True,1.622281395942362,True
5,472,CA-KL + Candidate Greenlist + Weighted/WinMax,1,weighted_z_score,7.270931298362783,2.224786848365201,True,1.687141010946033,True
5,473,CA-KL + Candidate Greenlist + Weighted/WinMax,1,weighted_z_score,8.11681357673717,2.224786848365201,True,1.687141010946033,True
2,474,CA-KL + Candidate Greenlist + Weighted/WinMax,1,weighted_z_score,7.853929004391566,2.2215741910279827,True,1.6098398019093245,True
2,475,CA-KL + Candidate Greenlist + Weighted/WinMax,1,weighted_z_score,8.583905498042096,2.2215741910279827,True,1.6098398019093245,True
4,476,CA-KL + Candidate Greenlist + Weighted/WinMax,1,weighted_z_score,6.944416595929184,2.2282762558274176,True,1.621749431010188,True
4,477,CA-KL + Candidate Greenlist + Weighted/WinMax,1,weighted_z_score,8.599072200278625,2.2282762558274176,True,1.621749431010188,True
5,478,CA-KL + Candidate Greenlist + Weighted/WinMax,1,weighted_z_score,9.633404258937516,2.224786848365201,True,1.687141010946033,True
2,479,CA-KL + Candidate Greenlist + Weighted/WinMax,1,weighted_z_score,11.248177955059806,2.2215741910279827,True,1.6098398019093245,True
3,48,CA-KL + Candidate Greenlist + Weighted/WinMax,1,weighted_z_score,10.657201388735972,2.2282762558274176,True,1.801027872647659,True
2,480,CA-KL + Candidate Greenlist + Weighted/WinMax,1,weighted_z_score,8.999542210627084,2.2215741910279827,True,1.6098398019093245,True
5,481,CA-KL + Candidate Greenlist + Weighted/WinMax,1,weighted_z_score,8.414077424486678,2.224786848365201,True,1.687141010946033,True
3,482,CA-KL + Candidate Greenlist + Weighted/WinMax,1,weighted_z_score,8.031565235940253,2.2282762558274176,True,1.801027872647659,True
1,483,CA-KL + Candidate Greenlist + Weighted/WinMax,1,weighted_z_score,8.866869768848105,2.1589242204863397,True,1.622281395942362,True
4,484,CA-KL + Candidate Greenlist + Weighted/WinMax,1,weighted_z_score,10.79482573318356,2.2282762558274176,True,1.621749431010188,True
2,485,CA-KL + Candidate Greenlist + Weighted/WinMax,1,weighted_z_score,9.338624445095254,2.2215741910279827,True,1.6098398019093245,True
3,486,CA-KL + Candidate Greenlist + Weighted/WinMax,1,weighted_z_score,11.626580475139281,2.2282762558274176,True,1.801027872647659,True
2,487,CA-KL + Candidate Greenlist + Weighted/WinMax,1,weighted_z_score,8.603130894351104,2.2215741910279827,True,1.6098398019093245,True
2,488,CA-KL + Candidate Greenlist + Weighted/WinMax,1,weighted_z_score,10.32429702407182,2.2215741910279827,True,1.6098398019093245,True
1,489,CA-KL + Candidate Greenlist + Weighted/WinMax,1,weighted_z_score,9.231572531574866,2.1589242204863397,True,1.622281395942362,True
4,49,CA-KL + Candidate Greenlist + Weighted/WinMax,1,weighted_z_score,7.876519896788585,2.2282762558274176,True,1.621749431010188,True
4,490,CA-KL + Candidate Greenlist + Weighted/WinMax,1,weighted_z_score,8.761289847370671,2.2282762558274176,True,1.621749431010188,True
2,491,CA-KL + Candidate Greenlist + Weighted/WinMax,1,weighted_z_score,8.787170968142721,2.2215741910279827,True,1.6098398019093245,True
5,492,CA-KL + Candidate Greenlist + Weighted/WinMax,1,weighted_z_score,11.653116557657526,2.224786848365201,True,1.687141010946033,True
2,493,CA-KL + Candidate Greenlist + Weighted/WinMax,1,weighted_z_score,8.39883360938511,2.2215741910279827,True,1.6098398019093245,True
3,494,CA-KL + Candidate Greenlist + Weighted/WinMax,1,weighted_z_score,12.150198456522922,2.2282762558274176,True,1.801027872647659,True
2,495,CA-KL + Candidate Greenlist + Weighted/WinMax,1,weighted_z_score,8.40012711704078,2.2215741910279827,True,1.6098398019093245,True
1,496,CA-KL + Candidate Greenlist + Weighted/WinMax,1,weighted_z_score,8.948711395689513,2.1589242204863397,True,1.622281395942362,True
5,497,CA-KL + Candidate Greenlist + Weighted/WinMax,1,weighted_z_score,11.705293098341922,2.224786848365201,True,1.687141010946033,True
1,498,CA-KL + Candidate Greenlist + Weighted/WinMax,1,weighted_z_score,9.286949077986618,2.1589242204863397,True,1.622281395942362,True
5,499,CA-KL + Candidate Greenlist + Weighted/WinMax,1,weighted_z_score,8.133573182189558,2.224786848365201,True,1.687141010946033,True
3,5,CA-KL + Candidate Greenlist + Weighted/WinMax,1,weighted_z_score,11.424265316235305,2.2282762558274176,True,1.801027872647659,True
4,50,CA-KL + Candidate Greenlist + Weighted/WinMax,1,weighted_z_score,7.068299665652253,2.2282762558274176,True,1.621749431010188,True
4,500,CA-KL + Candidate Greenlist + Weighted/WinMax,1,weighted_z_score,9.409039042293326,2.2282762558274176,True,1.621749431010188,True
1,51,CA-KL + Candidate Greenlist + Weighted/WinMax,1,weighted_z_score,9.194643091115688,2.1589242204863397,True,1.622281395942362,True
3,52,CA-KL + Candidate Greenlist + Weighted/WinMax,1,weighted_z_score,9.890863388426196,2.2282762558274176,True,1.801027872647659,True
4,53,CA-KL + Candidate Greenlist + Weighted/WinMax,1,weighted_z_score,11.591808308980827,2.2282762558274176,True,1.621749431010188,True
2,54,CA-KL + Candidate Greenlist + Weighted/WinMax,1,weighted_z_score,8.637232918336942,2.2215741910279827,True,1.6098398019093245,True
5,55,CA-KL + Candidate Greenlist + Weighted/WinMax,1,weighted_z_score,7.964304548768642,2.224786848365201,True,1.687141010946033,True
5,56,CA-KL + Candidate Greenlist + Weighted/WinMax,1,weighted_z_score,9.667616522536147,2.224786848365201,True,1.687141010946033,True
4,57,CA-KL + Candidate Greenlist + Weighted/WinMax,1,weighted_z_score,10.40155194377895,2.2282762558274176,True,1.621749431010188,True
1,58,CA-KL + Candidate Greenlist + Weighted/WinMax,1,weighted_z_score,10.3311376091733,2.1589242204863397,True,1.622281395942362,True
5,59,CA-KL + Candidate Greenlist + Weighted/WinMax,1,weighted_z_score,9.938424321365803,2.224786848365201,True,1.687141010946033,True
4,6,CA-KL + Candidate Greenlist + Weighted/WinMax,1,weighted_z_score,10.37417206675177,2.2282762558274176,True,1.621749431010188,True
1,60,CA-KL + Candidate Greenlist + Weighted/WinMax,1,weighted_z_score,10.652572690487519,2.1589242204863397,True,1.622281395942362,True
4,61,CA-KL + Candidate Greenlist + Weighted/WinMax,1,weighted_z_score,8.353052804366776,2.2282762558274176,True,1.621749431010188,True
4,62,CA-KL + Candidate Greenlist + Weighted/WinMax,1,weighted_z_score,9.406009953887056,2.2282762558274176,True,1.621749431010188,True
4,63,CA-KL + Candidate Greenlist + Weighted/WinMax,1,weighted_z_score,11.480238478806266,2.2282762558274176,True,1.621749431010188,True
3,64,CA-KL + Candidate Greenlist + Weighted/WinMax,1,weighted_z_score,9.85097855378184,2.2282762558274176,True,1.801027872647659,True
2,65,CA-KL + Candidate Greenlist + Weighted/WinMax,1,weighted_z_score,10.799009956919507,2.2215741910279827,True,1.6098398019093245,True
1,66,CA-KL + Candidate Greenlist + Weighted/WinMax,1,weighted_z_score,10.8991902234825,2.1589242204863397,True,1.622281395942362,True
5,67,CA-KL + Candidate Greenlist + Weighted/WinMax,1,weighted_z_score,10.56984477729507,2.224786848365201,True,1.687141010946033,True
5,68,CA-KL + Candidate Greenlist + Weighted/WinMax,1,weighted_z_score,9.439842900858146,2.224786848365201,True,1.687141010946033,True
4,69,CA-KL + Candidate Greenlist + Weighted/WinMax,1,weighted_z_score,10.17566971305585,2.2282762558274176,True,1.621749431010188,True
1,7,CA-KL + Candidate Greenlist + Weighted/WinMax,1,weighted_z_score,4.40583860346275,2.1589242204863397,True,1.622281395942362,True
1,70,CA-KL + Candidate Greenlist + Weighted/WinMax,1,weighted_z_score,8.77750262354614,2.1589242204863397,True,1.622281395942362,True
5,71,CA-KL + Candidate Greenlist + Weighted/WinMax,1,weighted_z_score,9.055955339629753,2.224786848365201,True,1.687141010946033,True
5,72,CA-KL + Candidate Greenlist + Weighted/WinMax,1,weighted_z_score,9.244684332549959,2.224786848365201,True,1.687141010946033,True
4,73,CA-KL + Candidate Greenlist + Weighted/WinMax,1,weighted_z_score,10.223488701050629,2.2282762558274176,True,1.621749431010188,True
3,74,CA-KL + Candidate Greenlist + Weighted/WinMax,1,weighted_z_score,9.15816004571706,2.2282762558274176,True,1.801027872647659,True
2,75,CA-KL + Candidate Greenlist + Weighted/WinMax,1,weighted_z_score,8.48669378301282,2.2215741910279827,True,1.6098398019093245,True
5,76,CA-KL + Candidate Greenlist + Weighted/WinMax,1,weighted_z_score,8.500888020383861,2.224786848365201,True,1.687141010946033,True
2,77,CA-KL + Candidate Greenlist + Weighted/WinMax,1,weighted_z_score,9.158659951068202,2.2215741910279827,True,1.6098398019093245,True
2,78,CA-KL + Candidate Greenlist + Weighted/WinMax,1,weighted_z_score,5.916990379986687,2.2215741910279827,True,1.6098398019093245,True
2,79,CA-KL + Candidate Greenlist + Weighted/WinMax,1,weighted_z_score,10.444525993236558,2.2215741910279827,True,1.6098398019093245,True
5,8,CA-KL + Candidate Greenlist + Weighted/WinMax,1,weighted_z_score,9.781736999009972,2.224786848365201,True,1.687141010946033,True
3,80,CA-KL + Candidate Greenlist + Weighted/WinMax,1,weighted_z_score,10.279298389564975,2.2282762558274176,True,1.801027872647659,True
2,81,CA-KL + Candidate Greenlist + Weighted/WinMax,1,weighted_z_score,8.65480132263923,2.2215741910279827,True,1.6098398019093245,True
2,82,CA-KL + Candidate Greenlist + Weighted/WinMax,1,weighted_z_score,8.719625718097983,2.2215741910279827,True,1.6098398019093245,True
3,83,CA-KL + Candidate Greenlist + Weighted/WinMax,1,weighted_z_score,7.780613420035195,2.2282762558274176,True,1.801027872647659,True
2,84,CA-KL + Candidate Greenlist + Weighted/WinMax,1,weighted_z_score,10.776770551550657,2.2215741910279827,True,1.6098398019093245,True
4,85,CA-KL + Candidate Greenlist + Weighted/WinMax,1,weighted_z_score,9.124043651687211,2.2282762558274176,True,1.621749431010188,True
1,86,CA-KL + Candidate Greenlist + Weighted/WinMax,1,weighted_z_score,8.528406505102602,2.1589242204863397,True,1.622281395942362,True
4,87,CA-KL + Candidate Greenlist + Weighted/WinMax,1,weighted_z_score,9.472809381434894,2.2282762558274176,True,1.621749431010188,True
2,88,CA-KL + Candidate Greenlist + Weighted/WinMax,1,weighted_z_score,9.143292904539681,2.2215741910279827,True,1.6098398019093245,True
4,89,CA-KL + Candidate Greenlist + Weighted/WinMax,1,weighted_z_score,8.186849920759059,2.2282762558274176,True,1.621749431010188,True
2,9,CA-KL + Candidate Greenlist + Weighted/WinMax,1,weighted_z_score,8.262111985714913,2.2215741910279827,True,1.6098398019093245,True
5,90,CA-KL + Candidate Greenlist + Weighted/WinMax,1,weighted_z_score,9.142295821756939,2.224786848365201,True,1.687141010946033,True
3,91,CA-KL + Candidate Greenlist + Weighted/WinMax,1,weighted_z_score,10.821413922522538,2.2282762558274176,True,1.801027872647659,True
1,92,CA-KL + Candidate Greenlist + Weighted/WinMax,1,weighted_z_score,6.779747846733118,2.1589242204863397,True,1.622281395942362,True
2,93,CA-KL + Candidate Greenlist + Weighted/WinMax,1,weighted_z_score,10.089467402497956,2.2215741910279827,True,1.6098398019093245,True
5,94,CA-KL + Candidate Greenlist + Weighted/WinMax,1,weighted_z_score,9.13864760324089,2.224786848365201,True,1.687141010946033,True
3,95,CA-KL + Candidate Greenlist + Weighted/WinMax,1,weighted_z_score,10.45177464306536,2.2282762558274176,True,1.801027872647659,True
1,96,CA-KL + Candidate Greenlist + Weighted/WinMax,1,weighted_z_score,10.751475691720001,2.1589242204863397,True,1.622281395942362,True
5,97,CA-KL + Candidate Greenlist + Weighted/WinMax,1,weighted_z_score,11.307186214217491,2.224786848365201,True,1.687141010946033,True
2,98,CA-KL + Candidate Greenlist + Weighted/WinMax,1,weighted_z_score,8.766618760450765,2.2215741910279827,True,1.6098398019093245,True
5,99,CA-KL + Candidate Greenlist + Weighted/WinMax,1,weighted_z_score,10.909267918870903,2.224786848365201,True,1.687141010946033,True
2,1,CA-KL + Weighted Detector,1,weighted_z_score,10.564141508282566,2.2215741910279827,True,1.6098398019093245,True
3,10,CA-KL + Weighted Detector,1,weighted_z_score,8.628419765296693,2.2282762558274176,True,1.801027872647659,True
5,100,CA-KL + Weighted Detector,1,weighted_z_score,9.106016871017154,2.224786848365201,True,1.687141010946033,True
1,101,CA-KL + Weighted Detector,1,weighted_z_score,8.640268862187442,2.1589242204863397,True,1.622281395942362,True
5,102,CA-KL + Weighted Detector,1,weighted_z_score,8.713009153241366,2.224786848365201,True,1.687141010946033,True
3,103,CA-KL + Weighted Detector,1,weighted_z_score,10.075103943743915,2.2282762558274176,True,1.801027872647659,True
2,104,CA-KL + Weighted Detector,1,weighted_z_score,7.614284337543455,2.2215741910279827,True,1.6098398019093245,True
5,105,CA-KL + Weighted Detector,1,weighted_z_score,6.5730144601137415,2.224786848365201,True,1.687141010946033,True
1,106,CA-KL + Weighted Detector,1,weighted_z_score,9.920922223729338,2.1589242204863397,True,1.622281395942362,True
3,107,CA-KL + Weighted Detector,1,weighted_z_score,10.054592387465554,2.2282762558274176,True,1.801027872647659,True
3,108,CA-KL + Weighted Detector,1,weighted_z_score,8.599157951042471,2.2282762558274176,True,1.801027872647659,True
3,109,CA-KL + Weighted Detector,1,weighted_z_score,6.968422454420676,2.2282762558274176,True,1.801027872647659,True
2,11,CA-KL + Weighted Detector,1,weighted_z_score,9.676587342153335,2.2215741910279827,True,1.6098398019093245,True
3,110,CA-KL + Weighted Detector,1,weighted_z_score,8.316106260609809,2.2282762558274176,True,1.801027872647659,True
3,111,CA-KL + Weighted Detector,1,weighted_z_score,9.36116789058857,2.2282762558274176,True,1.801027872647659,True
5,112,CA-KL + Weighted Detector,1,weighted_z_score,8.837232221650222,2.224786848365201,True,1.687141010946033,True
3,113,CA-KL + Weighted Detector,1,weighted_z_score,7.68851972927895,2.2282762558274176,True,1.801027872647659,True
4,114,CA-KL + Weighted Detector,1,weighted_z_score,7.726900896677779,2.2282762558274176,True,1.621749431010188,True
3,115,CA-KL + Weighted Detector,1,weighted_z_score,9.879168648764567,2.2282762558274176,True,1.801027872647659,True
1,116,CA-KL + Weighted Detector,1,weighted_z_score,10.679473245342491,2.1589242204863397,True,1.622281395942362,True
4,117,CA-KL + Weighted Detector,1,weighted_z_score,8.975010640433876,2.2282762558274176,True,1.621749431010188,True
3,118,CA-KL + Weighted Detector,1,weighted_z_score,9.947835897156626,2.2282762558274176,True,1.801027872647659,True
1,119,CA-KL + Weighted Detector,1,weighted_z_score,8.59481978717298,2.1589242204863397,True,1.622281395942362,True
5,12,CA-KL + Weighted Detector,1,weighted_z_score,9.335660210758379,2.224786848365201,True,1.687141010946033,True
3,120,CA-KL + Weighted Detector,1,weighted_z_score,10.457304657129326,2.2282762558274176,True,1.801027872647659,True
1,121,CA-KL + Weighted Detector,1,weighted_z_score,8.192019679096258,2.1589242204863397,True,1.622281395942362,True
1,122,CA-KL + Weighted Detector,1,weighted_z_score,5.726588720626499,2.1589242204863397,True,1.622281395942362,True
2,123,CA-KL + Weighted Detector,1,weighted_z_score,8.227376476568852,2.2215741910279827,True,1.6098398019093245,True
1,124,CA-KL + Weighted Detector,1,weighted_z_score,9.575043195456757,2.1589242204863397,True,1.622281395942362,True
3,125,CA-KL + Weighted Detector,1,weighted_z_score,9.459586632725248,2.2282762558274176,True,1.801027872647659,True
4,126,CA-KL + Weighted Detector,1,weighted_z_score,11.061170539276725,2.2282762558274176,True,1.621749431010188,True
1,127,CA-KL + Weighted Detector,1,weighted_z_score,2.9241208515149286,2.1589242204863397,True,1.622281395942362,True
1,128,CA-KL + Weighted Detector,1,weighted_z_score,9.684767058445964,2.1589242204863397,True,1.622281395942362,True
5,129,CA-KL + Weighted Detector,1,weighted_z_score,9.444958401198111,2.224786848365201,True,1.687141010946033,True
4,13,CA-KL + Weighted Detector,1,weighted_z_score,8.679841472590624,2.2282762558274176,True,1.621749431010188,True
1,130,CA-KL + Weighted Detector,1,weighted_z_score,5.071650276183872,2.1589242204863397,True,1.622281395942362,True
1,131,CA-KL + Weighted Detector,1,weighted_z_score,8.022758309614963,2.1589242204863397,True,1.622281395942362,True
1,132,CA-KL + Weighted Detector,1,weighted_z_score,8.384665506259314,2.1589242204863397,True,1.622281395942362,True
2,133,CA-KL + Weighted Detector,1,weighted_z_score,10.48338009225519,2.2215741910279827,True,1.6098398019093245,True
1,134,CA-KL + Weighted Detector,1,weighted_z_score,10.961270776876937,2.1589242204863397,True,1.622281395942362,True
1,135,CA-KL + Weighted Detector,1,weighted_z_score,8.720581513099354,2.1589242204863397,True,1.622281395942362,True
5,136,CA-KL + Weighted Detector,1,weighted_z_score,9.398692318450452,2.224786848365201,True,1.687141010946033,True
1,137,CA-KL + Weighted Detector,1,weighted_z_score,9.363098672264552,2.1589242204863397,True,1.622281395942362,True
4,138,CA-KL + Weighted Detector,1,weighted_z_score,6.160884153807488,2.2282762558274176,True,1.621749431010188,True
3,139,CA-KL + Weighted Detector,1,weighted_z_score,9.058337612167962,2.2282762558274176,True,1.801027872647659,True
3,14,CA-KL + Weighted Detector,1,weighted_z_score,9.3069608299281,2.2282762558274176,True,1.801027872647659,True
5,140,CA-KL + Weighted Detector,1,weighted_z_score,11.879933239767599,2.224786848365201,True,1.687141010946033,True
4,141,CA-KL + Weighted Detector,1,weighted_z_score,10.31338251407888,2.2282762558274176,True,1.621749431010188,True
2,142,CA-KL + Weighted Detector,1,weighted_z_score,8.747968299758682,2.2215741910279827,True,1.6098398019093245,True
2,143,CA-KL + Weighted Detector,1,weighted_z_score,8.49757098082134,2.2215741910279827,True,1.6098398019093245,True
5,144,CA-KL + Weighted Detector,1,weighted_z_score,8.647992303226587,2.224786848365201,True,1.687141010946033,True
3,145,CA-KL + Weighted Detector,1,weighted_z_score,8.59710322429329,2.2282762558274176,True,1.801027872647659,True
3,146,CA-KL + Weighted Detector,1,weighted_z_score,10.962982405032054,2.2282762558274176,True,1.801027872647659,True
2,147,CA-KL + Weighted Detector,1,weighted_z_score,9.001542921458565,2.2215741910279827,True,1.6098398019093245,True
2,148,CA-KL + Weighted Detector,1,weighted_z_score,9.911939773345411,2.2215741910279827,True,1.6098398019093245,True
5,149,CA-KL + Weighted Detector,1,weighted_z_score,8.76521885931251,2.224786848365201,True,1.687141010946033,True
5,15,CA-KL + Weighted Detector,1,weighted_z_score,9.105548812677592,2.224786848365201,True,1.687141010946033,True
2,150,CA-KL + Weighted Detector,1,weighted_z_score,7.816270383435273,2.2215741910279827,True,1.6098398019093245,True
2,151,CA-KL + Weighted Detector,1,weighted_z_score,10.537325955739318,2.2215741910279827,True,1.6098398019093245,True
2,152,CA-KL + Weighted Detector,1,weighted_z_score,8.248851126703466,2.2215741910279827,True,1.6098398019093245,True
3,153,CA-KL + Weighted Detector,1,weighted_z_score,8.820968800604396,2.2282762558274176,True,1.801027872647659,True
5,154,CA-KL + Weighted Detector,1,weighted_z_score,8.393667159056635,2.224786848365201,True,1.687141010946033,True
1,155,CA-KL + Weighted Detector,1,weighted_z_score,8.2409806856235,2.1589242204863397,True,1.622281395942362,True
4,156,CA-KL + Weighted Detector,1,weighted_z_score,7.072964442663766,2.2282762558274176,True,1.621749431010188,True
1,157,CA-KL + Weighted Detector,1,weighted_z_score,8.668372848245733,2.1589242204863397,True,1.622281395942362,True
5,158,CA-KL + Weighted Detector,1,weighted_z_score,6.817786753542791,2.224786848365201,True,1.687141010946033,True
2,159,CA-KL + Weighted Detector,1,weighted_z_score,9.687524111121055,2.2215741910279827,True,1.6098398019093245,True
5,16,CA-KL + Weighted Detector,1,weighted_z_score,10.272204539085058,2.224786848365201,True,1.687141010946033,True
3,160,CA-KL + Weighted Detector,1,weighted_z_score,7.622636519262519,2.2282762558274176,True,1.801027872647659,True
4,161,CA-KL + Weighted Detector,1,weighted_z_score,9.376691907522046,2.2282762558274176,True,1.621749431010188,True
3,162,CA-KL + Weighted Detector,1,weighted_z_score,8.821703667065988,2.2282762558274176,True,1.801027872647659,True
1,163,CA-KL + Weighted Detector,1,weighted_z_score,8.22316249528381,2.1589242204863397,True,1.622281395942362,True
3,164,CA-KL + Weighted Detector,1,weighted_z_score,9.801862944234465,2.2282762558274176,True,1.801027872647659,True
3,165,CA-KL + Weighted Detector,1,weighted_z_score,9.316213640845232,2.2282762558274176,True,1.801027872647659,True
2,166,CA-KL + Weighted Detector,1,weighted_z_score,10.197399112618543,2.2215741910279827,True,1.6098398019093245,True
4,167,CA-KL + Weighted Detector,1,weighted_z_score,10.47927660607797,2.2282762558274176,True,1.621749431010188,True
1,168,CA-KL + Weighted Detector,1,weighted_z_score,8.852104204470377,2.1589242204863397,True,1.622281395942362,True
1,169,CA-KL + Weighted Detector,1,weighted_z_score,9.879336149981519,2.1589242204863397,True,1.622281395942362,True
1,17,CA-KL + Weighted Detector,1,weighted_z_score,9.975545120402831,2.1589242204863397,True,1.622281395942362,True
2,170,CA-KL + Weighted Detector,1,weighted_z_score,9.6588337766842,2.2215741910279827,True,1.6098398019093245,True
3,171,CA-KL + Weighted Detector,1,weighted_z_score,9.455984465573424,2.2282762558274176,True,1.801027872647659,True
4,172,CA-KL + Weighted Detector,1,weighted_z_score,10.709799229395948,2.2282762558274176,True,1.621749431010188,True
5,173,CA-KL + Weighted Detector,1,weighted_z_score,5.968276918599142,2.224786848365201,True,1.687141010946033,True
3,174,CA-KL + Weighted Detector,1,weighted_z_score,8.733675273187387,2.2282762558274176,True,1.801027872647659,True
3,175,CA-KL + Weighted Detector,1,weighted_z_score,8.069377857265394,2.2282762558274176,True,1.801027872647659,True
3,176,CA-KL + Weighted Detector,1,weighted_z_score,9.720953005205319,2.2282762558274176,True,1.801027872647659,True
3,177,CA-KL + Weighted Detector,1,weighted_z_score,9.24551726289677,2.2282762558274176,True,1.801027872647659,True
1,178,CA-KL + Weighted Detector,1,weighted_z_score,10.167109974633274,2.1589242204863397,True,1.622281395942362,True
1,179,CA-KL + Weighted Detector,1,weighted_z_score,10.244366771860326,2.1589242204863397,True,1.622281395942362,True
3,18,CA-KL + Weighted Detector,1,weighted_z_score,2.323557157904203,2.2282762558274176,True,1.801027872647659,True
4,180,CA-KL + Weighted Detector,1,weighted_z_score,9.464949020026049,2.2282762558274176,True,1.621749431010188,True
1,181,CA-KL + Weighted Detector,1,weighted_z_score,10.646280259502774,2.1589242204863397,True,1.622281395942362,True
3,182,CA-KL + Weighted Detector,1,weighted_z_score,8.23312175836154,2.2282762558274176,True,1.801027872647659,True
4,183,CA-KL + Weighted Detector,1,weighted_z_score,7.459276066267228,2.2282762558274176,True,1.621749431010188,True
4,184,CA-KL + Weighted Detector,1,weighted_z_score,10.601021821098524,2.2282762558274176,True,1.621749431010188,True
3,185,CA-KL + Weighted Detector,1,weighted_z_score,9.932119556856605,2.2282762558274176,True,1.801027872647659,True
2,186,CA-KL + Weighted Detector,1,weighted_z_score,7.69513816747221,2.2215741910279827,True,1.6098398019093245,True
3,187,CA-KL + Weighted Detector,1,weighted_z_score,4.006417217916601,2.2282762558274176,True,1.801027872647659,True
2,188,CA-KL + Weighted Detector,1,weighted_z_score,11.481313117102614,2.2215741910279827,True,1.6098398019093245,True
1,189,CA-KL + Weighted Detector,1,weighted_z_score,9.518821394804108,2.1589242204863397,True,1.622281395942362,True
3,19,CA-KL + Weighted Detector,1,weighted_z_score,9.522869662234596,2.2282762558274176,True,1.801027872647659,True
1,190,CA-KL + Weighted Detector,1,weighted_z_score,10.662898747672907,2.1589242204863397,True,1.622281395942362,True
2,191,CA-KL + Weighted Detector,1,weighted_z_score,8.735522762388879,2.2215741910279827,True,1.6098398019093245,True
4,192,CA-KL + Weighted Detector,1,weighted_z_score,8.675802998362174,2.2282762558274176,True,1.621749431010188,True
1,193,CA-KL + Weighted Detector,1,weighted_z_score,10.391094127730467,2.1589242204863397,True,1.622281395942362,True
1,194,CA-KL + Weighted Detector,1,weighted_z_score,8.420445590626423,2.1589242204863397,True,1.622281395942362,True
3,195,CA-KL + Weighted Detector,1,weighted_z_score,11.383110807049984,2.2282762558274176,True,1.801027872647659,True
2,196,CA-KL + Weighted Detector,1,weighted_z_score,10.442477089326976,2.2215741910279827,True,1.6098398019093245,True
4,197,CA-KL + Weighted Detector,1,weighted_z_score,9.118716749560036,2.2282762558274176,True,1.621749431010188,True
4,198,CA-KL + Weighted Detector,1,weighted_z_score,9.661489685407211,2.2282762558274176,True,1.621749431010188,True
5,199,CA-KL + Weighted Detector,1,weighted_z_score,10.289743141811325,2.224786848365201,True,1.687141010946033,True
3,2,CA-KL + Weighted Detector,1,weighted_z_score,8.847432355557805,2.2282762558274176,True,1.801027872647659,True
5,20,CA-KL + Weighted Detector,1,weighted_z_score,8.475503887476727,2.224786848365201,True,1.687141010946033,True
5,200,CA-KL + Weighted Detector,1,weighted_z_score,6.034258181805189,2.224786848365201,True,1.687141010946033,True
4,201,CA-KL + Weighted Detector,1,weighted_z_score,7.788385574678983,2.2282762558274176,True,1.621749431010188,True
2,202,CA-KL + Weighted Detector,1,weighted_z_score,8.467126186185467,2.2215741910279827,True,1.6098398019093245,True
4,203,CA-KL + Weighted Detector,1,weighted_z_score,7.940167126501038,2.2282762558274176,True,1.621749431010188,True
5,204,CA-KL + Weighted Detector,1,weighted_z_score,7.812880043505993,2.224786848365201,True,1.687141010946033,True
3,205,CA-KL + Weighted Detector,1,weighted_z_score,6.907508528945911,2.2282762558274176,True,1.801027872647659,True
3,206,CA-KL + Weighted Detector,1,weighted_z_score,1.9010284430709887,2.2282762558274176,False,1.801027872647659,True
3,207,CA-KL + Weighted Detector,1,weighted_z_score,6.1329836555181725,2.2282762558274176,True,1.801027872647659,True
2,208,CA-KL + Weighted Detector,1,weighted_z_score,7.837317306229762,2.2215741910279827,True,1.6098398019093245,True
3,209,CA-KL + Weighted Detector,1,weighted_z_score,8.287454214768808,2.2282762558274176,True,1.801027872647659,True
4,21,CA-KL + Weighted Detector,1,weighted_z_score,8.345783897483518,2.2282762558274176,True,1.621749431010188,True
1,210,CA-KL + Weighted Detector,1,weighted_z_score,9.301754954927606,2.1589242204863397,True,1.622281395942362,True
4,211,CA-KL + Weighted Detector,1,weighted_z_score,9.790024533412216,2.2282762558274176,True,1.621749431010188,True
1,212,CA-KL + Weighted Detector,1,weighted_z_score,8.87403656191087,2.1589242204863397,True,1.622281395942362,True
1,213,CA-KL + Weighted Detector,1,weighted_z_score,8.441688419880837,2.1589242204863397,True,1.622281395942362,True
1,214,CA-KL + Weighted Detector,1,weighted_z_score,8.738360237892612,2.1589242204863397,True,1.622281395942362,True
2,215,CA-KL + Weighted Detector,1,weighted_z_score,10.057496271834552,2.2215741910279827,True,1.6098398019093245,True
4,216,CA-KL + Weighted Detector,1,weighted_z_score,9.801903054694394,2.2282762558274176,True,1.621749431010188,True
2,217,CA-KL + Weighted Detector,1,weighted_z_score,9.884242758890759,2.2215741910279827,True,1.6098398019093245,True
3,218,CA-KL + Weighted Detector,1,weighted_z_score,6.066015702112939,2.2282762558274176,True,1.801027872647659,True
3,219,CA-KL + Weighted Detector,1,weighted_z_score,8.691639966273705,2.2282762558274176,True,1.801027872647659,True
1,22,CA-KL + Weighted Detector,1,weighted_z_score,9.146664418068658,2.1589242204863397,True,1.622281395942362,True
4,220,CA-KL + Weighted Detector,1,weighted_z_score,8.52948795599864,2.2282762558274176,True,1.621749431010188,True
5,221,CA-KL + Weighted Detector,1,weighted_z_score,1.6114921179142416,2.224786848365201,False,1.687141010946033,False
1,222,CA-KL + Weighted Detector,1,weighted_z_score,9.657521331751438,2.1589242204863397,True,1.622281395942362,True
4,223,CA-KL + Weighted Detector,1,weighted_z_score,8.544506546549377,2.2282762558274176,True,1.621749431010188,True
3,224,CA-KL + Weighted Detector,1,weighted_z_score,9.207401860739093,2.2282762558274176,True,1.801027872647659,True
5,225,CA-KL + Weighted Detector,1,weighted_z_score,10.315739940885006,2.224786848365201,True,1.687141010946033,True
2,226,CA-KL + Weighted Detector,1,weighted_z_score,8.871414288829856,2.2215741910279827,True,1.6098398019093245,True
2,227,CA-KL + Weighted Detector,1,weighted_z_score,9.909063873773139,2.2215741910279827,True,1.6098398019093245,True
1,228,CA-KL + Weighted Detector,1,weighted_z_score,7.657529411778032,2.1589242204863397,True,1.622281395942362,True
5,229,CA-KL + Weighted Detector,1,weighted_z_score,9.467390032305977,2.224786848365201,True,1.687141010946033,True
1,23,CA-KL + Weighted Detector,1,weighted_z_score,2.9645791828600623,2.1589242204863397,True,1.622281395942362,True
2,230,CA-KL + Weighted Detector,1,weighted_z_score,10.473931123415385,2.2215741910279827,True,1.6098398019093245,True
5,231,CA-KL + Weighted Detector,1,weighted_z_score,11.005164471243036,2.224786848365201,True,1.687141010946033,True
5,232,CA-KL + Weighted Detector,1,weighted_z_score,7.217131338135953,2.224786848365201,True,1.687141010946033,True
2,233,CA-KL + Weighted Detector,1,weighted_z_score,7.974125032466173,2.2215741910279827,True,1.6098398019093245,True
1,234,CA-KL + Weighted Detector,1,weighted_z_score,8.71562051542264,2.1589242204863397,True,1.622281395942362,True
1,235,CA-KL + Weighted Detector,1,weighted_z_score,1.0219888682506444,2.1589242204863397,False,1.622281395942362,False
3,236,CA-KL + Weighted Detector,1,weighted_z_score,11.171489205692673,2.2282762558274176,True,1.801027872647659,True
1,237,CA-KL + Weighted Detector,1,weighted_z_score,8.728806695957008,2.1589242204863397,True,1.622281395942362,True
4,238,CA-KL + Weighted Detector,1,weighted_z_score,10.172138015874783,2.2282762558274176,True,1.621749431010188,True
4,239,CA-KL + Weighted Detector,1,weighted_z_score,7.09692695866343,2.2282762558274176,True,1.621749431010188,True
1,24,CA-KL + Weighted Detector,1,weighted_z_score,10.872797173824663,2.1589242204863397,True,1.622281395942362,True
4,240,CA-KL + Weighted Detector,1,weighted_z_score,9.995159979952454,2.2282762558274176,True,1.621749431010188,True
1,241,CA-KL + Weighted Detector,1,weighted_z_score,8.807343946439339,2.1589242204863397,True,1.622281395942362,True
2,242,CA-KL + Weighted Detector,1,weighted_z_score,7.609351793998132,2.2215741910279827,True,1.6098398019093245,True
4,243,CA-KL + Weighted Detector,1,weighted_z_score,9.572948463769064,2.2282762558274176,True,1.621749431010188,True
5,244,CA-KL + Weighted Detector,1,weighted_z_score,8.926226909991659,2.224786848365201,True,1.687141010946033,True
2,245,CA-KL + Weighted Detector,1,weighted_z_score,8.988824768168755,2.2215741910279827,True,1.6098398019093245,True
2,246,CA-KL + Weighted Detector,1,weighted_z_score,8.32366740318914,2.2215741910279827,True,1.6098398019093245,True
3,247,CA-KL + Weighted Detector,1,weighted_z_score,8.525396309466858,2.2282762558274176,True,1.801027872647659,True
4,248,CA-KL + Weighted Detector,1,weighted_z_score,9.713734799057573,2.2282762558274176,True,1.621749431010188,True
4,249,CA-KL + Weighted Detector,1,weighted_z_score,7.927656945905335,2.2282762558274176,True,1.621749431010188,True
3,25,CA-KL + Weighted Detector,1,weighted_z_score,7.880489152437177,2.2282762558274176,True,1.801027872647659,True
1,250,CA-KL + Weighted Detector,1,weighted_z_score,7.73917949656103,2.1589242204863397,True,1.622281395942362,True
5,251,CA-KL + Weighted Detector,1,weighted_z_score,8.909550248879157,2.224786848365201,True,1.687141010946033,True
4,252,CA-KL + Weighted Detector,1,weighted_z_score,10.961575284717458,2.2282762558274176,True,1.621749431010188,True
3,253,CA-KL + Weighted Detector,1,weighted_z_score,9.42222233034698,2.2282762558274176,True,1.801027872647659,True
5,254,CA-KL + Weighted Detector,1,weighted_z_score,9.851953152060098,2.224786848365201,True,1.687141010946033,True
1,255,CA-KL + Weighted Detector,1,weighted_z_score,8.83818962847033,2.1589242204863397,True,1.622281395942362,True
3,256,CA-KL + Weighted Detector,1,weighted_z_score,10.41968837441552,2.2282762558274176,True,1.801027872647659,True
3,257,CA-KL + Weighted Detector,1,weighted_z_score,8.490955985095097,2.2282762558274176,True,1.801027872647659,True
1,258,CA-KL + Weighted Detector,1,weighted_z_score,9.121029370500134,2.1589242204863397,True,1.622281395942362,True
2,259,CA-KL + Weighted Detector,1,weighted_z_score,9.598647066300673,2.2215741910279827,True,1.6098398019093245,True
5,26,CA-KL + Weighted Detector,1,weighted_z_score,10.465357403356272,2.224786848365201,True,1.687141010946033,True
5,260,CA-KL + Weighted Detector,1,weighted_z_score,8.844291210512644,2.224786848365201,True,1.687141010946033,True
3,261,CA-KL + Weighted Detector,1,weighted_z_score,8.906467337032181,2.2282762558274176,True,1.801027872647659,True
3,262,CA-KL + Weighted Detector,1,weighted_z_score,7.756175336119183,2.2282762558274176,True,1.801027872647659,True
2,263,CA-KL + Weighted Detector,1,weighted_z_score,8.922978912505299,2.2215741910279827,True,1.6098398019093245,True
2,264,CA-KL + Weighted Detector,1,weighted_z_score,7.989421439114009,2.2215741910279827,True,1.6098398019093245,True
2,265,CA-KL + Weighted Detector,1,weighted_z_score,9.79086537505686,2.2215741910279827,True,1.6098398019093245,True
2,266,CA-KL + Weighted Detector,1,weighted_z_score,9.368700432898644,2.2215741910279827,True,1.6098398019093245,True
5,267,CA-KL + Weighted Detector,1,weighted_z_score,8.672184795540113,2.224786848365201,True,1.687141010946033,True
5,268,CA-KL + Weighted Detector,1,weighted_z_score,7.412108950349251,2.224786848365201,True,1.687141010946033,True
4,269,CA-KL + Weighted Detector,1,weighted_z_score,10.186818829458485,2.2282762558274176,True,1.621749431010188,True
3,27,CA-KL + Weighted Detector,1,weighted_z_score,9.712197127530608,2.2282762558274176,True,1.801027872647659,True
1,270,CA-KL + Weighted Detector,1,weighted_z_score,6.956017056901123,2.1589242204863397,True,1.622281395942362,True
5,271,CA-KL + Weighted Detector,1,weighted_z_score,8.906525457369991,2.224786848365201,True,1.687141010946033,True
1,272,CA-KL + Weighted Detector,1,weighted_z_score,9.361618219035543,2.1589242204863397,True,1.622281395942362,True
4,273,CA-KL + Weighted Detector,1,weighted_z_score,8.156014076207766,2.2282762558274176,True,1.621749431010188,True
5,274,CA-KL + Weighted Detector,1,weighted_z_score,9.16707312223549,2.224786848365201,True,1.687141010946033,True
2,275,CA-KL + Weighted Detector,1,weighted_z_score,7.999369842430005,2.2215741910279827,True,1.6098398019093245,True
5,276,CA-KL + Weighted Detector,1,weighted_z_score,9.390566133644189,2.224786848365201,True,1.687141010946033,True
1,277,CA-KL + Weighted Detector,1,weighted_z_score,4.126895766185863,2.1589242204863397,True,1.622281395942362,True
5,278,CA-KL + Weighted Detector,1,weighted_z_score,10.627972884547669,2.224786848365201,True,1.687141010946033,True
1,279,CA-KL + Weighted Detector,1,weighted_z_score,8.506688597668663,2.1589242204863397,True,1.622281395942362,True
5,28,CA-KL + Weighted Detector,1,weighted_z_score,9.632564897247077,2.224786848365201,True,1.687141010946033,True
1,280,CA-KL + Weighted Detector,1,weighted_z_score,9.009348223186267,2.1589242204863397,True,1.622281395942362,True
5,281,CA-KL + Weighted Detector,1,weighted_z_score,8.476196932210316,2.224786848365201,True,1.687141010946033,True
2,282,CA-KL + Weighted Detector,1,weighted_z_score,5.5464981075686275,2.2215741910279827,True,1.6098398019093245,True
5,283,CA-KL + Weighted Detector,1,weighted_z_score,5.141945247657118,2.224786848365201,True,1.687141010946033,True
4,284,CA-KL + Weighted Detector,1,weighted_z_score,9.688844136495664,2.2282762558274176,True,1.621749431010188,True
5,285,CA-KL + Weighted Detector,1,weighted_z_score,8.689161410604891,2.224786848365201,True,1.687141010946033,True
2,286,CA-KL + Weighted Detector,1,weighted_z_score,6.721410112205389,2.2215741910279827,True,1.6098398019093245,True
1,287,CA-KL + Weighted Detector,1,weighted_z_score,6.882730468484494,2.1589242204863397,True,1.622281395942362,True
3,288,CA-KL + Weighted Detector,1,weighted_z_score,9.03338602915996,2.2282762558274176,True,1.801027872647659,True
1,289,CA-KL + Weighted Detector,1,weighted_z_score,9.075774073109285,2.1589242204863397,True,1.622281395942362,True
4,29,CA-KL + Weighted Detector,1,weighted_z_score,8.973305129085213,2.2282762558274176,True,1.621749431010188,True
4,290,CA-KL + Weighted Detector,1,weighted_z_score,11.125531088018006,2.2282762558274176,True,1.621749431010188,True
3,291,CA-KL + Weighted Detector,1,weighted_z_score,9.07457732935732,2.2282762558274176,True,1.801027872647659,True
2,292,CA-KL + Weighted Detector,1,weighted_z_score,10.16482188510592,2.2215741910279827,True,1.6098398019093245,True
4,293,CA-KL + Weighted Detector,1,weighted_z_score,7.094283447723291,2.2282762558274176,True,1.621749431010188,True
3,294,CA-KL + Weighted Detector,1,weighted_z_score,10.160915606963993,2.2282762558274176,True,1.801027872647659,True
2,295,CA-KL + Weighted Detector,1,weighted_z_score,9.174075157425804,2.2215741910279827,True,1.6098398019093245,True
5,296,CA-KL + Weighted Detector,1,weighted_z_score,8.466138993378275,2.224786848365201,True,1.687141010946033,True
3,297,CA-KL + Weighted Detector,1,weighted_z_score,10.0575884126005,2.2282762558274176,True,1.801027872647659,True
5,298,CA-KL + Weighted Detector,1,weighted_z_score,9.712971543327242,2.224786848365201,True,1.687141010946033,True
1,299,CA-KL + Weighted Detector,1,weighted_z_score,9.00612614279665,2.1589242204863397,True,1.622281395942362,True
5,3,CA-KL + Weighted Detector,1,weighted_z_score,8.097347785541468,2.224786848365201,True,1.687141010946033,True
1,30,CA-KL + Weighted Detector,1,weighted_z_score,7.964339653076799,2.1589242204863397,True,1.622281395942362,True
2,300,CA-KL + Weighted Detector,1,weighted_z_score,10.122444672853968,2.2215741910279827,True,1.6098398019093245,True
3,301,CA-KL + Weighted Detector,1,weighted_z_score,10.079666845069454,2.2282762558274176,True,1.801027872647659,True
4,302,CA-KL + Weighted Detector,1,weighted_z_score,10.356374556417636,2.2282762558274176,True,1.621749431010188,True
4,303,CA-KL + Weighted Detector,1,weighted_z_score,10.065265086674406,2.2282762558274176,True,1.621749431010188,True
3,304,CA-KL + Weighted Detector,1,weighted_z_score,8.494043008329854,2.2282762558274176,True,1.801027872647659,True
5,305,CA-KL + Weighted Detector,1,weighted_z_score,9.503398390754883,2.224786848365201,True,1.687141010946033,True
1,306,CA-KL + Weighted Detector,1,weighted_z_score,4.415762949892897,2.1589242204863397,True,1.622281395942362,True
2,307,CA-KL + Weighted Detector,1,weighted_z_score,7.914735945465873,2.2215741910279827,True,1.6098398019093245,True
1,308,CA-KL + Weighted Detector,1,weighted_z_score,9.062824009567716,2.1589242204863397,True,1.622281395942362,True
2,309,CA-KL + Weighted Detector,1,weighted_z_score,9.368577924657485,2.2215741910279827,True,1.6098398019093245,True
2,31,CA-KL + Weighted Detector,1,weighted_z_score,9.753176514694223,2.2215741910279827,True,1.6098398019093245,True
5,310,CA-KL + Weighted Detector,1,weighted_z_score,9.168725969314885,2.224786848365201,True,1.687141010946033,True
4,311,CA-KL + Weighted Detector,1,weighted_z_score,6.741438277536591,2.2282762558274176,True,1.621749431010188,True
2,312,CA-KL + Weighted Detector,1,weighted_z_score,7.890255974640706,2.2215741910279827,True,1.6098398019093245,True
2,313,CA-KL + Weighted Detector,1,weighted_z_score,10.053540247310053,2.2215741910279827,True,1.6098398019093245,True
1,314,CA-KL + Weighted Detector,1,weighted_z_score,5.4233389286596205,2.1589242204863397,True,1.622281395942362,True
1,315,CA-KL + Weighted Detector,1,weighted_z_score,6.972953925908549,2.1589242204863397,True,1.622281395942362,True
3,316,CA-KL + Weighted Detector,1,weighted_z_score,9.671811217181306,2.2282762558274176,True,1.801027872647659,True
1,317,CA-KL + Weighted Detector,1,weighted_z_score,9.062657076972052,2.1589242204863397,True,1.622281395942362,True
5,318,CA-KL + Weighted Detector,1,weighted_z_score,10.463755810140752,2.224786848365201,True,1.687141010946033,True
4,319,CA-KL + Weighted Detector,1,weighted_z_score,9.31643593853017,2.2282762558274176,True,1.621749431010188,True
1,32,CA-KL + Weighted Detector,1,weighted_z_score,6.7791048125885345,2.1589242204863397,True,1.622281395942362,True
3,320,CA-KL + Weighted Detector,1,weighted_z_score,11.894959220737386,2.2282762558274176,True,1.801027872647659,True
4,321,CA-KL + Weighted Detector,1,weighted_z_score,8.834657415247987,2.2282762558274176,True,1.621749431010188,True
2,322,CA-KL + Weighted Detector,1,weighted_z_score,10.877971279514071,2.2215741910279827,True,1.6098398019093245,True
3,323,CA-KL + Weighted Detector,1,weighted_z_score,9.812263731763455,2.2282762558274176,True,1.801027872647659,True
4,324,CA-KL + Weighted Detector,1,weighted_z_score,8.873646737511603,2.2282762558274176,True,1.621749431010188,True
2,325,CA-KL + Weighted Detector,1,weighted_z_score,10.29901236407433,2.2215741910279827,True,1.6098398019093245,True
4,326,CA-KL + Weighted Detector,1,weighted_z_score,9.878672754786493,2.2282762558274176,True,1.621749431010188,True
4,327,CA-KL + Weighted Detector,1,weighted_z_score,7.879210707212928,2.2282762558274176,True,1.621749431010188,True
4,328,CA-KL + Weighted Detector,1,weighted_z_score,9.232124820402616,2.2282762558274176,True,1.621749431010188,True
5,329,CA-KL + Weighted Detector,1,weighted_z_score,10.588012593070397,2.224786848365201,True,1.687141010946033,True
4,33,CA-KL + Weighted Detector,1,weighted_z_score,10.319322418835691,2.2282762558274176,True,1.621749431010188,True
4,330,CA-KL + Weighted Detector,1,weighted_z_score,9.537876266313635,2.2282762558274176,True,1.621749431010188,True
4,331,CA-KL + Weighted Detector,1,weighted_z_score,9.703338610141927,2.2282762558274176,True,1.621749431010188,True
4,332,CA-KL + Weighted Detector,1,weighted_z_score,7.4064819062987555,2.2282762558274176,True,1.621749431010188,True
2,333,CA-KL + Weighted Detector,1,weighted_z_score,7.454276843313784,2.2215741910279827,True,1.6098398019093245,True
4,334,CA-KL + Weighted Detector,1,weighted_z_score,9.527733821145368,2.2282762558274176,True,1.621749431010188,True
1,335,CA-KL + Weighted Detector,1,weighted_z_score,8.927679248743509,2.1589242204863397,True,1.622281395942362,True
2,336,CA-KL + Weighted Detector,1,weighted_z_score,4.183349081683029,2.2215741910279827,True,1.6098398019093245,True
2,337,CA-KL + Weighted Detector,1,weighted_z_score,8.9219462071788,2.2215741910279827,True,1.6098398019093245,True
3,338,CA-KL + Weighted Detector,1,weighted_z_score,9.589494708856815,2.2282762558274176,True,1.801027872647659,True
5,339,CA-KL + Weighted Detector,1,weighted_z_score,8.796862804048942,2.224786848365201,True,1.687141010946033,True
1,34,CA-KL + Weighted Detector,1,weighted_z_score,8.903537573358054,2.1589242204863397,True,1.622281395942362,True
4,340,CA-KL + Weighted Detector,1,weighted_z_score,8.981332076038964,2.2282762558274176,True,1.621749431010188,True
3,341,CA-KL + Weighted Detector,1,weighted_z_score,8.11867834565073,2.2282762558274176,True,1.801027872647659,True
3,342,CA-KL + Weighted Detector,1,weighted_z_score,5.286546994928064,2.2282762558274176,True,1.801027872647659,True
5,343,CA-KL + Weighted Detector,1,weighted_z_score,9.091755833409117,2.224786848365201,True,1.687141010946033,True
5,344,CA-KL + Weighted Detector,1,weighted_z_score,9.48594427168488,2.224786848365201,True,1.687141010946033,True
2,345,CA-KL + Weighted Detector,1,weighted_z_score,4.824478514214324,2.2215741910279827,True,1.6098398019093245,True
3,346,CA-KL + Weighted Detector,1,weighted_z_score,8.317625061113882,2.2282762558274176,True,1.801027872647659,True
5,347,CA-KL + Weighted Detector,1,weighted_z_score,8.890887997539199,2.224786848365201,True,1.687141010946033,True
1,348,CA-KL + Weighted Detector,1,weighted_z_score,8.530002209836503,2.1589242204863397,True,1.622281395942362,True
3,349,CA-KL + Weighted Detector,1,weighted_z_score,5.3018798588761715,2.2282762558274176,True,1.801027872647659,True
1,35,CA-KL + Weighted Detector,1,weighted_z_score,8.001547194842573,2.1589242204863397,True,1.622281395942362,True
1,350,CA-KL + Weighted Detector,1,weighted_z_score,9.98481970257318,2.1589242204863397,True,1.622281395942362,True
3,351,CA-KL + Weighted Detector,1,weighted_z_score,8.305303791334806,2.2282762558274176,True,1.801027872647659,True
4,352,CA-KL + Weighted Detector,1,weighted_z_score,9.653076179347174,2.2282762558274176,True,1.621749431010188,True
2,353,CA-KL + Weighted Detector,1,weighted_z_score,8.905992897341498,2.2215741910279827,True,1.6098398019093245,True
3,354,CA-KL + Weighted Detector,1,weighted_z_score,7.684248866834639,2.2282762558274176,True,1.801027872647659,True
2,355,CA-KL + Weighted Detector,1,weighted_z_score,9.117189464498246,2.2215741910279827,True,1.6098398019093245,True
1,356,CA-KL + Weighted Detector,1,weighted_z_score,10.096384703204492,2.1589242204863397,True,1.622281395942362,True
5,357,CA-KL + Weighted Detector,1,weighted_z_score,7.985778243513538,2.224786848365201,True,1.687141010946033,True
1,358,CA-KL + Weighted Detector,1,weighted_z_score,11.10483534910167,2.1589242204863397,True,1.622281395942362,True
2,359,CA-KL + Weighted Detector,1,weighted_z_score,2.828921316132155,2.2215741910279827,True,1.6098398019093245,True
3,36,CA-KL + Weighted Detector,1,weighted_z_score,2.630973218624021,2.2282762558274176,True,1.801027872647659,True
5,360,CA-KL + Weighted Detector,1,weighted_z_score,7.684952482396817,2.224786848365201,True,1.687141010946033,True
3,361,CA-KL + Weighted Detector,1,weighted_z_score,10.368699133214216,2.2282762558274176,True,1.801027872647659,True
4,362,CA-KL + Weighted Detector,1,weighted_z_score,9.567908862909377,2.2282762558274176,True,1.621749431010188,True
5,363,CA-KL + Weighted Detector,1,weighted_z_score,9.133746811234529,2.224786848365201,True,1.687141010946033,True
3,364,CA-KL + Weighted Detector,1,weighted_z_score,8.426997810460083,2.2282762558274176,True,1.801027872647659,True
3,365,CA-KL + Weighted Detector,1,weighted_z_score,9.32374196094041,2.2282762558274176,True,1.801027872647659,True
1,366,CA-KL + Weighted Detector,1,weighted_z_score,9.986616216150182,2.1589242204863397,True,1.622281395942362,True
2,367,CA-KL + Weighted Detector,1,weighted_z_score,8.57768755529728,2.2215741910279827,True,1.6098398019093245,True
5,368,CA-KL + Weighted Detector,1,weighted_z_score,9.904892838054286,2.224786848365201,True,1.687141010946033,True
3,369,CA-KL + Weighted Detector,1,weighted_z_score,9.703167471958379,2.2282762558274176,True,1.801027872647659,True
5,37,CA-KL + Weighted Detector,1,weighted_z_score,8.878944929644398,2.224786848365201,True,1.687141010946033,True
2,370,CA-KL + Weighted Detector,1,weighted_z_score,10.088299509106823,2.2215741910279827,True,1.6098398019093245,True
4,371,CA-KL + Weighted Detector,1,weighted_z_score,8.896921993006549,2.2282762558274176,True,1.621749431010188,True
4,372,CA-KL + Weighted Detector,1,weighted_z_score,10.838856542717666,2.2282762558274176,True,1.621749431010188,True
2,373,CA-KL + Weighted Detector,1,weighted_z_score,8.533125054149835,2.2215741910279827,True,1.6098398019093245,True
4,374,CA-KL + Weighted Detector,1,weighted_z_score,9.510127258100265,2.2282762558274176,True,1.621749431010188,True
1,375,CA-KL + Weighted Detector,1,weighted_z_score,5.659941268166378,2.1589242204863397,True,1.622281395942362,True
5,376,CA-KL + Weighted Detector,1,weighted_z_score,9.917735093305446,2.224786848365201,True,1.687141010946033,True
3,377,CA-KL + Weighted Detector,1,weighted_z_score,9.645403619446123,2.2282762558274176,True,1.801027872647659,True
3,378,CA-KL + Weighted Detector,1,weighted_z_score,6.451628941348645,2.2282762558274176,True,1.801027872647659,True
4,379,CA-KL + Weighted Detector,1,weighted_z_score,9.85315156948457,2.2282762558274176,True,1.621749431010188,True
4,38,CA-KL + Weighted Detector,1,weighted_z_score,6.27109375227954,2.2282762558274176,True,1.621749431010188,True
1,380,CA-KL + Weighted Detector,1,weighted_z_score,9.648314898176848,2.1589242204863397,True,1.622281395942362,True
2,381,CA-KL + Weighted Detector,1,weighted_z_score,8.201795738351752,2.2215741910279827,True,1.6098398019093245,True
4,382,CA-KL + Weighted Detector,1,weighted_z_score,7.6921985021437935,2.2282762558274176,True,1.621749431010188,True
3,383,CA-KL + Weighted Detector,1,weighted_z_score,12.172619882449382,2.2282762558274176,True,1.801027872647659,True
2,384,CA-KL + Weighted Detector,1,weighted_z_score,7.265243343242169,2.2215741910279827,True,1.6098398019093245,True
3,385,CA-KL + Weighted Detector,1,weighted_z_score,8.517447509922139,2.2282762558274176,True,1.801027872647659,True
2,386,CA-KL + Weighted Detector,1,weighted_z_score,7.9759217629689045,2.2215741910279827,True,1.6098398019093245,True
5,387,CA-KL + Weighted Detector,1,weighted_z_score,7.448107865238979,2.224786848365201,True,1.687141010946033,True
4,388,CA-KL + Weighted Detector,1,weighted_z_score,8.643124609482667,2.2282762558274176,True,1.621749431010188,True
2,389,CA-KL + Weighted Detector,1,weighted_z_score,9.216535369252659,2.2215741910279827,True,1.6098398019093245,True
4,39,CA-KL + Weighted Detector,1,weighted_z_score,5.250681029286559,2.2282762558274176,True,1.621749431010188,True
2,390,CA-KL + Weighted Detector,1,weighted_z_score,10.268369565915064,2.2215741910279827,True,1.6098398019093245,True
4,391,CA-KL + Weighted Detector,1,weighted_z_score,3.5397573865251286,2.2282762558274176,True,1.621749431010188,True
5,392,CA-KL + Weighted Detector,1,weighted_z_score,8.036492765322594,2.224786848365201,True,1.687141010946033,True
3,393,CA-KL + Weighted Detector,1,weighted_z_score,11.547729315076797,2.2282762558274176,True,1.801027872647659,True
2,394,CA-KL + Weighted Detector,1,weighted_z_score,9.132289175290103,2.2215741910279827,True,1.6098398019093245,True
3,395,CA-KL + Weighted Detector,1,weighted_z_score,8.87756021878402,2.2282762558274176,True,1.801027872647659,True
5,396,CA-KL + Weighted Detector,1,weighted_z_score,9.889226348544728,2.224786848365201,True,1.687141010946033,True
5,397,CA-KL + Weighted Detector,1,weighted_z_score,9.673268711082121,2.224786848365201,True,1.687141010946033,True
1,398,CA-KL + Weighted Detector,1,weighted_z_score,9.11562767923724,2.1589242204863397,True,1.622281395942362,True
1,399,CA-KL + Weighted Detector,1,weighted_z_score,8.766135360218202,2.1589242204863397,True,1.622281395942362,True
1,4,CA-KL + Weighted Detector,1,weighted_z_score,8.633496287523764,2.1589242204863397,True,1.622281395942362,True
3,40,CA-KL + Weighted Detector,1,weighted_z_score,10.041456572644467,2.2282762558274176,True,1.801027872647659,True
3,400,CA-KL + Weighted Detector,1,weighted_z_score,10.258634659180599,2.2282762558274176,True,1.801027872647659,True
5,401,CA-KL + Weighted Detector,1,weighted_z_score,9.487399484798942,2.224786848365201,True,1.687141010946033,True
2,402,CA-KL + Weighted Detector,1,weighted_z_score,11.503108102741693,2.2215741910279827,True,1.6098398019093245,True
1,403,CA-KL + Weighted Detector,1,weighted_z_score,8.619116559982265,2.1589242204863397,True,1.622281395942362,True
1,404,CA-KL + Weighted Detector,1,weighted_z_score,8.789398165512033,2.1589242204863397,True,1.622281395942362,True
4,405,CA-KL + Weighted Detector,1,weighted_z_score,10.756338001212134,2.2282762558274176,True,1.621749431010188,True
4,406,CA-KL + Weighted Detector,1,weighted_z_score,10.145888169839157,2.2282762558274176,True,1.621749431010188,True
5,407,CA-KL + Weighted Detector,1,weighted_z_score,10.1490910872731,2.224786848365201,True,1.687141010946033,True
3,408,CA-KL + Weighted Detector,1,weighted_z_score,12.02412032554577,2.2282762558274176,True,1.801027872647659,True
2,409,CA-KL + Weighted Detector,1,weighted_z_score,9.76429062003629,2.2215741910279827,True,1.6098398019093245,True
4,41,CA-KL + Weighted Detector,1,weighted_z_score,9.505051474352289,2.2282762558274176,True,1.621749431010188,True
4,410,CA-KL + Weighted Detector,1,weighted_z_score,11.472033578787949,2.2282762558274176,True,1.621749431010188,True
4,411,CA-KL + Weighted Detector,1,weighted_z_score,6.967836670813833,2.2282762558274176,True,1.621749431010188,True
4,412,CA-KL + Weighted Detector,1,weighted_z_score,10.910775668169384,2.2282762558274176,True,1.621749431010188,True
5,413,CA-KL + Weighted Detector,1,weighted_z_score,5.327424784211085,2.224786848365201,True,1.687141010946033,True
2,414,CA-KL + Weighted Detector,1,weighted_z_score,3.754683973682729,2.2215741910279827,True,1.6098398019093245,True
2,415,CA-KL + Weighted Detector,1,weighted_z_score,10.959146015707592,2.2215741910279827,True,1.6098398019093245,True
1,416,CA-KL + Weighted Detector,1,weighted_z_score,11.177593935540727,2.1589242204863397,True,1.622281395942362,True
5,417,CA-KL + Weighted Detector,1,weighted_z_score,10.182674249942364,2.224786848365201,True,1.687141010946033,True
2,418,CA-KL + Weighted Detector,1,weighted_z_score,8.2481800735018,2.2215741910279827,True,1.6098398019093245,True
5,419,CA-KL + Weighted Detector,1,weighted_z_score,8.726399618842501,2.224786848365201,True,1.687141010946033,True
1,42,CA-KL + Weighted Detector,1,weighted_z_score,7.9035343699597105,2.1589242204863397,True,1.622281395942362,True
4,420,CA-KL + Weighted Detector,1,weighted_z_score,9.503206703316648,2.2282762558274176,True,1.621749431010188,True
4,421,CA-KL + Weighted Detector,1,weighted_z_score,10.22747371970353,2.2282762558274176,True,1.621749431010188,True
3,422,CA-KL + Weighted Detector,1,weighted_z_score,10.461943003221645,2.2282762558274176,True,1.801027872647659,True
2,423,CA-KL + Weighted Detector,1,weighted_z_score,9.204455332448441,2.2215741910279827,True,1.6098398019093245,True
3,424,CA-KL + Weighted Detector,1,weighted_z_score,5.127158670107644,2.2282762558274176,True,1.801027872647659,True
3,425,CA-KL + Weighted Detector,1,weighted_z_score,8.102349344668644,2.2282762558274176,True,1.801027872647659,True
2,426,CA-KL + Weighted Detector,1,weighted_z_score,8.282850201135911,2.2215741910279827,True,1.6098398019093245,True
5,427,CA-KL + Weighted Detector,1,weighted_z_score,7.010807836115621,2.224786848365201,True,1.687141010946033,True
3,428,CA-KL + Weighted Detector,1,weighted_z_score,8.151798913680201,2.2282762558274176,True,1.801027872647659,True
5,429,CA-KL + Weighted Detector,1,weighted_z_score,9.747887727683727,2.224786848365201,True,1.687141010946033,True
5,43,CA-KL + Weighted Detector,1,weighted_z_score,8.934520474745039,2.224786848365201,True,1.687141010946033,True
3,430,CA-KL + Weighted Detector,1,weighted_z_score,11.263695294757959,2.2282762558274176,True,1.801027872647659,True
1,431,CA-KL + Weighted Detector,1,weighted_z_score,7.740804219566896,2.1589242204863397,True,1.622281395942362,True
1,432,CA-KL + Weighted Detector,1,weighted_z_score,9.253656074245777,2.1589242204863397,True,1.622281395942362,True
5,433,CA-KL + Weighted Detector,1,weighted_z_score,9.18417997061719,2.224786848365201,True,1.687141010946033,True
1,434,CA-KL + Weighted Detector,1,weighted_z_score,8.897972396018968,2.1589242204863397,True,1.622281395942362,True
5,435,CA-KL + Weighted Detector,1,weighted_z_score,10.379745415098057,2.224786848365201,True,1.687141010946033,True
5,436,CA-KL + Weighted Detector,1,weighted_z_score,9.341407806540918,2.224786848365201,True,1.687141010946033,True
4,437,CA-KL + Weighted Detector,1,weighted_z_score,9.923896584039912,2.2282762558274176,True,1.621749431010188,True
1,438,CA-KL + Weighted Detector,1,weighted_z_score,10.216165277607374,2.1589242204863397,True,1.622281395942362,True
5,439,CA-KL + Weighted Detector,1,weighted_z_score,8.314719281369833,2.224786848365201,True,1.687141010946033,True
5,44,CA-KL + Weighted Detector,1,weighted_z_score,8.805180607730703,2.224786848365201,True,1.687141010946033,True
4,440,CA-KL + Weighted Detector,1,weighted_z_score,6.130936990092838,2.2282762558274176,True,1.621749431010188,True
3,441,CA-KL + Weighted Detector,1,weighted_z_score,8.734855919804206,2.2282762558274176,True,1.801027872647659,True
2,442,CA-KL + Weighted Detector,1,weighted_z_score,10.071043209928693,2.2215741910279827,True,1.6098398019093245,True
3,443,CA-KL + Weighted Detector,1,weighted_z_score,8.441283348624733,2.2282762558274176,True,1.801027872647659,True
4,444,CA-KL + Weighted Detector,1,weighted_z_score,8.824309044130079,2.2282762558274176,True,1.621749431010188,True
1,445,CA-KL + Weighted Detector,1,weighted_z_score,9.685691606186184,2.1589242204863397,True,1.622281395942362,True
4,446,CA-KL + Weighted Detector,1,weighted_z_score,7.315000873607176,2.2282762558274176,True,1.621749431010188,True
4,447,CA-KL + Weighted Detector,1,weighted_z_score,9.763452995081744,2.2282762558274176,True,1.621749431010188,True
4,448,CA-KL + Weighted Detector,1,weighted_z_score,11.124017015654164,2.2282762558274176,True,1.621749431010188,True
5,449,CA-KL + Weighted Detector,1,weighted_z_score,10.589978515620171,2.224786848365201,True,1.687141010946033,True
5,45,CA-KL + Weighted Detector,1,weighted_z_score,9.989126011650056,2.224786848365201,True,1.687141010946033,True
3,450,CA-KL + Weighted Detector,1,weighted_z_score,10.38757203399142,2.2282762558274176,True,1.801027872647659,True
5,451,CA-KL + Weighted Detector,1,weighted_z_score,10.154053622308885,2.224786848365201,True,1.687141010946033,True
4,452,CA-KL + Weighted Detector,1,weighted_z_score,10.472870565639791,2.2282762558274176,True,1.621749431010188,True
2,453,CA-KL + Weighted Detector,1,weighted_z_score,10.151188906627116,2.2215741910279827,True,1.6098398019093245,True
1,454,CA-KL + Weighted Detector,1,weighted_z_score,8.82291994081048,2.1589242204863397,True,1.622281395942362,True
2,455,CA-KL + Weighted Detector,1,weighted_z_score,9.690635139226972,2.2215741910279827,True,1.6098398019093245,True
5,456,CA-KL + Weighted Detector,1,weighted_z_score,7.842123598629694,2.224786848365201,True,1.687141010946033,True
3,457,CA-KL + Weighted Detector,1,weighted_z_score,7.9175526656187705,2.2282762558274176,True,1.801027872647659,True
4,458,CA-KL + Weighted Detector,1,weighted_z_score,8.661082617477664,2.2282762558274176,True,1.621749431010188,True
2,459,CA-KL + Weighted Detector,1,weighted_z_score,9.473087476587411,2.2215741910279827,True,1.6098398019093245,True
5,46,CA-KL + Weighted Detector,1,weighted_z_score,9.178417872087456,2.224786848365201,True,1.687141010946033,True
4,460,CA-KL + Weighted Detector,1,weighted_z_score,4.912590281773559,2.2282762558274176,True,1.621749431010188,True
2,461,CA-KL + Weighted Detector,1,weighted_z_score,6.932283301433882,2.2215741910279827,True,1.6098398019093245,True
4,462,CA-KL + Weighted Detector,1,weighted_z_score,2.2605827210005645,2.2282762558274176,True,1.621749431010188,True
5,463,CA-KL + Weighted Detector,1,weighted_z_score,9.622098665640758,2.224786848365201,True,1.687141010946033,True
1,464,CA-KL + Weighted Detector,1,weighted_z_score,9.783122711049439,2.1589242204863397,True,1.622281395942362,True
2,465,CA-KL + Weighted Detector,1,weighted_z_score,6.904769578911852,2.2215741910279827,True,1.6098398019093245,True
1,466,CA-KL + Weighted Detector,1,weighted_z_score,4.065201073092018,2.1589242204863397,True,1.622281395942362,True
4,467,CA-KL + Weighted Detector,1,weighted_z_score,8.590691775552694,2.2282762558274176,True,1.621749431010188,True
4,468,CA-KL + Weighted Detector,1,weighted_z_score,9.479119677095346,2.2282762558274176,True,1.621749431010188,True
5,469,CA-KL + Weighted Detector,1,weighted_z_score,3.895397637415784,2.224786848365201,True,1.687141010946033,True
1,47,CA-KL + Weighted Detector,1,weighted_z_score,10.129281505601314,2.1589242204863397,True,1.622281395942362,True
1,470,CA-KL + Weighted Detector,1,weighted_z_score,9.507318786827271,2.1589242204863397,True,1.622281395942362,True
1,471,CA-KL + Weighted Detector,1,weighted_z_score,9.564451531575735,2.1589242204863397,True,1.622281395942362,True
5,472,CA-KL + Weighted Detector,1,weighted_z_score,7.395024503473767,2.224786848365201,True,1.687141010946033,True
5,473,CA-KL + Weighted Detector,1,weighted_z_score,8.755889829341196,2.224786848365201,True,1.687141010946033,True
2,474,CA-KL + Weighted Detector,1,weighted_z_score,10.06368415077669,2.2215741910279827,True,1.6098398019093245,True
2,475,CA-KL + Weighted Detector,1,weighted_z_score,9.758792369851955,2.2215741910279827,True,1.6098398019093245,True
4,476,CA-KL + Weighted Detector,1,weighted_z_score,5.849224089041078,2.2282762558274176,True,1.621749431010188,True
4,477,CA-KL + Weighted Detector,1,weighted_z_score,10.481049568525398,2.2282762558274176,True,1.621749431010188,True
5,478,CA-KL + Weighted Detector,1,weighted_z_score,8.857887630873929,2.224786848365201,True,1.687141010946033,True
2,479,CA-KL + Weighted Detector,1,weighted_z_score,10.932004526293682,2.2215741910279827,True,1.6098398019093245,True
3,48,CA-KL + Weighted Detector,1,weighted_z_score,10.855292016050628,2.2282762558274176,True,1.801027872647659,True
2,480,CA-KL + Weighted Detector,1,weighted_z_score,9.643038153317624,2.2215741910279827,True,1.6098398019093245,True
5,481,CA-KL + Weighted Detector,1,weighted_z_score,7.459674814382862,2.224786848365201,True,1.687141010946033,True
3,482,CA-KL + Weighted Detector,1,weighted_z_score,9.894949314544832,2.2282762558274176,True,1.801027872647659,True
1,483,CA-KL + Weighted Detector,1,weighted_z_score,6.219321137793855,2.1589242204863397,True,1.622281395942362,True
4,484,CA-KL + Weighted Detector,1,weighted_z_score,9.265207988774785,2.2282762558274176,True,1.621749431010188,True
2,485,CA-KL + Weighted Detector,1,weighted_z_score,9.067129333700937,2.2215741910279827,True,1.6098398019093245,True
3,486,CA-KL + Weighted Detector,1,weighted_z_score,6.883601675288844,2.2282762558274176,True,1.801027872647659,True
2,487,CA-KL + Weighted Detector,1,weighted_z_score,7.376294966887674,2.2215741910279827,True,1.6098398019093245,True
2,488,CA-KL + Weighted Detector,1,weighted_z_score,8.142278715849754,2.2215741910279827,True,1.6098398019093245,True
1,489,CA-KL + Weighted Detector,1,weighted_z_score,7.5682565529541455,2.1589242204863397,True,1.622281395942362,True
4,49,CA-KL + Weighted Detector,1,weighted_z_score,10.406687559900575,2.2282762558274176,True,1.621749431010188,True
4,490,CA-KL + Weighted Detector,1,weighted_z_score,8.408650098617683,2.2282762558274176,True,1.621749431010188,True
2,491,CA-KL + Weighted Detector,1,weighted_z_score,9.884921963021963,2.2215741910279827,True,1.6098398019093245,True
5,492,CA-KL + Weighted Detector,1,weighted_z_score,12.029354741153872,2.224786848365201,True,1.687141010946033,True
2,493,CA-KL + Weighted Detector,1,weighted_z_score,10.180389699633412,2.2215741910279827,True,1.6098398019093245,True
3,494,CA-KL + Weighted Detector,1,weighted_z_score,8.70590367841021,2.2282762558274176,True,1.801027872647659,True
2,495,CA-KL + Weighted Detector,1,weighted_z_score,8.425001433226733,2.2215741910279827,True,1.6098398019093245,True
1,496,CA-KL + Weighted Detector,1,weighted_z_score,8.90850991859035,2.1589242204863397,True,1.622281395942362,True
5,497,CA-KL + Weighted Detector,1,weighted_z_score,11.668246991501162,2.224786848365201,True,1.687141010946033,True
1,498,CA-KL + Weighted Detector,1,weighted_z_score,7.338529437344157,2.1589242204863397,True,1.622281395942362,True
5,499,CA-KL + Weighted Detector,1,weighted_z_score,9.816230822463359,2.224786848365201,True,1.687141010946033,True
3,5,CA-KL + Weighted Detector,1,weighted_z_score,10.035615936053135,2.2282762558274176,True,1.801027872647659,True
4,50,CA-KL + Weighted Detector,1,weighted_z_score,8.297754441785,2.2282762558274176,True,1.621749431010188,True
4,500,CA-KL + Weighted Detector,1,weighted_z_score,9.332647503817933,2.2282762558274176,True,1.621749431010188,True
1,51,CA-KL + Weighted Detector,1,weighted_z_score,9.450685346214064,2.1589242204863397,True,1.622281395942362,True
3,52,CA-KL + Weighted Detector,1,weighted_z_score,10.114272761541496,2.2282762558274176,True,1.801027872647659,True
4,53,CA-KL + Weighted Detector,1,weighted_z_score,9.869453719645044,2.2282762558274176,True,1.621749431010188,True
2,54,CA-KL + Weighted Detector,1,weighted_z_score,9.372941059331536,2.2215741910279827,True,1.6098398019093245,True
5,55,CA-KL + Weighted Detector,1,weighted_z_score,11.35877334019635,2.224786848365201,True,1.687141010946033,True
5,56,CA-KL + Weighted Detector,1,weighted_z_score,9.597136481707222,2.224786848365201,True,1.687141010946033,True
4,57,CA-KL + Weighted Detector,1,weighted_z_score,11.245902984051183,2.2282762558274176,True,1.621749431010188,True
1,58,CA-KL + Weighted Detector,1,weighted_z_score,9.524857695918685,2.1589242204863397,True,1.622281395942362,True
5,59,CA-KL + Weighted Detector,1,weighted_z_score,9.700223839949297,2.224786848365201,True,1.687141010946033,True
4,6,CA-KL + Weighted Detector,1,weighted_z_score,11.013145991300439,2.2282762558274176,True,1.621749431010188,True
1,60,CA-KL + Weighted Detector,1,weighted_z_score,9.096560589898464,2.1589242204863397,True,1.622281395942362,True
4,61,CA-KL + Weighted Detector,1,weighted_z_score,9.30218030470975,2.2282762558274176,True,1.621749431010188,True
4,62,CA-KL + Weighted Detector,1,weighted_z_score,10.085410006143576,2.2282762558274176,True,1.621749431010188,True
4,63,CA-KL + Weighted Detector,1,weighted_z_score,11.371573116227871,2.2282762558274176,True,1.621749431010188,True
3,64,CA-KL + Weighted Detector,1,weighted_z_score,7.744357574267397,2.2282762558274176,True,1.801027872647659,True
2,65,CA-KL + Weighted Detector,1,weighted_z_score,9.584270687976755,2.2215741910279827,True,1.6098398019093245,True
1,66,CA-KL + Weighted Detector,1,weighted_z_score,9.876971496768219,2.1589242204863397,True,1.622281395942362,True
5,67,CA-KL + Weighted Detector,1,weighted_z_score,9.010479717713007,2.224786848365201,True,1.687141010946033,True
5,68,CA-KL + Weighted Detector,1,weighted_z_score,9.977558986571921,2.224786848365201,True,1.687141010946033,True
4,69,CA-KL + Weighted Detector,1,weighted_z_score,9.370507176714339,2.2282762558274176,True,1.621749431010188,True
1,7,CA-KL + Weighted Detector,1,weighted_z_score,9.530112090865497,2.1589242204863397,True,1.622281395942362,True
1,70,CA-KL + Weighted Detector,1,weighted_z_score,10.039004326436,2.1589242204863397,True,1.622281395942362,True
5,71,CA-KL + Weighted Detector,1,weighted_z_score,9.064571149404186,2.224786848365201,True,1.687141010946033,True
5,72,CA-KL + Weighted Detector,1,weighted_z_score,10.9536262948408,2.224786848365201,True,1.687141010946033,True
4,73,CA-KL + Weighted Detector,1,weighted_z_score,8.11422533929131,2.2282762558274176,True,1.621749431010188,True
3,74,CA-KL + Weighted Detector,1,weighted_z_score,9.268084113604749,2.2282762558274176,True,1.801027872647659,True
2,75,CA-KL + Weighted Detector,1,weighted_z_score,6.627915350562417,2.2215741910279827,True,1.6098398019093245,True
5,76,CA-KL + Weighted Detector,1,weighted_z_score,9.686821607884879,2.224786848365201,True,1.687141010946033,True
2,77,CA-KL + Weighted Detector,1,weighted_z_score,8.978042941606901,2.2215741910279827,True,1.6098398019093245,True
2,78,CA-KL + Weighted Detector,1,weighted_z_score,7.244323470026214,2.2215741910279827,True,1.6098398019093245,True
2,79,CA-KL + Weighted Detector,1,weighted_z_score,8.571138771356246,2.2215741910279827,True,1.6098398019093245,True
5,8,CA-KL + Weighted Detector,1,weighted_z_score,9.305188420528324,2.224786848365201,True,1.687141010946033,True
3,80,CA-KL + Weighted Detector,1,weighted_z_score,8.564026578330537,2.2282762558274176,True,1.801027872647659,True
2,81,CA-KL + Weighted Detector,1,weighted_z_score,7.5676058420076275,2.2215741910279827,True,1.6098398019093245,True
2,82,CA-KL + Weighted Detector,1,weighted_z_score,7.944945548385928,2.2215741910279827,True,1.6098398019093245,True
3,83,CA-KL + Weighted Detector,1,weighted_z_score,6.213935687309529,2.2282762558274176,True,1.801027872647659,True
2,84,CA-KL + Weighted Detector,1,weighted_z_score,10.59186187120811,2.2215741910279827,True,1.6098398019093245,True
4,85,CA-KL + Weighted Detector,1,weighted_z_score,9.048269854163896,2.2282762558274176,True,1.621749431010188,True
1,86,CA-KL + Weighted Detector,1,weighted_z_score,9.684607943813988,2.1589242204863397,True,1.622281395942362,True
4,87,CA-KL + Weighted Detector,1,weighted_z_score,10.388498209026974,2.2282762558274176,True,1.621749431010188,True
2,88,CA-KL + Weighted Detector,1,weighted_z_score,9.86039865917005,2.2215741910279827,True,1.6098398019093245,True
4,89,CA-KL + Weighted Detector,1,weighted_z_score,8.31869993886693,2.2282762558274176,True,1.621749431010188,True
2,9,CA-KL + Weighted Detector,1,weighted_z_score,9.494177754758919,2.2215741910279827,True,1.6098398019093245,True
5,90,CA-KL + Weighted Detector,1,weighted_z_score,9.506507605132876,2.224786848365201,True,1.687141010946033,True
3,91,CA-KL + Weighted Detector,1,weighted_z_score,9.680893384518338,2.2282762558274176,True,1.801027872647659,True
1,92,CA-KL + Weighted Detector,1,weighted_z_score,6.570128787519495,2.1589242204863397,True,1.622281395942362,True
2,93,CA-KL + Weighted Detector,1,weighted_z_score,10.889631673330697,2.2215741910279827,True,1.6098398019093245,True
5,94,CA-KL + Weighted Detector,1,weighted_z_score,10.877913415648166,2.224786848365201,True,1.687141010946033,True
3,95,CA-KL + Weighted Detector,1,weighted_z_score,10.768608084171358,2.2282762558274176,True,1.801027872647659,True
1,96,CA-KL + Weighted Detector,1,weighted_z_score,10.00386619226889,2.1589242204863397,True,1.622281395942362,True
5,97,CA-KL + Weighted Detector,1,weighted_z_score,9.755123712197095,2.224786848365201,True,1.687141010946033,True
2,98,CA-KL + Weighted Detector,1,weighted_z_score,9.12995286990186,2.2215741910279827,True,1.6098398019093245,True
5,99,CA-KL + Weighted Detector,1,weighted_z_score,9.715000192090296,2.224786848365201,True,1.687141010946033,True
2,1,No Watermark,0,winmax_weighted_z_score,1.739214353319201,3.519550341121469,False,3.0080519009192654,False
3,2,No Watermark,0,winmax_weighted_z_score,3.0811316374555515,3.6740835230268667,False,2.9644282398187136,True
5,3,No Watermark,0,winmax_weighted_z_score,1.9119774465186308,3.6740835230268667,False,3.0080519009192654,False
1,4,No Watermark,0,winmax_weighted_z_score,2.0030415001108257,3.6740835230268667,False,2.9520587688796485,False
3,5,No Watermark,0,winmax_weighted_z_score,0.7054746700487926,3.6740835230268667,False,2.9644282398187136,False
4,6,No Watermark,0,winmax_weighted_z_score,1.8787154191050206,3.764829272312623,False,3.0421780114211523,False
1,7,No Watermark,0,winmax_weighted_z_score,0.8330395780154256,3.6740835230268667,False,2.9520587688796485,False
5,8,No Watermark,0,winmax_weighted_z_score,2.3165124065087235,3.6740835230268667,False,3.0080519009192654,False
2,9,No Watermark,0,winmax_weighted_z_score,2.420999510291876,3.519550341121469,False,3.0080519009192654,False
3,10,No Watermark,0,winmax_weighted_z_score,2.195777730725719,3.6740835230268667,False,2.9644282398187136,False
2,11,No Watermark,0,winmax_weighted_z_score,0.3135795713969971,3.519550341121469,False,3.0080519009192654,False
5,12,No Watermark,0,winmax_weighted_z_score,2.3710787838149816,3.6740835230268667,False,3.0080519009192654,False
4,13,No Watermark,0,winmax_weighted_z_score,2.2665910316203592,3.764829272312623,False,3.0421780114211523,False
3,14,No Watermark,0,winmax_weighted_z_score,1.1707084098866254,3.6740835230268667,False,2.9644282398187136,False
5,15,No Watermark,0,winmax_weighted_z_score,1.554998920697463,3.6740835230268667,False,3.0080519009192654,False
5,16,No Watermark,0,winmax_weighted_z_score,1.5083569977806877,3.6740835230268667,False,3.0080519009192654,False
1,17,No Watermark,0,winmax_weighted_z_score,1.6313913079831013,3.6740835230268667,False,2.9520587688796485,False
3,18,No Watermark,0,winmax_weighted_z_score,1.559518278911961,3.6740835230268667,False,2.9644282398187136,False
3,19,No Watermark,0,winmax_weighted_z_score,1.3904637580104664,3.6740835230268667,False,2.9644282398187136,False
5,20,No Watermark,0,winmax_weighted_z_score,1.6303267969121347,3.6740835230268667,False,3.0080519009192654,False
4,21,No Watermark,0,winmax_weighted_z_score,3.2366601900476613,3.764829272312623,False,3.0421780114211523,True
1,22,No Watermark,0,winmax_weighted_z_score,2.1560364857117813,3.6740835230268667,False,2.9520587688796485,False
1,23,No Watermark,0,winmax_weighted_z_score,0.33657579129986176,3.6740835230268667,False,2.9520587688796485,False
1,24,No Watermark,0,winmax_weighted_z_score,1.3877425092115507,3.6740835230268667,False,2.9520587688796485,False
3,25,No Watermark,0,winmax_weighted_z_score,3.0952905634812957,3.6740835230268667,False,2.9644282398187136,True
5,26,No Watermark,0,winmax_weighted_z_score,1.4329625659242233,3.6740835230268667,False,3.0080519009192654,False
3,27,No Watermark,0,winmax_weighted_z_score,1.3765445294594219,3.6740835230268667,False,2.9644282398187136,False
5,28,No Watermark,0,winmax_weighted_z_score,1.1315207683891049,3.6740835230268667,False,3.0080519009192654,False
4,29,No Watermark,0,winmax_weighted_z_score,1.3460659380382485,3.764829272312623,False,3.0421780114211523,False
1,30,No Watermark,0,winmax_weighted_z_score,1.993270086863048,3.6740835230268667,False,2.9520587688796485,False
2,31,No Watermark,0,winmax_weighted_z_score,1.4567521095077478,3.519550341121469,False,3.0080519009192654,False
1,32,No Watermark,0,winmax_weighted_z_score,1.9987752176411686,3.6740835230268667,False,2.9520587688796485,False
4,33,No Watermark,0,winmax_weighted_z_score,1.96895798149187,3.764829272312623,False,3.0421780114211523,False
1,34,No Watermark,0,winmax_weighted_z_score,2.364916195824612,3.6740835230268667,False,2.9520587688796485,False
1,35,No Watermark,0,winmax_weighted_z_score,2.5643224634396113,3.6740835230268667,False,2.9520587688796485,False
3,36,No Watermark,0,winmax_weighted_z_score,1.457060067963106,3.6740835230268667,False,2.9644282398187136,False
5,37,No Watermark,0,winmax_weighted_z_score,1.1800235795455398,3.6740835230268667,False,3.0080519009192654,False
4,38,No Watermark,0,winmax_weighted_z_score,2.0557797068908847,3.764829272312623,False,3.0421780114211523,False
4,39,No Watermark,0,winmax_weighted_z_score,1.2607681777653394,3.764829272312623,False,3.0421780114211523,False
3,40,No Watermark,0,winmax_weighted_z_score,2.2466999008209623,3.6740835230268667,False,2.9644282398187136,False
4,41,No Watermark,0,winmax_weighted_z_score,1.80018649373201,3.764829272312623,False,3.0421780114211523,False
1,42,No Watermark,0,winmax_weighted_z_score,1.006156911258758,3.6740835230268667,False,2.9520587688796485,False
5,43,No Watermark,0,winmax_weighted_z_score,2.3620772204914693,3.6740835230268667,False,3.0080519009192654,False
5,44,No Watermark,0,winmax_weighted_z_score,1.9246823322991655,3.6740835230268667,False,3.0080519009192654,False
5,45,No Watermark,0,winmax_weighted_z_score,0.3645110120232359,3.6740835230268667,False,3.0080519009192654,False
5,46,No Watermark,0,winmax_weighted_z_score,2.048723691003337,3.6740835230268667,False,3.0080519009192654,False
1,47,No Watermark,0,winmax_weighted_z_score,2.891488304608995,3.6740835230268667,False,2.9520587688796485,False
3,48,No Watermark,0,winmax_weighted_z_score,3.1325636791813825,3.6740835230268667,False,2.9644282398187136,True
4,49,No Watermark,0,winmax_weighted_z_score,0.26718747816772925,3.764829272312623,False,3.0421780114211523,False
4,50,No Watermark,0,winmax_weighted_z_score,1.5749759930123537,3.764829272312623,False,3.0421780114211523,False
1,51,No Watermark,0,winmax_weighted_z_score,1.6335364275299897,3.6740835230268667,False,2.9520587688796485,False
3,52,No Watermark,0,winmax_weighted_z_score,1.9230816662663128,3.6740835230268667,False,2.9644282398187136,False
4,53,No Watermark,0,winmax_weighted_z_score,2.7287846709759704,3.764829272312623,False,3.0421780114211523,False
2,54,No Watermark,0,winmax_weighted_z_score,2.6034976338454183,3.519550341121469,False,3.0080519009192654,False
5,55,No Watermark,0,winmax_weighted_z_score,1.2460657393701098,3.6740835230268667,False,3.0080519009192654,False
5,56,No Watermark,0,winmax_weighted_z_score,0.0,3.6740835230268667,False,3.0080519009192654,False
4,57,No Watermark,0,winmax_weighted_z_score,2.3110737626796527,3.764829272312623,False,3.0421780114211523,False
1,58,No Watermark,0,winmax_weighted_z_score,2.1513508782222894,3.6740835230268667,False,2.9520587688796485,False
5,59,No Watermark,0,winmax_weighted_z_score,1.1049605474702113,3.6740835230268667,False,3.0080519009192654,False
1,60,No Watermark,0,winmax_weighted_z_score,2.261734862609982,3.6740835230268667,False,2.9520587688796485,False
4,61,No Watermark,0,winmax_weighted_z_score,1.1420062498079295,3.764829272312623,False,3.0421780114211523,False
4,62,No Watermark,0,winmax_weighted_z_score,3.6740835230268667,3.764829272312623,False,3.0421780114211523,True
4,63,No Watermark,0,winmax_weighted_z_score,2.2509626402135834,3.764829272312623,False,3.0421780114211523,False
3,64,No Watermark,0,winmax_weighted_z_score,0.9733337413205851,3.6740835230268667,False,2.9644282398187136,False
2,65,No Watermark,0,winmax_weighted_z_score,2.019531217501069,3.519550341121469,False,3.0080519009192654,False
1,66,No Watermark,0,winmax_weighted_z_score,1.3273110670209327,3.6740835230268667,False,2.9520587688796485,False
5,67,No Watermark,0,winmax_weighted_z_score,1.9171089039326865,3.6740835230268667,False,3.0080519009192654,False
5,68,No Watermark,0,winmax_weighted_z_score,0.22935287877622246,3.6740835230268667,False,3.0080519009192654,False
4,69,No Watermark,0,winmax_weighted_z_score,2.8237488312721313,3.764829272312623,False,3.0421780114211523,False
1,70,No Watermark,0,winmax_weighted_z_score,2.782103763057524,3.6740835230268667,False,2.9520587688796485,False
5,71,No Watermark,0,winmax_weighted_z_score,3.192375521803294,3.6740835230268667,False,3.0080519009192654,True
5,72,No Watermark,0,winmax_weighted_z_score,1.8125378351329642,3.6740835230268667,False,3.0080519009192654,False
4,73,No Watermark,0,winmax_weighted_z_score,0.9488476882646036,3.764829272312623,False,3.0421780114211523,False
3,74,No Watermark,0,winmax_weighted_z_score,1.7489873383163894,3.6740835230268667,False,2.9644282398187136,False
2,75,No Watermark,0,winmax_weighted_z_score,2.270791032642877,3.519550341121469,False,3.0080519009192654,False
5,76,No Watermark,0,winmax_weighted_z_score,0.912760252050579,3.6740835230268667,False,3.0080519009192654,False
2,77,No Watermark,0,winmax_weighted_z_score,2.6541277371986602,3.519550341121469,False,3.0080519009192654,False
2,78,No Watermark,0,winmax_weighted_z_score,1.687141010946033,3.519550341121469,False,3.0080519009192654,False
2,79,No Watermark,0,winmax_weighted_z_score,0.6346474164263409,3.519550341121469,False,3.0080519009192654,False
3,80,No Watermark,0,winmax_weighted_z_score,2.915143623770544,3.6740835230268667,False,2.9644282398187136,False
2,81,No Watermark,0,winmax_weighted_z_score,3.764829272312623,3.519550341121469,True,3.0080519009192654,True
2,82,No Watermark,0,winmax_weighted_z_score,2.3143828477585706,3.519550341121469,False,3.0080519009192654,False
3,83,No Watermark,0,winmax_weighted_z_score,2.162954371919491,3.6740835230268667,False,2.9644282398187136,False
2,84,No Watermark,0,winmax_weighted_z_score,2.5965379271750466,3.519550341121469,False,3.0080519009192654,False
4,85,No Watermark,0,winmax_weighted_z_score,3.4375817860193214,3.764829272312623,False,3.0421780114211523,True
1,86,No Watermark,0,winmax_weighted_z_score,2.193410261056563,3.6740835230268667,False,2.9520587688796485,False
4,87,No Watermark,0,winmax_weighted_z_score,2.28967176360697,3.764829272312623,False,3.0421780114211523,False
2,88,No Watermark,0,winmax_weighted_z_score,0.9936349417366845,3.519550341121469,False,3.0080519009192654,False
4,89,No Watermark,0,winmax_weighted_z_score,2.479738170784555,3.764829272312623,False,3.0421780114211523,False
5,90,No Watermark,0,winmax_weighted_z_score,1.074930993695758,3.6740835230268667,False,3.0080519009192654,False
3,91,No Watermark,0,winmax_weighted_z_score,0.9200474327100255,3.6740835230268667,False,2.9644282398187136,False
1,92,No Watermark,0,winmax_weighted_z_score,2.1847354453374863,3.6740835230268667,False,2.9520587688796485,False
2,93,No Watermark,0,winmax_weighted_z_score,1.3235264189442435,3.519550341121469,False,3.0080519009192654,False
5,94,No Watermark,0,winmax_weighted_z_score,2.508484355946417,3.6740835230268667,False,3.0080519009192654,False
3,95,No Watermark,0,winmax_weighted_z_score,1.6669856176005828,3.6740835230268667,False,2.9644282398187136,False
1,96,No Watermark,0,winmax_weighted_z_score,3.9844261558523373,3.6740835230268667,True,2.9520587688796485,True
5,97,No Watermark,0,winmax_weighted_z_score,2.15646870724068,3.6740835230268667,False,3.0080519009192654,False
2,98,No Watermark,0,winmax_weighted_z_score,0.40275840404187124,3.519550341121469,False,3.0080519009192654,False
5,99,No Watermark,0,winmax_weighted_z_score,0.6588721971152033,3.6740835230268667,False,3.0080519009192654,False
5,100,No Watermark,0,winmax_weighted_z_score,2.2373840004004575,3.6740835230268667,False,3.0080519009192654,False
1,101,No Watermark,0,winmax_weighted_z_score,1.2364971531304851,3.6740835230268667,False,2.9520587688796485,False
5,102,No Watermark,0,winmax_weighted_z_score,0.996433648263631,3.6740835230268667,False,3.0080519009192654,False
3,103,No Watermark,0,winmax_weighted_z_score,1.9431040139213218,3.6740835230268667,False,2.9644282398187136,False
2,104,No Watermark,0,winmax_weighted_z_score,0.7430711831504719,3.519550341121469,False,3.0080519009192654,False
5,105,No Watermark,0,winmax_weighted_z_score,0.3286392442755267,3.6740835230268667,False,3.0080519009192654,False
1,106,No Watermark,0,winmax_weighted_z_score,0.884087278483308,3.6740835230268667,False,2.9520587688796485,False
3,107,No Watermark,0,winmax_weighted_z_score,1.8290558160965433,3.6740835230268667,False,2.9644282398187136,False
3,108,No Watermark,0,winmax_weighted_z_score,2.7623479038227323,3.6740835230268667,False,2.9644282398187136,False
3,109,No Watermark,0,winmax_weighted_z_score,0.0,3.6740835230268667,False,2.9644282398187136,False
3,110,No Watermark,0,winmax_weighted_z_score,1.7521795541513145,3.6740835230268667,False,2.9644282398187136,False
3,111,No Watermark,0,winmax_weighted_z_score,1.5495334692285894,3.6740835230268667,False,2.9644282398187136,False
5,112,No Watermark,0,winmax_weighted_z_score,0.816376516447332,3.6740835230268667,False,3.0080519009192654,False
3,113,No Watermark,0,winmax_weighted_z_score,1.5193842803473798,3.6740835230268667,False,2.9644282398187136,False
4,114,No Watermark,0,winmax_weighted_z_score,2.3878001916901352,3.764829272312623,False,3.0421780114211523,False
3,115,No Watermark,0,winmax_weighted_z_score,1.3534969562536308,3.6740835230268667,False,2.9644282398187136,False
1,116,No Watermark,0,winmax_weighted_z_score,1.1716939031697415,3.6740835230268667,False,2.9520587688796485,False
4,117,No Watermark,0,winmax_weighted_z_score,2.5951272603667483,3.764829272312623,False,3.0421780114211523,False
3,118,No Watermark,0,winmax_weighted_z_score,0.873013044064896,3.6740835230268667,False,2.9644282398187136,False
1,119,No Watermark,0,winmax_weighted_z_score,1.4956583636539995,3.6740835230268667,False,2.9520587688796485,False
3,120,No Watermark,0,winmax_weighted_z_score,2.2482317506119465,3.6740835230268667,False,2.9644282398187136,False
1,121,No Watermark,0,winmax_weighted_z_score,3.1746225022924297,3.6740835230268667,False,2.9520587688796485,True
1,122,No Watermark,0,winmax_weighted_z_score,0.6691779553633023,3.6740835230268667,False,2.9520587688796485,False
2,123,No Watermark,0,winmax_weighted_z_score,0.41480919191964255,3.519550341121469,False,3.0080519009192654,False
1,124,No Watermark,0,winmax_weighted_z_score,1.9123604205291485,3.6740835230268667,False,2.9520587688796485,False
3,125,No Watermark,0,winmax_weighted_z_score,1.9900498524614165,3.6740835230268667,False,2.9644282398187136,False
4,126,No Watermark,0,winmax_weighted_z_score,2.186033607076113,3.764829272312623,False,3.0421780114211523,False
1,127,No Watermark,0,winmax_weighted_z_score,1.195291971254631,3.6740835230268667,False,2.9520587688796485,False
1,128,No Watermark,0,winmax_weighted_z_score,2.0046868130698905,3.6740835230268667,False,2.9520587688796485,False
5,129,No Watermark,0,winmax_weighted_z_score,1.9314039869443178,3.6740835230268667,False,3.0080519009192654,False
1,130,No Watermark,0,winmax_weighted_z_score,1.9645744054058347,3.6740835230268667,False,2.9520587688796485,False
1,131,No Watermark,0,winmax_weighted_z_score,1.9825264414444086,3.6740835230268667,False,2.9520587688796485,False
1,132,No Watermark,0,winmax_weighted_z_score,1.9566954561255596,3.6740835230268667,False,2.9520587688796485,False
2,133,No Watermark,0,winmax_weighted_z_score,1.7958898973539295,3.519550341121469,False,3.0080519009192654,False
1,134,No Watermark,0,winmax_weighted_z_score,2.2905484415171706,3.6740835230268667,False,2.9520587688796485,False
1,135,No Watermark,0,winmax_weighted_z_score,0.5960288598024535,3.6740835230268667,False,2.9520587688796485,False
5,136,No Watermark,0,winmax_weighted_z_score,2.4269564780599207,3.6740835230268667,False,3.0080519009192654,False
1,137,No Watermark,0,winmax_weighted_z_score,1.322294905850512,3.6740835230268667,False,2.9520587688796485,False
4,138,No Watermark,0,winmax_weighted_z_score,3.0044156290146296,3.764829272312623,False,3.0421780114211523,False
3,139,No Watermark,0,winmax_weighted_z_score,1.5910409089820843,3.6740835230268667,False,2.9644282398187136,False
5,140,No Watermark,0,winmax_weighted_z_score,1.6683867592998773,3.6740835230268667,False,3.0080519009192654,False
4,141,No Watermark,0,winmax_weighted_z_score,1.395957364614491,3.764829272312623,False,3.0421780114211523,False
2,142,No Watermark,0,winmax_weighted_z_score,2.637870557216081,3.519550341121469,False,3.0080519009192654,False
2,143,No Watermark,0,winmax_weighted_z_score,2.340086438121657,3.519550341121469,False,3.0080519009192654,False
5,144,No Watermark,0,winmax_weighted_z_score,1.924673209122686,3.6740835230268667,False,3.0080519009192654,False
3,145,No Watermark,0,winmax_weighted_z_score,1.5460670419307516,3.6740835230268667,False,2.9644282398187136,False
3,146,No Watermark,0,winmax_weighted_z_score,3.860658887937752,3.6740835230268667,True,2.9644282398187136,True
2,147,No Watermark,0,winmax_weighted_z_score,3.389010804366875,3.519550341121469,False,3.0080519009192654,True
2,148,No Watermark,0,winmax_weighted_z_score,2.2012071711918675,3.519550341121469,False,3.0080519009192654,False
5,149,No Watermark,0,winmax_weighted_z_score,1.4894905409343142,3.6740835230268667,False,3.0080519009192654,False
2,150,No Watermark,0,winmax_weighted_z_score,2.8678001178510177,3.519550341121469,False,3.0080519009192654,False
2,151,No Watermark,0,winmax_weighted_z_score,1.069531567843843,3.519550341121469,False,3.0080519009192654,False
2,152,No Watermark,0,winmax_weighted_z_score,1.3387636975176254,3.519550341121469,False,3.0080519009192654,False
3,153,No Watermark,0,winmax_weighted_z_score,1.9259595325805536,3.6740835230268667,False,2.9644282398187136,False
5,154,No Watermark,0,winmax_weighted_z_score,0.5408897127409522,3.6740835230268667,False,3.0080519009192654,False
1,155,No Watermark,0,winmax_weighted_z_score,1.26354227161977,3.6740835230268667,False,2.9520587688796485,False
4,156,No Watermark,0,winmax_weighted_z_score,0.9523077918161845,3.764829272312623,False,3.0421780114211523,False
1,157,No Watermark,0,winmax_weighted_z_score,3.471421895747676,3.6740835230268667,False,2.9520587688796485,True
5,158,No Watermark,0,winmax_weighted_z_score,2.9269903048334527,3.6740835230268667,False,3.0080519009192654,False
2,159,No Watermark,0,winmax_weighted_z_score,2.033522444192296,3.519550341121469,False,3.0080519009192654,False
3,160,No Watermark,0,winmax_weighted_z_score,1.0647020762028578,3.6740835230268667,False,2.9644282398187136,False
4,161,No Watermark,0,winmax_weighted_z_score,1.8396908542157249,3.764829272312623,False,3.0421780114211523,False
3,162,No Watermark,0,winmax_weighted_z_score,1.3425346984207343,3.6740835230268667,False,2.9644282398187136,False
1,163,No Watermark,0,winmax_weighted_z_score,0.6016728000737045,3.6740835230268667,False,2.9520587688796485,False
3,164,No Watermark,0,winmax_weighted_z_score,3.247423561401636,3.6740835230268667,False,2.9644282398187136,True
3,165,No Watermark,0,winmax_weighted_z_score,2.4698882634924524,3.6740835230268667,False,2.9644282398187136,False
2,166,No Watermark,0,winmax_weighted_z_score,2.090559846433757,3.519550341121469,False,3.0080519009192654,False
4,167,No Watermark,0,winmax_weighted_z_score,1.770203407435049,3.764829272312623,False,3.0421780114211523,False
1,168,No Watermark,0,winmax_weighted_z_score,1.7402635487662184,3.6740835230268667,False,2.9520587688796485,False
1,169,No Watermark,0,winmax_weighted_z_score,0.9095153320256307,3.6740835230268667,False,2.9520587688796485,False
2,170,No Watermark,0,winmax_weighted_z_score,2.0134061902770912,3.519550341121469,False,3.0080519009192654,False
3,171,No Watermark,0,winmax_weighted_z_score,1.9849198520953717,3.6740835230268667,False,2.9644282398187136,False
4,172,No Watermark,0,winmax_weighted_z_score,1.8893552703509222,3.764829272312623,False,3.0421780114211523,False
5,173,No Watermark,0,winmax_weighted_z_score,0.868440096702263,3.6740835230268667,False,3.0080519009192654,False
3,174,No Watermark,0,winmax_weighted_z_score,0.0,3.6740835230268667,False,2.9644282398187136,False
3,175,No Watermark,0,winmax_weighted_z_score,1.4296788824218396,3.6740835230268667,False,2.9644282398187136,False
3,176,No Watermark,0,winmax_weighted_z_score,1.078054492381674,3.6740835230268667,False,2.9644282398187136,False
3,177,No Watermark,0,winmax_weighted_z_score,0.8829839217717153,3.6740835230268667,False,2.9644282398187136,False
1,178,No Watermark,0,winmax_weighted_z_score,0.7422354993792007,3.6740835230268667,False,2.9520587688796485,False
1,179,No Watermark,0,winmax_weighted_z_score,2.254061103055315,3.6740835230268667,False,2.9520587688796485,False
4,180,No Watermark,0,winmax_weighted_z_score,1.1527438374030161,3.764829272312623,False,3.0421780114211523,False
1,181,No Watermark,0,winmax_weighted_z_score,2.5927274235115867,3.6740835230268667,False,2.9520587688796485,False
3,182,No Watermark,0,winmax_weighted_z_score,1.8376088222361189,3.6740835230268667,False,2.9644282398187136,False
4,183,No Watermark,0,winmax_weighted_z_score,1.4994365781643975,3.764829272312623,False,3.0421780114211523,False
4,184,No Watermark,0,winmax_weighted_z_score,2.399203953328529,3.764829272312623,False,3.0421780114211523,False
3,185,No Watermark,0,winmax_weighted_z_score,1.7955208977423018,3.6740835230268667,False,2.9644282398187136,False
2,186,No Watermark,0,winmax_weighted_z_score,1.4781458919532822,3.519550341121469,False,3.0080519009192654,False
3,187,No Watermark,0,winmax_weighted_z_score,0.4500497836419107,3.6740835230268667,False,2.9644282398187136,False
2,188,No Watermark,0,winmax_weighted_z_score,1.6305818036420014,3.519550341121469,False,3.0080519009192654,False
1,189,No Watermark,0,winmax_weighted_z_score,1.9349985242225347,3.6740835230268667,False,2.9520587688796485,False
1,190,No Watermark,0,winmax_weighted_z_score,1.938125241727784,3.6740835230268667,False,2.9520587688796485,False
2,191,No Watermark,0,winmax_weighted_z_score,1.2799556732937938,3.519550341121469,False,3.0080519009192654,False
4,192,No Watermark,0,winmax_weighted_z_score,1.6809597356447767,3.764829272312623,False,3.0421780114211523,False
1,193,No Watermark,0,winmax_weighted_z_score,1.273298217131152,3.6740835230268667,False,2.9520587688796485,False
1,194,No Watermark,0,winmax_weighted_z_score,1.532987328917141,3.6740835230268667,False,2.9520587688796485,False
3,195,No Watermark,0,winmax_weighted_z_score,0.8049709929753093,3.6740835230268667,False,2.9644282398187136,False
2,196,No Watermark,0,winmax_weighted_z_score,1.449517149293167,3.519550341121469,False,3.0080519009192654,False
4,197,No Watermark,0,winmax_weighted_z_score,1.8819835235185887,3.764829272312623,False,3.0421780114211523,False
4,198,No Watermark,0,winmax_weighted_z_score,1.5650513571988893,3.764829272312623,False,3.0421780114211523,False
5,199,No Watermark,0,winmax_weighted_z_score,0.9268386638718342,3.6740835230268667,False,3.0080519009192654,False
5,200,No Watermark,0,winmax_weighted_z_score,0.9455804315379532,3.6740835230268667,False,3.0080519009192654,False
4,201,No Watermark,0,winmax_weighted_z_score,1.4827732152136812,3.764829272312623,False,3.0421780114211523,False
2,202,No Watermark,0,winmax_weighted_z_score,1.9589981426764886,3.519550341121469,False,3.0080519009192654,False
4,203,No Watermark,0,winmax_weighted_z_score,0.6487689645310369,3.764829272312623,False,3.0421780114211523,False
5,204,No Watermark,0,winmax_weighted_z_score,1.639410918557058,3.6740835230268667,False,3.0080519009192654,False
3,205,No Watermark,0,winmax_weighted_z_score,1.322309685491225,3.6740835230268667,False,2.9644282398187136,False
3,206,No Watermark,0,winmax_weighted_z_score,2.5428350353736646,3.6740835230268667,False,2.9644282398187136,False
3,207,No Watermark,0,winmax_weighted_z_score,1.737214467823842,3.6740835230268667,False,2.9644282398187136,False
2,208,No Watermark,0,winmax_weighted_z_score,4.297673098111273,3.519550341121469,True,3.0080519009192654,True
3,209,No Watermark,0,winmax_weighted_z_score,2.046057120485837,3.6740835230268667,False,2.9644282398187136,False
1,210,No Watermark,0,winmax_weighted_z_score,2.2043648140545744,3.6740835230268667,False,2.9520587688796485,False
4,211,No Watermark,0,winmax_weighted_z_score,0.0,3.764829272312623,False,3.0421780114211523,False
1,212,No Watermark,0,winmax_weighted_z_score,0.05523230153031557,3.6740835230268667,False,2.9520587688796485,False
1,213,No Watermark,0,winmax_weighted_z_score,1.9872153968052781,3.6740835230268667,False,2.9520587688796485,False
1,214,No Watermark,0,winmax_weighted_z_score,1.7638850752282402,3.6740835230268667,False,2.9520587688796485,False
2,215,No Watermark,0,winmax_weighted_z_score,2.403436305466398,3.519550341121469,False,3.0080519009192654,False
4,216,No Watermark,0,winmax_weighted_z_score,0.4983467242513109,3.764829272312623,False,3.0421780114211523,False
2,217,No Watermark,0,winmax_weighted_z_score,1.7627992645261978,3.519550341121469,False,3.0080519009192654,False
3,218,No Watermark,0,winmax_weighted_z_score,2.352412270884593,3.6740835230268667,False,2.9644282398187136,False
3,219,No Watermark,0,winmax_weighted_z_score,2.5272497292430294,3.6740835230268667,False,2.9644282398187136,False
4,220,No Watermark,0,winmax_weighted_z_score,1.0027175777561574,3.764829272312623,False,3.0421780114211523,False
5,221,No Watermark,0,winmax_weighted_z_score,0.5051794290124115,3.6740835230268667,False,3.0080519009192654,False
1,222,No Watermark,0,winmax_weighted_z_score,1.453388190495721,3.6740835230268667,False,2.9520587688796485,False
4,223,No Watermark,0,winmax_weighted_z_score,2.519874057767808,3.764829272312623,False,3.0421780114211523,False
3,224,No Watermark,0,winmax_weighted_z_score,3.0421780114211523,3.6740835230268667,False,2.9644282398187136,True
5,225,No Watermark,0,winmax_weighted_z_score,1.5627276518626805,3.6740835230268667,False,3.0080519009192654,False
2,226,No Watermark,0,winmax_weighted_z_score,0.5132688405267176,3.519550341121469,False,3.0080519009192654,False
2,227,No Watermark,0,winmax_weighted_z_score,1.8556960546396586,3.519550341121469,False,3.0080519009192654,False
1,228,No Watermark,0,winmax_weighted_z_score,2.207663826561977,3.6740835230268667,False,2.9520587688796485,False
5,229,No Watermark,0,winmax_weighted_z_score,1.7599875849657636,3.6740835230268667,False,3.0080519009192654,False
2,230,No Watermark,0,winmax_weighted_z_score,1.717335403982689,3.519550341121469,False,3.0080519009192654,False
5,231,No Watermark,0,winmax_weighted_z_score,1.7875926945693654,3.6740835230268667,False,3.0080519009192654,False
5,232,No Watermark,0,winmax_weighted_z_score,3.85868212812242,3.6740835230268667,True,3.0080519009192654,True
2,233,No Watermark,0,winmax_weighted_z_score,1.145255956848835,3.519550341121469,False,3.0080519009192654,False
1,234,No Watermark,0,winmax_weighted_z_score,1.169761153254889,3.6740835230268667,False,2.9520587688796485,False
1,235,No Watermark,0,winmax_weighted_z_score,2.526988936182115,3.6740835230268667,False,2.9520587688796485,False
3,236,No Watermark,0,winmax_weighted_z_score,1.5975464349623885,3.6740835230268667,False,2.9644282398187136,False
1,237,No Watermark,0,winmax_weighted_z_score,3.276035534835993,3.6740835230268667,False,2.9520587688796485,True
4,238,No Watermark,0,winmax_weighted_z_score,1.2014144191808893,3.764829272312623,False,3.0421780114211523,False
4,239,No Watermark,0,winmax_weighted_z_score,1.8458374385462155,3.764829272312623,False,3.0421780114211523,False
4,240,No Watermark,0,winmax_weighted_z_score,1.9946067131353462,3.764829272312623,False,3.0421780114211523,False
1,241,No Watermark,0,winmax_weighted_z_score,2.110464700407104,3.6740835230268667,False,2.9520587688796485,False
2,242,No Watermark,0,winmax_weighted_z_score,2.005137809780158,3.519550341121469,False,3.0080519009192654,False
4,243,No Watermark,0,winmax_weighted_z_score,2.8577421990002447,3.764829272312623,False,3.0421780114211523,False
5,244,No Watermark,0,winmax_weighted_z_score,2.5077518720998015,3.6740835230268667,False,3.0080519009192654,False
2,245,No Watermark,0,winmax_weighted_z_score,3.1254124424470504,3.519550341121469,False,3.0080519009192654,True
2,246,No Watermark,0,winmax_weighted_z_score,1.1609868486891333,3.519550341121469,False,3.0080519009192654,False
3,247,No Watermark,0,winmax_weighted_z_score,0.5453141212148098,3.6740835230268667,False,2.9644282398187136,False
4,248,No Watermark,0,winmax_weighted_z_score,0.9440097561674881,3.764829272312623,False,3.0421780114211523,False
4,249,No Watermark,0,winmax_weighted_z_score,2.214684422083788,3.764829272312623,False,3.0421780114211523,False
1,250,No Watermark,0,winmax_weighted_z_score,1.4985386001191503,3.6740835230268667,False,2.9520587688796485,False
5,251,No Watermark,0,winmax_weighted_z_score,2.0930229129444293,3.6740835230268667,False,3.0080519009192654,False
4,252,No Watermark,0,winmax_weighted_z_score,0.8197301642199305,3.764829272312623,False,3.0421780114211523,False
3,253,No Watermark,0,winmax_weighted_z_score,1.4633302194166655,3.6740835230268667,False,2.9644282398187136,False
5,254,No Watermark,0,winmax_weighted_z_score,1.2482916093352963,3.6740835230268667,False,3.0080519009192654,False
1,255,No Watermark,0,winmax_weighted_z_score,2.5849191705325905,3.6740835230268667,False,2.9520587688796485,False
3,256,No Watermark,0,winmax_weighted_z_score,0.9041913579215639,3.6740835230268667,False,2.9644282398187136,False
3,257,No Watermark,0,winmax_weighted_z_score,0.5442663315388672,3.6740835230268667,False,2.9644282398187136,False
1,258,No Watermark,0,winmax_weighted_z_score,2.1824169342117896,3.6740835230268667,False,2.9520587688796485,False
2,259,No Watermark,0,winmax_weighted_z_score,1.0540334865098593,3.519550341121469,False,3.0080519009192654,False
5,260,No Watermark,0,winmax_weighted_z_score,0.9682304545573308,3.6740835230268667,False,3.0080519009192654,False
3,261,No Watermark,0,winmax_weighted_z_score,1.1425495363023586,3.6740835230268667,False,2.9644282398187136,False
3,262,No Watermark,0,winmax_weighted_z_score,2.0978314973244916,3.6740835230268667,False,2.9644282398187136,False
2,263,No Watermark,0,winmax_weighted_z_score,2.482248507662908,3.519550341121469,False,3.0080519009192654,False
2,264,No Watermark,0,winmax_weighted_z_score,0.9055102331123763,3.519550341121469,False,3.0080519009192654,False
2,265,No Watermark,0,winmax_weighted_z_score,1.0223069631220938,3.519550341121469,False,3.0080519009192654,False
2,266,No Watermark,0,winmax_weighted_z_score,1.3324405050111803,3.519550341121469,False,3.0080519009192654,False
5,267,No Watermark,0,winmax_weighted_z_score,1.1225860132602679,3.6740835230268667,False,3.0080519009192654,False
5,268,No Watermark,0,winmax_weighted_z_score,1.553632474039226,3.6740835230268667,False,3.0080519009192654,False
4,269,No Watermark,0,winmax_weighted_z_score,0.9142971755136924,3.764829272312623,False,3.0421780114211523,False
1,270,No Watermark,0,winmax_weighted_z_score,0.7246217648463603,3.6740835230268667,False,2.9520587688796485,False
5,271,No Watermark,0,winmax_weighted_z_score,1.9632817651975571,3.6740835230268667,False,3.0080519009192654,False
1,272,No Watermark,0,winmax_weighted_z_score,1.7244533890056688,3.6740835230268667,False,2.9520587688796485,False
4,273,No Watermark,0,winmax_weighted_z_score,1.9466528949262776,3.764829272312623,False,3.0421780114211523,False
5,274,No Watermark,0,winmax_weighted_z_score,2.2743542266592693,3.6740835230268667,False,3.0080519009192654,False
2,275,No Watermark,0,winmax_weighted_z_score,0.5878726014801678,3.519550341121469,False,3.0080519009192654,False
5,276,No Watermark,0,winmax_weighted_z_score,2.6321277415639543,3.6740835230268667,False,3.0080519009192654,False
1,277,No Watermark,0,winmax_weighted_z_score,2.5309478691014915,3.6740835230268667,False,2.9520587688796485,False
5,278,No Watermark,0,winmax_weighted_z_score,2.349338559651871,3.6740835230268667,False,3.0080519009192654,False
1,279,No Watermark,0,winmax_weighted_z_score,0.9930989355126243,3.6740835230268667,False,2.9520587688796485,False
1,280,No Watermark,0,winmax_weighted_z_score,1.186727653626128,3.6740835230268667,False,2.9520587688796485,False
5,281,No Watermark,0,winmax_weighted_z_score,0.8619621357137769,3.6740835230268667,False,3.0080519009192654,False
2,282,No Watermark,0,winmax_weighted_z_score,1.586400593969424,3.519550341121469,False,3.0080519009192654,False
5,283,No Watermark,0,winmax_weighted_z_score,0.0957803450911539,3.6740835230268667,False,3.0080519009192654,False
4,284,No Watermark,0,winmax_weighted_z_score,2.7986645004346427,3.764829272312623,False,3.0421780114211523,False
5,285,No Watermark,0,winmax_weighted_z_score,2.9520587688796485,3.6740835230268667,False,3.0080519009192654,False
2,286,No Watermark,0,winmax_weighted_z_score,1.9798355457997203,3.519550341121469,False,3.0080519009192654,False
1,287,No Watermark,0,winmax_weighted_z_score,2.84283785875185,3.6740835230268667,False,2.9520587688796485,False
3,288,No Watermark,0,winmax_weighted_z_score,2.0993666353559846,3.6740835230268667,False,2.9644282398187136,False
1,289,No Watermark,0,winmax_weighted_z_score,0.7819732118752075,3.6740835230268667,False,2.9520587688796485,False
4,290,No Watermark,0,winmax_weighted_z_score,1.9437779269522715,3.764829272312623,False,3.0421780114211523,False
3,291,No Watermark,0,winmax_weighted_z_score,1.4640575817727175,3.6740835230268667,False,2.9644282398187136,False
2,292,No Watermark,0,winmax_weighted_z_score,1.208800562466371,3.519550341121469,False,3.0080519009192654,False
4,293,No Watermark,0,winmax_weighted_z_score,1.735393774540456,3.764829272312623,False,3.0421780114211523,False
3,294,No Watermark,0,winmax_weighted_z_score,1.6397172988891817,3.6740835230268667,False,2.9644282398187136,False
2,295,No Watermark,0,winmax_weighted_z_score,1.7792402389694861,3.519550341121469,False,3.0080519009192654,False
5,296,No Watermark,0,winmax_weighted_z_score,2.465014735546099,3.6740835230268667,False,3.0080519009192654,False
3,297,No Watermark,0,winmax_weighted_z_score,0.6439427787004313,3.6740835230268667,False,2.9644282398187136,False
5,298,No Watermark,0,winmax_weighted_z_score,1.6791055684944203,3.6740835230268667,False,3.0080519009192654,False
1,299,No Watermark,0,winmax_weighted_z_score,2.562667336026759,3.6740835230268667,False,2.9520587688796485,False
2,300,No Watermark,0,winmax_weighted_z_score,1.074504936580935,3.519550341121469,False,3.0080519009192654,False
3,301,No Watermark,0,winmax_weighted_z_score,0.9618821129744031,3.6740835230268667,False,2.9644282398187136,False
4,302,No Watermark,0,winmax_weighted_z_score,0.9283773266994508,3.764829272312623,False,3.0421780114211523,False
4,303,No Watermark,0,winmax_weighted_z_score,2.647022645124141,3.764829272312623,False,3.0421780114211523,False
3,304,No Watermark,0,winmax_weighted_z_score,1.5410786363550988,3.6740835230268667,False,2.9644282398187136,False
5,305,No Watermark,0,winmax_weighted_z_score,1.8272719925369219,3.6740835230268667,False,3.0080519009192654,False
1,306,No Watermark,0,winmax_weighted_z_score,1.8475500657287662,3.6740835230268667,False,2.9520587688796485,False
2,307,No Watermark,0,winmax_weighted_z_score,1.9356151416317129,3.519550341121469,False,3.0080519009192654,False
1,308,No Watermark,0,winmax_weighted_z_score,1.8918191557066844,3.6740835230268667,False,2.9520587688796485,False
2,309,No Watermark,0,winmax_weighted_z_score,1.8326178311963999,3.519550341121469,False,3.0080519009192654,False
5,310,No Watermark,0,winmax_weighted_z_score,1.9857319807044498,3.6740835230268667,False,3.0080519009192654,False
4,311,No Watermark,0,winmax_weighted_z_score,2.329079202845161,3.764829272312623,False,3.0421780114211523,False
2,312,No Watermark,0,winmax_weighted_z_score,1.3665928144166999,3.519550341121469,False,3.0080519009192654,False
2,313,No Watermark,0,winmax_weighted_z_score,0.6673091639628933,3.519550341121469,False,3.0080519009192654,False
1,314,No Watermark,0,winmax_weighted_z_score,1.2865564853648142,3.6740835230268667,False,2.9520587688796485,False
1,315,No Watermark,0,winmax_weighted_z_score,1.3691057741386161,3.6740835230268667,False,2.9520587688796485,False
3,316,No Watermark,0,winmax_weighted_z_score,0.9139364361214128,3.6740835230268667,False,2.9644282398187136,False
1,317,No Watermark,0,winmax_weighted_z_score,2.8645200258031456,3.6740835230268667,False,2.9520587688796485,False
5,318,No Watermark,0,winmax_weighted_z_score,1.8026292377841713,3.6740835230268667,False,3.0080519009192654,False
4,319,No Watermark,0,winmax_weighted_z_score,1.8015975583571084,3.764829272312623,False,3.0421780114211523,False
3,320,No Watermark,0,winmax_weighted_z_score,1.683889636002788,3.6740835230268667,False,2.9644282398187136,False
4,321,No Watermark,0,winmax_weighted_z_score,1.9997768463873666,3.764829272312623,False,3.0421780114211523,False
2,322,No Watermark,0,winmax_weighted_z_score,0.0,3.519550341121469,False,3.0080519009192654,False
3,323,No Watermark,0,winmax_weighted_z_score,2.434011701589059,3.6740835230268667,False,2.9644282398187136,False
4,324,No Watermark,0,winmax_weighted_z_score,1.4974260275040505,3.764829272312623,False,3.0421780114211523,False
2,325,No Watermark,0,winmax_weighted_z_score,1.003591377858941,3.519550341121469,False,3.0080519009192654,False
4,326,No Watermark,0,winmax_weighted_z_score,1.5466380809645883,3.764829272312623,False,3.0421780114211523,False
4,327,No Watermark,0,winmax_weighted_z_score,0.6936749011820462,3.764829272312623,False,3.0421780114211523,False
4,328,No Watermark,0,winmax_weighted_z_score,1.966541217586795,3.764829272312623,False,3.0421780114211523,False
5,329,No Watermark,0,winmax_weighted_z_score,1.6867492008987848,3.6740835230268667,False,3.0080519009192654,False
4,330,No Watermark,0,winmax_weighted_z_score,1.9430105533532394,3.764829272312623,False,3.0421780114211523,False
4,331,No Watermark,0,winmax_weighted_z_score,1.8955309133589204,3.764829272312623,False,3.0421780114211523,False
4,332,No Watermark,0,winmax_weighted_z_score,1.5405396911398226,3.764829272312623,False,3.0421780114211523,False
2,333,No Watermark,0,winmax_weighted_z_score,1.7025755700101557,3.519550341121469,False,3.0080519009192654,False
4,334,No Watermark,0,winmax_weighted_z_score,1.8205362056149226,3.764829272312623,False,3.0421780114211523,False
1,335,No Watermark,0,winmax_weighted_z_score,0.1782770422480819,3.6740835230268667,False,2.9520587688796485,False
2,336,No Watermark,0,winmax_weighted_z_score,1.7869240126946113,3.519550341121469,False,3.0080519009192654,False
2,337,No Watermark,0,winmax_weighted_z_score,2.700630900758951,3.519550341121469,False,3.0080519009192654,False
3,338,No Watermark,0,winmax_weighted_z_score,1.77722837358046,3.6740835230268667,False,2.9644282398187136,False
5,339,No Watermark,0,winmax_weighted_z_score,1.6061856283543205,3.6740835230268667,False,3.0080519009192654,False
4,340,No Watermark,0,winmax_weighted_z_score,2.5002820291065997,3.764829272312623,False,3.0421780114211523,False
3,341,No Watermark,0,winmax_weighted_z_score,1.9016129352199336,3.6740835230268667,False,2.9644282398187136,False
3,342,No Watermark,0,winmax_weighted_z_score,0.3102885932319609,3.6740835230268667,False,2.9644282398187136,False
5,343,No Watermark,0,winmax_weighted_z_score,1.5259422034229921,3.6740835230268667,False,3.0080519009192654,False
5,344,No Watermark,0,winmax_weighted_z_score,2.9402555770773224,3.6740835230268667,False,3.0080519009192654,False
2,345,No Watermark,0,winmax_weighted_z_score,2.0926828575721577,3.519550341121469,False,3.0080519009192654,False
3,346,No Watermark,0,winmax_weighted_z_score,1.9746134047687356,3.6740835230268667,False,2.9644282398187136,False
5,347,No Watermark,0,winmax_weighted_z_score,2.2362621590516394,3.6740835230268667,False,3.0080519009192654,False
1,348,No Watermark,0,winmax_weighted_z_score,2.1326098092366026,3.6740835230268667,False,2.9520587688796485,False
3,349,No Watermark,0,winmax_weighted_z_score,1.7368175108905035,3.6740835230268667,False,2.9644282398187136,False
1,350,No Watermark,0,winmax_weighted_z_score,0.9748804092785214,3.6740835230268667,False,2.9520587688796485,False
3,351,No Watermark,0,winmax_weighted_z_score,3.482475546337118,3.6740835230268667,False,2.9644282398187136,True
4,352,No Watermark,0,winmax_weighted_z_score,1.5834180081743066,3.764829272312623,False,3.0421780114211523,False
2,353,No Watermark,0,winmax_weighted_z_score,1.8690663181056384,3.519550341121469,False,3.0080519009192654,False
3,354,No Watermark,0,winmax_weighted_z_score,1.593269990083831,3.6740835230268667,False,2.9644282398187136,False
2,355,No Watermark,0,winmax_weighted_z_score,1.2447774273592027,3.519550341121469,False,3.0080519009192654,False
1,356,No Watermark,0,winmax_weighted_z_score,3.0080519009192654,3.6740835230268667,False,2.9520587688796485,True
5,357,No Watermark,0,winmax_weighted_z_score,2.468454599944598,3.6740835230268667,False,3.0080519009192654,False
1,358,No Watermark,0,winmax_weighted_z_score,1.1823698348955325,3.6740835230268667,False,2.9520587688796485,False
2,359,No Watermark,0,winmax_weighted_z_score,2.0355045593640253,3.519550341121469,False,3.0080519009192654,False
5,360,No Watermark,0,winmax_weighted_z_score,1.3376530451281343,3.6740835230268667,False,3.0080519009192654,False
3,361,No Watermark,0,winmax_weighted_z_score,1.1393956520231288,3.6740835230268667,False,2.9644282398187136,False
4,362,No Watermark,0,winmax_weighted_z_score,0.8009123699883983,3.764829272312623,False,3.0421780114211523,False
5,363,No Watermark,0,winmax_weighted_z_score,2.035332847421756,3.6740835230268667,False,3.0080519009192654,False
3,364,No Watermark,0,winmax_weighted_z_score,2.2061835543938044,3.6740835230268667,False,2.9644282398187136,False
3,365,No Watermark,0,winmax_weighted_z_score,1.1504309372601869,3.6740835230268667,False,2.9644282398187136,False
1,366,No Watermark,0,winmax_weighted_z_score,1.0740655551108764,3.6740835230268667,False,2.9520587688796485,False
2,367,No Watermark,0,winmax_weighted_z_score,1.4809669401558183,3.519550341121469,False,3.0080519009192654,False
5,368,No Watermark,0,winmax_weighted_z_score,0.5956237786733458,3.6740835230268667,False,3.0080519009192654,False
3,369,No Watermark,0,winmax_weighted_z_score,0.7723141614989947,3.6740835230268667,False,2.9644282398187136,False
2,370,No Watermark,0,winmax_weighted_z_score,2.2888586382322167,3.519550341121469,False,3.0080519009192654,False
4,371,No Watermark,0,winmax_weighted_z_score,1.8540470188279339,3.764829272312623,False,3.0421780114211523,False
4,372,No Watermark,0,winmax_weighted_z_score,1.2023555024502282,3.764829272312623,False,3.0421780114211523,False
2,373,No Watermark,0,winmax_weighted_z_score,0.5699983403765507,3.519550341121469,False,3.0080519009192654,False
4,374,No Watermark,0,winmax_weighted_z_score,2.2318983624735487,3.764829272312623,False,3.0421780114211523,False
1,375,No Watermark,0,winmax_weighted_z_score,1.124931677888649,3.6740835230268667,False,2.9520587688796485,False
5,376,No Watermark,0,winmax_weighted_z_score,1.0225510629154198,3.6740835230268667,False,3.0080519009192654,False
3,377,No Watermark,0,winmax_weighted_z_score,2.1890504716947032,3.6740835230268667,False,2.9644282398187136,False
3,378,No Watermark,0,winmax_weighted_z_score,1.1583713413448244,3.6740835230268667,False,2.9644282398187136,False
4,379,No Watermark,0,winmax_weighted_z_score,0.905596693882197,3.764829272312623,False,3.0421780114211523,False
1,380,No Watermark,0,winmax_weighted_z_score,2.643003272717127,3.6740835230268667,False,2.9520587688796485,False
2,381,No Watermark,0,winmax_weighted_z_score,2.701701231310426,3.519550341121469,False,3.0080519009192654,False
4,382,No Watermark,0,winmax_weighted_z_score,1.7536590884380407,3.764829272312623,False,3.0421780114211523,False
3,383,No Watermark,0,winmax_weighted_z_score,2.623174589477869,3.6740835230268667,False,2.9644282398187136,False
2,384,No Watermark,0,winmax_weighted_z_score,0.6545822842879198,3.519550341121469,False,3.0080519009192654,False
3,385,No Watermark,0,winmax_weighted_z_score,1.124849775344668,3.6740835230268667,False,2.9644282398187136,False
2,386,No Watermark,0,winmax_weighted_z_score,2.2008911884623488,3.519550341121469,False,3.0080519009192654,False
5,387,No Watermark,0,winmax_weighted_z_score,1.4616012494592285,3.6740835230268667,False,3.0080519009192654,False
4,388,No Watermark,0,winmax_weighted_z_score,2.162652584771965,3.764829272312623,False,3.0421780114211523,False
2,389,No Watermark,0,winmax_weighted_z_score,1.8365787273205443,3.519550341121469,False,3.0080519009192654,False
2,390,No Watermark,0,winmax_weighted_z_score,0.061976523076199275,3.519550341121469,False,3.0080519009192654,False
4,391,No Watermark,0,winmax_weighted_z_score,2.3050858058590182,3.764829272312623,False,3.0421780114211523,False
5,392,No Watermark,0,winmax_weighted_z_score,0.0,3.6740835230268667,False,3.0080519009192654,False
3,393,No Watermark,0,winmax_weighted_z_score,1.5480015420462372,3.6740835230268667,False,2.9644282398187136,False
2,394,No Watermark,0,winmax_weighted_z_score,2.2471264690334407,3.519550341121469,False,3.0080519009192654,False
3,395,No Watermark,0,winmax_weighted_z_score,2.6141654982990916,3.6740835230268667,False,2.9644282398187136,False
5,396,No Watermark,0,winmax_weighted_z_score,0.9679138536342683,3.6740835230268667,False,3.0080519009192654,False
5,397,No Watermark,0,winmax_weighted_z_score,1.8314101256323567,3.6740835230268667,False,3.0080519009192654,False
1,398,No Watermark,0,winmax_weighted_z_score,3.1197913742897336,3.6740835230268667,False,2.9520587688796485,True
1,399,No Watermark,0,winmax_weighted_z_score,1.1344559093120647,3.6740835230268667,False,2.9520587688796485,False
3,400,No Watermark,0,winmax_weighted_z_score,1.5081546938727812,3.6740835230268667,False,2.9644282398187136,False
5,401,No Watermark,0,winmax_weighted_z_score,0.06886589751712612,3.6740835230268667,False,3.0080519009192654,False
2,402,No Watermark,0,winmax_weighted_z_score,1.8952347845795947,3.519550341121469,False,3.0080519009192654,False
1,403,No Watermark,0,winmax_weighted_z_score,1.6122342661925313,3.6740835230268667,False,2.9520587688796485,False
1,404,No Watermark,0,winmax_weighted_z_score,2.4753844849908426,3.6740835230268667,False,2.9520587688796485,False
4,405,No Watermark,0,winmax_weighted_z_score,1.547229272013049,3.764829272312623,False,3.0421780114211523,False
4,406,No Watermark,0,winmax_weighted_z_score,1.0459187154173497,3.764829272312623,False,3.0421780114211523,False
5,407,No Watermark,0,winmax_weighted_z_score,0.07815309411577126,3.6740835230268667,False,3.0080519009192654,False
3,408,No Watermark,0,winmax_weighted_z_score,0.39383288704931924,3.6740835230268667,False,2.9644282398187136,False
2,409,No Watermark,0,winmax_weighted_z_score,0.5773902543922262,3.519550341121469,False,3.0080519009192654,False
4,410,No Watermark,0,winmax_weighted_z_score,1.3730215567635067,3.764829272312623,False,3.0421780114211523,False
4,411,No Watermark,0,winmax_weighted_z_score,1.5233384284425262,3.764829272312623,False,3.0421780114211523,False
4,412,No Watermark,0,winmax_weighted_z_score,2.1561140078071297,3.764829272312623,False,3.0421780114211523,False
5,413,No Watermark,0,winmax_weighted_z_score,2.2668374164517764,3.6740835230268667,False,3.0080519009192654,False
2,414,No Watermark,0,winmax_weighted_z_score,0.7198344262301323,3.519550341121469,False,3.0080519009192654,False
2,415,No Watermark,0,winmax_weighted_z_score,1.690357541016591,3.519550341121469,False,3.0080519009192654,False
1,416,No Watermark,0,winmax_weighted_z_score,1.0459445557092215,3.6740835230268667,False,2.9520587688796485,False
5,417,No Watermark,0,winmax_weighted_z_score,2.3019571968937376,3.6740835230268667,False,3.0080519009192654,False
2,418,No Watermark,0,winmax_weighted_z_score,1.4857378615373613,3.519550341121469,False,3.0080519009192654,False
5,419,No Watermark,0,winmax_weighted_z_score,0.7757600645604441,3.6740835230268667,False,3.0080519009192654,False
4,420,No Watermark,0,winmax_weighted_z_score,2.1992639395612446,3.764829272312623,False,3.0421780114211523,False
4,421,No Watermark,0,winmax_weighted_z_score,1.5386692889081364,3.764829272312623,False,3.0421780114211523,False
3,422,No Watermark,0,winmax_weighted_z_score,1.1227534235037915,3.6740835230268667,False,2.9644282398187136,False
2,423,No Watermark,0,winmax_weighted_z_score,1.679602641255881,3.519550341121469,False,3.0080519009192654,False
3,424,No Watermark,0,winmax_weighted_z_score,2.0815301746277592,3.6740835230268667,False,2.9644282398187136,False
3,425,No Watermark,0,winmax_weighted_z_score,2.905630390927512,3.6740835230268667,False,2.9644282398187136,False
2,426,No Watermark,0,winmax_weighted_z_score,1.194941544401472,3.519550341121469,False,3.0080519009192654,False
5,427,No Watermark,0,winmax_weighted_z_score,2.6408927874219867,3.6740835230268667,False,3.0080519009192654,False
3,428,No Watermark,0,winmax_weighted_z_score,2.7836781064923564,3.6740835230268667,False,2.9644282398187136,False
5,429,No Watermark,0,winmax_weighted_z_score,0.8753848670236972,3.6740835230268667,False,3.0080519009192654,False
3,430,No Watermark,0,winmax_weighted_z_score,2.1169685022954883,3.6740835230268667,False,2.9644282398187136,False
1,431,No Watermark,0,winmax_weighted_z_score,2.820101743628498,3.6740835230268667,False,2.9520587688796485,False
1,432,No Watermark,0,winmax_weighted_z_score,0.9201386858382965,3.6740835230268667,False,2.9520587688796485,False
5,433,No Watermark,0,winmax_weighted_z_score,0.35335458671022,3.6740835230268667,False,3.0080519009192654,False
1,434,No Watermark,0,winmax_weighted_z_score,2.9870578434668755,3.6740835230268667,False,2.9520587688796485,True
5,435,No Watermark,0,winmax_weighted_z_score,2.3532961658847578,3.6740835230268667,False,3.0080519009192654,False
5,436,No Watermark,0,winmax_weighted_z_score,1.6971335435673682,3.6740835230268667,False,3.0080519009192654,False
4,437,No Watermark,0,winmax_weighted_z_score,2.0272348845138257,3.764829272312623,False,3.0421780114211523,False
1,438,No Watermark,0,winmax_weighted_z_score,1.0318611083755942,3.6740835230268667,False,2.9520587688796485,False
5,439,No Watermark,0,winmax_weighted_z_score,3.1920998244950867,3.6740835230268667,False,3.0080519009192654,True
4,440,No Watermark,0,winmax_weighted_z_score,2.046532620698512,3.764829272312623,False,3.0421780114211523,False
3,441,No Watermark,0,winmax_weighted_z_score,1.6037543043339564,3.6740835230268667,False,2.9644282398187136,False
2,442,No Watermark,0,winmax_weighted_z_score,2.314431813162527,3.519550341121469,False,3.0080519009192654,False
3,443,No Watermark,0,winmax_weighted_z_score,2.064033377820376,3.6740835230268667,False,2.9644282398187136,False
4,444,No Watermark,0,winmax_weighted_z_score,1.5156274972225299,3.764829272312623,False,3.0421780114211523,False
1,445,No Watermark,0,winmax_weighted_z_score,1.611573058260735,3.6740835230268667,False,2.9520587688796485,False
4,446,No Watermark,0,winmax_weighted_z_score,0.0018765456063825684,3.764829272312623,False,3.0421780114211523,False
4,447,No Watermark,0,winmax_weighted_z_score,1.5182918365831368,3.764829272312623,False,3.0421780114211523,False
4,448,No Watermark,0,winmax_weighted_z_score,1.412234336346039,3.764829272312623,False,3.0421780114211523,False
5,449,No Watermark,0,winmax_weighted_z_score,2.459197104370213,3.6740835230268667,False,3.0080519009192654,False
3,450,No Watermark,0,winmax_weighted_z_score,1.3757109799118203,3.6740835230268667,False,2.9644282398187136,False
5,451,No Watermark,0,winmax_weighted_z_score,2.9081172330146052,3.6740835230268667,False,3.0080519009192654,False
4,452,No Watermark,0,winmax_weighted_z_score,1.4119080601922631,3.764829272312623,False,3.0421780114211523,False
2,453,No Watermark,0,winmax_weighted_z_score,0.9174576102665241,3.519550341121469,False,3.0080519009192654,False
1,454,No Watermark,0,winmax_weighted_z_score,3.1321180046520256,3.6740835230268667,False,2.9520587688796485,True
2,455,No Watermark,0,winmax_weighted_z_score,0.9029575258367072,3.519550341121469,False,3.0080519009192654,False
5,456,No Watermark,0,winmax_weighted_z_score,1.4761575636301534,3.6740835230268667,False,3.0080519009192654,False
3,457,No Watermark,0,winmax_weighted_z_score,1.1105832409230654,3.6740835230268667,False,2.9644282398187136,False
4,458,No Watermark,0,winmax_weighted_z_score,0.792077951027621,3.764829272312623,False,3.0421780114211523,False
2,459,No Watermark,0,winmax_weighted_z_score,2.6384407793313254,3.519550341121469,False,3.0080519009192654,False
4,460,No Watermark,0,winmax_weighted_z_score,1.873608071244582,3.764829272312623,False,3.0421780114211523,False
2,461,No Watermark,0,winmax_weighted_z_score,1.516389507884387,3.519550341121469,False,3.0080519009192654,False
4,462,No Watermark,0,winmax_weighted_z_score,0.9813767229185504,3.764829272312623,False,3.0421780114211523,False
5,463,No Watermark,0,winmax_weighted_z_score,2.050337677640654,3.6740835230268667,False,3.0080519009192654,False
1,464,No Watermark,0,winmax_weighted_z_score,1.8662096115231788,3.6740835230268667,False,2.9520587688796485,False
2,465,No Watermark,0,winmax_weighted_z_score,1.8225539619622417,3.519550341121469,False,3.0080519009192654,False
1,466,No Watermark,0,winmax_weighted_z_score,1.0895245304057601,3.6740835230268667,False,2.9520587688796485,False
4,467,No Watermark,0,winmax_weighted_z_score,2.33018957804917,3.764829272312623,False,3.0421780114211523,False
4,468,No Watermark,0,winmax_weighted_z_score,2.701505220718176,3.764829272312623,False,3.0421780114211523,False
5,469,No Watermark,0,winmax_weighted_z_score,2.025771754305376,3.6740835230268667,False,3.0080519009192654,False
1,470,No Watermark,0,winmax_weighted_z_score,1.3669797762943163,3.6740835230268667,False,2.9520587688796485,False
1,471,No Watermark,0,winmax_weighted_z_score,0.9413095111034082,3.6740835230268667,False,2.9520587688796485,False
5,472,No Watermark,0,winmax_weighted_z_score,3.519550341121469,3.6740835230268667,False,3.0080519009192654,True
5,473,No Watermark,0,winmax_weighted_z_score,0.6290148478555992,3.6740835230268667,False,3.0080519009192654,False
2,474,No Watermark,0,winmax_weighted_z_score,2.314191280866636,3.519550341121469,False,3.0080519009192654,False
2,475,No Watermark,0,winmax_weighted_z_score,1.427399326880308,3.519550341121469,False,3.0080519009192654,False
4,476,No Watermark,0,winmax_weighted_z_score,1.8182621557266785,3.764829272312623,False,3.0421780114211523,False
4,477,No Watermark,0,winmax_weighted_z_score,1.9798886325277036,3.764829272312623,False,3.0421780114211523,False
5,478,No Watermark,0,winmax_weighted_z_score,1.910927106321314,3.6740835230268667,False,3.0080519009192654,False
2,479,No Watermark,0,winmax_weighted_z_score,1.130434329068931,3.519550341121469,False,3.0080519009192654,False
2,480,No Watermark,0,winmax_weighted_z_score,1.7061951743389123,3.519550341121469,False,3.0080519009192654,False
5,481,No Watermark,0,winmax_weighted_z_score,1.396635292406841,3.6740835230268667,False,3.0080519009192654,False
3,482,No Watermark,0,winmax_weighted_z_score,0.9744200957290282,3.6740835230268667,False,2.9644282398187136,False
1,483,No Watermark,0,winmax_weighted_z_score,1.57098265041336,3.6740835230268667,False,2.9520587688796485,False
4,484,No Watermark,0,winmax_weighted_z_score,1.0151603312812965,3.764829272312623,False,3.0421780114211523,False
2,485,No Watermark,0,winmax_weighted_z_score,1.3712295902528067,3.519550341121469,False,3.0080519009192654,False
3,486,No Watermark,0,winmax_weighted_z_score,1.015554611742506,3.6740835230268667,False,2.9644282398187136,False
2,487,No Watermark,0,winmax_weighted_z_score,2.900078477019991,3.519550341121469,False,3.0080519009192654,False
2,488,No Watermark,0,winmax_weighted_z_score,2.9644282398187136,3.519550341121469,False,3.0080519009192654,False
1,489,No Watermark,0,winmax_weighted_z_score,2.1755633666397745,3.6740835230268667,False,2.9520587688796485,False
4,490,No Watermark,0,winmax_weighted_z_score,1.1726410376736103,3.764829272312623,False,3.0421780114211523,False
2,491,No Watermark,0,winmax_weighted_z_score,2.2667667039792643,3.519550341121469,False,3.0080519009192654,False
5,492,No Watermark,0,winmax_weighted_z_score,0.7035166436129148,3.6740835230268667,False,3.0080519009192654,False
2,493,No Watermark,0,winmax_weighted_z_score,1.0808737081944084,3.519550341121469,False,3.0080519009192654,False
3,494,No Watermark,0,winmax_weighted_z_score,2.0650225798152833,3.6740835230268667,False,2.9644282398187136,False
2,495,No Watermark,0,winmax_weighted_z_score,2.574465490202851,3.519550341121469,False,3.0080519009192654,False
1,496,No Watermark,0,winmax_weighted_z_score,1.2533114950225916,3.6740835230268667,False,2.9520587688796485,False
5,497,No Watermark,0,winmax_weighted_z_score,1.83816140035944,3.6740835230268667,False,3.0080519009192654,False
1,498,No Watermark,0,winmax_weighted_z_score,1.010126665103032,3.6740835230268667,False,2.9520587688796485,False
5,499,No Watermark,0,winmax_weighted_z_score,0.7202729440759862,3.6740835230268667,False,3.0080519009192654,False
4,500,No Watermark,0,winmax_weighted_z_score,2.474032745784299,3.764829272312623,False,3.0421780114211523,False
2,1,CA-KL + Candidate Greenlist,1,winmax_weighted_z_score,9.881763273422175,3.519550341121469,True,3.0080519009192654,True
3,10,CA-KL + Candidate Greenlist,1,winmax_weighted_z_score,8.50074341552539,3.6740835230268667,True,2.9644282398187136,True
5,100,CA-KL + Candidate Greenlist,1,winmax_weighted_z_score,8.976703119456666,3.6740835230268667,True,3.0080519009192654,True
1,101,CA-KL + Candidate Greenlist,1,winmax_weighted_z_score,8.742295150603017,3.6740835230268667,True,2.9520587688796485,True
5,102,CA-KL + Candidate Greenlist,1,winmax_weighted_z_score,11.021062287904702,3.6740835230268667,True,3.0080519009192654,True
3,103,CA-KL + Candidate Greenlist,1,winmax_weighted_z_score,11.609109550530075,3.6740835230268667,True,2.9644282398187136,True
2,104,CA-KL + Candidate Greenlist,1,winmax_weighted_z_score,7.1985650546263935,3.519550341121469,True,3.0080519009192654,True
5,105,CA-KL + Candidate Greenlist,1,winmax_weighted_z_score,8.769548622205527,3.6740835230268667,True,3.0080519009192654,True
1,106,CA-KL + Candidate Greenlist,1,winmax_weighted_z_score,3.7937219429042197,3.6740835230268667,True,2.9520587688796485,True
3,107,CA-KL + Candidate Greenlist,1,winmax_weighted_z_score,11.010448669434501,3.6740835230268667,True,2.9644282398187136,True
3,108,CA-KL + Candidate Greenlist,1,winmax_weighted_z_score,11.198916585981024,3.6740835230268667,True,2.9644282398187136,True
3,109,CA-KL + Candidate Greenlist,1,winmax_weighted_z_score,9.476941606396965,3.6740835230268667,True,2.9644282398187136,True
2,11,CA-KL + Candidate Greenlist,1,winmax_weighted_z_score,10.322899429749528,3.519550341121469,True,3.0080519009192654,True
3,110,CA-KL + Candidate Greenlist,1,winmax_weighted_z_score,9.880381460149607,3.6740835230268667,True,2.9644282398187136,True
3,111,CA-KL + Candidate Greenlist,1,winmax_weighted_z_score,6.9165765388530716,3.6740835230268667,True,2.9644282398187136,True
5,112,CA-KL + Candidate Greenlist,1,winmax_weighted_z_score,10.15433530177016,3.6740835230268667,True,3.0080519009192654,True
3,113,CA-KL + Candidate Greenlist,1,winmax_weighted_z_score,7.091823097374167,3.6740835230268667,True,2.9644282398187136,True
4,114,CA-KL + Candidate Greenlist,1,winmax_weighted_z_score,8.994405007149652,3.764829272312623,True,3.0421780114211523,True
3,115,CA-KL + Candidate Greenlist,1,winmax_weighted_z_score,9.411522311698407,3.6740835230268667,True,2.9644282398187136,True
1,116,CA-KL + Candidate Greenlist,1,winmax_weighted_z_score,9.44290565737585,3.6740835230268667,True,2.9520587688796485,True
4,117,CA-KL + Candidate Greenlist,1,winmax_weighted_z_score,11.427219482733227,3.764829272312623,True,3.0421780114211523,True
3,118,CA-KL + Candidate Greenlist,1,winmax_weighted_z_score,9.775446602345772,3.6740835230268667,True,2.9644282398187136,True
1,119,CA-KL + Candidate Greenlist,1,winmax_weighted_z_score,6.745611984839768,3.6740835230268667,True,2.9520587688796485,True
5,12,CA-KL + Candidate Greenlist,1,winmax_weighted_z_score,8.824354310587733,3.6740835230268667,True,3.0080519009192654,True
3,120,CA-KL + Candidate Greenlist,1,winmax_weighted_z_score,10.536917386043157,3.6740835230268667,True,2.9644282398187136,True
1,121,CA-KL + Candidate Greenlist,1,winmax_weighted_z_score,7.612728946752455,3.6740835230268667,True,2.9520587688796485,True
1,122,CA-KL + Candidate Greenlist,1,winmax_weighted_z_score,10.881427163272567,3.6740835230268667,True,2.9520587688796485,True
2,123,CA-KL + Candidate Greenlist,1,winmax_weighted_z_score,3.2178404754952785,3.519550341121469,False,3.0080519009192654,True
1,124,CA-KL + Candidate Greenlist,1,winmax_weighted_z_score,9.028294445769045,3.6740835230268667,True,2.9520587688796485,True
3,125,CA-KL + Candidate Greenlist,1,winmax_weighted_z_score,11.240426546850154,3.6740835230268667,True,2.9644282398187136,True
4,126,CA-KL + Candidate Greenlist,1,winmax_weighted_z_score,11.410787246659506,3.764829272312623,True,3.0421780114211523,True
1,127,CA-KL + Candidate Greenlist,1,winmax_weighted_z_score,3.0464569734146223,3.6740835230268667,False,2.9520587688796485,True
1,128,CA-KL + Candidate Greenlist,1,winmax_weighted_z_score,10.041011679964145,3.6740835230268667,True,2.9520587688796485,True
5,129,CA-KL + Candidate Greenlist,1,winmax_weighted_z_score,11.977916137032226,3.6740835230268667,True,3.0080519009192654,True
4,13,CA-KL + Candidate Greenlist,1,winmax_weighted_z_score,11.163111133419154,3.764829272312623,True,3.0421780114211523,True
1,130,CA-KL + Candidate Greenlist,1,winmax_weighted_z_score,8.181090391695243,3.6740835230268667,True,2.9520587688796485,True
1,131,CA-KL + Candidate Greenlist,1,winmax_weighted_z_score,8.653818032634303,3.6740835230268667,True,2.9520587688796485,True
1,132,CA-KL + Candidate Greenlist,1,winmax_weighted_z_score,9.557975880919336,3.6740835230268667,True,2.9520587688796485,True
2,133,CA-KL + Candidate Greenlist,1,winmax_weighted_z_score,8.641613611483299,3.519550341121469,True,3.0080519009192654,True
1,134,CA-KL + Candidate Greenlist,1,winmax_weighted_z_score,10.144025788636588,3.6740835230268667,True,2.9520587688796485,True
1,135,CA-KL + Candidate Greenlist,1,winmax_weighted_z_score,8.656771715716047,3.6740835230268667,True,2.9520587688796485,True
5,136,CA-KL + Candidate Greenlist,1,winmax_weighted_z_score,7.355978194392834,3.6740835230268667,True,3.0080519009192654,True
1,137,CA-KL + Candidate Greenlist,1,winmax_weighted_z_score,9.813599718445174,3.6740835230268667,True,2.9520587688796485,True
4,138,CA-KL + Candidate Greenlist,1,winmax_weighted_z_score,7.832422440916293,3.764829272312623,True,3.0421780114211523,True
3,139,CA-KL + Candidate Greenlist,1,winmax_weighted_z_score,8.937729278864698,3.6740835230268667,True,2.9644282398187136,True
3,14,CA-KL + Candidate Greenlist,1,winmax_weighted_z_score,9.589338779384644,3.6740835230268667,True,2.9644282398187136,True
5,140,CA-KL + Candidate Greenlist,1,winmax_weighted_z_score,10.17030698384685,3.6740835230268667,True,3.0080519009192654,True
4,141,CA-KL + Candidate Greenlist,1,winmax_weighted_z_score,9.598900171079423,3.764829272312623,True,3.0421780114211523,True
2,142,CA-KL + Candidate Greenlist,1,winmax_weighted_z_score,7.387441214722787,3.519550341121469,True,3.0080519009192654,True
2,143,CA-KL + Candidate Greenlist,1,winmax_weighted_z_score,10.75454545755603,3.519550341121469,True,3.0080519009192654,True
5,144,CA-KL + Candidate Greenlist,1,winmax_weighted_z_score,9.893308138581117,3.6740835230268667,True,3.0080519009192654,True
3,145,CA-KL + Candidate Greenlist,1,winmax_weighted_z_score,11.440945291121418,3.6740835230268667,True,2.9644282398187136,True
3,146,CA-KL + Candidate Greenlist,1,winmax_weighted_z_score,12.004767858464286,3.6740835230268667,True,2.9644282398187136,True
2,147,CA-KL + Candidate Greenlist,1,winmax_weighted_z_score,6.021958064127726,3.519550341121469,True,3.0080519009192654,True
2,148,CA-KL + Candidate Greenlist,1,winmax_weighted_z_score,10.52309802375256,3.519550341121469,True,3.0080519009192654,True
5,149,CA-KL + Candidate Greenlist,1,winmax_weighted_z_score,8.259482011809833,3.6740835230268667,True,3.0080519009192654,True
5,15,CA-KL + Candidate Greenlist,1,winmax_weighted_z_score,9.85639929803049,3.6740835230268667,True,3.0080519009192654,True
2,150,CA-KL + Candidate Greenlist,1,winmax_weighted_z_score,6.933601301085982,3.519550341121469,True,3.0080519009192654,True
2,151,CA-KL + Candidate Greenlist,1,winmax_weighted_z_score,10.572654633253558,3.519550341121469,True,3.0080519009192654,True
2,152,CA-KL + Candidate Greenlist,1,winmax_weighted_z_score,10.843102170816149,3.519550341121469,True,3.0080519009192654,True
3,153,CA-KL + Candidate Greenlist,1,winmax_weighted_z_score,8.17254390434363,3.6740835230268667,True,2.9644282398187136,True
5,154,CA-KL + Candidate Greenlist,1,winmax_weighted_z_score,8.548374476128593,3.6740835230268667,True,3.0080519009192654,True
1,155,CA-KL + Candidate Greenlist,1,winmax_weighted_z_score,9.657125487116602,3.6740835230268667,True,2.9520587688796485,True
4,156,CA-KL + Candidate Greenlist,1,winmax_weighted_z_score,5.468256529007946,3.764829272312623,True,3.0421780114211523,True
1,157,CA-KL + Candidate Greenlist,1,winmax_weighted_z_score,10.361814523485327,3.6740835230268667,True,2.9520587688796485,True
5,158,CA-KL + Candidate Greenlist,1,winmax_weighted_z_score,6.760830333850985,3.6740835230268667,True,3.0080519009192654,True
2,159,CA-KL + Candidate Greenlist,1,winmax_weighted_z_score,12.475546692028749,3.519550341121469,True,3.0080519009192654,True
5,16,CA-KL + Candidate Greenlist,1,winmax_weighted_z_score,6.410583042593337,3.6740835230268667,True,3.0080519009192654,True
3,160,CA-KL + Candidate Greenlist,1,winmax_weighted_z_score,9.543063902237535,3.6740835230268667,True,2.9644282398187136,True
4,161,CA-KL + Candidate Greenlist,1,winmax_weighted_z_score,10.326205575284586,3.764829272312623,True,3.0421780114211523,True
3,162,CA-KL + Candidate Greenlist,1,winmax_weighted_z_score,9.442862531718179,3.6740835230268667,True,2.9644282398187136,True
1,163,CA-KL + Candidate Greenlist,1,winmax_weighted_z_score,9.232608042813265,3.6740835230268667,True,2.9520587688796485,True
3,164,CA-KL + Candidate Greenlist,1,winmax_weighted_z_score,9.55812880505331,3.6740835230268667,True,2.9644282398187136,True
3,165,CA-KL + Candidate Greenlist,1,winmax_weighted_z_score,9.79352976927391,3.6740835230268667,True,2.9644282398187136,True
2,166,CA-KL + Candidate Greenlist,1,winmax_weighted_z_score,9.24707571515015,3.519550341121469,True,3.0080519009192654,True
4,167,CA-KL + Candidate Greenlist,1,winmax_weighted_z_score,10.417662798500716,3.764829272312623,True,3.0421780114211523,True
1,168,CA-KL + Candidate Greenlist,1,winmax_weighted_z_score,6.591039936910025,3.6740835230268667,True,2.9520587688796485,True
1,169,CA-KL + Candidate Greenlist,1,winmax_weighted_z_score,8.631611289027315,3.6740835230268667,True,2.9520587688796485,True
1,17,CA-KL + Candidate Greenlist,1,winmax_weighted_z_score,10.083447367225695,3.6740835230268667,True,2.9520587688796485,True
2,170,CA-KL + Candidate Greenlist,1,winmax_weighted_z_score,8.396503605666394,3.519550341121469,True,3.0080519009192654,True
3,171,CA-KL + Candidate Greenlist,1,winmax_weighted_z_score,3.3204463421786565,3.6740835230268667,False,2.9644282398187136,True
4,172,CA-KL + Candidate Greenlist,1,winmax_weighted_z_score,10.215933201403827,3.764829272312623,True,3.0421780114211523,True
5,173,CA-KL + Candidate Greenlist,1,winmax_weighted_z_score,8.253591540311932,3.6740835230268667,True,3.0080519009192654,True
3,174,CA-KL + Candidate Greenlist,1,winmax_weighted_z_score,7.939833741597415,3.6740835230268667,True,2.9644282398187136,True
3,175,CA-KL + Candidate Greenlist,1,winmax_weighted_z_score,8.409301636815478,3.6740835230268667,True,2.9644282398187136,True
3,176,CA-KL + Candidate Greenlist,1,winmax_weighted_z_score,10.93293293137462,3.6740835230268667,True,2.9644282398187136,True
3,177,CA-KL + Candidate Greenlist,1,winmax_weighted_z_score,9.381522981219465,3.6740835230268667,True,2.9644282398187136,True
1,178,CA-KL + Candidate Greenlist,1,winmax_weighted_z_score,10.238071250919106,3.6740835230268667,True,2.9520587688796485,True
1,179,CA-KL + Candidate Greenlist,1,winmax_weighted_z_score,10.013974979879908,3.6740835230268667,True,2.9520587688796485,True
3,18,CA-KL + Candidate Greenlist,1,winmax_weighted_z_score,2.955881777084514,3.6740835230268667,False,2.9644282398187136,False
4,180,CA-KL + Candidate Greenlist,1,winmax_weighted_z_score,9.45823354666729,3.764829272312623,True,3.0421780114211523,True
1,181,CA-KL + Candidate Greenlist,1,winmax_weighted_z_score,11.624292330304662,3.6740835230268667,True,2.9520587688796485,True
3,182,CA-KL + Candidate Greenlist,1,winmax_weighted_z_score,12.015667061069783,3.6740835230268667,True,2.9644282398187136,True
4,183,CA-KL + Candidate Greenlist,1,winmax_weighted_z_score,8.995041824194304,3.764829272312623,True,3.0421780114211523,True
4,184,CA-KL + Candidate Greenlist,1,winmax_weighted_z_score,5.953466489560707,3.764829272312623,True,3.0421780114211523,True
3,185,CA-KL + Candidate Greenlist,1,winmax_weighted_z_score,11.579158237114665,3.6740835230268667,True,2.9644282398187136,True
2,186,CA-KL + Candidate Greenlist,1,winmax_weighted_z_score,7.215258964509173,3.519550341121469,True,3.0080519009192654,True
3,187,CA-KL + Candidate Greenlist,1,winmax_weighted_z_score,6.606133562114526,3.6740835230268667,True,2.9644282398187136,True
2,188,CA-KL + Candidate Greenlist,1,winmax_weighted_z_score,8.967507248076434,3.519550341121469,True,3.0080519009192654,True
1,189,CA-KL + Candidate Greenlist,1,winmax_weighted_z_score,9.355951747739553,3.6740835230268667,True,2.9520587688796485,True
3,19,CA-KL + Candidate Greenlist,1,winmax_weighted_z_score,9.610483180155997,3.6740835230268667,True,2.9644282398187136,True
1,190,CA-KL + Candidate Greenlist,1,winmax_weighted_z_score,9.030765915318607,3.6740835230268667,True,2.9520587688796485,True
2,191,CA-KL + Candidate Greenlist,1,winmax_weighted_z_score,10.21002260390894,3.519550341121469,True,3.0080519009192654,True
4,192,CA-KL + Candidate Greenlist,1,winmax_weighted_z_score,8.620050500990395,3.764829272312623,True,3.0421780114211523,True
1,193,CA-KL + Candidate Greenlist,1,winmax_weighted_z_score,11.68289340572428,3.6740835230268667,True,2.9520587688796485,True
1,194,CA-KL + Candidate Greenlist,1,winmax_weighted_z_score,12.001331191826608,3.6740835230268667,True,2.9520587688796485,True
3,195,CA-KL + Candidate Greenlist,1,winmax_weighted_z_score,10.552476675292565,3.6740835230268667,True,2.9644282398187136,True
2,196,CA-KL + Candidate Greenlist,1,winmax_weighted_z_score,9.759425883559958,3.519550341121469,True,3.0080519009192654,True
4,197,CA-KL + Candidate Greenlist,1,winmax_weighted_z_score,10.199157571691071,3.764829272312623,True,3.0421780114211523,True
4,198,CA-KL + Candidate Greenlist,1,winmax_weighted_z_score,9.912861340088007,3.764829272312623,True,3.0421780114211523,True
5,199,CA-KL + Candidate Greenlist,1,winmax_weighted_z_score,9.083762634467211,3.6740835230268667,True,3.0080519009192654,True
3,2,CA-KL + Candidate Greenlist,1,winmax_weighted_z_score,9.23512692683732,3.6740835230268667,True,2.9644282398187136,True
5,20,CA-KL + Candidate Greenlist,1,winmax_weighted_z_score,7.194775903966618,3.6740835230268667,True,3.0080519009192654,True
5,200,CA-KL + Candidate Greenlist,1,winmax_weighted_z_score,10.536255786331447,3.6740835230268667,True,3.0080519009192654,True
4,201,CA-KL + Candidate Greenlist,1,winmax_weighted_z_score,9.828685521898226,3.764829272312623,True,3.0421780114211523,True
2,202,CA-KL + Candidate Greenlist,1,winmax_weighted_z_score,9.560035457454637,3.519550341121469,True,3.0080519009192654,True
4,203,CA-KL + Candidate Greenlist,1,winmax_weighted_z_score,10.050183022789641,3.764829272312623,True,3.0421780114211523,True
5,204,CA-KL + Candidate Greenlist,1,winmax_weighted_z_score,1.5519240230329643,3.6740835230268667,False,3.0080519009192654,False
3,205,CA-KL + Candidate Greenlist,1,winmax_weighted_z_score,7.287859002491273,3.6740835230268667,True,2.9644282398187136,True
3,206,CA-KL + Candidate Greenlist,1,winmax_weighted_z_score,1.603590447858693,3.6740835230268667,False,2.9644282398187136,False
3,207,CA-KL + Candidate Greenlist,1,winmax_weighted_z_score,10.585003080389708,3.6740835230268667,True,2.9644282398187136,True
2,208,CA-KL + Candidate Greenlist,1,winmax_weighted_z_score,8.972559246469562,3.519550341121469,True,3.0080519009192654,True
3,209,CA-KL + Candidate Greenlist,1,winmax_weighted_z_score,8.69529119669457,3.6740835230268667,True,2.9644282398187136,True
4,21,CA-KL + Candidate Greenlist,1,winmax_weighted_z_score,10.613705795750558,3.764829272312623,True,3.0421780114211523,True
1,210,CA-KL + Candidate Greenlist,1,winmax_weighted_z_score,9.713300288635127,3.6740835230268667,True,2.9520587688796485,True
4,211,CA-KL + Candidate Greenlist,1,winmax_weighted_z_score,9.936209822199414,3.764829272312623,True,3.0421780114211523,True
1,212,CA-KL + Candidate Greenlist,1,winmax_weighted_z_score,9.506511034638631,3.6740835230268667,True,2.9520587688796485,True
1,213,CA-KL + Candidate Greenlist,1,winmax_weighted_z_score,10.512068577151886,3.6740835230268667,True,2.9520587688796485,True
1,214,CA-KL + Candidate Greenlist,1,winmax_weighted_z_score,9.531932187363422,3.6740835230268667,True,2.9520587688796485,True
2,215,CA-KL + Candidate Greenlist,1,winmax_weighted_z_score,8.750872849117808,3.519550341121469,True,3.0080519009192654,True
4,216,CA-KL + Candidate Greenlist,1,winmax_weighted_z_score,8.342313108308817,3.764829272312623,True,3.0421780114211523,True
2,217,CA-KL + Candidate Greenlist,1,winmax_weighted_z_score,11.475161772146988,3.519550341121469,True,3.0080519009192654,True
3,218,CA-KL + Candidate Greenlist,1,winmax_weighted_z_score,4.285853570874876,3.6740835230268667,True,2.9644282398187136,True
3,219,CA-KL + Candidate Greenlist,1,winmax_weighted_z_score,9.274697854088771,3.6740835230268667,True,2.9644282398187136,True
1,22,CA-KL + Candidate Greenlist,1,winmax_weighted_z_score,10.411689655469939,3.6740835230268667,True,2.9520587688796485,True
4,220,CA-KL + Candidate Greenlist,1,winmax_weighted_z_score,11.618584510185702,3.764829272312623,True,3.0421780114211523,True
5,221,CA-KL + Candidate Greenlist,1,winmax_weighted_z_score,9.433852737942077,3.6740835230268667,True,3.0080519009192654,True
1,222,CA-KL + Candidate Greenlist,1,winmax_weighted_z_score,7.264421068394243,3.6740835230268667,True,2.9520587688796485,True
4,223,CA-KL + Candidate Greenlist,1,winmax_weighted_z_score,8.135037808941785,3.764829272312623,True,3.0421780114211523,True
3,224,CA-KL + Candidate Greenlist,1,winmax_weighted_z_score,9.911899078205987,3.6740835230268667,True,2.9644282398187136,True
5,225,CA-KL + Candidate Greenlist,1,winmax_weighted_z_score,10.928374732119508,3.6740835230268667,True,3.0080519009192654,True
2,226,CA-KL + Candidate Greenlist,1,winmax_weighted_z_score,7.932504217189429,3.519550341121469,True,3.0080519009192654,True
2,227,CA-KL + Candidate Greenlist,1,winmax_weighted_z_score,11.094210807693209,3.519550341121469,True,3.0080519009192654,True
1,228,CA-KL + Candidate Greenlist,1,winmax_weighted_z_score,10.043767653809136,3.6740835230268667,True,2.9520587688796485,True
5,229,CA-KL + Candidate Greenlist,1,winmax_weighted_z_score,10.156510757208393,3.6740835230268667,True,3.0080519009192654,True
1,23,CA-KL + Candidate Greenlist,1,winmax_weighted_z_score,8.181746969941553,3.6740835230268667,True,2.9520587688796485,True
2,230,CA-KL + Candidate Greenlist,1,winmax_weighted_z_score,8.562642553654122,3.519550341121469,True,3.0080519009192654,True
5,231,CA-KL + Candidate Greenlist,1,winmax_weighted_z_score,11.922967355171588,3.6740835230268667,True,3.0080519009192654,True
5,232,CA-KL + Candidate Greenlist,1,winmax_weighted_z_score,11.717491324094306,3.6740835230268667,True,3.0080519009192654,True
2,233,CA-KL + Candidate Greenlist,1,winmax_weighted_z_score,11.264080600561247,3.519550341121469,True,3.0080519009192654,True
1,234,CA-KL + Candidate Greenlist,1,winmax_weighted_z_score,9.758099667123796,3.6740835230268667,True,2.9520587688796485,True
1,235,CA-KL + Candidate Greenlist,1,winmax_weighted_z_score,1.3309001811200423,3.6740835230268667,False,2.9520587688796485,False
3,236,CA-KL + Candidate Greenlist,1,winmax_weighted_z_score,11.136865433393277,3.6740835230268667,True,2.9644282398187136,True
1,237,CA-KL + Candidate Greenlist,1,winmax_weighted_z_score,10.05662755699803,3.6740835230268667,True,2.9520587688796485,True
4,238,CA-KL + Candidate Greenlist,1,winmax_weighted_z_score,8.93331110831371,3.764829272312623,True,3.0421780114211523,True
4,239,CA-KL + Candidate Greenlist,1,winmax_weighted_z_score,4.201618063596934,3.764829272312623,True,3.0421780114211523,True
1,24,CA-KL + Candidate Greenlist,1,winmax_weighted_z_score,10.209777109796292,3.6740835230268667,True,2.9520587688796485,True
4,240,CA-KL + Candidate Greenlist,1,winmax_weighted_z_score,9.704401505144618,3.764829272312623,True,3.0421780114211523,True
1,241,CA-KL + Candidate Greenlist,1,winmax_weighted_z_score,10.201830823756865,3.6740835230268667,True,2.9520587688796485,True
2,242,CA-KL + Candidate Greenlist,1,winmax_weighted_z_score,9.67350753394856,3.519550341121469,True,3.0080519009192654,True
4,243,CA-KL + Candidate Greenlist,1,winmax_weighted_z_score,10.60909436467233,3.764829272312623,True,3.0421780114211523,True
5,244,CA-KL + Candidate Greenlist,1,winmax_weighted_z_score,9.680130524849794,3.6740835230268667,True,3.0080519009192654,True
2,245,CA-KL + Candidate Greenlist,1,winmax_weighted_z_score,7.3627352077987265,3.519550341121469,True,3.0080519009192654,True
2,246,CA-KL + Candidate Greenlist,1,winmax_weighted_z_score,9.469708443756355,3.519550341121469,True,3.0080519009192654,True
3,247,CA-KL + Candidate Greenlist,1,winmax_weighted_z_score,7.255915473723833,3.6740835230268667,True,2.9644282398187136,True
4,248,CA-KL + Candidate Greenlist,1,winmax_weighted_z_score,7.572671790040257,3.764829272312623,True,3.0421780114211523,True
4,249,CA-KL + Candidate Greenlist,1,winmax_weighted_z_score,10.610357071129389,3.764829272312623,True,3.0421780114211523,True
3,25,CA-KL + Candidate Greenlist,1,winmax_weighted_z_score,10.537246201888562,3.6740835230268667,True,2.9644282398187136,True
1,250,CA-KL + Candidate Greenlist,1,winmax_weighted_z_score,9.895411336424864,3.6740835230268667,True,2.9520587688796485,True
5,251,CA-KL + Candidate Greenlist,1,winmax_weighted_z_score,8.62695725083435,3.6740835230268667,True,3.0080519009192654,True
4,252,CA-KL + Candidate Greenlist,1,winmax_weighted_z_score,10.289359237435566,3.764829272312623,True,3.0421780114211523,True
3,253,CA-KL + Candidate Greenlist,1,winmax_weighted_z_score,7.90522316503026,3.6740835230268667,True,2.9644282398187136,True
5,254,CA-KL + Candidate Greenlist,1,winmax_weighted_z_score,10.704248047086145,3.6740835230268667,True,3.0080519009192654,True
1,255,CA-KL + Candidate Greenlist,1,winmax_weighted_z_score,11.24142328558991,3.6740835230268667,True,2.9520587688796485,True
3,256,CA-KL + Candidate Greenlist,1,winmax_weighted_z_score,8.160017374768898,3.6740835230268667,True,2.9644282398187136,True
3,257,CA-KL + Candidate Greenlist,1,winmax_weighted_z_score,7.333873620715738,3.6740835230268667,True,2.9644282398187136,True
1,258,CA-KL + Candidate Greenlist,1,winmax_weighted_z_score,9.063215402484241,3.6740835230268667,True,2.9520587688796485,True
2,259,CA-KL + Candidate Greenlist,1,winmax_weighted_z_score,9.194846616777166,3.519550341121469,True,3.0080519009192654,True
5,26,CA-KL + Candidate Greenlist,1,winmax_weighted_z_score,10.5523481210127,3.6740835230268667,True,3.0080519009192654,True
5,260,CA-KL + Candidate Greenlist,1,winmax_weighted_z_score,11.440068886933176,3.6740835230268667,True,3.0080519009192654,True
3,261,CA-KL + Candidate Greenlist,1,winmax_weighted_z_score,9.376511714520682,3.6740835230268667,True,2.9644282398187136,True
3,262,CA-KL + Candidate Greenlist,1,winmax_weighted_z_score,8.47379905880737,3.6740835230268667,True,2.9644282398187136,True
2,263,CA-KL + Candidate Greenlist,1,winmax_weighted_z_score,8.408643651979723,3.519550341121469,True,3.0080519009192654,True
2,264,CA-KL + Candidate Greenlist,1,winmax_weighted_z_score,6.938327779285229,3.519550341121469,True,3.0080519009192654,True
2,265,CA-KL + Candidate Greenlist,1,winmax_weighted_z_score,8.51230899651816,3.519550341121469,True,3.0080519009192654,True
2,266,CA-KL + Candidate Greenlist,1,winmax_weighted_z_score,12.755364373541655,3.519550341121469,True,3.0080519009192654,True
5,267,CA-KL + Candidate Greenlist,1,winmax_weighted_z_score,9.84167989550237,3.6740835230268667,True,3.0080519009192654,True
5,268,CA-KL + Candidate Greenlist,1,winmax_weighted_z_score,9.81449733333816,3.6740835230268667,True,3.0080519009192654,True
4,269,CA-KL + Candidate Greenlist,1,winmax_weighted_z_score,7.39271241258243,3.764829272312623,True,3.0421780114211523,True
3,27,CA-KL + Candidate Greenlist,1,winmax_weighted_z_score,9.241486128866756,3.6740835230268667,True,2.9644282398187136,True
1,270,CA-KL + Candidate Greenlist,1,winmax_weighted_z_score,5.197334153027453,3.6740835230268667,True,2.9520587688796485,True
5,271,CA-KL + Candidate Greenlist,1,winmax_weighted_z_score,10.348867571872626,3.6740835230268667,True,3.0080519009192654,True
1,272,CA-KL + Candidate Greenlist,1,winmax_weighted_z_score,10.136001788969219,3.6740835230268667,True,2.9520587688796485,True
4,273,CA-KL + Candidate Greenlist,1,winmax_weighted_z_score,8.203585301813908,3.764829272312623,True,3.0421780114211523,True
5,274,CA-KL + Candidate Greenlist,1,winmax_weighted_z_score,2.5646479993760294,3.6740835230268667,False,3.0080519009192654,False
2,275,CA-KL + Candidate Greenlist,1,winmax_weighted_z_score,10.930708447507726,3.519550341121469,True,3.0080519009192654,True
5,276,CA-KL + Candidate Greenlist,1,winmax_weighted_z_score,9.283355619262974,3.6740835230268667,True,3.0080519009192654,True
1,277,CA-KL + Candidate Greenlist,1,winmax_weighted_z_score,9.000575180703319,3.6740835230268667,True,2.9520587688796485,True
5,278,CA-KL + Candidate Greenlist,1,winmax_weighted_z_score,9.10197606621488,3.6740835230268667,True,3.0080519009192654,True
1,279,CA-KL + Candidate Greenlist,1,winmax_weighted_z_score,9.507556297294006,3.6740835230268667,True,2.9520587688796485,True
5,28,CA-KL + Candidate Greenlist,1,winmax_weighted_z_score,10.239973495131336,3.6740835230268667,True,3.0080519009192654,True
1,280,CA-KL + Candidate Greenlist,1,winmax_weighted_z_score,9.197349700491115,3.6740835230268667,True,2.9520587688796485,True
5,281,CA-KL + Candidate Greenlist,1,winmax_weighted_z_score,8.489680306337288,3.6740835230268667,True,3.0080519009192654,True
2,282,CA-KL + Candidate Greenlist,1,winmax_weighted_z_score,7.053526726737377,3.519550341121469,True,3.0080519009192654,True
5,283,CA-KL + Candidate Greenlist,1,winmax_weighted_z_score,9.121051133320272,3.6740835230268667,True,3.0080519009192654,True
4,284,CA-KL + Candidate Greenlist,1,winmax_weighted_z_score,10.965157826963976,3.764829272312623,True,3.0421780114211523,True
5,285,CA-KL + Candidate Greenlist,1,winmax_weighted_z_score,10.530641030994609,3.6740835230268667,True,3.0080519009192654,True
2,286,CA-KL + Candidate Greenlist,1,winmax_weighted_z_score,8.318475343071954,3.519550341121469,True,3.0080519009192654,True
1,287,CA-KL + Candidate Greenlist,1,winmax_weighted_z_score,9.606747862083417,3.6740835230268667,True,2.9520587688796485,True
3,288,CA-KL + Candidate Greenlist,1,winmax_weighted_z_score,9.566249523009425,3.6740835230268667,True,2.9644282398187136,True
1,289,CA-KL + Candidate Greenlist,1,winmax_weighted_z_score,8.386179433906072,3.6740835230268667,True,2.9520587688796485,True
4,29,CA-KL + Candidate Greenlist,1,winmax_weighted_z_score,9.724739408772713,3.764829272312623,True,3.0421780114211523,True
4,290,CA-KL + Candidate Greenlist,1,winmax_weighted_z_score,9.404350063613544,3.764829272312623,True,3.0421780114211523,True
3,291,CA-KL + Candidate Greenlist,1,winmax_weighted_z_score,6.924665656423595,3.6740835230268667,True,2.9644282398187136,True
2,292,CA-KL + Candidate Greenlist,1,winmax_weighted_z_score,9.265430354601094,3.519550341121469,True,3.0080519009192654,True
4,293,CA-KL + Candidate Greenlist,1,winmax_weighted_z_score,8.526073812967812,3.764829272312623,True,3.0421780114211523,True
3,294,CA-KL + Candidate Greenlist,1,winmax_weighted_z_score,10.630045699049589,3.6740835230268667,True,2.9644282398187136,True
2,295,CA-KL + Candidate Greenlist,1,winmax_weighted_z_score,11.773084210437574,3.519550341121469,True,3.0080519009192654,True
5,296,CA-KL + Candidate Greenlist,1,winmax_weighted_z_score,10.035888127538751,3.6740835230268667,True,3.0080519009192654,True
3,297,CA-KL + Candidate Greenlist,1,winmax_weighted_z_score,9.225800254513839,3.6740835230268667,True,2.9644282398187136,True
5,298,CA-KL + Candidate Greenlist,1,winmax_weighted_z_score,9.436494429465652,3.6740835230268667,True,3.0080519009192654,True
1,299,CA-KL + Candidate Greenlist,1,winmax_weighted_z_score,7.538464543550823,3.6740835230268667,True,2.9520587688796485,True
5,3,CA-KL + Candidate Greenlist,1,winmax_weighted_z_score,10.436944836203635,3.6740835230268667,True,3.0080519009192654,True
1,30,CA-KL + Candidate Greenlist,1,winmax_weighted_z_score,9.190975967746857,3.6740835230268667,True,2.9520587688796485,True
2,300,CA-KL + Candidate Greenlist,1,winmax_weighted_z_score,10.228360139202707,3.519550341121469,True,3.0080519009192654,True
3,301,CA-KL + Candidate Greenlist,1,winmax_weighted_z_score,9.909804976477773,3.6740835230268667,True,2.9644282398187136,True
4,302,CA-KL + Candidate Greenlist,1,winmax_weighted_z_score,6.9132113286762715,3.764829272312623,True,3.0421780114211523,True
4,303,CA-KL + Candidate Greenlist,1,winmax_weighted_z_score,9.114679652721218,3.764829272312623,True,3.0421780114211523,True
3,304,CA-KL + Candidate Greenlist,1,winmax_weighted_z_score,9.027520760691422,3.6740835230268667,True,2.9644282398187136,True
5,305,CA-KL + Candidate Greenlist,1,winmax_weighted_z_score,7.334509134529952,3.6740835230268667,True,3.0080519009192654,True
1,306,CA-KL + Candidate Greenlist,1,winmax_weighted_z_score,8.5049886606352,3.6740835230268667,True,2.9520587688796485,True
2,307,CA-KL + Candidate Greenlist,1,winmax_weighted_z_score,10.453213646082252,3.519550341121469,True,3.0080519009192654,True
1,308,CA-KL + Candidate Greenlist,1,winmax_weighted_z_score,8.887954287402728,3.6740835230268667,True,2.9520587688796485,True
2,309,CA-KL + Candidate Greenlist,1,winmax_weighted_z_score,10.176649707163866,3.519550341121469,True,3.0080519009192654,True
2,31,CA-KL + Candidate Greenlist,1,winmax_weighted_z_score,7.8863416086830895,3.519550341121469,True,3.0080519009192654,True
5,310,CA-KL + Candidate Greenlist,1,winmax_weighted_z_score,9.505909284481366,3.6740835230268667,True,3.0080519009192654,True
4,311,CA-KL + Candidate Greenlist,1,winmax_weighted_z_score,10.775196681471876,3.764829272312623,True,3.0421780114211523,True
2,312,CA-KL + Candidate Greenlist,1,winmax_weighted_z_score,9.175787581943815,3.519550341121469,True,3.0080519009192654,True
2,313,CA-KL + Candidate Greenlist,1,winmax_weighted_z_score,11.164639576613078,3.519550341121469,True,3.0080519009192654,True
1,314,CA-KL + Candidate Greenlist,1,winmax_weighted_z_score,8.588632943868241,3.6740835230268667,True,2.9520587688796485,True
1,315,CA-KL + Candidate Greenlist,1,winmax_weighted_z_score,6.147162569428705,3.6740835230268667,True,2.9520587688796485,True
3,316,CA-KL + Candidate Greenlist,1,winmax_weighted_z_score,11.168475534148472,3.6740835230268667,True,2.9644282398187136,True
1,317,CA-KL + Candidate Greenlist,1,winmax_weighted_z_score,11.100449337735567,3.6740835230268667,True,2.9520587688796485,True
5,318,CA-KL + Candidate Greenlist,1,winmax_weighted_z_score,9.006164738781738,3.6740835230268667,True,3.0080519009192654,True
4,319,CA-KL + Candidate Greenlist,1,winmax_weighted_z_score,9.327196500295402,3.764829272312623,True,3.0421780114211523,True
1,32,CA-KL + Candidate Greenlist,1,winmax_weighted_z_score,7.11505302163577,3.6740835230268667,True,2.9520587688796485,True
3,320,CA-KL + Candidate Greenlist,1,winmax_weighted_z_score,9.687723732596066,3.6740835230268667,True,2.9644282398187136,True
4,321,CA-KL + Candidate Greenlist,1,winmax_weighted_z_score,9.945028785878726,3.764829272312623,True,3.0421780114211523,True
2,322,CA-KL + Candidate Greenlist,1,winmax_weighted_z_score,8.500448010576692,3.519550341121469,True,3.0080519009192654,True
3,323,CA-KL + Candidate Greenlist,1,winmax_weighted_z_score,10.731202485553418,3.6740835230268667,True,2.9644282398187136,True
4,324,CA-KL + Candidate Greenlist,1,winmax_weighted_z_score,12.571712266316949,3.764829272312623,True,3.0421780114211523,True
2,325,CA-KL + Candidate Greenlist,1,winmax_weighted_z_score,11.813393896351084,3.519550341121469,True,3.0080519009192654,True
4,326,CA-KL + Candidate Greenlist,1,winmax_weighted_z_score,8.386017427963708,3.764829272312623,True,3.0421780114211523,True
4,327,CA-KL + Candidate Greenlist,1,winmax_weighted_z_score,9.18958599829872,3.764829272312623,True,3.0421780114211523,True
4,328,CA-KL + Candidate Greenlist,1,winmax_weighted_z_score,8.731370749178321,3.764829272312623,True,3.0421780114211523,True
5,329,CA-KL + Candidate Greenlist,1,winmax_weighted_z_score,10.129263051081354,3.6740835230268667,True,3.0080519009192654,True
4,33,CA-KL + Candidate Greenlist,1,winmax_weighted_z_score,9.320432066993892,3.764829272312623,True,3.0421780114211523,True
4,330,CA-KL + Candidate Greenlist,1,winmax_weighted_z_score,10.629487215188998,3.764829272312623,True,3.0421780114211523,True
4,331,CA-KL + Candidate Greenlist,1,winmax_weighted_z_score,6.428065460714381,3.764829272312623,True,3.0421780114211523,True
4,332,CA-KL + Candidate Greenlist,1,winmax_weighted_z_score,5.701625438971981,3.764829272312623,True,3.0421780114211523,True
2,333,CA-KL + Candidate Greenlist,1,winmax_weighted_z_score,5.996648447466068,3.519550341121469,True,3.0080519009192654,True
4,334,CA-KL + Candidate Greenlist,1,winmax_weighted_z_score,9.744754455847271,3.764829272312623,True,3.0421780114211523,True
1,335,CA-KL + Candidate Greenlist,1,winmax_weighted_z_score,6.9779000823896125,3.6740835230268667,True,2.9520587688796485,True
2,336,CA-KL + Candidate Greenlist,1,winmax_weighted_z_score,12.33621545169925,3.519550341121469,True,3.0080519009192654,True
2,337,CA-KL + Candidate Greenlist,1,winmax_weighted_z_score,9.506862233788992,3.519550341121469,True,3.0080519009192654,True
3,338,CA-KL + Candidate Greenlist,1,winmax_weighted_z_score,10.75761430353817,3.6740835230268667,True,2.9644282398187136,True
5,339,CA-KL + Candidate Greenlist,1,winmax_weighted_z_score,11.610134448287182,3.6740835230268667,True,3.0080519009192654,True
1,34,CA-KL + Candidate Greenlist,1,winmax_weighted_z_score,8.980795220858845,3.6740835230268667,True,2.9520587688796485,True
4,340,CA-KL + Candidate Greenlist,1,winmax_weighted_z_score,10.628302336757264,3.764829272312623,True,3.0421780114211523,True
3,341,CA-KL + Candidate Greenlist,1,winmax_weighted_z_score,9.503751903818035,3.6740835230268667,True,2.9644282398187136,True
3,342,CA-KL + Candidate Greenlist,1,winmax_weighted_z_score,4.965919088097668,3.6740835230268667,True,2.9644282398187136,True
5,343,CA-KL + Candidate Greenlist,1,winmax_weighted_z_score,6.168962321412084,3.6740835230268667,True,3.0080519009192654,True
5,344,CA-KL + Candidate Greenlist,1,winmax_weighted_z_score,11.219322977329748,3.6740835230268667,True,3.0080519009192654,True
2,345,CA-KL + Candidate Greenlist,1,winmax_weighted_z_score,10.889418620313753,3.519550341121469,True,3.0080519009192654,True
3,346,CA-KL + Candidate Greenlist,1,winmax_weighted_z_score,8.651841754502593,3.6740835230268667,True,2.9644282398187136,True
5,347,CA-KL + Candidate Greenlist,1,winmax_weighted_z_score,9.572511740294862,3.6740835230268667,True,3.0080519009192654,True
1,348,CA-KL + Candidate Greenlist,1,winmax_weighted_z_score,8.488269586976555,3.6740835230268667,True,2.9520587688796485,True
3,349,CA-KL + Candidate Greenlist,1,winmax_weighted_z_score,8.333614024481347,3.6740835230268667,True,2.9644282398187136,True
1,35,CA-KL + Candidate Greenlist,1,winmax_weighted_z_score,7.078817096124048,3.6740835230268667,True,2.9520587688796485,True
1,350,CA-KL + Candidate Greenlist,1,winmax_weighted_z_score,9.112323471126288,3.6740835230268667,True,2.9520587688796485,True
3,351,CA-KL + Candidate Greenlist,1,winmax_weighted_z_score,9.105133223584051,3.6740835230268667,True,2.9644282398187136,True
4,352,CA-KL + Candidate Greenlist,1,winmax_weighted_z_score,9.42297907766839,3.764829272312623,True,3.0421780114211523,True
2,353,CA-KL + Candidate Greenlist,1,winmax_weighted_z_score,8.66856744089493,3.519550341121469,True,3.0080519009192654,True
3,354,CA-KL + Candidate Greenlist,1,winmax_weighted_z_score,10.843038177755487,3.6740835230268667,True,2.9644282398187136,True
2,355,CA-KL + Candidate Greenlist,1,winmax_weighted_z_score,10.186284129014215,3.519550341121469,True,3.0080519009192654,True
1,356,CA-KL + Candidate Greenlist,1,winmax_weighted_z_score,9.15002100930644,3.6740835230268667,True,2.9520587688796485,True
5,357,CA-KL + Candidate Greenlist,1,winmax_weighted_z_score,11.94807707787016,3.6740835230268667,True,3.0080519009192654,True
1,358,CA-KL + Candidate Greenlist,1,winmax_weighted_z_score,11.579822278278282,3.6740835230268667,True,2.9520587688796485,True
2,359,CA-KL + Candidate Greenlist,1,winmax_weighted_z_score,2.1519603341496554,3.519550341121469,False,3.0080519009192654,False
3,36,CA-KL + Candidate Greenlist,1,winmax_weighted_z_score,2.7316070199288602,3.6740835230268667,False,2.9644282398187136,False
5,360,CA-KL + Candidate Greenlist,1,winmax_weighted_z_score,8.493148256622929,3.6740835230268667,True,3.0080519009192654,True
3,361,CA-KL + Candidate Greenlist,1,winmax_weighted_z_score,10.390663181538716,3.6740835230268667,True,2.9644282398187136,True
4,362,CA-KL + Candidate Greenlist,1,winmax_weighted_z_score,9.087987266253403,3.764829272312623,True,3.0421780114211523,True
5,363,CA-KL + Candidate Greenlist,1,winmax_weighted_z_score,11.054936764722454,3.6740835230268667,True,3.0080519009192654,True
3,364,CA-KL + Candidate Greenlist,1,winmax_weighted_z_score,9.627828218264414,3.6740835230268667,True,2.9644282398187136,True
3,365,CA-KL + Candidate Greenlist,1,winmax_weighted_z_score,3.965032752211285,3.6740835230268667,True,2.9644282398187136,True
1,366,CA-KL + Candidate Greenlist,1,winmax_weighted_z_score,8.380644890206762,3.6740835230268667,True,2.9520587688796485,True
2,367,CA-KL + Candidate Greenlist,1,winmax_weighted_z_score,8.62057218199126,3.519550341121469,True,3.0080519009192654,True
5,368,CA-KL + Candidate Greenlist,1,winmax_weighted_z_score,7.8997834481898295,3.6740835230268667,True,3.0080519009192654,True
3,369,CA-KL + Candidate Greenlist,1,winmax_weighted_z_score,9.447673841881311,3.6740835230268667,True,2.9644282398187136,True
5,37,CA-KL + Candidate Greenlist,1,winmax_weighted_z_score,7.177686853244744,3.6740835230268667,True,3.0080519009192654,True
2,370,CA-KL + Candidate Greenlist,1,winmax_weighted_z_score,9.917380444148357,3.519550341121469,True,3.0080519009192654,True
4,371,CA-KL + Candidate Greenlist,1,winmax_weighted_z_score,8.442909869749865,3.764829272312623,True,3.0421780114211523,True
4,372,CA-KL + Candidate Greenlist,1,winmax_weighted_z_score,9.573282227904553,3.764829272312623,True,3.0421780114211523,True
2,373,CA-KL + Candidate Greenlist,1,winmax_weighted_z_score,8.695522207174273,3.519550341121469,True,3.0080519009192654,True
4,374,CA-KL + Candidate Greenlist,1,winmax_weighted_z_score,9.819352054622394,3.764829272312623,True,3.0421780114211523,True
1,375,CA-KL + Candidate Greenlist,1,winmax_weighted_z_score,11.538225948609337,3.6740835230268667,True,2.9520587688796485,True
5,376,CA-KL + Candidate Greenlist,1,winmax_weighted_z_score,9.22600597496323,3.6740835230268667,True,3.0080519009192654,True
3,377,CA-KL + Candidate Greenlist,1,winmax_weighted_z_score,9.731689779289358,3.6740835230268667,True,2.9644282398187136,True
3,378,CA-KL + Candidate Greenlist,1,winmax_weighted_z_score,5.180424904837781,3.6740835230268667,True,2.9644282398187136,True
4,379,CA-KL + Candidate Greenlist,1,winmax_weighted_z_score,9.414791472495041,3.764829272312623,True,3.0421780114211523,True
4,38,CA-KL + Candidate Greenlist,1,winmax_weighted_z_score,10.90440428426732,3.764829272312623,True,3.0421780114211523,True
1,380,CA-KL + Candidate Greenlist,1,winmax_weighted_z_score,11.232230967317061,3.6740835230268667,True,2.9520587688796485,True
2,381,CA-KL + Candidate Greenlist,1,winmax_weighted_z_score,9.958303938413627,3.519550341121469,True,3.0080519009192654,True
4,382,CA-KL + Candidate Greenlist,1,winmax_weighted_z_score,11.747572123693386,3.764829272312623,True,3.0421780114211523,True
3,383,CA-KL + Candidate Greenlist,1,winmax_weighted_z_score,10.013576898964809,3.6740835230268667,True,2.9644282398187136,True
2,384,CA-KL + Candidate Greenlist,1,winmax_weighted_z_score,9.891033557939679,3.519550341121469,True,3.0080519009192654,True
3,385,CA-KL + Candidate Greenlist,1,winmax_weighted_z_score,9.972848383948353,3.6740835230268667,True,2.9644282398187136,True
2,386,CA-KL + Candidate Greenlist,1,winmax_weighted_z_score,4.792766431524773,3.519550341121469,True,3.0080519009192654,True
5,387,CA-KL + Candidate Greenlist,1,winmax_weighted_z_score,10.062249717979403,3.6740835230268667,True,3.0080519009192654,True
4,388,CA-KL + Candidate Greenlist,1,winmax_weighted_z_score,8.258161280629746,3.764829272312623,True,3.0421780114211523,True
2,389,CA-KL + Candidate Greenlist,1,winmax_weighted_z_score,10.417329232274742,3.519550341121469,True,3.0080519009192654,True
4,39,CA-KL + Candidate Greenlist,1,winmax_weighted_z_score,5.158393953954175,3.764829272312623,True,3.0421780114211523,True
2,390,CA-KL + Candidate Greenlist,1,winmax_weighted_z_score,10.381666425818931,3.519550341121469,True,3.0080519009192654,True
4,391,CA-KL + Candidate Greenlist,1,winmax_weighted_z_score,3.6999156030171445,3.764829272312623,False,3.0421780114211523,True
5,392,CA-KL + Candidate Greenlist,1,winmax_weighted_z_score,8.629255805760119,3.6740835230268667,True,3.0080519009192654,True
3,393,CA-KL + Candidate Greenlist,1,winmax_weighted_z_score,10.09273146536877,3.6740835230268667,True,2.9644282398187136,True
2,394,CA-KL + Candidate Greenlist,1,winmax_weighted_z_score,8.038121251226494,3.519550341121469,True,3.0080519009192654,True
3,395,CA-KL + Candidate Greenlist,1,winmax_weighted_z_score,7.639896159208001,3.6740835230268667,True,2.9644282398187136,True
5,396,CA-KL + Candidate Greenlist,1,winmax_weighted_z_score,6.7004077201897765,3.6740835230268667,True,3.0080519009192654,True
5,397,CA-KL + Candidate Greenlist,1,winmax_weighted_z_score,9.321971988989784,3.6740835230268667,True,3.0080519009192654,True
1,398,CA-KL + Candidate Greenlist,1,winmax_weighted_z_score,7.639997405617574,3.6740835230268667,True,2.9520587688796485,True
1,399,CA-KL + Candidate Greenlist,1,winmax_weighted_z_score,7.2967963518751455,3.6740835230268667,True,2.9520587688796485,True
1,4,CA-KL + Candidate Greenlist,1,winmax_weighted_z_score,10.452004646670797,3.6740835230268667,True,2.9520587688796485,True
3,40,CA-KL + Candidate Greenlist,1,winmax_weighted_z_score,9.242698460353525,3.6740835230268667,True,2.9644282398187136,True
3,400,CA-KL + Candidate Greenlist,1,winmax_weighted_z_score,9.893565826560636,3.6740835230268667,True,2.9644282398187136,True
5,401,CA-KL + Candidate Greenlist,1,winmax_weighted_z_score,10.145120204056978,3.6740835230268667,True,3.0080519009192654,True
2,402,CA-KL + Candidate Greenlist,1,winmax_weighted_z_score,10.008617492202447,3.519550341121469,True,3.0080519009192654,True
1,403,CA-KL + Candidate Greenlist,1,winmax_weighted_z_score,6.436176965350507,3.6740835230268667,True,2.9520587688796485,True
1,404,CA-KL + Candidate Greenlist,1,winmax_weighted_z_score,9.143027810377982,3.6740835230268667,True,2.9520587688796485,True
4,405,CA-KL + Candidate Greenlist,1,winmax_weighted_z_score,6.785604290534519,3.764829272312623,True,3.0421780114211523,True
4,406,CA-KL + Candidate Greenlist,1,winmax_weighted_z_score,9.68524867605355,3.764829272312623,True,3.0421780114211523,True
5,407,CA-KL + Candidate Greenlist,1,winmax_weighted_z_score,9.57918514074885,3.6740835230268667,True,3.0080519009192654,True
3,408,CA-KL + Candidate Greenlist,1,winmax_weighted_z_score,9.504310919097033,3.6740835230268667,True,2.9644282398187136,True
2,409,CA-KL + Candidate Greenlist,1,winmax_weighted_z_score,10.436739982887332,3.519550341121469,True,3.0080519009192654,True
4,41,CA-KL + Candidate Greenlist,1,winmax_weighted_z_score,8.79944011157463,3.764829272312623,True,3.0421780114211523,True
4,410,CA-KL + Candidate Greenlist,1,winmax_weighted_z_score,9.531922014035288,3.764829272312623,True,3.0421780114211523,True
4,411,CA-KL + Candidate Greenlist,1,winmax_weighted_z_score,9.20689538941635,3.764829272312623,True,3.0421780114211523,True
4,412,CA-KL + Candidate Greenlist,1,winmax_weighted_z_score,9.4334277204602,3.764829272312623,True,3.0421780114211523,True
5,413,CA-KL + Candidate Greenlist,1,winmax_weighted_z_score,5.528787620549613,3.6740835230268667,True,3.0080519009192654,True
2,414,CA-KL + Candidate Greenlist,1,winmax_weighted_z_score,7.378597381015372,3.519550341121469,True,3.0080519009192654,True
2,415,CA-KL + Candidate Greenlist,1,winmax_weighted_z_score,8.939027387504987,3.519550341121469,True,3.0080519009192654,True
1,416,CA-KL + Candidate Greenlist,1,winmax_weighted_z_score,11.67768823219611,3.6740835230268667,True,2.9520587688796485,True
5,417,CA-KL + Candidate Greenlist,1,winmax_weighted_z_score,9.70179990510565,3.6740835230268667,True,3.0080519009192654,True
2,418,CA-KL + Candidate Greenlist,1,winmax_weighted_z_score,9.850539553558873,3.519550341121469,True,3.0080519009192654,True
5,419,CA-KL + Candidate Greenlist,1,winmax_weighted_z_score,9.229991589452153,3.6740835230268667,True,3.0080519009192654,True
1,42,CA-KL + Candidate Greenlist,1,winmax_weighted_z_score,9.520971443645799,3.6740835230268667,True,2.9520587688796485,True
4,420,CA-KL + Candidate Greenlist,1,winmax_weighted_z_score,11.647653352358853,3.764829272312623,True,3.0421780114211523,True
4,421,CA-KL + Candidate Greenlist,1,winmax_weighted_z_score,10.433750887324264,3.764829272312623,True,3.0421780114211523,True
3,422,CA-KL + Candidate Greenlist,1,winmax_weighted_z_score,11.350906581343816,3.6740835230268667,True,2.9644282398187136,True
2,423,CA-KL + Candidate Greenlist,1,winmax_weighted_z_score,10.675859906267076,3.519550341121469,True,3.0080519009192654,True
3,424,CA-KL + Candidate Greenlist,1,winmax_weighted_z_score,7.121345418418967,3.6740835230268667,True,2.9644282398187136,True
3,425,CA-KL + Candidate Greenlist,1,winmax_weighted_z_score,5.744865327657521,3.6740835230268667,True,2.9644282398187136,True
2,426,CA-KL + Candidate Greenlist,1,winmax_weighted_z_score,10.712673672096559,3.519550341121469,True,3.0080519009192654,True
5,427,CA-KL + Candidate Greenlist,1,winmax_weighted_z_score,8.7068440955161,3.6740835230268667,True,3.0080519009192654,True
3,428,CA-KL + Candidate Greenlist,1,winmax_weighted_z_score,10.34681267139187,3.6740835230268667,True,2.9644282398187136,True
5,429,CA-KL + Candidate Greenlist,1,winmax_weighted_z_score,7.237044079506417,3.6740835230268667,True,3.0080519009192654,True
5,43,CA-KL + Candidate Greenlist,1,winmax_weighted_z_score,9.379480606735003,3.6740835230268667,True,3.0080519009192654,True
3,430,CA-KL + Candidate Greenlist,1,winmax_weighted_z_score,9.735728811422067,3.6740835230268667,True,2.9644282398187136,True
1,431,CA-KL + Candidate Greenlist,1,winmax_weighted_z_score,9.219045957123166,3.6740835230268667,True,2.9520587688796485,True
1,432,CA-KL + Candidate Greenlist,1,winmax_weighted_z_score,8.406641311561387,3.6740835230268667,True,2.9520587688796485,True
5,433,CA-KL + Candidate Greenlist,1,winmax_weighted_z_score,9.747446064766537,3.6740835230268667,True,3.0080519009192654,True
1,434,CA-KL + Candidate Greenlist,1,winmax_weighted_z_score,12.435101660493181,3.6740835230268667,True,2.9520587688796485,True
5,435,CA-KL + Candidate Greenlist,1,winmax_weighted_z_score,11.393264419331935,3.6740835230268667,True,3.0080519009192654,True
5,436,CA-KL + Candidate Greenlist,1,winmax_weighted_z_score,8.545941702108447,3.6740835230268667,True,3.0080519009192654,True
4,437,CA-KL + Candidate Greenlist,1,winmax_weighted_z_score,1.4858428737571698,3.764829272312623,False,3.0421780114211523,False
1,438,CA-KL + Candidate Greenlist,1,winmax_weighted_z_score,10.96205362374461,3.6740835230268667,True,2.9520587688796485,True
5,439,CA-KL + Candidate Greenlist,1,winmax_weighted_z_score,10.499086526642783,3.6740835230268667,True,3.0080519009192654,True
5,44,CA-KL + Candidate Greenlist,1,winmax_weighted_z_score,11.326540962891402,3.6740835230268667,True,3.0080519009192654,True
4,440,CA-KL + Candidate Greenlist,1,winmax_weighted_z_score,10.822552624649969,3.764829272312623,True,3.0421780114211523,True
3,441,CA-KL + Candidate Greenlist,1,winmax_weighted_z_score,9.915840992435742,3.6740835230268667,True,2.9644282398187136,True
2,442,CA-KL + Candidate Greenlist,1,winmax_weighted_z_score,8.19493247109099,3.519550341121469,True,3.0080519009192654,True
3,443,CA-KL + Candidate Greenlist,1,winmax_weighted_z_score,12.101789959581602,3.6740835230268667,True,2.9644282398187136,True
4,444,CA-KL + Candidate Greenlist,1,winmax_weighted_z_score,10.453729401821676,3.764829272312623,True,3.0421780114211523,True
1,445,CA-KL + Candidate Greenlist,1,winmax_weighted_z_score,10.986500693288976,3.6740835230268667,True,2.9520587688796485,True
4,446,CA-KL + Candidate Greenlist,1,winmax_weighted_z_score,11.001893423372927,3.764829272312623,True,3.0421780114211523,True
4,447,CA-KL + Candidate Greenlist,1,winmax_weighted_z_score,11.033903035988875,3.764829272312623,True,3.0421780114211523,True
4,448,CA-KL + Candidate Greenlist,1,winmax_weighted_z_score,12.556045686699076,3.764829272312623,True,3.0421780114211523,True
5,449,CA-KL + Candidate Greenlist,1,winmax_weighted_z_score,12.212920445520341,3.6740835230268667,True,3.0080519009192654,True
5,45,CA-KL + Candidate Greenlist,1,winmax_weighted_z_score,8.663001138063892,3.6740835230268667,True,3.0080519009192654,True
3,450,CA-KL + Candidate Greenlist,1,winmax_weighted_z_score,11.715735745543826,3.6740835230268667,True,2.9644282398187136,True
5,451,CA-KL + Candidate Greenlist,1,winmax_weighted_z_score,8.96227656492695,3.6740835230268667,True,3.0080519009192654,True
4,452,CA-KL + Candidate Greenlist,1,winmax_weighted_z_score,8.206288910020637,3.764829272312623,True,3.0421780114211523,True
2,453,CA-KL + Candidate Greenlist,1,winmax_weighted_z_score,10.35351594737393,3.519550341121469,True,3.0080519009192654,True
1,454,CA-KL + Candidate Greenlist,1,winmax_weighted_z_score,9.160960714287931,3.6740835230268667,True,2.9520587688796485,True
2,455,CA-KL + Candidate Greenlist,1,winmax_weighted_z_score,11.030476885092366,3.519550341121469,True,3.0080519009192654,True
5,456,CA-KL + Candidate Greenlist,1,winmax_weighted_z_score,9.781427731001209,3.6740835230268667,True,3.0080519009192654,True
3,457,CA-KL + Candidate Greenlist,1,winmax_weighted_z_score,11.078696718750757,3.6740835230268667,True,2.9644282398187136,True
4,458,CA-KL + Candidate Greenlist,1,winmax_weighted_z_score,8.245063904465455,3.764829272312623,True,3.0421780114211523,True
2,459,CA-KL + Candidate Greenlist,1,winmax_weighted_z_score,10.63220588192664,3.519550341121469,True,3.0080519009192654,True
5,46,CA-KL + Candidate Greenlist,1,winmax_weighted_z_score,8.23279889591703,3.6740835230268667,True,3.0080519009192654,True
4,460,CA-KL + Candidate Greenlist,1,winmax_weighted_z_score,7.707714598654423,3.764829272312623,True,3.0421780114211523,True
2,461,CA-KL + Candidate Greenlist,1,winmax_weighted_z_score,9.328603674771104,3.519550341121469,True,3.0080519009192654,True
4,462,CA-KL + Candidate Greenlist,1,winmax_weighted_z_score,3.9363627347163295,3.764829272312623,True,3.0421780114211523,True
5,463,CA-KL + Candidate Greenlist,1,winmax_weighted_z_score,9.739130331747115,3.6740835230268667,True,3.0080519009192654,True
1,464,CA-KL + Candidate Greenlist,1,winmax_weighted_z_score,8.835479550984322,3.6740835230268667,True,2.9520587688796485,True
2,465,CA-KL + Candidate Greenlist,1,winmax_weighted_z_score,9.187474737326314,3.519550341121469,True,3.0080519009192654,True
1,466,CA-KL + Candidate Greenlist,1,winmax_weighted_z_score,7.222544820792783,3.6740835230268667,True,2.9520587688796485,True
4,467,CA-KL + Candidate Greenlist,1,winmax_weighted_z_score,9.477115708869823,3.764829272312623,True,3.0421780114211523,True
4,468,CA-KL + Candidate Greenlist,1,winmax_weighted_z_score,8.893078250850134,3.764829272312623,True,3.0421780114211523,True
5,469,CA-KL + Candidate Greenlist,1,winmax_weighted_z_score,6.923407302690875,3.6740835230268667,True,3.0080519009192654,True
1,47,CA-KL + Candidate Greenlist,1,winmax_weighted_z_score,10.78774482830684,3.6740835230268667,True,2.9520587688796485,True
1,470,CA-KL + Candidate Greenlist,1,winmax_weighted_z_score,8.62710461715009,3.6740835230268667,True,2.9520587688796485,True
1,471,CA-KL + Candidate Greenlist,1,winmax_weighted_z_score,7.251878245337555,3.6740835230268667,True,2.9520587688796485,True
5,472,CA-KL + Candidate Greenlist,1,winmax_weighted_z_score,11.077174639237734,3.6740835230268667,True,3.0080519009192654,True
5,473,CA-KL + Candidate Greenlist,1,winmax_weighted_z_score,8.833559753034367,3.6740835230268667,True,3.0080519009192654,True
2,474,CA-KL + Candidate Greenlist,1,winmax_weighted_z_score,8.058917291170381,3.519550341121469,True,3.0080519009192654,True
2,475,CA-KL + Candidate Greenlist,1,winmax_weighted_z_score,9.154489002547455,3.519550341121469,True,3.0080519009192654,True
4,476,CA-KL + Candidate Greenlist,1,winmax_weighted_z_score,4.536236431057829,3.764829272312623,True,3.0421780114211523,True
4,477,CA-KL + Candidate Greenlist,1,winmax_weighted_z_score,9.15914542981904,3.764829272312623,True,3.0421780114211523,True
5,478,CA-KL + Candidate Greenlist,1,winmax_weighted_z_score,6.842634317090383,3.6740835230268667,True,3.0080519009192654,True
2,479,CA-KL + Candidate Greenlist,1,winmax_weighted_z_score,9.267004226663559,3.519550341121469,True,3.0080519009192654,True
3,48,CA-KL + Candidate Greenlist,1,winmax_weighted_z_score,10.407859854058447,3.6740835230268667,True,2.9644282398187136,True
2,480,CA-KL + Candidate Greenlist,1,winmax_weighted_z_score,8.999542210627084,3.519550341121469,True,3.0080519009192654,True
5,481,CA-KL + Candidate Greenlist,1,winmax_weighted_z_score,9.070611504843159,3.6740835230268667,True,3.0080519009192654,True
3,482,CA-KL + Candidate Greenlist,1,winmax_weighted_z_score,8.533359298264658,3.6740835230268667,True,2.9644282398187136,True
1,483,CA-KL + Candidate Greenlist,1,winmax_weighted_z_score,7.775983723498419,3.6740835230268667,True,2.9520587688796485,True
4,484,CA-KL + Candidate Greenlist,1,winmax_weighted_z_score,9.929850115459086,3.764829272312623,True,3.0421780114211523,True
2,485,CA-KL + Candidate Greenlist,1,winmax_weighted_z_score,10.503453659022027,3.519550341121469,True,3.0080519009192654,True
3,486,CA-KL + Candidate Greenlist,1,winmax_weighted_z_score,11.18031245452193,3.6740835230268667,True,2.9644282398187136,True
2,487,CA-KL + Candidate Greenlist,1,winmax_weighted_z_score,9.967050770780808,3.519550341121469,True,3.0080519009192654,True
2,488,CA-KL + Candidate Greenlist,1,winmax_weighted_z_score,10.32429702407182,3.519550341121469,True,3.0080519009192654,True
1,489,CA-KL + Candidate Greenlist,1,winmax_weighted_z_score,7.622813121481175,3.6740835230268667,True,2.9520587688796485,True
4,49,CA-KL + Candidate Greenlist,1,winmax_weighted_z_score,6.764302528411087,3.764829272312623,True,3.0421780114211523,True
4,490,CA-KL + Candidate Greenlist,1,winmax_weighted_z_score,8.761289847370671,3.764829272312623,True,3.0421780114211523,True
2,491,CA-KL + Candidate Greenlist,1,winmax_weighted_z_score,9.841692603475128,3.519550341121469,True,3.0080519009192654,True
5,492,CA-KL + Candidate Greenlist,1,winmax_weighted_z_score,11.41361948361854,3.6740835230268667,True,3.0080519009192654,True
2,493,CA-KL + Candidate Greenlist,1,winmax_weighted_z_score,7.701622016056213,3.519550341121469,True,3.0080519009192654,True
3,494,CA-KL + Candidate Greenlist,1,winmax_weighted_z_score,11.444049084011532,3.6740835230268667,True,2.9644282398187136,True
2,495,CA-KL + Candidate Greenlist,1,winmax_weighted_z_score,8.770105611057712,3.519550341121469,True,3.0080519009192654,True
1,496,CA-KL + Candidate Greenlist,1,winmax_weighted_z_score,8.977486702024366,3.6740835230268667,True,2.9520587688796485,True
5,497,CA-KL + Candidate Greenlist,1,winmax_weighted_z_score,11.705293098341922,3.6740835230268667,True,3.0080519009192654,True
1,498,CA-KL + Candidate Greenlist,1,winmax_weighted_z_score,8.994976246204818,3.6740835230268667,True,2.9520587688796485,True
5,499,CA-KL + Candidate Greenlist,1,winmax_weighted_z_score,8.26767132495301,3.6740835230268667,True,3.0080519009192654,True
3,5,CA-KL + Candidate Greenlist,1,winmax_weighted_z_score,10.520586680466065,3.6740835230268667,True,2.9644282398187136,True
4,50,CA-KL + Candidate Greenlist,1,winmax_weighted_z_score,9.232321291088953,3.764829272312623,True,3.0421780114211523,True
4,500,CA-KL + Candidate Greenlist,1,winmax_weighted_z_score,9.440361678456178,3.764829272312623,True,3.0421780114211523,True
1,51,CA-KL + Candidate Greenlist,1,winmax_weighted_z_score,11.404026775730802,3.6740835230268667,True,2.9520587688796485,True
3,52,CA-KL + Candidate Greenlist,1,winmax_weighted_z_score,9.218216720420196,3.6740835230268667,True,2.9644282398187136,True
4,53,CA-KL + Candidate Greenlist,1,winmax_weighted_z_score,11.966775338226247,3.764829272312623,True,3.0421780114211523,True
2,54,CA-KL + Candidate Greenlist,1,winmax_weighted_z_score,8.12949761768012,3.519550341121469,True,3.0080519009192654,True
5,55,CA-KL + Candidate Greenlist,1,winmax_weighted_z_score,5.228528305891766,3.6740835230268667,True,3.0080519009192654,True
5,56,CA-KL + Candidate Greenlist,1,winmax_weighted_z_score,7.653591533454992,3.6740835230268667,True,3.0080519009192654,True
4,57,CA-KL + Candidate Greenlist,1,winmax_weighted_z_score,11.097998984181505,3.764829272312623,True,3.0421780114211523,True
1,58,CA-KL + Candidate Greenlist,1,winmax_weighted_z_score,7.807198300794376,3.6740835230268667,True,2.9520587688796485,True
5,59,CA-KL + Candidate Greenlist,1,winmax_weighted_z_score,9.938424321365803,3.6740835230268667,True,3.0080519009192654,True
4,6,CA-KL + Candidate Greenlist,1,winmax_weighted_z_score,9.58201739712206,3.764829272312623,True,3.0421780114211523,True
1,60,CA-KL + Candidate Greenlist,1,winmax_weighted_z_score,11.412348470809517,3.6740835230268667,True,2.9520587688796485,True
4,61,CA-KL + Candidate Greenlist,1,winmax_weighted_z_score,8.353052804366776,3.764829272312623,True,3.0421780114211523,True
4,62,CA-KL + Candidate Greenlist,1,winmax_weighted_z_score,10.671627446940745,3.764829272312623,True,3.0421780114211523,True
4,63,CA-KL + Candidate Greenlist,1,winmax_weighted_z_score,13.049680379211368,3.764829272312623,True,3.0421780114211523,True
3,64,CA-KL + Candidate Greenlist,1,winmax_weighted_z_score,8.666943889472924,3.6740835230268667,True,2.9644282398187136,True
2,65,CA-KL + Candidate Greenlist,1,winmax_weighted_z_score,9.713433531897552,3.519550341121469,True,3.0080519009192654,True
1,66,CA-KL + Candidate Greenlist,1,winmax_weighted_z_score,10.584974229643306,3.6740835230268667,True,2.9520587688796485,True
5,67,CA-KL + Candidate Greenlist,1,winmax_weighted_z_score,10.049843276769659,3.6740835230268667,True,3.0080519009192654,True
5,68,CA-KL + Candidate Greenlist,1,winmax_weighted_z_score,10.447933871928536,3.6740835230268667,True,3.0080519009192654,True
4,69,CA-KL + Candidate Greenlist,1,winmax_weighted_z_score,10.653176886070634,3.764829272312623,True,3.0421780114211523,True
1,7,CA-KL + Candidate Greenlist,1,winmax_weighted_z_score,6.7041919870757525,3.6740835230268667,True,2.9520587688796485,True
1,70,CA-KL + Candidate Greenlist,1,winmax_weighted_z_score,9.61350835569053,3.6740835230268667,True,2.9520587688796485,True
5,71,CA-KL + Candidate Greenlist,1,winmax_weighted_z_score,10.718186694471491,3.6740835230268667,True,3.0080519009192654,True
5,72,CA-KL + Candidate Greenlist,1,winmax_weighted_z_score,8.337227414401449,3.6740835230268667,True,3.0080519009192654,True
4,73,CA-KL + Candidate Greenlist,1,winmax_weighted_z_score,10.19042054142825,3.764829272312623,True,3.0421780114211523,True
3,74,CA-KL + Candidate Greenlist,1,winmax_weighted_z_score,8.787242881470634,3.6740835230268667,True,2.9644282398187136,True
2,75,CA-KL + Candidate Greenlist,1,winmax_weighted_z_score,8.48669378301282,3.519550341121469,True,3.0080519009192654,True
5,76,CA-KL + Candidate Greenlist,1,winmax_weighted_z_score,8.085931508958772,3.6740835230268667,True,3.0080519009192654,True
2,77,CA-KL + Candidate Greenlist,1,winmax_weighted_z_score,8.502376064069766,3.519550341121469,True,3.0080519009192654,True
2,78,CA-KL + Candidate Greenlist,1,winmax_weighted_z_score,5.99766295508219,3.519550341121469,True,3.0080519009192654,True
2,79,CA-KL + Candidate Greenlist,1,winmax_weighted_z_score,10.520458491038553,3.519550341121469,True,3.0080519009192654,True
5,8,CA-KL + Candidate Greenlist,1,winmax_weighted_z_score,8.973122251666673,3.6740835230268667,True,3.0080519009192654,True
3,80,CA-KL + Candidate Greenlist,1,winmax_weighted_z_score,10.245025886852709,3.6740835230268667,True,2.9644282398187136,True
2,81,CA-KL + Candidate Greenlist,1,winmax_weighted_z_score,11.075114811129216,3.519550341121469,True,3.0080519009192654,True
2,82,CA-KL + Candidate Greenlist,1,winmax_weighted_z_score,7.878414123090217,3.519550341121469,True,3.0080519009192654,True
3,83,CA-KL + Candidate Greenlist,1,winmax_weighted_z_score,8.62828809655702,3.6740835230268667,True,2.9644282398187136,True
2,84,CA-KL + Candidate Greenlist,1,winmax_weighted_z_score,10.939950850257157,3.519550341121469,True,3.0080519009192654,True
4,85,CA-KL + Candidate Greenlist,1,winmax_weighted_z_score,9.055044053127554,3.764829272312623,True,3.0421780114211523,True
1,86,CA-KL + Candidate Greenlist,1,winmax_weighted_z_score,8.215374484328084,3.6740835230268667,True,2.9520587688796485,True
4,87,CA-KL + Candidate Greenlist,1,winmax_weighted_z_score,9.704228920977426,3.764829272312623,True,3.0421780114211523,True
2,88,CA-KL + Candidate Greenlist,1,winmax_weighted_z_score,9.714925717888834,3.519550341121469,True,3.0080519009192654,True
4,89,CA-KL + Candidate Greenlist,1,winmax_weighted_z_score,11.143038785155264,3.764829272312623,True,3.0421780114211523,True
2,9,CA-KL + Candidate Greenlist,1,winmax_weighted_z_score,9.386534102694942,3.519550341121469,True,3.0080519009192654,True
5,90,CA-KL + Candidate Greenlist,1,winmax_weighted_z_score,9.666044096202132,3.6740835230268667,True,3.0080519009192654,True
3,91,CA-KL + Candidate Greenlist,1,winmax_weighted_z_score,6.472799397855105,3.6740835230268667,True,2.9644282398187136,True
1,92,CA-KL + Candidate Greenlist,1,winmax_weighted_z_score,8.162693021267854,3.6740835230268667,True,2.9520587688796485,True
2,93,CA-KL + Candidate Greenlist,1,winmax_weighted_z_score,9.64000992518442,3.519550341121469,True,3.0080519009192654,True
5,94,CA-KL + Candidate Greenlist,1,winmax_weighted_z_score,11.149076573394634,3.6740835230268667,True,3.0080519009192654,True
3,95,CA-KL + Candidate Greenlist,1,winmax_weighted_z_score,10.45177464306536,3.6740835230268667,True,2.9644282398187136,True
1,96,CA-KL + Candidate Greenlist,1,winmax_weighted_z_score,11.846552987172357,3.6740835230268667,True,2.9520587688796485,True
5,97,CA-KL + Candidate Greenlist,1,winmax_weighted_z_score,11.868038266262294,3.6740835230268667,True,3.0080519009192654,True
2,98,CA-KL + Candidate Greenlist,1,winmax_weighted_z_score,10.952287652101925,3.519550341121469,True,3.0080519009192654,True
5,99,CA-KL + Candidate Greenlist,1,winmax_weighted_z_score,10.909267918870903,3.6740835230268667,True,3.0080519009192654,True
2,1,CA-KL + Candidate Greenlist + Weighted/WinMax,1,winmax_weighted_z_score,9.515757169026493,3.519550341121469,True,3.0080519009192654,True
3,10,CA-KL + Candidate Greenlist + Weighted/WinMax,1,winmax_weighted_z_score,9.156588526593552,3.6740835230268667,True,2.9644282398187136,True
5,100,CA-KL + Candidate Greenlist + Weighted/WinMax,1,winmax_weighted_z_score,8.40653669241648,3.6740835230268667,True,3.0080519009192654,True
1,101,CA-KL + Candidate Greenlist + Weighted/WinMax,1,winmax_weighted_z_score,9.411168718546504,3.6740835230268667,True,2.9520587688796485,True
5,102,CA-KL + Candidate Greenlist + Weighted/WinMax,1,winmax_weighted_z_score,10.233381470736154,3.6740835230268667,True,3.0080519009192654,True
3,103,CA-KL + Candidate Greenlist + Weighted/WinMax,1,winmax_weighted_z_score,8.7951974176283,3.6740835230268667,True,2.9644282398187136,True
2,104,CA-KL + Candidate Greenlist + Weighted/WinMax,1,winmax_weighted_z_score,6.38940477698485,3.519550341121469,True,3.0080519009192654,True
5,105,CA-KL + Candidate Greenlist + Weighted/WinMax,1,winmax_weighted_z_score,8.769548622205527,3.6740835230268667,True,3.0080519009192654,True
1,106,CA-KL + Candidate Greenlist + Weighted/WinMax,1,winmax_weighted_z_score,3.7937219429042197,3.6740835230268667,True,2.9520587688796485,True
3,107,CA-KL + Candidate Greenlist + Weighted/WinMax,1,winmax_weighted_z_score,10.553637488119088,3.6740835230268667,True,2.9644282398187136,True
3,108,CA-KL + Candidate Greenlist + Weighted/WinMax,1,winmax_weighted_z_score,10.44576002479054,3.6740835230268667,True,2.9644282398187136,True
3,109,CA-KL + Candidate Greenlist + Weighted/WinMax,1,winmax_weighted_z_score,9.578638814610086,3.6740835230268667,True,2.9644282398187136,True
2,11,CA-KL + Candidate Greenlist + Weighted/WinMax,1,winmax_weighted_z_score,10.276756052446608,3.519550341121469,True,3.0080519009192654,True
3,110,CA-KL + Candidate Greenlist + Weighted/WinMax,1,winmax_weighted_z_score,10.206086195677866,3.6740835230268667,True,2.9644282398187136,True
3,111,CA-KL + Candidate Greenlist + Weighted/WinMax,1,winmax_weighted_z_score,6.9165765388530716,3.6740835230268667,True,2.9644282398187136,True
5,112,CA-KL + Candidate Greenlist + Weighted/WinMax,1,winmax_weighted_z_score,8.668025228965135,3.6740835230268667,True,3.0080519009192654,True
3,113,CA-KL + Candidate Greenlist + Weighted/WinMax,1,winmax_weighted_z_score,11.706454887952669,3.6740835230268667,True,2.9644282398187136,True
4,114,CA-KL + Candidate Greenlist + Weighted/WinMax,1,winmax_weighted_z_score,9.285072904693255,3.764829272312623,True,3.0421780114211523,True
3,115,CA-KL + Candidate Greenlist + Weighted/WinMax,1,winmax_weighted_z_score,9.569273153241665,3.6740835230268667,True,2.9644282398187136,True
1,116,CA-KL + Candidate Greenlist + Weighted/WinMax,1,winmax_weighted_z_score,9.506809683542725,3.6740835230268667,True,2.9520587688796485,True
4,117,CA-KL + Candidate Greenlist + Weighted/WinMax,1,winmax_weighted_z_score,8.807394704155577,3.764829272312623,True,3.0421780114211523,True
3,118,CA-KL + Candidate Greenlist + Weighted/WinMax,1,winmax_weighted_z_score,8.620348303364796,3.6740835230268667,True,2.9644282398187136,True
1,119,CA-KL + Candidate Greenlist + Weighted/WinMax,1,winmax_weighted_z_score,7.424058197898077,3.6740835230268667,True,2.9520587688796485,True
5,12,CA-KL + Candidate Greenlist + Weighted/WinMax,1,winmax_weighted_z_score,8.332564481667042,3.6740835230268667,True,3.0080519009192654,True
3,120,CA-KL + Candidate Greenlist + Weighted/WinMax,1,winmax_weighted_z_score,11.307011722468017,3.6740835230268667,True,2.9644282398187136,True
1,121,CA-KL + Candidate Greenlist + Weighted/WinMax,1,winmax_weighted_z_score,6.468970289380377,3.6740835230268667,True,2.9520587688796485,True
1,122,CA-KL + Candidate Greenlist + Weighted/WinMax,1,winmax_weighted_z_score,11.09015341850211,3.6740835230268667,True,2.9520587688796485,True
2,123,CA-KL + Candidate Greenlist + Weighted/WinMax,1,winmax_weighted_z_score,3.2178404754952785,3.519550341121469,False,3.0080519009192654,True
1,124,CA-KL + Candidate Greenlist + Weighted/WinMax,1,winmax_weighted_z_score,7.9754841971174955,3.6740835230268667,True,2.9520587688796485,True
3,125,CA-KL + Candidate Greenlist + Weighted/WinMax,1,winmax_weighted_z_score,9.138470396747133,3.6740835230268667,True,2.9644282398187136,True
4,126,CA-KL + Candidate Greenlist + Weighted/WinMax,1,winmax_weighted_z_score,11.410787246659506,3.764829272312623,True,3.0421780114211523,True
1,127,CA-KL + Candidate Greenlist + Weighted/WinMax,1,winmax_weighted_z_score,3.0464569734146223,3.6740835230268667,False,2.9520587688796485,True
1,128,CA-KL + Candidate Greenlist + Weighted/WinMax,1,winmax_weighted_z_score,8.848313860406227,3.6740835230268667,True,2.9520587688796485,True
5,129,CA-KL + Candidate Greenlist + Weighted/WinMax,1,winmax_weighted_z_score,11.977916137032226,3.6740835230268667,True,3.0080519009192654,True
4,13,CA-KL + Candidate Greenlist + Weighted/WinMax,1,winmax_weighted_z_score,11.163111133419154,3.764829272312623,True,3.0421780114211523,True
1,130,CA-KL + Candidate Greenlist + Weighted/WinMax,1,winmax_weighted_z_score,10.15639226513628,3.6740835230268667,True,2.9520587688796485,True
1,131,CA-KL + Candidate Greenlist + Weighted/WinMax,1,winmax_weighted_z_score,9.239107649917258,3.6740835230268667,True,2.9520587688796485,True
1,132,CA-KL + Candidate Greenlist + Weighted/WinMax,1,winmax_weighted_z_score,9.399096786410198,3.6740835230268667,True,2.9520587688796485,True
2,133,CA-KL + Candidate Greenlist + Weighted/WinMax,1,winmax_weighted_z_score,8.280995044108055,3.519550341121469,True,3.0080519009192654,True
1,134,CA-KL + Candidate Greenlist + Weighted/WinMax,1,winmax_weighted_z_score,9.651162512677695,3.6740835230268667,True,2.9520587688796485,True
1,135,CA-KL + Candidate Greenlist + Weighted/WinMax,1,winmax_weighted_z_score,9.317122657761143,3.6740835230268667,True,2.9520587688796485,True
5,136,CA-KL + Candidate Greenlist + Weighted/WinMax,1,winmax_weighted_z_score,8.89703184846351,3.6740835230268667,True,3.0080519009192654,True
1,137,CA-KL + Candidate Greenlist + Weighted/WinMax,1,winmax_weighted_z_score,8.913490001640055,3.6740835230268667,True,2.9520587688796485,True
4,138,CA-KL + Candidate Greenlist + Weighted/WinMax,1,winmax_weighted_z_score,8.137813565400199,3.764829272312623,True,3.0421780114211523,True
3,139,CA-KL + Candidate Greenlist + Weighted/WinMax,1,winmax_weighted_z_score,10.861363423475524,3.6740835230268667,True,2.9644282398187136,True
3,14,CA-KL + Candidate Greenlist + Weighted/WinMax,1,winmax_weighted_z_score,8.365008904177587,3.6740835230268667,True,2.9644282398187136,True
5,140,CA-KL + Candidate Greenlist + Weighted/WinMax,1,winmax_weighted_z_score,10.17030698384685,3.6740835230268667,True,3.0080519009192654,True
4,141,CA-KL + Candidate Greenlist + Weighted/WinMax,1,winmax_weighted_z_score,10.376852957630497,3.764829272312623,True,3.0421780114211523,True
2,142,CA-KL + Candidate Greenlist + Weighted/WinMax,1,winmax_weighted_z_score,6.872344147528606,3.519550341121469,True,3.0080519009192654,True
2,143,CA-KL + Candidate Greenlist + Weighted/WinMax,1,winmax_weighted_z_score,9.475705448196912,3.519550341121469,True,3.0080519009192654,True
5,144,CA-KL + Candidate Greenlist + Weighted/WinMax,1,winmax_weighted_z_score,8.20024898565038,3.6740835230268667,True,3.0080519009192654,True
3,145,CA-KL + Candidate Greenlist + Weighted/WinMax,1,winmax_weighted_z_score,8.932006798190805,3.6740835230268667,True,2.9644282398187136,True
3,146,CA-KL + Candidate Greenlist + Weighted/WinMax,1,winmax_weighted_z_score,11.571355347275219,3.6740835230268667,True,2.9644282398187136,True
2,147,CA-KL + Candidate Greenlist + Weighted/WinMax,1,winmax_weighted_z_score,6.021958064127726,3.519550341121469,True,3.0080519009192654,True
2,148,CA-KL + Candidate Greenlist + Weighted/WinMax,1,winmax_weighted_z_score,10.46757461103409,3.519550341121469,True,3.0080519009192654,True
5,149,CA-KL + Candidate Greenlist + Weighted/WinMax,1,winmax_weighted_z_score,9.192111336454175,3.6740835230268667,True,3.0080519009192654,True
5,15,CA-KL + Candidate Greenlist + Weighted/WinMax,1,winmax_weighted_z_score,9.85639929803049,3.6740835230268667,True,3.0080519009192654,True
2,150,CA-KL + Candidate Greenlist + Weighted/WinMax,1,winmax_weighted_z_score,6.933601301085982,3.519550341121469,True,3.0080519009192654,True
2,151,CA-KL + Candidate Greenlist + Weighted/WinMax,1,winmax_weighted_z_score,10.572654633253558,3.519550341121469,True,3.0080519009192654,True
2,152,CA-KL + Candidate Greenlist + Weighted/WinMax,1,winmax_weighted_z_score,8.93271513867345,3.519550341121469,True,3.0080519009192654,True
3,153,CA-KL + Candidate Greenlist + Weighted/WinMax,1,winmax_weighted_z_score,6.329498731835991,3.6740835230268667,True,2.9644282398187136,True
5,154,CA-KL + Candidate Greenlist + Weighted/WinMax,1,winmax_weighted_z_score,7.414572813293365,3.6740835230268667,True,3.0080519009192654,True
1,155,CA-KL + Candidate Greenlist + Weighted/WinMax,1,winmax_weighted_z_score,10.184067080537112,3.6740835230268667,True,2.9520587688796485,True
4,156,CA-KL + Candidate Greenlist + Weighted/WinMax,1,winmax_weighted_z_score,3.9740099592893485,3.764829272312623,True,3.0421780114211523,True
1,157,CA-KL + Candidate Greenlist + Weighted/WinMax,1,winmax_weighted_z_score,10.361814523485327,3.6740835230268667,True,2.9520587688796485,True
5,158,CA-KL + Candidate Greenlist + Weighted/WinMax,1,winmax_weighted_z_score,7.867029165295917,3.6740835230268667,True,3.0080519009192654,True
2,159,CA-KL + Candidate Greenlist + Weighted/WinMax,1,winmax_weighted_z_score,10.532919068469841,3.519550341121469,True,3.0080519009192654,True
5,16,CA-KL + Candidate Greenlist + Weighted/WinMax,1,winmax_weighted_z_score,7.2432082236998045,3.6740835230268667,True,3.0080519009192654,True
3,160,CA-KL + Candidate Greenlist + Weighted/WinMax,1,winmax_weighted_z_score,5.38213355107255,3.6740835230268667,True,2.9644282398187136,True
4,161,CA-KL + Candidate Greenlist + Weighted/WinMax,1,winmax_weighted_z_score,8.632813112335878,3.764829272312623,True,3.0421780114211523,True
3,162,CA-KL + Candidate Greenlist + Weighted/WinMax,1,winmax_weighted_z_score,8.762598360960189,3.6740835230268667,True,2.9644282398187136,True
1,163,CA-KL + Candidate Greenlist + Weighted/WinMax,1,winmax_weighted_z_score,10.858675746634287,3.6740835230268667,True,2.9520587688796485,True
3,164,CA-KL + Candidate Greenlist + Weighted/WinMax,1,winmax_weighted_z_score,10.476103364520107,3.6740835230268667,True,2.9644282398187136,True
3,165,CA-KL + Candidate Greenlist + Weighted/WinMax,1,winmax_weighted_z_score,6.2202249479207525,3.6740835230268667,True,2.9644282398187136,True
2,166,CA-KL + Candidate Greenlist + Weighted/WinMax,1,winmax_weighted_z_score,9.137948190228167,3.519550341121469,True,3.0080519009192654,True
4,167,CA-KL + Candidate Greenlist + Weighted/WinMax,1,winmax_weighted_z_score,8.319337118604292,3.764829272312623,True,3.0421780114211523,True
1,168,CA-KL + Candidate Greenlist + Weighted/WinMax,1,winmax_weighted_z_score,10.177608635107791,3.6740835230268667,True,2.9520587688796485,True
1,169,CA-KL + Candidate Greenlist + Weighted/WinMax,1,winmax_weighted_z_score,9.488774659016865,3.6740835230268667,True,2.9520587688796485,True
1,17,CA-KL + Candidate Greenlist + Weighted/WinMax,1,winmax_weighted_z_score,8.57156065479438,3.6740835230268667,True,2.9520587688796485,True
2,170,CA-KL + Candidate Greenlist + Weighted/WinMax,1,winmax_weighted_z_score,5.325003298828467,3.519550341121469,True,3.0080519009192654,True
3,171,CA-KL + Candidate Greenlist + Weighted/WinMax,1,winmax_weighted_z_score,3.3204463421786565,3.6740835230268667,False,2.9644282398187136,True
4,172,CA-KL + Candidate Greenlist + Weighted/WinMax,1,winmax_weighted_z_score,11.196129913778389,3.764829272312623,True,3.0421780114211523,True
5,173,CA-KL + Candidate Greenlist + Weighted/WinMax,1,winmax_weighted_z_score,9.02476378558743,3.6740835230268667,True,3.0080519009192654,True
3,174,CA-KL + Candidate Greenlist + Weighted/WinMax,1,winmax_weighted_z_score,8.59957307523147,3.6740835230268667,True,2.9644282398187136,True
3,175,CA-KL + Candidate Greenlist + Weighted/WinMax,1,winmax_weighted_z_score,9.622193958241038,3.6740835230268667,True,2.9644282398187136,True
3,176,CA-KL + Candidate Greenlist + Weighted/WinMax,1,winmax_weighted_z_score,9.332004539377328,3.6740835230268667,True,2.9644282398187136,True
3,177,CA-KL + Candidate Greenlist + Weighted/WinMax,1,winmax_weighted_z_score,10.163349007698091,3.6740835230268667,True,2.9644282398187136,True
1,178,CA-KL + Candidate Greenlist + Weighted/WinMax,1,winmax_weighted_z_score,9.965317981349168,3.6740835230268667,True,2.9520587688796485,True
1,179,CA-KL + Candidate Greenlist + Weighted/WinMax,1,winmax_weighted_z_score,9.76173538345563,3.6740835230268667,True,2.9520587688796485,True
3,18,CA-KL + Candidate Greenlist + Weighted/WinMax,1,winmax_weighted_z_score,2.955881777084514,3.6740835230268667,False,2.9644282398187136,False
4,180,CA-KL + Candidate Greenlist + Weighted/WinMax,1,winmax_weighted_z_score,9.06036346293144,3.764829272312623,True,3.0421780114211523,True
1,181,CA-KL + Candidate Greenlist + Weighted/WinMax,1,winmax_weighted_z_score,10.928308483458155,3.6740835230268667,True,2.9520587688796485,True
3,182,CA-KL + Candidate Greenlist + Weighted/WinMax,1,winmax_weighted_z_score,10.571071918322488,3.6740835230268667,True,2.9644282398187136,True
4,183,CA-KL + Candidate Greenlist + Weighted/WinMax,1,winmax_weighted_z_score,7.562241129940971,3.764829272312623,True,3.0421780114211523,True
4,184,CA-KL + Candidate Greenlist + Weighted/WinMax,1,winmax_weighted_z_score,10.01479688285971,3.764829272312623,True,3.0421780114211523,True
3,185,CA-KL + Candidate Greenlist + Weighted/WinMax,1,winmax_weighted_z_score,11.761347652722035,3.6740835230268667,True,2.9644282398187136,True
2,186,CA-KL + Candidate Greenlist + Weighted/WinMax,1,winmax_weighted_z_score,10.133923690315013,3.519550341121469,True,3.0080519009192654,True
3,187,CA-KL + Candidate Greenlist + Weighted/WinMax,1,winmax_weighted_z_score,6.606133562114526,3.6740835230268667,True,2.9644282398187136,True
2,188,CA-KL + Candidate Greenlist + Weighted/WinMax,1,winmax_weighted_z_score,10.537268380358599,3.519550341121469,True,3.0080519009192654,True
1,189,CA-KL + Candidate Greenlist + Weighted/WinMax,1,winmax_weighted_z_score,9.585295226237145,3.6740835230268667,True,2.9520587688796485,True
3,19,CA-KL + Candidate Greenlist + Weighted/WinMax,1,winmax_weighted_z_score,10.11430561713119,3.6740835230268667,True,2.9644282398187136,True
1,190,CA-KL + Candidate Greenlist + Weighted/WinMax,1,winmax_weighted_z_score,9.648972998070178,3.6740835230268667,True,2.9520587688796485,True
2,191,CA-KL + Candidate Greenlist + Weighted/WinMax,1,winmax_weighted_z_score,11.189958222447707,3.519550341121469,True,3.0080519009192654,True
4,192,CA-KL + Candidate Greenlist + Weighted/WinMax,1,winmax_weighted_z_score,8.646567034443379,3.764829272312623,True,3.0421780114211523,True
1,193,CA-KL + Candidate Greenlist + Weighted/WinMax,1,winmax_weighted_z_score,11.296528439160564,3.6740835230268667,True,2.9520587688796485,True
1,194,CA-KL + Candidate Greenlist + Weighted/WinMax,1,winmax_weighted_z_score,11.566592328929172,3.6740835230268667,True,2.9520587688796485,True
3,195,CA-KL + Candidate Greenlist + Weighted/WinMax,1,winmax_weighted_z_score,10.552476675292565,3.6740835230268667,True,2.9644282398187136,True
2,196,CA-KL + Candidate Greenlist + Weighted/WinMax,1,winmax_weighted_z_score,10.544949341025424,3.519550341121469,True,3.0080519009192654,True
4,197,CA-KL + Candidate Greenlist + Weighted/WinMax,1,winmax_weighted_z_score,8.62709433246143,3.764829272312623,True,3.0421780114211523,True
4,198,CA-KL + Candidate Greenlist + Weighted/WinMax,1,winmax_weighted_z_score,6.182368381387343,3.764829272312623,True,3.0421780114211523,True
5,199,CA-KL + Candidate Greenlist + Weighted/WinMax,1,winmax_weighted_z_score,9.23713542339343,3.6740835230268667,True,3.0080519009192654,True
3,2,CA-KL + Candidate Greenlist + Weighted/WinMax,1,winmax_weighted_z_score,10.275794034741168,3.6740835230268667,True,2.9644282398187136,True
5,20,CA-KL + Candidate Greenlist + Weighted/WinMax,1,winmax_weighted_z_score,9.03930870325566,3.6740835230268667,True,3.0080519009192654,True
5,200,CA-KL + Candidate Greenlist + Weighted/WinMax,1,winmax_weighted_z_score,8.418489752074235,3.6740835230268667,True,3.0080519009192654,True
4,201,CA-KL + Candidate Greenlist + Weighted/WinMax,1,winmax_weighted_z_score,8.656701508158777,3.764829272312623,True,3.0421780114211523,True
2,202,CA-KL + Candidate Greenlist + Weighted/WinMax,1,winmax_weighted_z_score,10.680218355769224,3.519550341121469,True,3.0080519009192654,True
4,203,CA-KL + Candidate Greenlist + Weighted/WinMax,1,winmax_weighted_z_score,12.102279692726142,3.764829272312623,True,3.0421780114211523,True
5,204,CA-KL + Candidate Greenlist + Weighted/WinMax,1,winmax_weighted_z_score,1.5519240230329643,3.6740835230268667,False,3.0080519009192654,False
3,205,CA-KL + Candidate Greenlist + Weighted/WinMax,1,winmax_weighted_z_score,9.436976160804885,3.6740835230268667,True,2.9644282398187136,True
3,206,CA-KL + Candidate Greenlist + Weighted/WinMax,1,winmax_weighted_z_score,6.796126873763687,3.6740835230268667,True,2.9644282398187136,True
3,207,CA-KL + Candidate Greenlist + Weighted/WinMax,1,winmax_weighted_z_score,9.071728686484336,3.6740835230268667,True,2.9644282398187136,True
2,208,CA-KL + Candidate Greenlist + Weighted/WinMax,1,winmax_weighted_z_score,8.972559246469562,3.519550341121469,True,3.0080519009192654,True
3,209,CA-KL + Candidate Greenlist + Weighted/WinMax,1,winmax_weighted_z_score,9.884675634071051,3.6740835230268667,True,2.9644282398187136,True
4,21,CA-KL + Candidate Greenlist + Weighted/WinMax,1,winmax_weighted_z_score,9.243457987704252,3.764829272312623,True,3.0421780114211523,True
1,210,CA-KL + Candidate Greenlist + Weighted/WinMax,1,winmax_weighted_z_score,9.49514429399328,3.6740835230268667,True,2.9520587688796485,True
4,211,CA-KL + Candidate Greenlist + Weighted/WinMax,1,winmax_weighted_z_score,11.185315130956614,3.764829272312623,True,3.0421780114211523,True
1,212,CA-KL + Candidate Greenlist + Weighted/WinMax,1,winmax_weighted_z_score,9.506511034638631,3.6740835230268667,True,2.9520587688796485,True
1,213,CA-KL + Candidate Greenlist + Weighted/WinMax,1,winmax_weighted_z_score,10.00583369838028,3.6740835230268667,True,2.9520587688796485,True
1,214,CA-KL + Candidate Greenlist + Weighted/WinMax,1,winmax_weighted_z_score,10.563664880104064,3.6740835230268667,True,2.9520587688796485,True
2,215,CA-KL + Candidate Greenlist + Weighted/WinMax,1,winmax_weighted_z_score,9.912920104220564,3.519550341121469,True,3.0080519009192654,True
4,216,CA-KL + Candidate Greenlist + Weighted/WinMax,1,winmax_weighted_z_score,7.673953384039921,3.764829272312623,True,3.0421780114211523,True
2,217,CA-KL + Candidate Greenlist + Weighted/WinMax,1,winmax_weighted_z_score,9.613586334000697,3.519550341121469,True,3.0080519009192654,True
3,218,CA-KL + Candidate Greenlist + Weighted/WinMax,1,winmax_weighted_z_score,10.145438656672606,3.6740835230268667,True,2.9644282398187136,True
3,219,CA-KL + Candidate Greenlist + Weighted/WinMax,1,winmax_weighted_z_score,10.397862819426354,3.6740835230268667,True,2.9644282398187136,True
1,22,CA-KL + Candidate Greenlist + Weighted/WinMax,1,winmax_weighted_z_score,11.270765329292697,3.6740835230268667,True,2.9520587688796485,True
4,220,CA-KL + Candidate Greenlist + Weighted/WinMax,1,winmax_weighted_z_score,9.661254606830825,3.764829272312623,True,3.0421780114211523,True
5,221,CA-KL + Candidate Greenlist + Weighted/WinMax,1,winmax_weighted_z_score,9.888684819514665,3.6740835230268667,True,3.0080519009192654,True
1,222,CA-KL + Candidate Greenlist + Weighted/WinMax,1,winmax_weighted_z_score,9.943068685285539,3.6740835230268667,True,2.9520587688796485,True
4,223,CA-KL + Candidate Greenlist + Weighted/WinMax,1,winmax_weighted_z_score,9.820845585236757,3.764829272312623,True,3.0421780114211523,True
3,224,CA-KL + Candidate Greenlist + Weighted/WinMax,1,winmax_weighted_z_score,10.165435637146421,3.6740835230268667,True,2.9644282398187136,True
5,225,CA-KL + Candidate Greenlist + Weighted/WinMax,1,winmax_weighted_z_score,10.553714134111786,3.6740835230268667,True,3.0080519009192654,True
2,226,CA-KL + Candidate Greenlist + Weighted/WinMax,1,winmax_weighted_z_score,9.470223828862638,3.519550341121469,True,3.0080519009192654,True
2,227,CA-KL + Candidate Greenlist + Weighted/WinMax,1,winmax_weighted_z_score,9.679507678283919,3.519550341121469,True,3.0080519009192654,True
1,228,CA-KL + Candidate Greenlist + Weighted/WinMax,1,winmax_weighted_z_score,7.8039451798400785,3.6740835230268667,True,2.9520587688796485,True
5,229,CA-KL + Candidate Greenlist + Weighted/WinMax,1,winmax_weighted_z_score,5.851356803439454,3.6740835230268667,True,3.0080519009192654,True
1,23,CA-KL + Candidate Greenlist + Weighted/WinMax,1,winmax_weighted_z_score,9.176699673195797,3.6740835230268667,True,2.9520587688796485,True
2,230,CA-KL + Candidate Greenlist + Weighted/WinMax,1,winmax_weighted_z_score,9.424412805858703,3.519550341121469,True,3.0080519009192654,True
5,231,CA-KL + Candidate Greenlist + Weighted/WinMax,1,winmax_weighted_z_score,11.134602975346962,3.6740835230268667,True,3.0080519009192654,True
5,232,CA-KL + Candidate Greenlist + Weighted/WinMax,1,winmax_weighted_z_score,10.462125982317902,3.6740835230268667,True,3.0080519009192654,True
2,233,CA-KL + Candidate Greenlist + Weighted/WinMax,1,winmax_weighted_z_score,10.419644195384356,3.519550341121469,True,3.0080519009192654,True
1,234,CA-KL + Candidate Greenlist + Weighted/WinMax,1,winmax_weighted_z_score,7.9737624077811615,3.6740835230268667,True,2.9520587688796485,True
1,235,CA-KL + Candidate Greenlist + Weighted/WinMax,1,winmax_weighted_z_score,4.312370314148457,3.6740835230268667,True,2.9520587688796485,True
3,236,CA-KL + Candidate Greenlist + Weighted/WinMax,1,winmax_weighted_z_score,9.194009617683536,3.6740835230268667,True,2.9644282398187136,True
1,237,CA-KL + Candidate Greenlist + Weighted/WinMax,1,winmax_weighted_z_score,6.565137607154039,3.6740835230268667,True,2.9520587688796485,True
4,238,CA-KL + Candidate Greenlist + Weighted/WinMax,1,winmax_weighted_z_score,9.945177136089159,3.764829272312623,True,3.0421780114211523,True
4,239,CA-KL + Candidate Greenlist + Weighted/WinMax,1,winmax_weighted_z_score,5.049595508506377,3.764829272312623,True,3.0421780114211523,True
1,24,CA-KL + Candidate Greenlist + Weighted/WinMax,1,winmax_weighted_z_score,10.209777109796292,3.6740835230268667,True,2.9520587688796485,True
4,240,CA-KL + Candidate Greenlist + Weighted/WinMax,1,winmax_weighted_z_score,8.90552616528514,3.764829272312623,True,3.0421780114211523,True
1,241,CA-KL + Candidate Greenlist + Weighted/WinMax,1,winmax_weighted_z_score,10.528249899045719,3.6740835230268667,True,2.9520587688796485,True
2,242,CA-KL + Candidate Greenlist + Weighted/WinMax,1,winmax_weighted_z_score,11.657586045801065,3.519550341121469,True,3.0080519009192654,True
4,243,CA-KL + Candidate Greenlist + Weighted/WinMax,1,winmax_weighted_z_score,10.60909436467233,3.764829272312623,True,3.0421780114211523,True
5,244,CA-KL + Candidate Greenlist + Weighted/WinMax,1,winmax_weighted_z_score,8.38987696568656,3.6740835230268667,True,3.0080519009192654,True
2,245,CA-KL + Candidate Greenlist + Weighted/WinMax,1,winmax_weighted_z_score,9.17788669992973,3.519550341121469,True,3.0080519009192654,True
2,246,CA-KL + Candidate Greenlist + Weighted/WinMax,1,winmax_weighted_z_score,9.787776996863903,3.519550341121469,True,3.0080519009192654,True
3,247,CA-KL + Candidate Greenlist + Weighted/WinMax,1,winmax_weighted_z_score,5.647738863614196,3.6740835230268667,True,2.9644282398187136,True
4,248,CA-KL + Candidate Greenlist + Weighted/WinMax,1,winmax_weighted_z_score,7.496552206834668,3.764829272312623,True,3.0421780114211523,True
4,249,CA-KL + Candidate Greenlist + Weighted/WinMax,1,winmax_weighted_z_score,9.829400484223473,3.764829272312623,True,3.0421780114211523,True
3,25,CA-KL + Candidate Greenlist + Weighted/WinMax,1,winmax_weighted_z_score,9.61661836574296,3.6740835230268667,True,2.9644282398187136,True
1,250,CA-KL + Candidate Greenlist + Weighted/WinMax,1,winmax_weighted_z_score,9.67810098533215,3.6740835230268667,True,2.9520587688796485,True
5,251,CA-KL + Candidate Greenlist + Weighted/WinMax,1,winmax_weighted_z_score,10.689025935361236,3.6740835230268667,True,3.0080519009192654,True
4,252,CA-KL + Candidate Greenlist + Weighted/WinMax,1,winmax_weighted_z_score,10.289359237435566,3.764829272312623,True,3.0421780114211523,True
3,253,CA-KL + Candidate Greenlist + Weighted/WinMax,1,winmax_weighted_z_score,10.477836521434753,3.6740835230268667,True,2.9644282398187136,True
5,254,CA-KL + Candidate Greenlist + Weighted/WinMax,1,winmax_weighted_z_score,10.704248047086145,3.6740835230268667,True,3.0080519009192654,True
1,255,CA-KL + Candidate Greenlist + Weighted/WinMax,1,winmax_weighted_z_score,11.720112890964861,3.6740835230268667,True,2.9520587688796485,True
3,256,CA-KL + Candidate Greenlist + Weighted/WinMax,1,winmax_weighted_z_score,8.390130614423663,3.6740835230268667,True,2.9644282398187136,True
3,257,CA-KL + Candidate Greenlist + Weighted/WinMax,1,winmax_weighted_z_score,9.91992059464062,3.6740835230268667,True,2.9644282398187136,True
1,258,CA-KL + Candidate Greenlist + Weighted/WinMax,1,winmax_weighted_z_score,10.155048907719333,3.6740835230268667,True,2.9520587688796485,True
2,259,CA-KL + Candidate Greenlist + Weighted/WinMax,1,winmax_weighted_z_score,10.519609834357503,3.519550341121469,True,3.0080519009192654,True
5,26,CA-KL + Candidate Greenlist + Weighted/WinMax,1,winmax_weighted_z_score,10.112012148428702,3.6740835230268667,True,3.0080519009192654,True
5,260,CA-KL + Candidate Greenlist + Weighted/WinMax,1,winmax_weighted_z_score,11.97610756991355,3.6740835230268667,True,3.0080519009192654,True
3,261,CA-KL + Candidate Greenlist + Weighted/WinMax,1,winmax_weighted_z_score,9.535351706643754,3.6740835230268667,True,2.9644282398187136,True
3,262,CA-KL + Candidate Greenlist + Weighted/WinMax,1,winmax_weighted_z_score,6.983611155677871,3.6740835230268667,True,2.9644282398187136,True
2,263,CA-KL + Candidate Greenlist + Weighted/WinMax,1,winmax_weighted_z_score,8.750120087765787,3.519550341121469,True,3.0080519009192654,True
2,264,CA-KL + Candidate Greenlist + Weighted/WinMax,1,winmax_weighted_z_score,6.938327779285229,3.519550341121469,True,3.0080519009192654,True
2,265,CA-KL + Candidate Greenlist + Weighted/WinMax,1,winmax_weighted_z_score,11.237976628311836,3.519550341121469,True,3.0080519009192654,True
2,266,CA-KL + Candidate Greenlist + Weighted/WinMax,1,winmax_weighted_z_score,12.52078341503262,3.519550341121469,True,3.0080519009192654,True
5,267,CA-KL + Candidate Greenlist + Weighted/WinMax,1,winmax_weighted_z_score,9.244452406416258,3.6740835230268667,True,3.0080519009192654,True
5,268,CA-KL + Candidate Greenlist + Weighted/WinMax,1,winmax_weighted_z_score,9.619902193615983,3.6740835230268667,True,3.0080519009192654,True
4,269,CA-KL + Candidate Greenlist + Weighted/WinMax,1,winmax_weighted_z_score,9.789466972818833,3.764829272312623,True,3.0421780114211523,True
3,27,CA-KL + Candidate Greenlist + Weighted/WinMax,1,winmax_weighted_z_score,8.843639555968451,3.6740835230268667,True,2.9644282398187136,True
1,270,CA-KL + Candidate Greenlist + Weighted/WinMax,1,winmax_weighted_z_score,4.628429328436701,3.6740835230268667,True,2.9520587688796485,True
5,271,CA-KL + Candidate Greenlist + Weighted/WinMax,1,winmax_weighted_z_score,10.447909504334172,3.6740835230268667,True,3.0080519009192654,True
1,272,CA-KL + Candidate Greenlist + Weighted/WinMax,1,winmax_weighted_z_score,10.871250073147179,3.6740835230268667,True,2.9520587688796485,True
4,273,CA-KL + Candidate Greenlist + Weighted/WinMax,1,winmax_weighted_z_score,7.860937383174475,3.764829272312623,True,3.0421780114211523,True
5,274,CA-KL + Candidate Greenlist + Weighted/WinMax,1,winmax_weighted_z_score,9.530668353165732,3.6740835230268667,True,3.0080519009192654,True
2,275,CA-KL + Candidate Greenlist + Weighted/WinMax,1,winmax_weighted_z_score,9.677772683471822,3.519550341121469,True,3.0080519009192654,True
5,276,CA-KL + Candidate Greenlist + Weighted/WinMax,1,winmax_weighted_z_score,10.186325903691055,3.6740835230268667,True,3.0080519009192654,True
1,277,CA-KL + Candidate Greenlist + Weighted/WinMax,1,winmax_weighted_z_score,9.941674902223587,3.6740835230268667,True,2.9520587688796485,True
5,278,CA-KL + Candidate Greenlist + Weighted/WinMax,1,winmax_weighted_z_score,10.663545319003354,3.6740835230268667,True,3.0080519009192654,True
1,279,CA-KL + Candidate Greenlist + Weighted/WinMax,1,winmax_weighted_z_score,8.823880458990361,3.6740835230268667,True,2.9520587688796485,True
5,28,CA-KL + Candidate Greenlist + Weighted/WinMax,1,winmax_weighted_z_score,10.752963209605882,3.6740835230268667,True,3.0080519009192654,True
1,280,CA-KL + Candidate Greenlist + Weighted/WinMax,1,winmax_weighted_z_score,9.12930429513709,3.6740835230268667,True,2.9520587688796485,True
5,281,CA-KL + Candidate Greenlist + Weighted/WinMax,1,winmax_weighted_z_score,10.52649914555782,3.6740835230268667,True,3.0080519009192654,True
2,282,CA-KL + Candidate Greenlist + Weighted/WinMax,1,winmax_weighted_z_score,6.302683040703923,3.519550341121469,True,3.0080519009192654,True
5,283,CA-KL + Candidate Greenlist + Weighted/WinMax,1,winmax_weighted_z_score,5.808424542082536,3.6740835230268667,True,3.0080519009192654,True
4,284,CA-KL + Candidate Greenlist + Weighted/WinMax,1,winmax_weighted_z_score,11.069603887197035,3.764829272312623,True,3.0421780114211523,True
5,285,CA-KL + Candidate Greenlist + Weighted/WinMax,1,winmax_weighted_z_score,9.641425072014105,3.6740835230268667,True,3.0080519009192654,True
2,286,CA-KL + Candidate Greenlist + Weighted/WinMax,1,winmax_weighted_z_score,11.007948061628106,3.519550341121469,True,3.0080519009192654,True
1,287,CA-KL + Candidate Greenlist + Weighted/WinMax,1,winmax_weighted_z_score,8.341183777482057,3.6740835230268667,True,2.9520587688796485,True
3,288,CA-KL + Candidate Greenlist + Weighted/WinMax,1,winmax_weighted_z_score,9.566249523009425,3.6740835230268667,True,2.9644282398187136,True
1,289,CA-KL + Candidate Greenlist + Weighted/WinMax,1,winmax_weighted_z_score,7.853329765372104,3.6740835230268667,True,2.9520587688796485,True
4,29,CA-KL + Candidate Greenlist + Weighted/WinMax,1,winmax_weighted_z_score,10.985663392817157,3.764829272312623,True,3.0421780114211523,True
4,290,CA-KL + Candidate Greenlist + Weighted/WinMax,1,winmax_weighted_z_score,10.785731282804386,3.764829272312623,True,3.0421780114211523,True
3,291,CA-KL + Candidate Greenlist + Weighted/WinMax,1,winmax_weighted_z_score,10.855681830860004,3.6740835230268667,True,2.9644282398187136,True
2,292,CA-KL + Candidate Greenlist + Weighted/WinMax,1,winmax_weighted_z_score,9.265430354601094,3.519550341121469,True,3.0080519009192654,True
4,293,CA-KL + Candidate Greenlist + Weighted/WinMax,1,winmax_weighted_z_score,8.526073812967812,3.764829272312623,True,3.0421780114211523,True
3,294,CA-KL + Candidate Greenlist + Weighted/WinMax,1,winmax_weighted_z_score,10.022519788559615,3.6740835230268667,True,2.9644282398187136,True
2,295,CA-KL + Candidate Greenlist + Weighted/WinMax,1,winmax_weighted_z_score,10.978831523353186,3.519550341121469,True,3.0080519009192654,True
5,296,CA-KL + Candidate Greenlist + Weighted/WinMax,1,winmax_weighted_z_score,10.853485528880503,3.6740835230268667,True,3.0080519009192654,True
3,297,CA-KL + Candidate Greenlist + Weighted/WinMax,1,winmax_weighted_z_score,9.225800254513839,3.6740835230268667,True,2.9644282398187136,True
5,298,CA-KL + Candidate Greenlist + Weighted/WinMax,1,winmax_weighted_z_score,9.560676348751727,3.6740835230268667,True,3.0080519009192654,True
1,299,CA-KL + Candidate Greenlist + Weighted/WinMax,1,winmax_weighted_z_score,6.8513884870919695,3.6740835230268667,True,2.9520587688796485,True
5,3,CA-KL + Candidate Greenlist + Weighted/WinMax,1,winmax_weighted_z_score,10.047428369496332,3.6740835230268667,True,3.0080519009192654,True
1,30,CA-KL + Candidate Greenlist + Weighted/WinMax,1,winmax_weighted_z_score,8.21211692245795,3.6740835230268667,True,2.9520587688796485,True
2,300,CA-KL + Candidate Greenlist + Weighted/WinMax,1,winmax_weighted_z_score,10.168274753380656,3.519550341121469,True,3.0080519009192654,True
3,301,CA-KL + Candidate Greenlist + Weighted/WinMax,1,winmax_weighted_z_score,4.1660727295448154,3.6740835230268667,True,2.9644282398187136,True
4,302,CA-KL + Candidate Greenlist + Weighted/WinMax,1,winmax_weighted_z_score,6.9132113286762715,3.764829272312623,True,3.0421780114211523,True
4,303,CA-KL + Candidate Greenlist + Weighted/WinMax,1,winmax_weighted_z_score,8.545315233670722,3.764829272312623,True,3.0421780114211523,True
3,304,CA-KL + Candidate Greenlist + Weighted/WinMax,1,winmax_weighted_z_score,8.744921257925943,3.6740835230268667,True,2.9644282398187136,True
5,305,CA-KL + Candidate Greenlist + Weighted/WinMax,1,winmax_weighted_z_score,10.17067950219318,3.6740835230268667,True,3.0080519009192654,True
1,306,CA-KL + Candidate Greenlist + Weighted/WinMax,1,winmax_weighted_z_score,10.05515617967068,3.6740835230268667,True,2.9520587688796485,True
2,307,CA-KL + Candidate Greenlist + Weighted/WinMax,1,winmax_weighted_z_score,13.018931413286557,3.519550341121469,True,3.0080519009192654,True
1,308,CA-KL + Candidate Greenlist + Weighted/WinMax,1,winmax_weighted_z_score,10.172286191158248,3.6740835230268667,True,2.9520587688796485,True
2,309,CA-KL + Candidate Greenlist + Weighted/WinMax,1,winmax_weighted_z_score,11.56868391320036,3.519550341121469,True,3.0080519009192654,True
2,31,CA-KL + Candidate Greenlist + Weighted/WinMax,1,winmax_weighted_z_score,9.97026998093605,3.519550341121469,True,3.0080519009192654,True
5,310,CA-KL + Candidate Greenlist + Weighted/WinMax,1,winmax_weighted_z_score,10.023138056544616,3.6740835230268667,True,3.0080519009192654,True
4,311,CA-KL + Candidate Greenlist + Weighted/WinMax,1,winmax_weighted_z_score,9.582416427806452,3.764829272312623,True,3.0421780114211523,True
2,312,CA-KL + Candidate Greenlist + Weighted/WinMax,1,winmax_weighted_z_score,9.201225162618542,3.519550341121469,True,3.0080519009192654,True
2,313,CA-KL + Candidate Greenlist + Weighted/WinMax,1,winmax_weighted_z_score,7.89305649316511,3.519550341121469,True,3.0080519009192654,True
1,314,CA-KL + Candidate Greenlist + Weighted/WinMax,1,winmax_weighted_z_score,8.032813433507183,3.6740835230268667,True,2.9520587688796485,True
1,315,CA-KL + Candidate Greenlist + Weighted/WinMax,1,winmax_weighted_z_score,6.649819498148264,3.6740835230268667,True,2.9520587688796485,True
3,316,CA-KL + Candidate Greenlist + Weighted/WinMax,1,winmax_weighted_z_score,11.189813031585127,3.6740835230268667,True,2.9644282398187136,True
1,317,CA-KL + Candidate Greenlist + Weighted/WinMax,1,winmax_weighted_z_score,10.871100298706201,3.6740835230268667,True,2.9520587688796485,True
5,318,CA-KL + Candidate Greenlist + Weighted/WinMax,1,winmax_weighted_z_score,8.481559987360097,3.6740835230268667,True,3.0080519009192654,True
4,319,CA-KL + Candidate Greenlist + Weighted/WinMax,1,winmax_weighted_z_score,9.670873765944767,3.764829272312623,True,3.0421780114211523,True
1,32,CA-KL + Candidate Greenlist + Weighted/WinMax,1,winmax_weighted_z_score,5.433272983440423,3.6740835230268667,True,2.9520587688796485,True
3,320,CA-KL + Candidate Greenlist + Weighted/WinMax,1,winmax_weighted_z_score,10.794038786764384,3.6740835230268667,True,2.9644282398187136,True
4,321,CA-KL + Candidate Greenlist + Weighted/WinMax,1,winmax_weighted_z_score,9.445291689767483,3.764829272312623,True,3.0421780114211523,True
2,322,CA-KL + Candidate Greenlist + Weighted/WinMax,1,winmax_weighted_z_score,12.609580457673648,3.519550341121469,True,3.0080519009192654,True
3,323,CA-KL + Candidate Greenlist + Weighted/WinMax,1,winmax_weighted_z_score,10.173555805880005,3.6740835230268667,True,2.9644282398187136,True
4,324,CA-KL + Candidate Greenlist + Weighted/WinMax,1,winmax_weighted_z_score,12.571712266316949,3.764829272312623,True,3.0421780114211523,True
2,325,CA-KL + Candidate Greenlist + Weighted/WinMax,1,winmax_weighted_z_score,11.813393896351084,3.519550341121469,True,3.0080519009192654,True
4,326,CA-KL + Candidate Greenlist + Weighted/WinMax,1,winmax_weighted_z_score,7.959595551372717,3.764829272312623,True,3.0421780114211523,True
4,327,CA-KL + Candidate Greenlist + Weighted/WinMax,1,winmax_weighted_z_score,9.565507755260862,3.764829272312623,True,3.0421780114211523,True
4,328,CA-KL + Candidate Greenlist + Weighted/WinMax,1,winmax_weighted_z_score,9.465980085673442,3.764829272312623,True,3.0421780114211523,True
5,329,CA-KL + Candidate Greenlist + Weighted/WinMax,1,winmax_weighted_z_score,9.764134872833411,3.6740835230268667,True,3.0080519009192654,True
4,33,CA-KL + Candidate Greenlist + Weighted/WinMax,1,winmax_weighted_z_score,9.110291938161602,3.764829272312623,True,3.0421780114211523,True
4,330,CA-KL + Candidate Greenlist + Weighted/WinMax,1,winmax_weighted_z_score,10.5745281007601,3.764829272312623,True,3.0421780114211523,True
4,331,CA-KL + Candidate Greenlist + Weighted/WinMax,1,winmax_weighted_z_score,5.790418894520465,3.764829272312623,True,3.0421780114211523,True
4,332,CA-KL + Candidate Greenlist + Weighted/WinMax,1,winmax_weighted_z_score,8.076976869084739,3.764829272312623,True,3.0421780114211523,True
2,333,CA-KL + Candidate Greenlist + Weighted/WinMax,1,winmax_weighted_z_score,5.390484148557893,3.519550341121469,True,3.0080519009192654,True
4,334,CA-KL + Candidate Greenlist + Weighted/WinMax,1,winmax_weighted_z_score,10.034253066373333,3.764829272312623,True,3.0421780114211523,True
1,335,CA-KL + Candidate Greenlist + Weighted/WinMax,1,winmax_weighted_z_score,9.256581143846244,3.6740835230268667,True,2.9520587688796485,True
2,336,CA-KL + Candidate Greenlist + Weighted/WinMax,1,winmax_weighted_z_score,10.287002293094194,3.519550341121469,True,3.0080519009192654,True
2,337,CA-KL + Candidate Greenlist + Weighted/WinMax,1,winmax_weighted_z_score,10.355682913197386,3.519550341121469,True,3.0080519009192654,True
3,338,CA-KL + Candidate Greenlist + Weighted/WinMax,1,winmax_weighted_z_score,10.874104097262345,3.6740835230268667,True,2.9644282398187136,True
5,339,CA-KL + Candidate Greenlist + Weighted/WinMax,1,winmax_weighted_z_score,11.610134448287182,3.6740835230268667,True,3.0080519009192654,True
1,34,CA-KL + Candidate Greenlist + Weighted/WinMax,1,winmax_weighted_z_score,8.919841889994435,3.6740835230268667,True,2.9520587688796485,True
4,340,CA-KL + Candidate Greenlist + Weighted/WinMax,1,winmax_weighted_z_score,10.798538784585979,3.764829272312623,True,3.0421780114211523,True
3,341,CA-KL + Candidate Greenlist + Weighted/WinMax,1,winmax_weighted_z_score,9.686198491324635,3.6740835230268667,True,2.9644282398187136,True
3,342,CA-KL + Candidate Greenlist + Weighted/WinMax,1,winmax_weighted_z_score,4.965919088097668,3.6740835230268667,True,2.9644282398187136,True
5,343,CA-KL + Candidate Greenlist + Weighted/WinMax,1,winmax_weighted_z_score,6.994796089973037,3.6740835230268667,True,3.0080519009192654,True
5,344,CA-KL + Candidate Greenlist + Weighted/WinMax,1,winmax_weighted_z_score,10.596669013111121,3.6740835230268667,True,3.0080519009192654,True
2,345,CA-KL + Candidate Greenlist + Weighted/WinMax,1,winmax_weighted_z_score,8.595368452719068,3.519550341121469,True,3.0080519009192654,True
3,346,CA-KL + Candidate Greenlist + Weighted/WinMax,1,winmax_weighted_z_score,9.203532741195954,3.6740835230268667,True,2.9644282398187136,True
5,347,CA-KL + Candidate Greenlist + Weighted/WinMax,1,winmax_weighted_z_score,11.050706869948375,3.6740835230268667,True,3.0080519009192654,True
1,348,CA-KL + Candidate Greenlist + Weighted/WinMax,1,winmax_weighted_z_score,9.889965530559877,3.6740835230268667,True,2.9520587688796485,True
3,349,CA-KL + Candidate Greenlist + Weighted/WinMax,1,winmax_weighted_z_score,6.266133332268853,3.6740835230268667,True,2.9644282398187136,True
1,35,CA-KL + Candidate Greenlist + Weighted/WinMax,1,winmax_weighted_z_score,7.078817096124048,3.6740835230268667,True,2.9520587688796485,True
1,350,CA-KL + Candidate Greenlist + Weighted/WinMax,1,winmax_weighted_z_score,6.933239267568163,3.6740835230268667,True,2.9520587688796485,True
3,351,CA-KL + Candidate Greenlist + Weighted/WinMax,1,winmax_weighted_z_score,9.18825013131544,3.6740835230268667,True,2.9644282398187136,True
4,352,CA-KL + Candidate Greenlist + Weighted/WinMax,1,winmax_weighted_z_score,8.20038914461926,3.764829272312623,True,3.0421780114211523,True
2,353,CA-KL + Candidate Greenlist + Weighted/WinMax,1,winmax_weighted_z_score,8.8116285601677,3.519550341121469,True,3.0080519009192654,True
3,354,CA-KL + Candidate Greenlist + Weighted/WinMax,1,winmax_weighted_z_score,5.939967004576392,3.6740835230268667,True,2.9644282398187136,True
2,355,CA-KL + Candidate Greenlist + Weighted/WinMax,1,winmax_weighted_z_score,10.653299990029101,3.519550341121469,True,3.0080519009192654,True
1,356,CA-KL + Candidate Greenlist + Weighted/WinMax,1,winmax_weighted_z_score,8.167958680848797,3.6740835230268667,True,2.9520587688796485,True
5,357,CA-KL + Candidate Greenlist + Weighted/WinMax,1,winmax_weighted_z_score,8.356391163202382,3.6740835230268667,True,3.0080519009192654,True
1,358,CA-KL + Candidate Greenlist + Weighted/WinMax,1,winmax_weighted_z_score,10.094574495018266,3.6740835230268667,True,2.9520587688796485,True
2,359,CA-KL + Candidate Greenlist + Weighted/WinMax,1,winmax_weighted_z_score,3.1162052891097343,3.519550341121469,False,3.0080519009192654,True
3,36,CA-KL + Candidate Greenlist + Weighted/WinMax,1,winmax_weighted_z_score,2.7316070199288602,3.6740835230268667,False,2.9644282398187136,False
5,360,CA-KL + Candidate Greenlist + Weighted/WinMax,1,winmax_weighted_z_score,8.399342271710815,3.6740835230268667,True,3.0080519009192654,True
3,361,CA-KL + Candidate Greenlist + Weighted/WinMax,1,winmax_weighted_z_score,8.802508163181493,3.6740835230268667,True,2.9644282398187136,True
4,362,CA-KL + Candidate Greenlist + Weighted/WinMax,1,winmax_weighted_z_score,8.623823392682558,3.764829272312623,True,3.0421780114211523,True
5,363,CA-KL + Candidate Greenlist + Weighted/WinMax,1,winmax_weighted_z_score,8.142783869457377,3.6740835230268667,True,3.0080519009192654,True
3,364,CA-KL + Candidate Greenlist + Weighted/WinMax,1,winmax_weighted_z_score,10.225910578264832,3.6740835230268667,True,2.9644282398187136,True
3,365,CA-KL + Candidate Greenlist + Weighted/WinMax,1,winmax_weighted_z_score,3.489108533801578,3.6740835230268667,False,2.9644282398187136,True
1,366,CA-KL + Candidate Greenlist + Weighted/WinMax,1,winmax_weighted_z_score,8.844310375375079,3.6740835230268667,True,2.9520587688796485,True
2,367,CA-KL + Candidate Greenlist + Weighted/WinMax,1,winmax_weighted_z_score,10.324173065891141,3.519550341121469,True,3.0080519009192654,True
5,368,CA-KL + Candidate Greenlist + Weighted/WinMax,1,winmax_weighted_z_score,9.896463362736165,3.6740835230268667,True,3.0080519009192654,True
3,369,CA-KL + Candidate Greenlist + Weighted/WinMax,1,winmax_weighted_z_score,9.009187675903013,3.6740835230268667,True,2.9644282398187136,True
5,37,CA-KL + Candidate Greenlist + Weighted/WinMax,1,winmax_weighted_z_score,7.177686853244744,3.6740835230268667,True,3.0080519009192654,True
2,370,CA-KL + Candidate Greenlist + Weighted/WinMax,1,winmax_weighted_z_score,10.382315593568558,3.519550341121469,True,3.0080519009192654,True
4,371,CA-KL + Candidate Greenlist + Weighted/WinMax,1,winmax_weighted_z_score,9.120491782624127,3.764829272312623,True,3.0421780114211523,True
4,372,CA-KL + Candidate Greenlist + Weighted/WinMax,1,winmax_weighted_z_score,5.485541550805749,3.764829272312623,True,3.0421780114211523,True
2,373,CA-KL + Candidate Greenlist + Weighted/WinMax,1,winmax_weighted_z_score,11.26790716517908,3.519550341121469,True,3.0080519009192654,True
4,374,CA-KL + Candidate Greenlist + Weighted/WinMax,1,winmax_weighted_z_score,11.41151315869652,3.764829272312623,True,3.0421780114211523,True
1,375,CA-KL + Candidate Greenlist + Weighted/WinMax,1,winmax_weighted_z_score,9.884737882272875,3.6740835230268667,True,2.9520587688796485,True
5,376,CA-KL + Candidate Greenlist + Weighted/WinMax,1,winmax_weighted_z_score,9.22600597496323,3.6740835230268667,True,3.0080519009192654,True
3,377,CA-KL + Candidate Greenlist + Weighted/WinMax,1,winmax_weighted_z_score,7.174109932230652,3.6740835230268667,True,2.9644282398187136,True
3,378,CA-KL + Candidate Greenlist + Weighted/WinMax,1,winmax_weighted_z_score,4.269816846698763,3.6740835230268667,True,2.9644282398187136,True
4,379,CA-KL + Candidate Greenlist + Weighted/WinMax,1,winmax_weighted_z_score,10.706481717710231,3.764829272312623,True,3.0421780114211523,True
4,38,CA-KL + Candidate Greenlist + Weighted/WinMax,1,winmax_weighted_z_score,7.888645957430024,3.764829272312623,True,3.0421780114211523,True
1,380,CA-KL + Candidate Greenlist + Weighted/WinMax,1,winmax_weighted_z_score,10.024028866380284,3.6740835230268667,True,2.9520587688796485,True
2,381,CA-KL + Candidate Greenlist + Weighted/WinMax,1,winmax_weighted_z_score,8.786491305923267,3.519550341121469,True,3.0080519009192654,True
4,382,CA-KL + Candidate Greenlist + Weighted/WinMax,1,winmax_weighted_z_score,10.650310677757918,3.764829272312623,True,3.0421780114211523,True
3,383,CA-KL + Candidate Greenlist + Weighted/WinMax,1,winmax_weighted_z_score,10.322224634521193,3.6740835230268667,True,2.9644282398187136,True
2,384,CA-KL + Candidate Greenlist + Weighted/WinMax,1,winmax_weighted_z_score,8.462211052172819,3.519550341121469,True,3.0080519009192654,True
3,385,CA-KL + Candidate Greenlist + Weighted/WinMax,1,winmax_weighted_z_score,10.26847213953718,3.6740835230268667,True,2.9644282398187136,True
2,386,CA-KL + Candidate Greenlist + Weighted/WinMax,1,winmax_weighted_z_score,9.682979617672434,3.519550341121469,True,3.0080519009192654,True
5,387,CA-KL + Candidate Greenlist + Weighted/WinMax,1,winmax_weighted_z_score,10.923353976073448,3.6740835230268667,True,3.0080519009192654,True
4,388,CA-KL + Candidate Greenlist + Weighted/WinMax,1,winmax_weighted_z_score,8.258161280629746,3.764829272312623,True,3.0421780114211523,True
2,389,CA-KL + Candidate Greenlist + Weighted/WinMax,1,winmax_weighted_z_score,12.158270432265349,3.519550341121469,True,3.0080519009192654,True
4,39,CA-KL + Candidate Greenlist + Weighted/WinMax,1,winmax_weighted_z_score,5.158393953954175,3.764829272312623,True,3.0421780114211523,True
2,390,CA-KL + Candidate Greenlist + Weighted/WinMax,1,winmax_weighted_z_score,10.306647155262718,3.519550341121469,True,3.0080519009192654,True
4,391,CA-KL + Candidate Greenlist + Weighted/WinMax,1,winmax_weighted_z_score,8.40486289408796,3.764829272312623,True,3.0421780114211523,True
5,392,CA-KL + Candidate Greenlist + Weighted/WinMax,1,winmax_weighted_z_score,8.629255805760119,3.6740835230268667,True,3.0080519009192654,True
3,393,CA-KL + Candidate Greenlist + Weighted/WinMax,1,winmax_weighted_z_score,10.229888681106816,3.6740835230268667,True,2.9644282398187136,True
2,394,CA-KL + Candidate Greenlist + Weighted/WinMax,1,winmax_weighted_z_score,9.611403326555411,3.519550341121469,True,3.0080519009192654,True
3,395,CA-KL + Candidate Greenlist + Weighted/WinMax,1,winmax_weighted_z_score,7.639896159208001,3.6740835230268667,True,2.9644282398187136,True
5,396,CA-KL + Candidate Greenlist + Weighted/WinMax,1,winmax_weighted_z_score,9.716158979586387,3.6740835230268667,True,3.0080519009192654,True
5,397,CA-KL + Candidate Greenlist + Weighted/WinMax,1,winmax_weighted_z_score,6.860782381408113,3.6740835230268667,True,3.0080519009192654,True
1,398,CA-KL + Candidate Greenlist + Weighted/WinMax,1,winmax_weighted_z_score,8.284517413371448,3.6740835230268667,True,2.9520587688796485,True
1,399,CA-KL + Candidate Greenlist + Weighted/WinMax,1,winmax_weighted_z_score,5.8677705631871975,3.6740835230268667,True,2.9520587688796485,True
1,4,CA-KL + Candidate Greenlist + Weighted/WinMax,1,winmax_weighted_z_score,11.268228688670671,3.6740835230268667,True,2.9520587688796485,True
3,40,CA-KL + Candidate Greenlist + Weighted/WinMax,1,winmax_weighted_z_score,6.262594596053215,3.6740835230268667,True,2.9644282398187136,True
3,400,CA-KL + Candidate Greenlist + Weighted/WinMax,1,winmax_weighted_z_score,9.92147570070228,3.6740835230268667,True,2.9644282398187136,True
5,401,CA-KL + Candidate Greenlist + Weighted/WinMax,1,winmax_weighted_z_score,9.49656925078894,3.6740835230268667,True,3.0080519009192654,True
2,402,CA-KL + Candidate Greenlist + Weighted/WinMax,1,winmax_weighted_z_score,9.872995231401385,3.519550341121469,True,3.0080519009192654,True
1,403,CA-KL + Candidate Greenlist + Weighted/WinMax,1,winmax_weighted_z_score,9.662969770961157,3.6740835230268667,True,2.9520587688796485,True
1,404,CA-KL + Candidate Greenlist + Weighted/WinMax,1,winmax_weighted_z_score,10.651681555842943,3.6740835230268667,True,2.9520587688796485,True
4,405,CA-KL + Candidate Greenlist + Weighted/WinMax,1,winmax_weighted_z_score,9.081629559290818,3.764829272312623,True,3.0421780114211523,True
4,406,CA-KL + Candidate Greenlist + Weighted/WinMax,1,winmax_weighted_z_score,7.702105373491006,3.764829272312623,True,3.0421780114211523,True
5,407,CA-KL + Candidate Greenlist + Weighted/WinMax,1,winmax_weighted_z_score,8.601264959175726,3.6740835230268667,True,3.0080519009192654,True
3,408,CA-KL + Candidate Greenlist + Weighted/WinMax,1,winmax_weighted_z_score,9.80429620576465,3.6740835230268667,True,2.9644282398187136,True
2,409,CA-KL + Candidate Greenlist + Weighted/WinMax,1,winmax_weighted_z_score,9.211480733758053,3.519550341121469,True,3.0080519009192654,True
4,41,CA-KL + Candidate Greenlist + Weighted/WinMax,1,winmax_weighted_z_score,10.663427081026128,3.764829272312623,True,3.0421780114211523,True
4,410,CA-KL + Candidate Greenlist + Weighted/WinMax,1,winmax_weighted_z_score,9.609733553433706,3.764829272312623,True,3.0421780114211523,True
4,411,CA-KL + Candidate Greenlist + Weighted/WinMax,1,winmax_weighted_z_score,7.351163875253112,3.764829272312623,True,3.0421780114211523,True
4,412,CA-KL + Candidate Greenlist + Weighted/WinMax,1,winmax_weighted_z_score,10.0419030689485,3.764829272312623,True,3.0421780114211523,True
5,413,CA-KL + Candidate Greenlist + Weighted/WinMax,1,winmax_weighted_z_score,5.438360364537144,3.6740835230268667,True,3.0080519009192654,True
2,414,CA-KL + Candidate Greenlist + Weighted/WinMax,1,winmax_weighted_z_score,7.727496551544059,3.519550341121469,True,3.0080519009192654,True
2,415,CA-KL + Candidate Greenlist + Weighted/WinMax,1,winmax_weighted_z_score,9.128637350183086,3.519550341121469,True,3.0080519009192654,True
1,416,CA-KL + Candidate Greenlist + Weighted/WinMax,1,winmax_weighted_z_score,12.328748486839135,3.6740835230268667,True,2.9520587688796485,True
5,417,CA-KL + Candidate Greenlist + Weighted/WinMax,1,winmax_weighted_z_score,9.887702190648149,3.6740835230268667,True,3.0080519009192654,True
2,418,CA-KL + Candidate Greenlist + Weighted/WinMax,1,winmax_weighted_z_score,10.737133941130208,3.519550341121469,True,3.0080519009192654,True
5,419,CA-KL + Candidate Greenlist + Weighted/WinMax,1,winmax_weighted_z_score,9.229991589452153,3.6740835230268667,True,3.0080519009192654,True
1,42,CA-KL + Candidate Greenlist + Weighted/WinMax,1,winmax_weighted_z_score,9.06400934909144,3.6740835230268667,True,2.9520587688796485,True
4,420,CA-KL + Candidate Greenlist + Weighted/WinMax,1,winmax_weighted_z_score,10.413331873082413,3.764829272312623,True,3.0421780114211523,True
4,421,CA-KL + Candidate Greenlist + Weighted/WinMax,1,winmax_weighted_z_score,9.979652375210678,3.764829272312623,True,3.0421780114211523,True
3,422,CA-KL + Candidate Greenlist + Weighted/WinMax,1,winmax_weighted_z_score,11.932871072557395,3.6740835230268667,True,2.9644282398187136,True
2,423,CA-KL + Candidate Greenlist + Weighted/WinMax,1,winmax_weighted_z_score,11.111054227653542,3.519550341121469,True,3.0080519009192654,True
3,424,CA-KL + Candidate Greenlist + Weighted/WinMax,1,winmax_weighted_z_score,7.931713211104974,3.6740835230268667,True,2.9644282398187136,True
3,425,CA-KL + Candidate Greenlist + Weighted/WinMax,1,winmax_weighted_z_score,8.840652496291709,3.6740835230268667,True,2.9644282398187136,True
2,426,CA-KL + Candidate Greenlist + Weighted/WinMax,1,winmax_weighted_z_score,11.313003687227463,3.519550341121469,True,3.0080519009192654,True
5,427,CA-KL + Candidate Greenlist + Weighted/WinMax,1,winmax_weighted_z_score,8.185990426638615,3.6740835230268667,True,3.0080519009192654,True
3,428,CA-KL + Candidate Greenlist + Weighted/WinMax,1,winmax_weighted_z_score,8.723940571704805,3.6740835230268667,True,2.9644282398187136,True
5,429,CA-KL + Candidate Greenlist + Weighted/WinMax,1,winmax_weighted_z_score,9.5749507775784,3.6740835230268667,True,3.0080519009192654,True
5,43,CA-KL + Candidate Greenlist + Weighted/WinMax,1,winmax_weighted_z_score,8.05446660059769,3.6740835230268667,True,3.0080519009192654,True
3,430,CA-KL + Candidate Greenlist + Weighted/WinMax,1,winmax_weighted_z_score,9.795859140026705,3.6740835230268667,True,2.9644282398187136,True
1,431,CA-KL + Candidate Greenlist + Weighted/WinMax,1,winmax_weighted_z_score,10.09818505294511,3.6740835230268667,True,2.9520587688796485,True
1,432,CA-KL + Candidate Greenlist + Weighted/WinMax,1,winmax_weighted_z_score,8.406641311561387,3.6740835230268667,True,2.9520587688796485,True
5,433,CA-KL + Candidate Greenlist + Weighted/WinMax,1,winmax_weighted_z_score,10.8835339286969,3.6740835230268667,True,3.0080519009192654,True
1,434,CA-KL + Candidate Greenlist + Weighted/WinMax,1,winmax_weighted_z_score,10.831701512218164,3.6740835230268667,True,2.9520587688796485,True
5,435,CA-KL + Candidate Greenlist + Weighted/WinMax,1,winmax_weighted_z_score,10.682081713070074,3.6740835230268667,True,3.0080519009192654,True
5,436,CA-KL + Candidate Greenlist + Weighted/WinMax,1,winmax_weighted_z_score,10.911993953393237,3.6740835230268667,True,3.0080519009192654,True
4,437,CA-KL + Candidate Greenlist + Weighted/WinMax,1,winmax_weighted_z_score,1.4858428737571698,3.764829272312623,False,3.0421780114211523,False
1,438,CA-KL + Candidate Greenlist + Weighted/WinMax,1,winmax_weighted_z_score,9.2105525589062,3.6740835230268667,True,2.9520587688796485,True
5,439,CA-KL + Candidate Greenlist + Weighted/WinMax,1,winmax_weighted_z_score,8.770503650622485,3.6740835230268667,True,3.0080519009192654,True
5,44,CA-KL + Candidate Greenlist + Weighted/WinMax,1,winmax_weighted_z_score,9.070203731302644,3.6740835230268667,True,3.0080519009192654,True
4,440,CA-KL + Candidate Greenlist + Weighted/WinMax,1,winmax_weighted_z_score,8.227633904842724,3.764829272312623,True,3.0421780114211523,True
3,441,CA-KL + Candidate Greenlist + Weighted/WinMax,1,winmax_weighted_z_score,10.011621943563213,3.6740835230268667,True,2.9644282398187136,True
2,442,CA-KL + Candidate Greenlist + Weighted/WinMax,1,winmax_weighted_z_score,9.525725227120688,3.519550341121469,True,3.0080519009192654,True
3,443,CA-KL + Candidate Greenlist + Weighted/WinMax,1,winmax_weighted_z_score,12.101789959581602,3.6740835230268667,True,2.9644282398187136,True
4,444,CA-KL + Candidate Greenlist + Weighted/WinMax,1,winmax_weighted_z_score,9.91886569989549,3.764829272312623,True,3.0421780114211523,True
1,445,CA-KL + Candidate Greenlist + Weighted/WinMax,1,winmax_weighted_z_score,4.5313059031435134,3.6740835230268667,True,2.9520587688796485,True
4,446,CA-KL + Candidate Greenlist + Weighted/WinMax,1,winmax_weighted_z_score,11.001893423372927,3.764829272312623,True,3.0421780114211523,True
4,447,CA-KL + Candidate Greenlist + Weighted/WinMax,1,winmax_weighted_z_score,10.06875731302176,3.764829272312623,True,3.0421780114211523,True
4,448,CA-KL + Candidate Greenlist + Weighted/WinMax,1,winmax_weighted_z_score,11.14256385858612,3.764829272312623,True,3.0421780114211523,True
5,449,CA-KL + Candidate Greenlist + Weighted/WinMax,1,winmax_weighted_z_score,10.19257600399577,3.6740835230268667,True,3.0080519009192654,True
5,45,CA-KL + Candidate Greenlist + Weighted/WinMax,1,winmax_weighted_z_score,6.771440004598715,3.6740835230268667,True,3.0080519009192654,True
3,450,CA-KL + Candidate Greenlist + Weighted/WinMax,1,winmax_weighted_z_score,11.156279856982447,3.6740835230268667,True,2.9644282398187136,True
5,451,CA-KL + Candidate Greenlist + Weighted/WinMax,1,winmax_weighted_z_score,10.212419980236348,3.6740835230268667,True,3.0080519009192654,True
4,452,CA-KL + Candidate Greenlist + Weighted/WinMax,1,winmax_weighted_z_score,10.698196108092523,3.764829272312623,True,3.0421780114211523,True
2,453,CA-KL + Candidate Greenlist + Weighted/WinMax,1,winmax_weighted_z_score,5.570328350307542,3.519550341121469,True,3.0080519009192654,True
1,454,CA-KL + Candidate Greenlist + Weighted/WinMax,1,winmax_weighted_z_score,8.664437226076858,3.6740835230268667,True,2.9520587688796485,True
2,455,CA-KL + Candidate Greenlist + Weighted/WinMax,1,winmax_weighted_z_score,10.469440189596806,3.519550341121469,True,3.0080519009192654,True
5,456,CA-KL + Candidate Greenlist + Weighted/WinMax,1,winmax_weighted_z_score,9.645079864473892,3.6740835230268667,True,3.0080519009192654,True
3,457,CA-KL + Candidate Greenlist + Weighted/WinMax,1,winmax_weighted_z_score,8.736233445945917,3.6740835230268667,True,2.9644282398187136,True
4,458,CA-KL + Candidate Greenlist + Weighted/WinMax,1,winmax_weighted_z_score,9.032113914223135,3.764829272312623,True,3.0421780114211523,True
2,459,CA-KL + Candidate Greenlist + Weighted/WinMax,1,winmax_weighted_z_score,10.886726084681335,3.519550341121469,True,3.0080519009192654,True
5,46,CA-KL + Candidate Greenlist + Weighted/WinMax,1,winmax_weighted_z_score,8.734467579218755,3.6740835230268667,True,3.0080519009192654,True
4,460,CA-KL + Candidate Greenlist + Weighted/WinMax,1,winmax_weighted_z_score,8.461698610085037,3.764829272312623,True,3.0421780114211523,True
2,461,CA-KL + Candidate Greenlist + Weighted/WinMax,1,winmax_weighted_z_score,9.435283212604112,3.519550341121469,True,3.0080519009192654,True
4,462,CA-KL + Candidate Greenlist + Weighted/WinMax,1,winmax_weighted_z_score,4.078299080190039,3.764829272312623,True,3.0421780114211523,True
5,463,CA-KL + Candidate Greenlist + Weighted/WinMax,1,winmax_weighted_z_score,9.303563878871895,3.6740835230268667,True,3.0080519009192654,True
1,464,CA-KL + Candidate Greenlist + Weighted/WinMax,1,winmax_weighted_z_score,10.027183696476419,3.6740835230268667,True,2.9520587688796485,True
2,465,CA-KL + Candidate Greenlist + Weighted/WinMax,1,winmax_weighted_z_score,8.323096292796272,3.519550341121469,True,3.0080519009192654,True
1,466,CA-KL + Candidate Greenlist + Weighted/WinMax,1,winmax_weighted_z_score,7.600236707561407,3.6740835230268667,True,2.9520587688796485,True
4,467,CA-KL + Candidate Greenlist + Weighted/WinMax,1,winmax_weighted_z_score,10.194916013603375,3.764829272312623,True,3.0421780114211523,True
4,468,CA-KL + Candidate Greenlist + Weighted/WinMax,1,winmax_weighted_z_score,8.851465813581733,3.764829272312623,True,3.0421780114211523,True
5,469,CA-KL + Candidate Greenlist + Weighted/WinMax,1,winmax_weighted_z_score,6.923407302690875,3.6740835230268667,True,3.0080519009192654,True
1,47,CA-KL + Candidate Greenlist + Weighted/WinMax,1,winmax_weighted_z_score,8.966572033522091,3.6740835230268667,True,2.9520587688796485,True
1,470,CA-KL + Candidate Greenlist + Weighted/WinMax,1,winmax_weighted_z_score,10.16898229913532,3.6740835230268667,True,2.9520587688796485,True
1,471,CA-KL + Candidate Greenlist + Weighted/WinMax,1,winmax_weighted_z_score,7.717464917596387,3.6740835230268667,True,2.9520587688796485,True
5,472,CA-KL + Candidate Greenlist + Weighted/WinMax,1,winmax_weighted_z_score,7.270931298362783,3.6740835230268667,True,3.0080519009192654,True
5,473,CA-KL + Candidate Greenlist + Weighted/WinMax,1,winmax_weighted_z_score,8.11681357673717,3.6740835230268667,True,3.0080519009192654,True
2,474,CA-KL + Candidate Greenlist + Weighted/WinMax,1,winmax_weighted_z_score,7.997571500521205,3.519550341121469,True,3.0080519009192654,True
2,475,CA-KL + Candidate Greenlist + Weighted/WinMax,1,winmax_weighted_z_score,8.583905498042096,3.519550341121469,True,3.0080519009192654,True
4,476,CA-KL + Candidate Greenlist + Weighted/WinMax,1,winmax_weighted_z_score,7.420707899593619,3.764829272312623,True,3.0421780114211523,True
4,477,CA-KL + Candidate Greenlist + Weighted/WinMax,1,winmax_weighted_z_score,8.599072200278625,3.764829272312623,True,3.0421780114211523,True
5,478,CA-KL + Candidate Greenlist + Weighted/WinMax,1,winmax_weighted_z_score,9.633404258937516,3.6740835230268667,True,3.0080519009192654,True
2,479,CA-KL + Candidate Greenlist + Weighted/WinMax,1,winmax_weighted_z_score,11.248177955059806,3.519550341121469,True,3.0080519009192654,True
3,48,CA-KL + Candidate Greenlist + Weighted/WinMax,1,winmax_weighted_z_score,10.657201388735972,3.6740835230268667,True,2.9644282398187136,True
2,480,CA-KL + Candidate Greenlist + Weighted/WinMax,1,winmax_weighted_z_score,8.999542210627084,3.519550341121469,True,3.0080519009192654,True
5,481,CA-KL + Candidate Greenlist + Weighted/WinMax,1,winmax_weighted_z_score,8.414077424486678,3.6740835230268667,True,3.0080519009192654,True
3,482,CA-KL + Candidate Greenlist + Weighted/WinMax,1,winmax_weighted_z_score,8.031565235940253,3.6740835230268667,True,2.9644282398187136,True
1,483,CA-KL + Candidate Greenlist + Weighted/WinMax,1,winmax_weighted_z_score,8.866869768848105,3.6740835230268667,True,2.9520587688796485,True
4,484,CA-KL + Candidate Greenlist + Weighted/WinMax,1,winmax_weighted_z_score,10.79482573318356,3.764829272312623,True,3.0421780114211523,True
2,485,CA-KL + Candidate Greenlist + Weighted/WinMax,1,winmax_weighted_z_score,9.338624445095254,3.519550341121469,True,3.0080519009192654,True
3,486,CA-KL + Candidate Greenlist + Weighted/WinMax,1,winmax_weighted_z_score,11.626580475139281,3.6740835230268667,True,2.9644282398187136,True
2,487,CA-KL + Candidate Greenlist + Weighted/WinMax,1,winmax_weighted_z_score,8.603130894351104,3.519550341121469,True,3.0080519009192654,True
2,488,CA-KL + Candidate Greenlist + Weighted/WinMax,1,winmax_weighted_z_score,10.32429702407182,3.519550341121469,True,3.0080519009192654,True
1,489,CA-KL + Candidate Greenlist + Weighted/WinMax,1,winmax_weighted_z_score,9.231572531574866,3.6740835230268667,True,2.9520587688796485,True
4,49,CA-KL + Candidate Greenlist + Weighted/WinMax,1,winmax_weighted_z_score,7.876519896788585,3.764829272312623,True,3.0421780114211523,True
4,490,CA-KL + Candidate Greenlist + Weighted/WinMax,1,winmax_weighted_z_score,8.761289847370671,3.764829272312623,True,3.0421780114211523,True
2,491,CA-KL + Candidate Greenlist + Weighted/WinMax,1,winmax_weighted_z_score,8.787170968142721,3.519550341121469,True,3.0080519009192654,True
5,492,CA-KL + Candidate Greenlist + Weighted/WinMax,1,winmax_weighted_z_score,11.653116557657526,3.6740835230268667,True,3.0080519009192654,True
2,493,CA-KL + Candidate Greenlist + Weighted/WinMax,1,winmax_weighted_z_score,8.417857893442163,3.519550341121469,True,3.0080519009192654,True
3,494,CA-KL + Candidate Greenlist + Weighted/WinMax,1,winmax_weighted_z_score,12.150198456522922,3.6740835230268667,True,2.9644282398187136,True
2,495,CA-KL + Candidate Greenlist + Weighted/WinMax,1,winmax_weighted_z_score,8.594982113532895,3.519550341121469,True,3.0080519009192654,True
1,496,CA-KL + Candidate Greenlist + Weighted/WinMax,1,winmax_weighted_z_score,8.948711395689513,3.6740835230268667,True,2.9520587688796485,True
5,497,CA-KL + Candidate Greenlist + Weighted/WinMax,1,winmax_weighted_z_score,11.705293098341922,3.6740835230268667,True,3.0080519009192654,True
1,498,CA-KL + Candidate Greenlist + Weighted/WinMax,1,winmax_weighted_z_score,9.286949077986618,3.6740835230268667,True,2.9520587688796485,True
5,499,CA-KL + Candidate Greenlist + Weighted/WinMax,1,winmax_weighted_z_score,8.133573182189558,3.6740835230268667,True,3.0080519009192654,True
3,5,CA-KL + Candidate Greenlist + Weighted/WinMax,1,winmax_weighted_z_score,11.424265316235305,3.6740835230268667,True,2.9644282398187136,True
4,50,CA-KL + Candidate Greenlist + Weighted/WinMax,1,winmax_weighted_z_score,7.068299665652253,3.764829272312623,True,3.0421780114211523,True
4,500,CA-KL + Candidate Greenlist + Weighted/WinMax,1,winmax_weighted_z_score,9.409039042293326,3.764829272312623,True,3.0421780114211523,True
1,51,CA-KL + Candidate Greenlist + Weighted/WinMax,1,winmax_weighted_z_score,9.194643091115688,3.6740835230268667,True,2.9520587688796485,True
3,52,CA-KL + Candidate Greenlist + Weighted/WinMax,1,winmax_weighted_z_score,9.890863388426196,3.6740835230268667,True,2.9644282398187136,True
4,53,CA-KL + Candidate Greenlist + Weighted/WinMax,1,winmax_weighted_z_score,11.591808308980827,3.764829272312623,True,3.0421780114211523,True
2,54,CA-KL + Candidate Greenlist + Weighted/WinMax,1,winmax_weighted_z_score,9.003181583892303,3.519550341121469,True,3.0080519009192654,True
5,55,CA-KL + Candidate Greenlist + Weighted/WinMax,1,winmax_weighted_z_score,7.964304548768642,3.6740835230268667,True,3.0080519009192654,True
5,56,CA-KL + Candidate Greenlist + Weighted/WinMax,1,winmax_weighted_z_score,9.667616522536147,3.6740835230268667,True,3.0080519009192654,True
4,57,CA-KL + Candidate Greenlist + Weighted/WinMax,1,winmax_weighted_z_score,10.40155194377895,3.764829272312623,True,3.0421780114211523,True
1,58,CA-KL + Candidate Greenlist + Weighted/WinMax,1,winmax_weighted_z_score,10.3311376091733,3.6740835230268667,True,2.9520587688796485,True
5,59,CA-KL + Candidate Greenlist + Weighted/WinMax,1,winmax_weighted_z_score,9.938424321365803,3.6740835230268667,True,3.0080519009192654,True
4,6,CA-KL + Candidate Greenlist + Weighted/WinMax,1,winmax_weighted_z_score,10.37417206675177,3.764829272312623,True,3.0421780114211523,True
1,60,CA-KL + Candidate Greenlist + Weighted/WinMax,1,winmax_weighted_z_score,10.652572690487519,3.6740835230268667,True,2.9520587688796485,True
4,61,CA-KL + Candidate Greenlist + Weighted/WinMax,1,winmax_weighted_z_score,8.353052804366776,3.764829272312623,True,3.0421780114211523,True
4,62,CA-KL + Candidate Greenlist + Weighted/WinMax,1,winmax_weighted_z_score,9.406009953887056,3.764829272312623,True,3.0421780114211523,True
4,63,CA-KL + Candidate Greenlist + Weighted/WinMax,1,winmax_weighted_z_score,11.480238478806266,3.764829272312623,True,3.0421780114211523,True
3,64,CA-KL + Candidate Greenlist + Weighted/WinMax,1,winmax_weighted_z_score,9.936497061627087,3.6740835230268667,True,2.9644282398187136,True
2,65,CA-KL + Candidate Greenlist + Weighted/WinMax,1,winmax_weighted_z_score,10.799009956919507,3.519550341121469,True,3.0080519009192654,True
1,66,CA-KL + Candidate Greenlist + Weighted/WinMax,1,winmax_weighted_z_score,10.8991902234825,3.6740835230268667,True,2.9520587688796485,True
5,67,CA-KL + Candidate Greenlist + Weighted/WinMax,1,winmax_weighted_z_score,10.56984477729507,3.6740835230268667,True,3.0080519009192654,True
5,68,CA-KL + Candidate Greenlist + Weighted/WinMax,1,winmax_weighted_z_score,9.439842900858146,3.6740835230268667,True,3.0080519009192654,True
4,69,CA-KL + Candidate Greenlist + Weighted/WinMax,1,winmax_weighted_z_score,10.17566971305585,3.764829272312623,True,3.0421780114211523,True
1,7,CA-KL + Candidate Greenlist + Weighted/WinMax,1,winmax_weighted_z_score,4.677562548977216,3.6740835230268667,True,2.9520587688796485,True
1,70,CA-KL + Candidate Greenlist + Weighted/WinMax,1,winmax_weighted_z_score,8.77750262354614,3.6740835230268667,True,2.9520587688796485,True
5,71,CA-KL + Candidate Greenlist + Weighted/WinMax,1,winmax_weighted_z_score,9.055955339629753,3.6740835230268667,True,3.0080519009192654,True
5,72,CA-KL + Candidate Greenlist + Weighted/WinMax,1,winmax_weighted_z_score,9.244684332549959,3.6740835230268667,True,3.0080519009192654,True
4,73,CA-KL + Candidate Greenlist + Weighted/WinMax,1,winmax_weighted_z_score,10.223488701050629,3.764829272312623,True,3.0421780114211523,True
3,74,CA-KL + Candidate Greenlist + Weighted/WinMax,1,winmax_weighted_z_score,9.15816004571706,3.6740835230268667,True,2.9644282398187136,True
2,75,CA-KL + Candidate Greenlist + Weighted/WinMax,1,winmax_weighted_z_score,8.48669378301282,3.519550341121469,True,3.0080519009192654,True
5,76,CA-KL + Candidate Greenlist + Weighted/WinMax,1,winmax_weighted_z_score,8.500888020383861,3.6740835230268667,True,3.0080519009192654,True
2,77,CA-KL + Candidate Greenlist + Weighted/WinMax,1,winmax_weighted_z_score,9.158659951068202,3.519550341121469,True,3.0080519009192654,True
2,78,CA-KL + Candidate Greenlist + Weighted/WinMax,1,winmax_weighted_z_score,5.916990379986687,3.519550341121469,True,3.0080519009192654,True
2,79,CA-KL + Candidate Greenlist + Weighted/WinMax,1,winmax_weighted_z_score,10.444525993236558,3.519550341121469,True,3.0080519009192654,True
5,8,CA-KL + Candidate Greenlist + Weighted/WinMax,1,winmax_weighted_z_score,9.781736999009972,3.6740835230268667,True,3.0080519009192654,True
3,80,CA-KL + Candidate Greenlist + Weighted/WinMax,1,winmax_weighted_z_score,10.279298389564975,3.6740835230268667,True,2.9644282398187136,True
2,81,CA-KL + Candidate Greenlist + Weighted/WinMax,1,winmax_weighted_z_score,9.05415000440318,3.519550341121469,True,3.0080519009192654,True
2,82,CA-KL + Candidate Greenlist + Weighted/WinMax,1,winmax_weighted_z_score,8.736668324516083,3.519550341121469,True,3.0080519009192654,True
3,83,CA-KL + Candidate Greenlist + Weighted/WinMax,1,winmax_weighted_z_score,7.780613420035195,3.6740835230268667,True,2.9644282398187136,True
2,84,CA-KL + Candidate Greenlist + Weighted/WinMax,1,winmax_weighted_z_score,10.776770551550657,3.519550341121469,True,3.0080519009192654,True
4,85,CA-KL + Candidate Greenlist + Weighted/WinMax,1,winmax_weighted_z_score,9.345993192412072,3.764829272312623,True,3.0421780114211523,True
1,86,CA-KL + Candidate Greenlist + Weighted/WinMax,1,winmax_weighted_z_score,8.528406505102602,3.6740835230268667,True,2.9520587688796485,True
4,87,CA-KL + Candidate Greenlist + Weighted/WinMax,1,winmax_weighted_z_score,9.472809381434894,3.764829272312623,True,3.0421780114211523,True
2,88,CA-KL + Candidate Greenlist + Weighted/WinMax,1,winmax_weighted_z_score,9.143292904539681,3.519550341121469,True,3.0080519009192654,True
4,89,CA-KL + Candidate Greenlist + Weighted/WinMax,1,winmax_weighted_z_score,8.186849920759059,3.764829272312623,True,3.0421780114211523,True
2,9,CA-KL + Candidate Greenlist + Weighted/WinMax,1,winmax_weighted_z_score,8.262111985714913,3.519550341121469,True,3.0080519009192654,True
5,90,CA-KL + Candidate Greenlist + Weighted/WinMax,1,winmax_weighted_z_score,9.430420301447883,3.6740835230268667,True,3.0080519009192654,True
3,91,CA-KL + Candidate Greenlist + Weighted/WinMax,1,winmax_weighted_z_score,10.821413922522538,3.6740835230268667,True,2.9644282398187136,True
1,92,CA-KL + Candidate Greenlist + Weighted/WinMax,1,winmax_weighted_z_score,6.779747846733118,3.6740835230268667,True,2.9520587688796485,True
2,93,CA-KL + Candidate Greenlist + Weighted/WinMax,1,winmax_weighted_z_score,10.089467402497956,3.519550341121469,True,3.0080519009192654,True
5,94,CA-KL + Candidate Greenlist + Weighted/WinMax,1,winmax_weighted_z_score,9.13864760324089,3.6740835230268667,True,3.0080519009192654,True
3,95,CA-KL + Candidate Greenlist + Weighted/WinMax,1,winmax_weighted_z_score,10.45177464306536,3.6740835230268667,True,2.9644282398187136,True
1,96,CA-KL + Candidate Greenlist + Weighted/WinMax,1,winmax_weighted_z_score,10.751475691720001,3.6740835230268667,True,2.9520587688796485,True
5,97,CA-KL + Candidate Greenlist + Weighted/WinMax,1,winmax_weighted_z_score,11.307186214217491,3.6740835230268667,True,3.0080519009192654,True
2,98,CA-KL + Candidate Greenlist + Weighted/WinMax,1,winmax_weighted_z_score,8.766618760450765,3.519550341121469,True,3.0080519009192654,True
5,99,CA-KL + Candidate Greenlist + Weighted/WinMax,1,winmax_weighted_z_score,10.909267918870903,3.6740835230268667,True,3.0080519009192654,True
2,1,CA-KL + Weighted Detector,1,winmax_weighted_z_score,10.564141508282566,3.519550341121469,True,3.0080519009192654,True
3,10,CA-KL + Weighted Detector,1,winmax_weighted_z_score,8.628419765296693,3.6740835230268667,True,2.9644282398187136,True
5,100,CA-KL + Weighted Detector,1,winmax_weighted_z_score,9.106016871017154,3.6740835230268667,True,3.0080519009192654,True
1,101,CA-KL + Weighted Detector,1,winmax_weighted_z_score,8.640268862187442,3.6740835230268667,True,2.9520587688796485,True
5,102,CA-KL + Weighted Detector,1,winmax_weighted_z_score,8.713009153241366,3.6740835230268667,True,3.0080519009192654,True
3,103,CA-KL + Weighted Detector,1,winmax_weighted_z_score,10.075103943743915,3.6740835230268667,True,2.9644282398187136,True
2,104,CA-KL + Weighted Detector,1,winmax_weighted_z_score,7.614284337543455,3.519550341121469,True,3.0080519009192654,True
5,105,CA-KL + Weighted Detector,1,winmax_weighted_z_score,6.854378250957327,3.6740835230268667,True,3.0080519009192654,True
1,106,CA-KL + Weighted Detector,1,winmax_weighted_z_score,9.920922223729338,3.6740835230268667,True,2.9520587688796485,True
3,107,CA-KL + Weighted Detector,1,winmax_weighted_z_score,10.054592387465554,3.6740835230268667,True,2.9644282398187136,True
3,108,CA-KL + Weighted Detector,1,winmax_weighted_z_score,8.599157951042471,3.6740835230268667,True,2.9644282398187136,True
3,109,CA-KL + Weighted Detector,1,winmax_weighted_z_score,6.968422454420676,3.6740835230268667,True,2.9644282398187136,True
2,11,CA-KL + Weighted Detector,1,winmax_weighted_z_score,9.676587342153335,3.519550341121469,True,3.0080519009192654,True
3,110,CA-KL + Weighted Detector,1,winmax_weighted_z_score,8.316106260609809,3.6740835230268667,True,2.9644282398187136,True
3,111,CA-KL + Weighted Detector,1,winmax_weighted_z_score,9.36116789058857,3.6740835230268667,True,2.9644282398187136,True
5,112,CA-KL + Weighted Detector,1,winmax_weighted_z_score,8.837232221650222,3.6740835230268667,True,3.0080519009192654,True
3,113,CA-KL + Weighted Detector,1,winmax_weighted_z_score,7.68851972927895,3.6740835230268667,True,2.9644282398187136,True
4,114,CA-KL + Weighted Detector,1,winmax_weighted_z_score,7.726900896677779,3.764829272312623,True,3.0421780114211523,True
3,115,CA-KL + Weighted Detector,1,winmax_weighted_z_score,9.879168648764567,3.6740835230268667,True,2.9644282398187136,True
1,116,CA-KL + Weighted Detector,1,winmax_weighted_z_score,10.679473245342491,3.6740835230268667,True,2.9520587688796485,True
4,117,CA-KL + Weighted Detector,1,winmax_weighted_z_score,9.128760966332031,3.764829272312623,True,3.0421780114211523,True
3,118,CA-KL + Weighted Detector,1,winmax_weighted_z_score,9.947835897156626,3.6740835230268667,True,2.9644282398187136,True
1,119,CA-KL + Weighted Detector,1,winmax_weighted_z_score,8.59481978717298,3.6740835230268667,True,2.9520587688796485,True
5,12,CA-KL + Weighted Detector,1,winmax_weighted_z_score,9.335660210758379,3.6740835230268667,True,3.0080519009192654,True
3,120,CA-KL + Weighted Detector,1,winmax_weighted_z_score,10.457304657129326,3.6740835230268667,True,2.9644282398187136,True
1,121,CA-KL + Weighted Detector,1,winmax_weighted_z_score,8.443470616724577,3.6740835230268667,True,2.9520587688796485,True
1,122,CA-KL + Weighted Detector,1,winmax_weighted_z_score,6.046904359271592,3.6740835230268667,True,2.9520587688796485,True
2,123,CA-KL + Weighted Detector,1,winmax_weighted_z_score,8.680508766615697,3.519550341121469,True,3.0080519009192654,True
1,124,CA-KL + Weighted Detector,1,winmax_weighted_z_score,9.575043195456757,3.6740835230268667,True,2.9520587688796485,True
3,125,CA-KL + Weighted Detector,1,winmax_weighted_z_score,9.459586632725248,3.6740835230268667,True,2.9644282398187136,True
4,126,CA-KL + Weighted Detector,1,winmax_weighted_z_score,11.061170539276725,3.764829272312623,True,3.0421780114211523,True
1,127,CA-KL + Weighted Detector,1,winmax_weighted_z_score,2.9241208515149286,3.6740835230268667,False,2.9520587688796485,False
1,128,CA-KL + Weighted Detector,1,winmax_weighted_z_score,9.684767058445964,3.6740835230268667,True,2.9520587688796485,True
5,129,CA-KL + Weighted Detector,1,winmax_weighted_z_score,9.444958401198111,3.6740835230268667,True,3.0080519009192654,True
4,13,CA-KL + Weighted Detector,1,winmax_weighted_z_score,9.014163833879255,3.764829272312623,True,3.0421780114211523,True
1,130,CA-KL + Weighted Detector,1,winmax_weighted_z_score,5.071650276183872,3.6740835230268667,True,2.9520587688796485,True
1,131,CA-KL + Weighted Detector,1,winmax_weighted_z_score,8.022758309614963,3.6740835230268667,True,2.9520587688796485,True
1,132,CA-KL + Weighted Detector,1,winmax_weighted_z_score,8.788650644911561,3.6740835230268667,True,2.9520587688796485,True
2,133,CA-KL + Weighted Detector,1,winmax_weighted_z_score,10.48338009225519,3.519550341121469,True,3.0080519009192654,True
1,134,CA-KL + Weighted Detector,1,winmax_weighted_z_score,10.961270776876937,3.6740835230268667,True,2.9520587688796485,True
1,135,CA-KL + Weighted Detector,1,winmax_weighted_z_score,8.720581513099354,3.6740835230268667,True,2.9520587688796485,True
5,136,CA-KL + Weighted Detector,1,winmax_weighted_z_score,9.398692318450452,3.6740835230268667,True,3.0080519009192654,True
1,137,CA-KL + Weighted Detector,1,winmax_weighted_z_score,9.363098672264552,3.6740835230268667,True,2.9520587688796485,True
4,138,CA-KL + Weighted Detector,1,winmax_weighted_z_score,6.160884153807488,3.764829272312623,True,3.0421780114211523,True
3,139,CA-KL + Weighted Detector,1,winmax_weighted_z_score,9.058337612167962,3.6740835230268667,True,2.9644282398187136,True
3,14,CA-KL + Weighted Detector,1,winmax_weighted_z_score,9.3069608299281,3.6740835230268667,True,2.9644282398187136,True
5,140,CA-KL + Weighted Detector,1,winmax_weighted_z_score,11.879933239767599,3.6740835230268667,True,3.0080519009192654,True
4,141,CA-KL + Weighted Detector,1,winmax_weighted_z_score,10.31338251407888,3.764829272312623,True,3.0421780114211523,True
2,142,CA-KL + Weighted Detector,1,winmax_weighted_z_score,8.747968299758682,3.519550341121469,True,3.0080519009192654,True
2,143,CA-KL + Weighted Detector,1,winmax_weighted_z_score,8.49757098082134,3.519550341121469,True,3.0080519009192654,True
5,144,CA-KL + Weighted Detector,1,winmax_weighted_z_score,8.647992303226587,3.6740835230268667,True,3.0080519009192654,True
3,145,CA-KL + Weighted Detector,1,winmax_weighted_z_score,8.686525206927882,3.6740835230268667,True,2.9644282398187136,True
3,146,CA-KL + Weighted Detector,1,winmax_weighted_z_score,10.962982405032054,3.6740835230268667,True,2.9644282398187136,True
2,147,CA-KL + Weighted Detector,1,winmax_weighted_z_score,9.001542921458565,3.519550341121469,True,3.0080519009192654,True
2,148,CA-KL + Weighted Detector,1,winmax_weighted_z_score,9.911939773345411,3.519550341121469,True,3.0080519009192654,True
5,149,CA-KL + Weighted Detector,1,winmax_weighted_z_score,8.76521885931251,3.6740835230268667,True,3.0080519009192654,True
5,15,CA-KL + Weighted Detector,1,winmax_weighted_z_score,9.105548812677592,3.6740835230268667,True,3.0080519009192654,True
2,150,CA-KL + Weighted Detector,1,winmax_weighted_z_score,7.816270383435273,3.519550341121469,True,3.0080519009192654,True
2,151,CA-KL + Weighted Detector,1,winmax_weighted_z_score,10.537325955739318,3.519550341121469,True,3.0080519009192654,True
2,152,CA-KL + Weighted Detector,1,winmax_weighted_z_score,8.248851126703466,3.519550341121469,True,3.0080519009192654,True
3,153,CA-KL + Weighted Detector,1,winmax_weighted_z_score,8.907246255803859,3.6740835230268667,True,2.9644282398187136,True
5,154,CA-KL + Weighted Detector,1,winmax_weighted_z_score,8.393667159056635,3.6740835230268667,True,3.0080519009192654,True
1,155,CA-KL + Weighted Detector,1,winmax_weighted_z_score,8.2409806856235,3.6740835230268667,True,2.9520587688796485,True
4,156,CA-KL + Weighted Detector,1,winmax_weighted_z_score,7.124455341442344,3.764829272312623,True,3.0421780114211523,True
1,157,CA-KL + Weighted Detector,1,winmax_weighted_z_score,8.668372848245733,3.6740835230268667,True,2.9520587688796485,True
5,158,CA-KL + Weighted Detector,1,winmax_weighted_z_score,6.817786753542791,3.6740835230268667,True,3.0080519009192654,True
2,159,CA-KL + Weighted Detector,1,winmax_weighted_z_score,10.053754752040822,3.519550341121469,True,3.0080519009192654,True
5,16,CA-KL + Weighted Detector,1,winmax_weighted_z_score,10.272204539085058,3.6740835230268667,True,3.0080519009192654,True
3,160,CA-KL + Weighted Detector,1,winmax_weighted_z_score,7.856181798312764,3.6740835230268667,True,2.9644282398187136,True
4,161,CA-KL + Weighted Detector,1,winmax_weighted_z_score,9.376691907522046,3.764829272312623,True,3.0421780114211523,True
3,162,CA-KL + Weighted Detector,1,winmax_weighted_z_score,8.821703667065988,3.6740835230268667,True,2.9644282398187136,True
1,163,CA-KL + Weighted Detector,1,winmax_weighted_z_score,8.22316249528381,3.6740835230268667,True,2.9520587688796485,True
3,164,CA-KL + Weighted Detector,1,winmax_weighted_z_score,9.801862944234465,3.6740835230268667,True,2.9644282398187136,True
3,165,CA-KL + Weighted Detector,1,winmax_weighted_z_score,9.316213640845232,3.6740835230268667,True,2.9644282398187136,True
2,166,CA-KL + Weighted Detector,1,winmax_weighted_z_score,10.197399112618543,3.519550341121469,True,3.0080519009192654,True
4,167,CA-KL + Weighted Detector,1,winmax_weighted_z_score,10.47927660607797,3.764829272312623,True,3.0421780114211523,True
1,168,CA-KL + Weighted Detector,1,winmax_weighted_z_score,8.852104204470377,3.6740835230268667,True,2.9520587688796485,True
1,169,CA-KL + Weighted Detector,1,winmax_weighted_z_score,9.879336149981519,3.6740835230268667,True,2.9520587688796485,True
1,17,CA-KL + Weighted Detector,1,winmax_weighted_z_score,9.975545120402831,3.6740835230268667,True,2.9520587688796485,True
2,170,CA-KL + Weighted Detector,1,winmax_weighted_z_score,9.6588337766842,3.519550341121469,True,3.0080519009192654,True
3,171,CA-KL + Weighted Detector,1,winmax_weighted_z_score,9.455984465573424,3.6740835230268667,True,2.9644282398187136,True
4,172,CA-KL + Weighted Detector,1,winmax_weighted_z_score,10.709799229395948,3.764829272312623,True,3.0421780114211523,True
5,173,CA-KL + Weighted Detector,1,winmax_weighted_z_score,5.968276918599142,3.6740835230268667,True,3.0080519009192654,True
3,174,CA-KL + Weighted Detector,1,winmax_weighted_z_score,8.733675273187387,3.6740835230268667,True,2.9644282398187136,True
3,175,CA-KL + Weighted Detector,1,winmax_weighted_z_score,8.069377857265394,3.6740835230268667,True,2.9644282398187136,True
3,176,CA-KL + Weighted Detector,1,winmax_weighted_z_score,9.720953005205319,3.6740835230268667,True,2.9644282398187136,True
3,177,CA-KL + Weighted Detector,1,winmax_weighted_z_score,9.24551726289677,3.6740835230268667,True,2.9644282398187136,True
1,178,CA-KL + Weighted Detector,1,winmax_weighted_z_score,10.167109974633274,3.6740835230268667,True,2.9520587688796485,True
1,179,CA-KL + Weighted Detector,1,winmax_weighted_z_score,10.244366771860326,3.6740835230268667,True,2.9520587688796485,True
3,18,CA-KL + Weighted Detector,1,winmax_weighted_z_score,2.323557157904203,3.6740835230268667,False,2.9644282398187136,False
4,180,CA-KL + Weighted Detector,1,winmax_weighted_z_score,9.464949020026049,3.764829272312623,True,3.0421780114211523,True
1,181,CA-KL + Weighted Detector,1,winmax_weighted_z_score,10.646280259502774,3.6740835230268667,True,2.9520587688796485,True
3,182,CA-KL + Weighted Detector,1,winmax_weighted_z_score,8.23312175836154,3.6740835230268667,True,2.9644282398187136,True
4,183,CA-KL + Weighted Detector,1,winmax_weighted_z_score,7.499893950700663,3.764829272312623,True,3.0421780114211523,True
4,184,CA-KL + Weighted Detector,1,winmax_weighted_z_score,10.601021821098524,3.764829272312623,True,3.0421780114211523,True
3,185,CA-KL + Weighted Detector,1,winmax_weighted_z_score,9.932119556856605,3.6740835230268667,True,2.9644282398187136,True
2,186,CA-KL + Weighted Detector,1,winmax_weighted_z_score,7.69513816747221,3.519550341121469,True,3.0080519009192654,True
3,187,CA-KL + Weighted Detector,1,winmax_weighted_z_score,4.007202278003556,3.6740835230268667,True,2.9644282398187136,True
2,188,CA-KL + Weighted Detector,1,winmax_weighted_z_score,11.481313117102614,3.519550341121469,True,3.0080519009192654,True
1,189,CA-KL + Weighted Detector,1,winmax_weighted_z_score,9.518821394804108,3.6740835230268667,True,2.9520587688796485,True
3,19,CA-KL + Weighted Detector,1,winmax_weighted_z_score,9.522869662234596,3.6740835230268667,True,2.9644282398187136,True
1,190,CA-KL + Weighted Detector,1,winmax_weighted_z_score,10.662898747672907,3.6740835230268667,True,2.9520587688796485,True
2,191,CA-KL + Weighted Detector,1,winmax_weighted_z_score,8.735522762388879,3.519550341121469,True,3.0080519009192654,True
4,192,CA-KL + Weighted Detector,1,winmax_weighted_z_score,8.675802998362174,3.764829272312623,True,3.0421780114211523,True
1,193,CA-KL + Weighted Detector,1,winmax_weighted_z_score,10.391094127730467,3.6740835230268667,True,2.9520587688796485,True
1,194,CA-KL + Weighted Detector,1,winmax_weighted_z_score,8.420445590626423,3.6740835230268667,True,2.9520587688796485,True
3,195,CA-KL + Weighted Detector,1,winmax_weighted_z_score,11.383110807049984,3.6740835230268667,True,2.9644282398187136,True
2,196,CA-KL + Weighted Detector,1,winmax_weighted_z_score,10.442477089326976,3.519550341121469,True,3.0080519009192654,True
4,197,CA-KL + Weighted Detector,1,winmax_weighted_z_score,9.118716749560036,3.764829272312623,True,3.0421780114211523,True
4,198,CA-KL + Weighted Detector,1,winmax_weighted_z_score,9.661489685407211,3.764829272312623,True,3.0421780114211523,True
5,199,CA-KL + Weighted Detector,1,winmax_weighted_z_score,10.289743141811325,3.6740835230268667,True,3.0080519009192654,True
3,2,CA-KL + Weighted Detector,1,winmax_weighted_z_score,8.847432355557805,3.6740835230268667,True,2.9644282398187136,True
5,20,CA-KL + Weighted Detector,1,winmax_weighted_z_score,8.475503887476727,3.6740835230268667,True,3.0080519009192654,True
5,200,CA-KL + Weighted Detector,1,winmax_weighted_z_score,6.034258181805189,3.6740835230268667,True,3.0080519009192654,True
4,201,CA-KL + Weighted Detector,1,winmax_weighted_z_score,7.788385574678983,3.764829272312623,True,3.0421780114211523,True
2,202,CA-KL + Weighted Detector,1,winmax_weighted_z_score,8.467126186185467,3.519550341121469,True,3.0080519009192654,True
4,203,CA-KL + Weighted Detector,1,winmax_weighted_z_score,8.023034416885288,3.764829272312623,True,3.0421780114211523,True
5,204,CA-KL + Weighted Detector,1,winmax_weighted_z_score,7.812880043505993,3.6740835230268667,True,3.0080519009192654,True
3,205,CA-KL + Weighted Detector,1,winmax_weighted_z_score,7.33134318708756,3.6740835230268667,True,2.9644282398187136,True
3,206,CA-KL + Weighted Detector,1,winmax_weighted_z_score,1.9013605966691622,3.6740835230268667,False,2.9644282398187136,False
3,207,CA-KL + Weighted Detector,1,winmax_weighted_z_score,6.278249844881185,3.6740835230268667,True,2.9644282398187136,True
2,208,CA-KL + Weighted Detector,1,winmax_weighted_z_score,7.837317306229762,3.519550341121469,True,3.0080519009192654,True
3,209,CA-KL + Weighted Detector,1,winmax_weighted_z_score,8.546612515490022,3.6740835230268667,True,2.9644282398187136,True
4,21,CA-KL + Weighted Detector,1,winmax_weighted_z_score,8.5980879266229,3.764829272312623,True,3.0421780114211523,True
1,210,CA-KL + Weighted Detector,1,winmax_weighted_z_score,9.301754954927606,3.6740835230268667,True,2.9520587688796485,True
4,211,CA-KL + Weighted Detector,1,winmax_weighted_z_score,9.790024533412216,3.764829272312623,True,3.0421780114211523,True
1,212,CA-KL + Weighted Detector,1,winmax_weighted_z_score,8.87403656191087,3.6740835230268667,True,2.9520587688796485,True
1,213,CA-KL + Weighted Detector,1,winmax_weighted_z_score,8.772721014549951,3.6740835230268667,True,2.9520587688796485,True
1,214,CA-KL + Weighted Detector,1,winmax_weighted_z_score,8.738360237892612,3.6740835230268667,True,2.9520587688796485,True
2,215,CA-KL + Weighted Detector,1,winmax_weighted_z_score,10.057496271834552,3.519550341121469,True,3.0080519009192654,True
4,216,CA-KL + Weighted Detector,1,winmax_weighted_z_score,9.801903054694394,3.764829272312623,True,3.0421780114211523,True
2,217,CA-KL + Weighted Detector,1,winmax_weighted_z_score,9.884242758890759,3.519550341121469,True,3.0080519009192654,True
3,218,CA-KL + Weighted Detector,1,winmax_weighted_z_score,6.066015702112939,3.6740835230268667,True,2.9644282398187136,True
3,219,CA-KL + Weighted Detector,1,winmax_weighted_z_score,8.691639966273705,3.6740835230268667,True,2.9644282398187136,True
1,22,CA-KL + Weighted Detector,1,winmax_weighted_z_score,9.146664418068658,3.6740835230268667,True,2.9520587688796485,True
4,220,CA-KL + Weighted Detector,1,winmax_weighted_z_score,8.52948795599864,3.764829272312623,True,3.0421780114211523,True
5,221,CA-KL + Weighted Detector,1,winmax_weighted_z_score,1.6114921179142416,3.6740835230268667,False,3.0080519009192654,False
1,222,CA-KL + Weighted Detector,1,winmax_weighted_z_score,9.657521331751438,3.6740835230268667,True,2.9520587688796485,True
4,223,CA-KL + Weighted Detector,1,winmax_weighted_z_score,8.544506546549377,3.764829272312623,True,3.0421780114211523,True
3,224,CA-KL + Weighted Detector,1,winmax_weighted_z_score,9.284532839666308,3.6740835230268667,True,2.9644282398187136,True
5,225,CA-KL + Weighted Detector,1,winmax_weighted_z_score,10.315739940885006,3.6740835230268667,True,3.0080519009192654,True
2,226,CA-KL + Weighted Detector,1,winmax_weighted_z_score,8.871414288829856,3.519550341121469,True,3.0080519009192654,True
2,227,CA-KL + Weighted Detector,1,winmax_weighted_z_score,9.909063873773139,3.519550341121469,True,3.0080519009192654,True
1,228,CA-KL + Weighted Detector,1,winmax_weighted_z_score,7.657529411778032,3.6740835230268667,True,2.9520587688796485,True
5,229,CA-KL + Weighted Detector,1,winmax_weighted_z_score,9.467390032305977,3.6740835230268667,True,3.0080519009192654,True
1,23,CA-KL + Weighted Detector,1,winmax_weighted_z_score,2.9645791828600623,3.6740835230268667,False,2.9520587688796485,True
2,230,CA-KL + Weighted Detector,1,winmax_weighted_z_score,10.506652683653483,3.519550341121469,True,3.0080519009192654,True
5,231,CA-KL + Weighted Detector,1,winmax_weighted_z_score,11.005164471243036,3.6740835230268667,True,3.0080519009192654,True
5,232,CA-KL + Weighted Detector,1,winmax_weighted_z_score,7.565587489836946,3.6740835230268667,True,3.0080519009192654,True
2,233,CA-KL + Weighted Detector,1,winmax_weighted_z_score,8.076206734171757,3.519550341121469,True,3.0080519009192654,True
1,234,CA-KL + Weighted Detector,1,winmax_weighted_z_score,8.71562051542264,3.6740835230268667,True,2.9520587688796485,True
1,235,CA-KL + Weighted Detector,1,winmax_weighted_z_score,1.2193444798613375,3.6740835230268667,False,2.9520587688796485,False
3,236,CA-KL + Weighted Detector,1,winmax_weighted_z_score,11.171489205692673,3.6740835230268667,True,2.9644282398187136,True
1,237,CA-KL + Weighted Detector,1,winmax_weighted_z_score,8.728806695957008,3.6740835230268667,True,2.9520587688796485,True
4,238,CA-KL + Weighted Detector,1,winmax_weighted_z_score,10.172138015874783,3.764829272312623,True,3.0421780114211523,True
4,239,CA-KL + Weighted Detector,1,winmax_weighted_z_score,7.421016424859057,3.764829272312623,True,3.0421780114211523,True
1,24,CA-KL + Weighted Detector,1,winmax_weighted_z_score,10.872797173824663,3.6740835230268667,True,2.9520587688796485,True
4,240,CA-KL + Weighted Detector,1,winmax_weighted_z_score,9.995159979952454,3.764829272312623,True,3.0421780114211523,True
1,241,CA-KL + Weighted Detector,1,winmax_weighted_z_score,8.807343946439339,3.6740835230268667,True,2.9520587688796485,True
2,242,CA-KL + Weighted Detector,1,winmax_weighted_z_score,7.609351793998132,3.519550341121469,True,3.0080519009192654,True
4,243,CA-KL + Weighted Detector,1,winmax_weighted_z_score,9.572948463769064,3.764829272312623,True,3.0421780114211523,True
5,244,CA-KL + Weighted Detector,1,winmax_weighted_z_score,8.926226909991659,3.6740835230268667,True,3.0080519009192654,True
2,245,CA-KL + Weighted Detector,1,winmax_weighted_z_score,8.988824768168755,3.519550341121469,True,3.0080519009192654,True
2,246,CA-KL + Weighted Detector,1,winmax_weighted_z_score,8.32366740318914,3.519550341121469,True,3.0080519009192654,True
3,247,CA-KL + Weighted Detector,1,winmax_weighted_z_score,8.525396309466858,3.6740835230268667,True,2.9644282398187136,True
4,248,CA-KL + Weighted Detector,1,winmax_weighted_z_score,9.713734799057573,3.764829272312623,True,3.0421780114211523,True
4,249,CA-KL + Weighted Detector,1,winmax_weighted_z_score,7.927656945905335,3.764829272312623,True,3.0421780114211523,True
3,25,CA-KL + Weighted Detector,1,winmax_weighted_z_score,7.880489152437177,3.6740835230268667,True,2.9644282398187136,True
1,250,CA-KL + Weighted Detector,1,winmax_weighted_z_score,7.741365815004648,3.6740835230268667,True,2.9520587688796485,True
5,251,CA-KL + Weighted Detector,1,winmax_weighted_z_score,8.964932091599833,3.6740835230268667,True,3.0080519009192654,True
4,252,CA-KL + Weighted Detector,1,winmax_weighted_z_score,10.961575284717458,3.764829272312623,True,3.0421780114211523,True
3,253,CA-KL + Weighted Detector,1,winmax_weighted_z_score,9.643622182371601,3.6740835230268667,True,2.9644282398187136,True
5,254,CA-KL + Weighted Detector,1,winmax_weighted_z_score,9.851953152060098,3.6740835230268667,True,3.0080519009192654,True
1,255,CA-KL + Weighted Detector,1,winmax_weighted_z_score,8.83818962847033,3.6740835230268667,True,2.9520587688796485,True
3,256,CA-KL + Weighted Detector,1,winmax_weighted_z_score,10.920041222023338,3.6740835230268667,True,2.9644282398187136,True
3,257,CA-KL + Weighted Detector,1,winmax_weighted_z_score,8.490955985095097,3.6740835230268667,True,2.9644282398187136,True
1,258,CA-KL + Weighted Detector,1,winmax_weighted_z_score,9.121029370500134,3.6740835230268667,True,2.9520587688796485,True
2,259,CA-KL + Weighted Detector,1,winmax_weighted_z_score,9.598647066300673,3.519550341121469,True,3.0080519009192654,True
5,26,CA-KL + Weighted Detector,1,winmax_weighted_z_score,10.465357403356272,3.6740835230268667,True,3.0080519009192654,True
5,260,CA-KL + Weighted Detector,1,winmax_weighted_z_score,8.844291210512644,3.6740835230268667,True,3.0080519009192654,True
3,261,CA-KL + Weighted Detector,1,winmax_weighted_z_score,8.906467337032181,3.6740835230268667,True,2.9644282398187136,True
3,262,CA-KL + Weighted Detector,1,winmax_weighted_z_score,7.756175336119183,3.6740835230268667,True,2.9644282398187136,True
2,263,CA-KL + Weighted Detector,1,winmax_weighted_z_score,8.922978912505299,3.519550341121469,True,3.0080519009192654,True
2,264,CA-KL + Weighted Detector,1,winmax_weighted_z_score,7.989421439114009,3.519550341121469,True,3.0080519009192654,True
2,265,CA-KL + Weighted Detector,1,winmax_weighted_z_score,9.79086537505686,3.519550341121469,True,3.0080519009192654,True
2,266,CA-KL + Weighted Detector,1,winmax_weighted_z_score,9.368700432898644,3.519550341121469,True,3.0080519009192654,True
5,267,CA-KL + Weighted Detector,1,winmax_weighted_z_score,8.8695284426501,3.6740835230268667,True,3.0080519009192654,True
5,268,CA-KL + Weighted Detector,1,winmax_weighted_z_score,7.412108950349251,3.6740835230268667,True,3.0080519009192654,True
4,269,CA-KL + Weighted Detector,1,winmax_weighted_z_score,10.186818829458485,3.764829272312623,True,3.0421780114211523,True
3,27,CA-KL + Weighted Detector,1,winmax_weighted_z_score,9.90938526330417,3.6740835230268667,True,2.9644282398187136,True
1,270,CA-KL + Weighted Detector,1,winmax_weighted_z_score,7.371143228029912,3.6740835230268667,True,2.9520587688796485,True
5,271,CA-KL + Weighted Detector,1,winmax_weighted_z_score,8.906525457369991,3.6740835230268667,True,3.0080519009192654,True
1,272,CA-KL + Weighted Detector,1,winmax_weighted_z_score,9.361618219035543,3.6740835230268667,True,2.9520587688796485,True
4,273,CA-KL + Weighted Detector,1,winmax_weighted_z_score,8.291599851539663,3.764829272312623,True,3.0421780114211523,True
5,274,CA-KL + Weighted Detector,1,winmax_weighted_z_score,9.16707312223549,3.6740835230268667,True,3.0080519009192654,True
2,275,CA-KL + Weighted Detector,1,winmax_weighted_z_score,7.999369842430005,3.519550341121469,True,3.0080519009192654,True
5,276,CA-KL + Weighted Detector,1,winmax_weighted_z_score,9.390566133644189,3.6740835230268667,True,3.0080519009192654,True
1,277,CA-KL + Weighted Detector,1,winmax_weighted_z_score,4.126895766185863,3.6740835230268667,True,2.9520587688796485,True
5,278,CA-KL + Weighted Detector,1,winmax_weighted_z_score,10.627972884547669,3.6740835230268667,True,3.0080519009192654,True
1,279,CA-KL + Weighted Detector,1,winmax_weighted_z_score,8.506688597668663,3.6740835230268667,True,2.9520587688796485,True
5,28,CA-KL + Weighted Detector,1,winmax_weighted_z_score,9.632564897247077,3.6740835230268667,True,3.0080519009192654,True
1,280,CA-KL + Weighted Detector,1,winmax_weighted_z_score,9.009348223186267,3.6740835230268667,True,2.9520587688796485,True
5,281,CA-KL + Weighted Detector,1,winmax_weighted_z_score,8.476196932210316,3.6740835230268667,True,3.0080519009192654,True
2,282,CA-KL + Weighted Detector,1,winmax_weighted_z_score,5.5464981075686275,3.519550341121469,True,3.0080519009192654,True
5,283,CA-KL + Weighted Detector,1,winmax_weighted_z_score,5.14257602402752,3.6740835230268667,True,3.0080519009192654,True
4,284,CA-KL + Weighted Detector,1,winmax_weighted_z_score,9.688844136495664,3.764829272312623,True,3.0421780114211523,True
5,285,CA-KL + Weighted Detector,1,winmax_weighted_z_score,8.689161410604891,3.6740835230268667,True,3.0080519009192654,True
2,286,CA-KL + Weighted Detector,1,winmax_weighted_z_score,7.262681415157528,3.519550341121469,True,3.0080519009192654,True
1,287,CA-KL + Weighted Detector,1,winmax_weighted_z_score,6.882730468484494,3.6740835230268667,True,2.9520587688796485,True
3,288,CA-KL + Weighted Detector,1,winmax_weighted_z_score,9.03338602915996,3.6740835230268667,True,2.9644282398187136,True
1,289,CA-KL + Weighted Detector,1,winmax_weighted_z_score,9.075774073109285,3.6740835230268667,True,2.9520587688796485,True
4,29,CA-KL + Weighted Detector,1,winmax_weighted_z_score,8.973305129085213,3.764829272312623,True,3.0421780114211523,True
4,290,CA-KL + Weighted Detector,1,winmax_weighted_z_score,11.125531088018006,3.764829272312623,True,3.0421780114211523,True
3,291,CA-KL + Weighted Detector,1,winmax_weighted_z_score,9.07457732935732,3.6740835230268667,True,2.9644282398187136,True
2,292,CA-KL + Weighted Detector,1,winmax_weighted_z_score,10.16482188510592,3.519550341121469,True,3.0080519009192654,True
4,293,CA-KL + Weighted Detector,1,winmax_weighted_z_score,7.094283447723291,3.764829272312623,True,3.0421780114211523,True
3,294,CA-KL + Weighted Detector,1,winmax_weighted_z_score,10.160915606963993,3.6740835230268667,True,2.9644282398187136,True
2,295,CA-KL + Weighted Detector,1,winmax_weighted_z_score,9.174075157425804,3.519550341121469,True,3.0080519009192654,True
5,296,CA-KL + Weighted Detector,1,winmax_weighted_z_score,8.601285504045316,3.6740835230268667,True,3.0080519009192654,True
3,297,CA-KL + Weighted Detector,1,winmax_weighted_z_score,10.0575884126005,3.6740835230268667,True,2.9644282398187136,True
5,298,CA-KL + Weighted Detector,1,winmax_weighted_z_score,9.712971543327242,3.6740835230268667,True,3.0080519009192654,True
1,299,CA-KL + Weighted Detector,1,winmax_weighted_z_score,9.00612614279665,3.6740835230268667,True,2.9520587688796485,True
5,3,CA-KL + Weighted Detector,1,winmax_weighted_z_score,8.097347785541468,3.6740835230268667,True,3.0080519009192654,True
1,30,CA-KL + Weighted Detector,1,winmax_weighted_z_score,7.964339653076799,3.6740835230268667,True,2.9520587688796485,True
2,300,CA-KL + Weighted Detector,1,winmax_weighted_z_score,10.122444672853968,3.519550341121469,True,3.0080519009192654,True
3,301,CA-KL + Weighted Detector,1,winmax_weighted_z_score,10.079666845069454,3.6740835230268667,True,2.9644282398187136,True
4,302,CA-KL + Weighted Detector,1,winmax_weighted_z_score,10.356374556417636,3.764829272312623,True,3.0421780114211523,True
4,303,CA-KL + Weighted Detector,1,winmax_weighted_z_score,10.065265086674406,3.764829272312623,True,3.0421780114211523,True
3,304,CA-KL + Weighted Detector,1,winmax_weighted_z_score,8.494043008329854,3.6740835230268667,True,2.9644282398187136,True
5,305,CA-KL + Weighted Detector,1,winmax_weighted_z_score,9.503398390754883,3.6740835230268667,True,3.0080519009192654,True
1,306,CA-KL + Weighted Detector,1,winmax_weighted_z_score,4.438189086430202,3.6740835230268667,True,2.9520587688796485,True
2,307,CA-KL + Weighted Detector,1,winmax_weighted_z_score,7.914735945465873,3.519550341121469,True,3.0080519009192654,True
1,308,CA-KL + Weighted Detector,1,winmax_weighted_z_score,9.062824009567716,3.6740835230268667,True,2.9520587688796485,True
2,309,CA-KL + Weighted Detector,1,winmax_weighted_z_score,9.368577924657485,3.519550341121469,True,3.0080519009192654,True
2,31,CA-KL + Weighted Detector,1,winmax_weighted_z_score,9.753176514694223,3.519550341121469,True,3.0080519009192654,True
5,310,CA-KL + Weighted Detector,1,winmax_weighted_z_score,9.168725969314885,3.6740835230268667,True,3.0080519009192654,True
4,311,CA-KL + Weighted Detector,1,winmax_weighted_z_score,6.741438277536591,3.764829272312623,True,3.0421780114211523,True
2,312,CA-KL + Weighted Detector,1,winmax_weighted_z_score,7.890255974640706,3.519550341121469,True,3.0080519009192654,True
2,313,CA-KL + Weighted Detector,1,winmax_weighted_z_score,10.053540247310053,3.519550341121469,True,3.0080519009192654,True
1,314,CA-KL + Weighted Detector,1,winmax_weighted_z_score,5.4233389286596205,3.6740835230268667,True,2.9520587688796485,True
1,315,CA-KL + Weighted Detector,1,winmax_weighted_z_score,6.972953925908549,3.6740835230268667,True,2.9520587688796485,True
3,316,CA-KL + Weighted Detector,1,winmax_weighted_z_score,9.671811217181306,3.6740835230268667,True,2.9644282398187136,True
1,317,CA-KL + Weighted Detector,1,winmax_weighted_z_score,9.287229358814368,3.6740835230268667,True,2.9520587688796485,True
5,318,CA-KL + Weighted Detector,1,winmax_weighted_z_score,10.463755810140752,3.6740835230268667,True,3.0080519009192654,True
4,319,CA-KL + Weighted Detector,1,winmax_weighted_z_score,9.31643593853017,3.764829272312623,True,3.0421780114211523,True
1,32,CA-KL + Weighted Detector,1,winmax_weighted_z_score,6.7791048125885345,3.6740835230268667,True,2.9520587688796485,True
3,320,CA-KL + Weighted Detector,1,winmax_weighted_z_score,11.894959220737386,3.6740835230268667,True,2.9644282398187136,True
4,321,CA-KL + Weighted Detector,1,winmax_weighted_z_score,8.834657415247987,3.764829272312623,True,3.0421780114211523,True
2,322,CA-KL + Weighted Detector,1,winmax_weighted_z_score,10.877971279514071,3.519550341121469,True,3.0080519009192654,True
3,323,CA-KL + Weighted Detector,1,winmax_weighted_z_score,9.812263731763455,3.6740835230268667,True,2.9644282398187136,True
4,324,CA-KL + Weighted Detector,1,winmax_weighted_z_score,8.873646737511603,3.764829272312623,True,3.0421780114211523,True
2,325,CA-KL + Weighted Detector,1,winmax_weighted_z_score,10.29901236407433,3.519550341121469,True,3.0080519009192654,True
4,326,CA-KL + Weighted Detector,1,winmax_weighted_z_score,9.878672754786493,3.764829272312623,True,3.0421780114211523,True
4,327,CA-KL + Weighted Detector,1,winmax_weighted_z_score,7.879210707212928,3.764829272312623,True,3.0421780114211523,True
4,328,CA-KL + Weighted Detector,1,winmax_weighted_z_score,9.232124820402616,3.764829272312623,True,3.0421780114211523,True
5,329,CA-KL + Weighted Detector,1,winmax_weighted_z_score,10.588012593070397,3.6740835230268667,True,3.0080519009192654,True
4,33,CA-KL + Weighted Detector,1,winmax_weighted_z_score,10.319322418835691,3.764829272312623,True,3.0421780114211523,True
4,330,CA-KL + Weighted Detector,1,winmax_weighted_z_score,9.537876266313635,3.764829272312623,True,3.0421780114211523,True
4,331,CA-KL + Weighted Detector,1,winmax_weighted_z_score,9.703338610141927,3.764829272312623,True,3.0421780114211523,True
4,332,CA-KL + Weighted Detector,1,winmax_weighted_z_score,7.4064819062987555,3.764829272312623,True,3.0421780114211523,True
2,333,CA-KL + Weighted Detector,1,winmax_weighted_z_score,7.454276843313784,3.519550341121469,True,3.0080519009192654,True
4,334,CA-KL + Weighted Detector,1,winmax_weighted_z_score,9.527733821145368,3.764829272312623,True,3.0421780114211523,True
1,335,CA-KL + Weighted Detector,1,winmax_weighted_z_score,8.927679248743509,3.6740835230268667,True,2.9520587688796485,True
2,336,CA-KL + Weighted Detector,1,winmax_weighted_z_score,4.183349081683029,3.519550341121469,True,3.0080519009192654,True
2,337,CA-KL + Weighted Detector,1,winmax_weighted_z_score,8.9219462071788,3.519550341121469,True,3.0080519009192654,True
3,338,CA-KL + Weighted Detector,1,winmax_weighted_z_score,9.589494708856815,3.6740835230268667,True,2.9644282398187136,True
5,339,CA-KL + Weighted Detector,1,winmax_weighted_z_score,8.796862804048942,3.6740835230268667,True,3.0080519009192654,True
1,34,CA-KL + Weighted Detector,1,winmax_weighted_z_score,8.903537573358054,3.6740835230268667,True,2.9520587688796485,True
4,340,CA-KL + Weighted Detector,1,winmax_weighted_z_score,8.981332076038964,3.764829272312623,True,3.0421780114211523,True
3,341,CA-KL + Weighted Detector,1,winmax_weighted_z_score,8.475004582704432,3.6740835230268667,True,2.9644282398187136,True
3,342,CA-KL + Weighted Detector,1,winmax_weighted_z_score,5.286546994928064,3.6740835230268667,True,2.9644282398187136,True
5,343,CA-KL + Weighted Detector,1,winmax_weighted_z_score,9.091755833409117,3.6740835230268667,True,3.0080519009192654,True
5,344,CA-KL + Weighted Detector,1,winmax_weighted_z_score,9.48594427168488,3.6740835230268667,True,3.0080519009192654,True
2,345,CA-KL + Weighted Detector,1,winmax_weighted_z_score,4.824478514214324,3.519550341121469,True,3.0080519009192654,True
3,346,CA-KL + Weighted Detector,1,winmax_weighted_z_score,8.317625061113882,3.6740835230268667,True,2.9644282398187136,True
5,347,CA-KL + Weighted Detector,1,winmax_weighted_z_score,8.919106355225262,3.6740835230268667,True,3.0080519009192654,True
1,348,CA-KL + Weighted Detector,1,winmax_weighted_z_score,8.530002209836503,3.6740835230268667,True,2.9520587688796485,True
3,349,CA-KL + Weighted Detector,1,winmax_weighted_z_score,5.4856336175275375,3.6740835230268667,True,2.9644282398187136,True
1,35,CA-KL + Weighted Detector,1,winmax_weighted_z_score,8.001547194842573,3.6740835230268667,True,2.9520587688796485,True
1,350,CA-KL + Weighted Detector,1,winmax_weighted_z_score,9.98481970257318,3.6740835230268667,True,2.9520587688796485,True
3,351,CA-KL + Weighted Detector,1,winmax_weighted_z_score,8.305303791334806,3.6740835230268667,True,2.9644282398187136,True
4,352,CA-KL + Weighted Detector,1,winmax_weighted_z_score,9.653076179347174,3.764829272312623,True,3.0421780114211523,True
2,353,CA-KL + Weighted Detector,1,winmax_weighted_z_score,8.905992897341498,3.519550341121469,True,3.0080519009192654,True
3,354,CA-KL + Weighted Detector,1,winmax_weighted_z_score,7.684248866834639,3.6740835230268667,True,2.9644282398187136,True
2,355,CA-KL + Weighted Detector,1,winmax_weighted_z_score,9.117189464498246,3.519550341121469,True,3.0080519009192654,True
1,356,CA-KL + Weighted Detector,1,winmax_weighted_z_score,10.096384703204492,3.6740835230268667,True,2.9520587688796485,True
5,357,CA-KL + Weighted Detector,1,winmax_weighted_z_score,7.985778243513538,3.6740835230268667,True,3.0080519009192654,True
1,358,CA-KL + Weighted Detector,1,winmax_weighted_z_score,11.10483534910167,3.6740835230268667,True,2.9520587688796485,True
2,359,CA-KL + Weighted Detector,1,winmax_weighted_z_score,3.006696703948003,3.519550341121469,False,3.0080519009192654,False
3,36,CA-KL + Weighted Detector,1,winmax_weighted_z_score,2.630974736368332,3.6740835230268667,False,2.9644282398187136,False
5,360,CA-KL + Weighted Detector,1,winmax_weighted_z_score,8.123544938705491,3.6740835230268667,True,3.0080519009192654,True
3,361,CA-KL + Weighted Detector,1,winmax_weighted_z_score,10.368699133214216,3.6740835230268667,True,2.9644282398187136,True
4,362,CA-KL + Weighted Detector,1,winmax_weighted_z_score,9.567908862909377,3.764829272312623,True,3.0421780114211523,True
5,363,CA-KL + Weighted Detector,1,winmax_weighted_z_score,9.133746811234529,3.6740835230268667,True,3.0080519009192654,True
3,364,CA-KL + Weighted Detector,1,winmax_weighted_z_score,8.59203276854277,3.6740835230268667,True,2.9644282398187136,True
3,365,CA-KL + Weighted Detector,1,winmax_weighted_z_score,9.32374196094041,3.6740835230268667,True,2.9644282398187136,True
1,366,CA-KL + Weighted Detector,1,winmax_weighted_z_score,9.986616216150182,3.6740835230268667,True,2.9520587688796485,True
2,367,CA-KL + Weighted Detector,1,winmax_weighted_z_score,8.57768755529728,3.519550341121469,True,3.0080519009192654,True
5,368,CA-KL + Weighted Detector,1,winmax_weighted_z_score,9.904892838054286,3.6740835230268667,True,3.0080519009192654,True
3,369,CA-KL + Weighted Detector,1,winmax_weighted_z_score,9.703167471958379,3.6740835230268667,True,2.9644282398187136,True
5,37,CA-KL + Weighted Detector,1,winmax_weighted_z_score,8.878944929644398,3.6740835230268667,True,3.0080519009192654,True
2,370,CA-KL + Weighted Detector,1,winmax_weighted_z_score,10.088299509106823,3.519550341121469,True,3.0080519009192654,True
4,371,CA-KL + Weighted Detector,1,winmax_weighted_z_score,8.896921993006549,3.764829272312623,True,3.0421780114211523,True
4,372,CA-KL + Weighted Detector,1,winmax_weighted_z_score,10.838856542717666,3.764829272312623,True,3.0421780114211523,True
2,373,CA-KL + Weighted Detector,1,winmax_weighted_z_score,8.533125054149835,3.519550341121469,True,3.0080519009192654,True
4,374,CA-KL + Weighted Detector,1,winmax_weighted_z_score,9.510127258100265,3.764829272312623,True,3.0421780114211523,True
1,375,CA-KL + Weighted Detector,1,winmax_weighted_z_score,5.659941268166378,3.6740835230268667,True,2.9520587688796485,True
5,376,CA-KL + Weighted Detector,1,winmax_weighted_z_score,9.917735093305446,3.6740835230268667,True,3.0080519009192654,True
3,377,CA-KL + Weighted Detector,1,winmax_weighted_z_score,9.645403619446123,3.6740835230268667,True,2.9644282398187136,True
3,378,CA-KL + Weighted Detector,1,winmax_weighted_z_score,6.451628941348645,3.6740835230268667,True,2.9644282398187136,True
4,379,CA-KL + Weighted Detector,1,winmax_weighted_z_score,9.85315156948457,3.764829272312623,True,3.0421780114211523,True
4,38,CA-KL + Weighted Detector,1,winmax_weighted_z_score,6.27109375227954,3.764829272312623,True,3.0421780114211523,True
1,380,CA-KL + Weighted Detector,1,winmax_weighted_z_score,9.698161765782704,3.6740835230268667,True,2.9520587688796485,True
2,381,CA-KL + Weighted Detector,1,winmax_weighted_z_score,8.201795738351752,3.519550341121469,True,3.0080519009192654,True
4,382,CA-KL + Weighted Detector,1,winmax_weighted_z_score,7.841501652799953,3.764829272312623,True,3.0421780114211523,True
3,383,CA-KL + Weighted Detector,1,winmax_weighted_z_score,12.172619882449382,3.6740835230268667,True,2.9644282398187136,True
2,384,CA-KL + Weighted Detector,1,winmax_weighted_z_score,7.265243343242169,3.519550341121469,True,3.0080519009192654,True
3,385,CA-KL + Weighted Detector,1,winmax_weighted_z_score,8.517447509922139,3.6740835230268667,True,2.9644282398187136,True
2,386,CA-KL + Weighted Detector,1,winmax_weighted_z_score,7.9759217629689045,3.519550341121469,True,3.0080519009192654,True
5,387,CA-KL + Weighted Detector,1,winmax_weighted_z_score,7.448107865238979,3.6740835230268667,True,3.0080519009192654,True
4,388,CA-KL + Weighted Detector,1,winmax_weighted_z_score,8.643124609482667,3.764829272312623,True,3.0421780114211523,True
2,389,CA-KL + Weighted Detector,1,winmax_weighted_z_score,9.216535369252659,3.519550341121469,True,3.0080519009192654,True
4,39,CA-KL + Weighted Detector,1,winmax_weighted_z_score,5.250681029286559,3.764829272312623,True,3.0421780114211523,True
2,390,CA-KL + Weighted Detector,1,winmax_weighted_z_score,10.268369565915064,3.519550341121469,True,3.0080519009192654,True
4,391,CA-KL + Weighted Detector,1,winmax_weighted_z_score,3.5397573865251286,3.764829272312623,False,3.0421780114211523,True
5,392,CA-KL + Weighted Detector,1,winmax_weighted_z_score,8.036492765322594,3.6740835230268667,True,3.0080519009192654,True
3,393,CA-KL + Weighted Detector,1,winmax_weighted_z_score,11.547729315076797,3.6740835230268667,True,2.9644282398187136,True
2,394,CA-KL + Weighted Detector,1,winmax_weighted_z_score,9.132289175290103,3.519550341121469,True,3.0080519009192654,True
3,395,CA-KL + Weighted Detector,1,winmax_weighted_z_score,8.87756021878402,3.6740835230268667,True,2.9644282398187136,True
5,396,CA-KL + Weighted Detector,1,winmax_weighted_z_score,9.889226348544728,3.6740835230268667,True,3.0080519009192654,True
5,397,CA-KL + Weighted Detector,1,winmax_weighted_z_score,9.718389448962926,3.6740835230268667,True,3.0080519009192654,True
1,398,CA-KL + Weighted Detector,1,winmax_weighted_z_score,9.11562767923724,3.6740835230268667,True,2.9520587688796485,True
1,399,CA-KL + Weighted Detector,1,winmax_weighted_z_score,8.766135360218202,3.6740835230268667,True,2.9520587688796485,True
1,4,CA-KL + Weighted Detector,1,winmax_weighted_z_score,8.633496287523764,3.6740835230268667,True,2.9520587688796485,True
3,40,CA-KL + Weighted Detector,1,winmax_weighted_z_score,10.041456572644467,3.6740835230268667,True,2.9644282398187136,True
3,400,CA-KL + Weighted Detector,1,winmax_weighted_z_score,10.709622056013053,3.6740835230268667,True,2.9644282398187136,True
5,401,CA-KL + Weighted Detector,1,winmax_weighted_z_score,9.487399484798942,3.6740835230268667,True,3.0080519009192654,True
2,402,CA-KL + Weighted Detector,1,winmax_weighted_z_score,11.503108102741693,3.519550341121469,True,3.0080519009192654,True
1,403,CA-KL + Weighted Detector,1,winmax_weighted_z_score,8.619116559982265,3.6740835230268667,True,2.9520587688796485,True
1,404,CA-KL + Weighted Detector,1,winmax_weighted_z_score,8.812591096184276,3.6740835230268667,True,2.9520587688796485,True
4,405,CA-KL + Weighted Detector,1,winmax_weighted_z_score,10.756338001212134,3.764829272312623,True,3.0421780114211523,True
4,406,CA-KL + Weighted Detector,1,winmax_weighted_z_score,10.145888169839157,3.764829272312623,True,3.0421780114211523,True
5,407,CA-KL + Weighted Detector,1,winmax_weighted_z_score,10.1490910872731,3.6740835230268667,True,3.0080519009192654,True
3,408,CA-KL + Weighted Detector,1,winmax_weighted_z_score,12.02412032554577,3.6740835230268667,True,2.9644282398187136,True
2,409,CA-KL + Weighted Detector,1,winmax_weighted_z_score,9.76429062003629,3.519550341121469,True,3.0080519009192654,True
4,41,CA-KL + Weighted Detector,1,winmax_weighted_z_score,9.622034640863623,3.764829272312623,True,3.0421780114211523,True
4,410,CA-KL + Weighted Detector,1,winmax_weighted_z_score,11.472033578787949,3.764829272312623,True,3.0421780114211523,True
4,411,CA-KL + Weighted Detector,1,winmax_weighted_z_score,7.02691131539813,3.764829272312623,True,3.0421780114211523,True
4,412,CA-KL + Weighted Detector,1,winmax_weighted_z_score,10.910775668169384,3.764829272312623,True,3.0421780114211523,True
5,413,CA-KL + Weighted Detector,1,winmax_weighted_z_score,5.5191379716002595,3.6740835230268667,True,3.0080519009192654,True
2,414,CA-KL + Weighted Detector,1,winmax_weighted_z_score,4.193982192305283,3.519550341121469,True,3.0080519009192654,True
2,415,CA-KL + Weighted Detector,1,winmax_weighted_z_score,10.959146015707592,3.519550341121469,True,3.0080519009192654,True
1,416,CA-KL + Weighted Detector,1,winmax_weighted_z_score,11.177593935540727,3.6740835230268667,True,2.9520587688796485,True
5,417,CA-KL + Weighted Detector,1,winmax_weighted_z_score,10.182674249942364,3.6740835230268667,True,3.0080519009192654,True
2,418,CA-KL + Weighted Detector,1,winmax_weighted_z_score,8.2481800735018,3.519550341121469,True,3.0080519009192654,True
5,419,CA-KL + Weighted Detector,1,winmax_weighted_z_score,8.726399618842501,3.6740835230268667,True,3.0080519009192654,True
1,42,CA-KL + Weighted Detector,1,winmax_weighted_z_score,8.460020139564373,3.6740835230268667,True,2.9520587688796485,True
4,420,CA-KL + Weighted Detector,1,winmax_weighted_z_score,9.503206703316648,3.764829272312623,True,3.0421780114211523,True
4,421,CA-KL + Weighted Detector,1,winmax_weighted_z_score,10.22747371970353,3.764829272312623,True,3.0421780114211523,True
3,422,CA-KL + Weighted Detector,1,winmax_weighted_z_score,10.461943003221645,3.6740835230268667,True,2.9644282398187136,True
2,423,CA-KL + Weighted Detector,1,winmax_weighted_z_score,9.204455332448441,3.519550341121469,True,3.0080519009192654,True
3,424,CA-KL + Weighted Detector,1,winmax_weighted_z_score,5.127158670107644,3.6740835230268667,True,2.9644282398187136,True
3,425,CA-KL + Weighted Detector,1,winmax_weighted_z_score,8.585803845000601,3.6740835230268667,True,2.9644282398187136,True
2,426,CA-KL + Weighted Detector,1,winmax_weighted_z_score,8.282850201135911,3.519550341121469,True,3.0080519009192654,True
5,427,CA-KL + Weighted Detector,1,winmax_weighted_z_score,7.01849148298416,3.6740835230268667,True,3.0080519009192654,True
3,428,CA-KL + Weighted Detector,1,winmax_weighted_z_score,8.34068514566341,3.6740835230268667,True,2.9644282398187136,True
5,429,CA-KL + Weighted Detector,1,winmax_weighted_z_score,9.747887727683727,3.6740835230268667,True,3.0080519009192654,True
5,43,CA-KL + Weighted Detector,1,winmax_weighted_z_score,8.934520474745039,3.6740835230268667,True,3.0080519009192654,True
3,430,CA-KL + Weighted Detector,1,winmax_weighted_z_score,11.263695294757959,3.6740835230268667,True,2.9644282398187136,True
1,431,CA-KL + Weighted Detector,1,winmax_weighted_z_score,7.740804219566896,3.6740835230268667,True,2.9520587688796485,True
1,432,CA-KL + Weighted Detector,1,winmax_weighted_z_score,9.253656074245777,3.6740835230268667,True,2.9520587688796485,True
5,433,CA-KL + Weighted Detector,1,winmax_weighted_z_score,9.18417997061719,3.6740835230268667,True,3.0080519009192654,True
1,434,CA-KL + Weighted Detector,1,winmax_weighted_z_score,8.897972396018968,3.6740835230268667,True,2.9520587688796485,True
5,435,CA-KL + Weighted Detector,1,winmax_weighted_z_score,10.379745415098057,3.6740835230268667,True,3.0080519009192654,True
5,436,CA-KL + Weighted Detector,1,winmax_weighted_z_score,9.341407806540918,3.6740835230268667,True,3.0080519009192654,True
4,437,CA-KL + Weighted Detector,1,winmax_weighted_z_score,10.127456316393761,3.764829272312623,True,3.0421780114211523,True
1,438,CA-KL + Weighted Detector,1,winmax_weighted_z_score,10.216165277607374,3.6740835230268667,True,2.9520587688796485,True
5,439,CA-KL + Weighted Detector,1,winmax_weighted_z_score,8.314719281369833,3.6740835230268667,True,3.0080519009192654,True
5,44,CA-KL + Weighted Detector,1,winmax_weighted_z_score,8.8464430803516,3.6740835230268667,True,3.0080519009192654,True
4,440,CA-KL + Weighted Detector,1,winmax_weighted_z_score,6.130936990092838,3.764829272312623,True,3.0421780114211523,True
3,441,CA-KL + Weighted Detector,1,winmax_weighted_z_score,8.734855919804206,3.6740835230268667,True,2.9644282398187136,True
2,442,CA-KL + Weighted Detector,1,winmax_weighted_z_score,10.071043209928693,3.519550341121469,True,3.0080519009192654,True
3,443,CA-KL + Weighted Detector,1,winmax_weighted_z_score,8.441283348624733,3.6740835230268667,True,2.9644282398187136,True
4,444,CA-KL + Weighted Detector,1,winmax_weighted_z_score,8.824309044130079,3.764829272312623,True,3.0421780114211523,True
1,445,CA-KL + Weighted Detector,1,winmax_weighted_z_score,9.685691606186184,3.6740835230268667,True,2.9520587688796485,True
4,446,CA-KL + Weighted Detector,1,winmax_weighted_z_score,7.315000873607176,3.764829272312623,True,3.0421780114211523,True
4,447,CA-KL + Weighted Detector,1,winmax_weighted_z_score,9.878921026798608,3.764829272312623,True,3.0421780114211523,True
4,448,CA-KL + Weighted Detector,1,winmax_weighted_z_score,11.124017015654164,3.764829272312623,True,3.0421780114211523,True
5,449,CA-KL + Weighted Detector,1,winmax_weighted_z_score,10.589978515620171,3.6740835230268667,True,3.0080519009192654,True
5,45,CA-KL + Weighted Detector,1,winmax_weighted_z_score,9.989126011650056,3.6740835230268667,True,3.0080519009192654,True
3,450,CA-KL + Weighted Detector,1,winmax_weighted_z_score,10.38757203399142,3.6740835230268667,True,2.9644282398187136,True
5,451,CA-KL + Weighted Detector,1,winmax_weighted_z_score,10.154053622308885,3.6740835230268667,True,3.0080519009192654,True
4,452,CA-KL + Weighted Detector,1,winmax_weighted_z_score,10.472870565639791,3.764829272312623,True,3.0421780114211523,True
2,453,CA-KL + Weighted Detector,1,winmax_weighted_z_score,10.151188906627116,3.519550341121469,True,3.0080519009192654,True
1,454,CA-KL + Weighted Detector,1,winmax_weighted_z_score,8.994340764642109,3.6740835230268667,True,2.9520587688796485,True
2,455,CA-KL + Weighted Detector,1,winmax_weighted_z_score,9.690635139226972,3.519550341121469,True,3.0080519009192654,True
5,456,CA-KL + Weighted Detector,1,winmax_weighted_z_score,7.842123598629694,3.6740835230268667,True,3.0080519009192654,True
3,457,CA-KL + Weighted Detector,1,winmax_weighted_z_score,7.9175526656187705,3.6740835230268667,True,2.9644282398187136,True
4,458,CA-KL + Weighted Detector,1,winmax_weighted_z_score,8.661082617477664,3.764829272312623,True,3.0421780114211523,True
2,459,CA-KL + Weighted Detector,1,winmax_weighted_z_score,9.473087476587411,3.519550341121469,True,3.0080519009192654,True
5,46,CA-KL + Weighted Detector,1,winmax_weighted_z_score,9.178417872087456,3.6740835230268667,True,3.0080519009192654,True
4,460,CA-KL + Weighted Detector,1,winmax_weighted_z_score,5.080580202048575,3.764829272312623,True,3.0421780114211523,True
2,461,CA-KL + Weighted Detector,1,winmax_weighted_z_score,6.932283301433882,3.519550341121469,True,3.0080519009192654,True
4,462,CA-KL + Weighted Detector,1,winmax_weighted_z_score,2.2605827210005645,3.764829272312623,False,3.0421780114211523,False
5,463,CA-KL + Weighted Detector,1,winmax_weighted_z_score,9.622098665640758,3.6740835230268667,True,3.0080519009192654,True
1,464,CA-KL + Weighted Detector,1,winmax_weighted_z_score,9.783122711049439,3.6740835230268667,True,2.9520587688796485,True
2,465,CA-KL + Weighted Detector,1,winmax_weighted_z_score,6.904769578911852,3.519550341121469,True,3.0080519009192654,True
1,466,CA-KL + Weighted Detector,1,winmax_weighted_z_score,4.799926674390036,3.6740835230268667,True,2.9520587688796485,True
4,467,CA-KL + Weighted Detector,1,winmax_weighted_z_score,8.590691775552694,3.764829272312623,True,3.0421780114211523,True
4,468,CA-KL + Weighted Detector,1,winmax_weighted_z_score,9.479119677095346,3.764829272312623,True,3.0421780114211523,True
5,469,CA-KL + Weighted Detector,1,winmax_weighted_z_score,4.361604022273068,3.6740835230268667,True,3.0080519009192654,True
1,47,CA-KL + Weighted Detector,1,winmax_weighted_z_score,10.129281505601314,3.6740835230268667,True,2.9520587688796485,True
1,470,CA-KL + Weighted Detector,1,winmax_weighted_z_score,9.507318786827271,3.6740835230268667,True,2.9520587688796485,True
1,471,CA-KL + Weighted Detector,1,winmax_weighted_z_score,9.564451531575735,3.6740835230268667,True,2.9520587688796485,True
5,472,CA-KL + Weighted Detector,1,winmax_weighted_z_score,7.395024503473767,3.6740835230268667,True,3.0080519009192654,True
5,473,CA-KL + Weighted Detector,1,winmax_weighted_z_score,8.755889829341196,3.6740835230268667,True,3.0080519009192654,True
2,474,CA-KL + Weighted Detector,1,winmax_weighted_z_score,10.06368415077669,3.519550341121469,True,3.0080519009192654,True
2,475,CA-KL + Weighted Detector,1,winmax_weighted_z_score,9.758792369851955,3.519550341121469,True,3.0080519009192654,True
4,476,CA-KL + Weighted Detector,1,winmax_weighted_z_score,6.3279479038843895,3.764829272312623,True,3.0421780114211523,True
4,477,CA-KL + Weighted Detector,1,winmax_weighted_z_score,10.481049568525398,3.764829272312623,True,3.0421780114211523,True
5,478,CA-KL + Weighted Detector,1,winmax_weighted_z_score,8.857887630873929,3.6740835230268667,True,3.0080519009192654,True
2,479,CA-KL + Weighted Detector,1,winmax_weighted_z_score,10.932004526293682,3.519550341121469,True,3.0080519009192654,True
3,48,CA-KL + Weighted Detector,1,winmax_weighted_z_score,10.855292016050628,3.6740835230268667,True,2.9644282398187136,True
2,480,CA-KL + Weighted Detector,1,winmax_weighted_z_score,9.643038153317624,3.519550341121469,True,3.0080519009192654,True
5,481,CA-KL + Weighted Detector,1,winmax_weighted_z_score,7.459674814382862,3.6740835230268667,True,3.0080519009192654,True
3,482,CA-KL + Weighted Detector,1,winmax_weighted_z_score,9.894949314544832,3.6740835230268667,True,2.9644282398187136,True
1,483,CA-KL + Weighted Detector,1,winmax_weighted_z_score,6.400023330492617,3.6740835230268667,True,2.9520587688796485,True
4,484,CA-KL + Weighted Detector,1,winmax_weighted_z_score,9.265207988774785,3.764829272312623,True,3.0421780114211523,True
2,485,CA-KL + Weighted Detector,1,winmax_weighted_z_score,9.067129333700937,3.519550341121469,True,3.0080519009192654,True
3,486,CA-KL + Weighted Detector,1,winmax_weighted_z_score,6.883601675288844,3.6740835230268667,True,2.9644282398187136,True
2,487,CA-KL + Weighted Detector,1,winmax_weighted_z_score,7.56222837211196,3.519550341121469,True,3.0080519009192654,True
2,488,CA-KL + Weighted Detector,1,winmax_weighted_z_score,8.167266497503196,3.519550341121469,True,3.0080519009192654,True
1,489,CA-KL + Weighted Detector,1,winmax_weighted_z_score,7.5682565529541455,3.6740835230268667,True,2.9520587688796485,True
4,49,CA-KL + Weighted Detector,1,winmax_weighted_z_score,10.510411971935286,3.764829272312623,True,3.0421780114211523,True
4,490,CA-KL + Weighted Detector,1,winmax_weighted_z_score,8.408650098617683,3.764829272312623,True,3.0421780114211523,True
2,491,CA-KL + Weighted Detector,1,winmax_weighted_z_score,9.884921963021963,3.519550341121469,True,3.0080519009192654,True
5,492,CA-KL + Weighted Detector,1,winmax_weighted_z_score,12.029354741153872,3.6740835230268667,True,3.0080519009192654,True
2,493,CA-KL + Weighted Detector,1,winmax_weighted_z_score,10.180389699633412,3.519550341121469,True,3.0080519009192654,True
3,494,CA-KL + Weighted Detector,1,winmax_weighted_z_score,8.70590367841021,3.6740835230268667,True,2.9644282398187136,True
2,495,CA-KL + Weighted Detector,1,winmax_weighted_z_score,8.425001433226733,3.519550341121469,True,3.0080519009192654,True
1,496,CA-KL + Weighted Detector,1,winmax_weighted_z_score,8.90850991859035,3.6740835230268667,True,2.9520587688796485,True
5,497,CA-KL + Weighted Detector,1,winmax_weighted_z_score,11.668246991501162,3.6740835230268667,True,3.0080519009192654,True
1,498,CA-KL + Weighted Detector,1,winmax_weighted_z_score,7.338529437344157,3.6740835230268667,True,2.9520587688796485,True
5,499,CA-KL + Weighted Detector,1,winmax_weighted_z_score,9.816230822463359,3.6740835230268667,True,3.0080519009192654,True
3,5,CA-KL + Weighted Detector,1,winmax_weighted_z_score,10.035615936053135,3.6740835230268667,True,2.9644282398187136,True
4,50,CA-KL + Weighted Detector,1,winmax_weighted_z_score,8.297754441785,3.764829272312623,True,3.0421780114211523,True
4,500,CA-KL + Weighted Detector,1,winmax_weighted_z_score,9.958113011048082,3.764829272312623,True,3.0421780114211523,True
1,51,CA-KL + Weighted Detector,1,winmax_weighted_z_score,9.450685346214064,3.6740835230268667,True,2.9520587688796485,True
3,52,CA-KL + Weighted Detector,1,winmax_weighted_z_score,10.482243337780746,3.6740835230268667,True,2.9644282398187136,True
4,53,CA-KL + Weighted Detector,1,winmax_weighted_z_score,9.869453719645044,3.764829272312623,True,3.0421780114211523,True
2,54,CA-KL + Weighted Detector,1,winmax_weighted_z_score,9.372941059331536,3.519550341121469,True,3.0080519009192654,True
5,55,CA-KL + Weighted Detector,1,winmax_weighted_z_score,11.35877334019635,3.6740835230268667,True,3.0080519009192654,True
5,56,CA-KL + Weighted Detector,1,winmax_weighted_z_score,9.597136481707222,3.6740835230268667,True,3.0080519009192654,True
4,57,CA-KL + Weighted Detector,1,winmax_weighted_z_score,11.245902984051183,3.764829272312623,True,3.0421780114211523,True
1,58,CA-KL + Weighted Detector,1,winmax_weighted_z_score,9.524857695918685,3.6740835230268667,True,2.9520587688796485,True
5,59,CA-KL + Weighted Detector,1,winmax_weighted_z_score,9.700223839949297,3.6740835230268667,True,3.0080519009192654,True
4,6,CA-KL + Weighted Detector,1,winmax_weighted_z_score,11.013145991300439,3.764829272312623,True,3.0421780114211523,True
1,60,CA-KL + Weighted Detector,1,winmax_weighted_z_score,9.096560589898464,3.6740835230268667,True,2.9520587688796485,True
4,61,CA-KL + Weighted Detector,1,winmax_weighted_z_score,9.30218030470975,3.764829272312623,True,3.0421780114211523,True
4,62,CA-KL + Weighted Detector,1,winmax_weighted_z_score,10.085410006143576,3.764829272312623,True,3.0421780114211523,True
4,63,CA-KL + Weighted Detector,1,winmax_weighted_z_score,11.371573116227871,3.764829272312623,True,3.0421780114211523,True
3,64,CA-KL + Weighted Detector,1,winmax_weighted_z_score,7.744357574267397,3.6740835230268667,True,2.9644282398187136,True
2,65,CA-KL + Weighted Detector,1,winmax_weighted_z_score,9.584270687976755,3.519550341121469,True,3.0080519009192654,True
1,66,CA-KL + Weighted Detector,1,winmax_weighted_z_score,9.876971496768219,3.6740835230268667,True,2.9520587688796485,True
5,67,CA-KL + Weighted Detector,1,winmax_weighted_z_score,9.010479717713007,3.6740835230268667,True,3.0080519009192654,True
5,68,CA-KL + Weighted Detector,1,winmax_weighted_z_score,9.977558986571921,3.6740835230268667,True,3.0080519009192654,True
4,69,CA-KL + Weighted Detector,1,winmax_weighted_z_score,9.370507176714339,3.764829272312623,True,3.0421780114211523,True
1,7,CA-KL + Weighted Detector,1,winmax_weighted_z_score,9.530112090865497,3.6740835230268667,True,2.9520587688796485,True
1,70,CA-KL + Weighted Detector,1,winmax_weighted_z_score,10.039004326436,3.6740835230268667,True,2.9520587688796485,True
5,71,CA-KL + Weighted Detector,1,winmax_weighted_z_score,9.064571149404186,3.6740835230268667,True,3.0080519009192654,True
5,72,CA-KL + Weighted Detector,1,winmax_weighted_z_score,10.9536262948408,3.6740835230268667,True,3.0080519009192654,True
4,73,CA-KL + Weighted Detector,1,winmax_weighted_z_score,8.11422533929131,3.764829272312623,True,3.0421780114211523,True
3,74,CA-KL + Weighted Detector,1,winmax_weighted_z_score,9.268084113604749,3.6740835230268667,True,2.9644282398187136,True
2,75,CA-KL + Weighted Detector,1,winmax_weighted_z_score,6.732059467476065,3.519550341121469,True,3.0080519009192654,True
5,76,CA-KL + Weighted Detector,1,winmax_weighted_z_score,9.686821607884879,3.6740835230268667,True,3.0080519009192654,True
2,77,CA-KL + Weighted Detector,1,winmax_weighted_z_score,9.0541955567676,3.519550341121469,True,3.0080519009192654,True
2,78,CA-KL + Weighted Detector,1,winmax_weighted_z_score,7.244398882885556,3.519550341121469,True,3.0080519009192654,True
2,79,CA-KL + Weighted Detector,1,winmax_weighted_z_score,8.662493990559824,3.519550341121469,True,3.0080519009192654,True
5,8,CA-KL + Weighted Detector,1,winmax_weighted_z_score,9.305188420528324,3.6740835230268667,True,3.0080519009192654,True
3,80,CA-KL + Weighted Detector,1,winmax_weighted_z_score,8.564026578330537,3.6740835230268667,True,2.9644282398187136,True
2,81,CA-KL + Weighted Detector,1,winmax_weighted_z_score,7.5676058420076275,3.519550341121469,True,3.0080519009192654,True
2,82,CA-KL + Weighted Detector,1,winmax_weighted_z_score,8.051162096360354,3.519550341121469,True,3.0080519009192654,True
3,83,CA-KL + Weighted Detector,1,winmax_weighted_z_score,6.213935687309529,3.6740835230268667,True,2.9644282398187136,True
2,84,CA-KL + Weighted Detector,1,winmax_weighted_z_score,10.59186187120811,3.519550341121469,True,3.0080519009192654,True
4,85,CA-KL + Weighted Detector,1,winmax_weighted_z_score,9.048269854163896,3.764829272312623,True,3.0421780114211523,True
1,86,CA-KL + Weighted Detector,1,winmax_weighted_z_score,9.684607943813988,3.6740835230268667,True,2.9520587688796485,True
4,87,CA-KL + Weighted Detector,1,winmax_weighted_z_score,10.388498209026974,3.764829272312623,True,3.0421780114211523,True
2,88,CA-KL + Weighted Detector,1,winmax_weighted_z_score,9.86039865917005,3.519550341121469,True,3.0080519009192654,True
4,89,CA-KL + Weighted Detector,1,winmax_weighted_z_score,8.31869993886693,3.764829272312623,True,3.0421780114211523,True
2,9,CA-KL + Weighted Detector,1,winmax_weighted_z_score,9.494177754758919,3.519550341121469,True,3.0080519009192654,True
5,90,CA-KL + Weighted Detector,1,winmax_weighted_z_score,9.900056704376768,3.6740835230268667,True,3.0080519009192654,True
3,91,CA-KL + Weighted Detector,1,winmax_weighted_z_score,9.913784917411284,3.6740835230268667,True,2.9644282398187136,True
1,92,CA-KL + Weighted Detector,1,winmax_weighted_z_score,6.570128787519495,3.6740835230268667,True,2.9520587688796485,True
2,93,CA-KL + Weighted Detector,1,winmax_weighted_z_score,10.889631673330697,3.519550341121469,True,3.0080519009192654,True
5,94,CA-KL + Weighted Detector,1,winmax_weighted_z_score,10.877913415648166,3.6740835230268667,True,3.0080519009192654,True
3,95,CA-KL + Weighted Detector,1,winmax_weighted_z_score,10.768608084171358,3.6740835230268667,True,2.9644282398187136,True
1,96,CA-KL + Weighted Detector,1,winmax_weighted_z_score,10.00386619226889,3.6740835230268667,True,2.9520587688796485,True
5,97,CA-KL + Weighted Detector,1,winmax_weighted_z_score,9.755123712197095,3.6740835230268667,True,3.0080519009192654,True
2,98,CA-KL + Weighted Detector,1,winmax_weighted_z_score,9.35836165290967,3.519550341121469,True,3.0080519009192654,True
5,99,CA-KL + Weighted Detector,1,winmax_weighted_z_score,9.715000192090296,3.6740835230268667,True,3.0080519009192654,True
